event_id,file_id,site_id,cam_id,start_s,end_s,visible_duration_s,video_duration_s
E103,S1_C1_E103_V0253,S1,C1,0.03333333333333333,20.5,20.466666666666665,20.5
E103,S1_C1_E103_V0254,S1,C1,0.0,20.5,20.5,20.5
E103,S1_C1_E103_V0255,S1,C1,0.0,11.166666666666666,11.166666666666666,11.5
E103,S1_C1_E103_V0256,S1,C1,0.0,3.966666666666667,3.966666666666667,4.0
E103,S1_C1_E103_V0257,S1,C1,0.0,7.6,7.6,8.0
E103,S1_C1_E103_V0258,S1,C1,0.0,5.766666666666667,5.766666666666667,6.0
E103,S1_C1_E103_V0259,S1,C1,0.0,4.766666666666667,4.766666666666667,5.0
E103,S1_C1_E103_V0260,S1,C1,0.0,3.7666666666666666,3.7666666666666666,4.0
E103,S1_C1_E103_V0261,S1,C1,0.0,3.7666666666666666,3.7666666666666666,4.0
E104,S1_C1_E104_V0262,S1,C1,0.0,20.5,20.5,20.5
E104,S1_C1_E104_V0263,S1,C1,0.0,11.166666666666666,11.166666666666666,11.5
E104,S1_C1_E104_V0264,S1,C1,0.0,5.966666666666667,5.966666666666667,6.0
E104,S1_C1_E104_V0265,S1,C1,0.0,1.5,1.5,1.5
E104,S1_C1_E104_V0266,S1,C1,0.0,2.9,2.9,3.0
E104,S1_C1_E104_V0267,S1,C1,0.0,1.9666666666666666,1.9666666666666666,2.0
E104,S1_C1_E104_V0268,S1,C1,0.0,2.9,2.9,3.0
E104,S1_C1_E104_V0269,S1,C1,0.0,2.1666666666666665,2.1666666666666665,2.5
E104,S1_C1_E104_V0270,S1,C1,0.0,2.1333333333333333,2.1333333333333333,2.5
E104,S1_C1_E104_V0271,S1,C1,0.0,1.5333333333333334,1.5333333333333334,2.0
E104,S1_C1_E104_V0273,S1,C1,0.0,1.5,1.5,1.5
E104,S1_C1_E104_V0274,S1,C1,0.0,2.2,2.2,2.5
E104,S1_C1_E104_V0276,S1,C1,0.0,6.966666666666667,6.966666666666667,7.0
E104,S1_C1_E104_V0277,S1,C1,0.0,5.966666666666667,5.966666666666667,6.0
E104,S1_C1_E104_V0278,S1,C1,0.0,3.0,3.0,3.0
E104,S1_C1_E104_V0279,S1,C1,0.0,3.966666666666667,3.966666666666667,4.0
E104,S1_C1_E104_V0280,S1,C1,0.0,1.5,1.5,1.5
E104,S1_C1_E104_V0281,S1,C1,0.0,3.7666666666666666,3.7666666666666666,4.0
E104,S1_C1_E104_V0282,S1,C1,0.0,3.8666666666666667,3.8666666666666667,4.0
E104,S1_C1_E104_V0283,S1,C1,0.0,2.8666666666666667,2.8666666666666667,3.0
E104,S1_C1_E104_V0284,S1,C1,0.0,5.966666666666667,5.966666666666667,6.0
E105,S1_C1_E105_V0285,S1,C1,0.0,10.366666666666667,10.366666666666667,10.5
E105,S1_C1_E105_V0286,S1,C1,0.0,9.0,9.0,9.0
E105,S1_C1_E105_V0287,S1,C1,0.0,8.166666666666666,8.166666666666666,8.5
E105,S1_C1_E105_V0288,S1,C1,0.0,5.5,5.5,5.5
E105,S1_C1_E105_V0289,S1,C1,0.0,7.966666666666667,7.966666666666667,8.0
E105,S1_C1_E105_V0290,S1,C1,0.0,8.6,8.6,9.0
E105,S1_C1_E105_V0291,S1,C1,0.0,6.366666666666666,6.366666666666666,6.5
E105,S1_C1_E105_V0293,S1,C1,0.0,3.0,3.0,3.0
E105,S1_C1_E105_V0294,S1,C1,0.0,3.1333333333333333,3.1333333333333333,3.5
E105,S1_C1_E105_V0295,S1,C1,0.0,5.566666666666666,5.566666666666666,6.0
E105,S1_C1_E105_V0296,S1,C1,0.0,5.5,5.5,5.5
E105,S1_C1_E105_V0297,S1,C1,0.0,2.1333333333333333,2.1333333333333333,2.5
E105,S1_C1_E105_V0298,S1,C1,0.0,3.966666666666667,3.966666666666667,4.0
E105,S1_C1_E105_V0299,S1,C1,0.0,3.966666666666667,3.966666666666667,4.0
E105,S1_C1_E105_V0300,S1,C1,0.0,2.7666666666666666,2.7666666666666666,3.0
E105,S1_C1_E105_V0301,S1,C1,0.0,1.5,1.5,1.5
E105,S1_C1_E105_V0302,S1,C1,0.0,1.5,1.5,1.5
E105,S1_C1_E105_V0303,S1,C1,0.0,2.8,2.8,3.0
E105,S1_C1_E105_V0304,S1,C1,0.0,2.5,2.5,2.5
E105,S1_C1_E105_V0305,S1,C1,0.0,2.8333333333333335,2.8333333333333335,3.0
E105,S1_C1_E105_V0306,S1,C1,0.0,2.966666666666667,2.966666666666667,3.0
E105,S1_C1_E105_V0307,S1,C1,0.0,2.5,2.5,2.5
E105,S1_C1_E105_V0308,S1,C1,0.0,2.3,2.3,2.5
E105,S1_C1_E105_V0309,S1,C1,0.0,1.3,1.3,1.5
E106,S1_C1_E106_V0311,S1,C1,0.0,3.6333333333333333,3.6333333333333333,6.0
E106,S1_C1_E106_V0315,S1,C1,0.0,1.6666666666666667,1.6666666666666667,2.0
E106,S1_C1_E106_V0316,S1,C1,0.0,1.8,1.8,2.0
E106,S1_C1_E106_V0322,S1,C1,0.0,3.0,3.0,3.0
E106,S1_C1_E106_V0323,S1,C1,0.0,1.5,1.5,1.5
E106,S1_C1_E106_V0324,S1,C1,0.0,3.0,3.0,3.0
E106,S1_C1_E106_V0325,S1,C1,0.0,3.0,3.0,3.0
E106,S1_C1_E106_V0326,S1,C1,0.0,2.1666666666666665,2.1666666666666665,2.5
E107,S1_C1_E107_V0327,S1,C1,0.0,5.966666666666667,5.966666666666667,6.0
E107,S1_C1_E107_V0328,S1,C1,0.0,4.966666666666667,4.966666666666667,5.0
E107,S1_C1_E107_V0329,S1,C1,0.0,4.366666666666666,4.366666666666666,4.5
E107,S1_C1_E107_V0330,S1,C1,0.0,2.3666666666666667,2.3666666666666667,2.5
E107,S1_C1_E107_V0331,S1,C1,0.0,1.3333333333333333,1.3333333333333333,1.5
E107,S1_C1_E107_V0332,S1,C1,0.0,2.7666666666666666,2.7666666666666666,3.0
E107,S1_C1_E107_V0333,S1,C1,0.0,2.4,2.4,2.5
E107,S1_C1_E107_V0334,S1,C1,0.0,2.3,2.3,2.5
E107,S1_C1_E107_V0335,S1,C1,0.0,2.0,2.0,2.0
E107,S1_C1_E107_V0336,S1,C1,0.0,3.0,3.0,3.0
E107,S1_C1_E107_V0337,S1,C1,0.0,2.0,2.0,2.0
E107,S1_C1_E107_V0338,S1,C1,0.0,2.5,2.5,2.5
E109,S1_C1_E109_V0339,S1,C1,0.0,4.366666666666666,4.366666666666666,4.5
E10,S1_C1_E10_V0031,S1,C1,0.03333333333333333,38.166666666666664,38.13333333333333,120.5
E115,S1_C1_E115_V0342,S1,C1,0.0,20.5,20.5,20.5
E115,S1_C1_E115_V0343,S1,C1,0.0,13.5,13.5,13.5
E115,S1_C1_E115_V0344,S1,C1,0.0,2.7666666666666666,2.7666666666666666,3.0
E115,S1_C1_E115_V0345,S1,C1,0.0,10.966666666666667,10.966666666666667,11.0
E115,S1_C1_E115_V0346,S1,C1,0.0,2.1666666666666665,2.1666666666666665,2.5
E115,S1_C1_E115_V0347,S1,C1,0.0,2.8666666666666667,2.8666666666666667,3.0
E115,S1_C1_E115_V0348,S1,C1,0.0,1.6333333333333333,1.6333333333333333,2.0
E115,S1_C1_E115_V0349,S1,C1,0.0,1.6,1.6,2.0
E115,S1_C1_E115_V0350,S1,C1,0.0,2.2,2.2,2.5
E115,S1_C1_E115_V0351,S1,C1,0.0,4.366666666666666,4.366666666666666,4.5
E115,S1_C1_E115_V0352,S1,C1,0.0,1.3666666666666667,1.3666666666666667,1.5
E115,S1_C1_E115_V0353,S1,C1,0.0,4.766666666666667,4.766666666666667,5.0
E115,S1_C1_E115_V0354,S1,C1,0.0,1.9,1.9,2.0
E115,S1_C1_E115_V0355,S1,C1,0.0,2.566666666666667,2.566666666666667,3.0
E116,S1_C1_E116_V0357,S1,C1,0.0,9.333333333333334,9.333333333333334,19.5
E116,S1_C1_E116_V0358,S1,C1,0.0,1.8333333333333333,1.8333333333333333,15.0
E117,S1_C1_E117_V0359,S1,C1,0.0,9.966666666666667,9.966666666666667,10.0
E117,S1_C1_E117_V0360,S1,C1,0.0,6.966666666666667,6.966666666666667,7.0
E117,S1_C1_E117_V0361,S1,C1,0.0,1.4333333333333333,1.4333333333333333,1.5
E117,S1_C1_E117_V0362,S1,C1,0.0,5.166666666666667,5.166666666666667,5.5
E117,S1_C1_E117_V0363,S1,C1,0.0,1.3666666666666667,1.3666666666666667,1.5
E117,S1_C1_E117_V0364,S1,C1,0.0,4.166666666666667,4.166666666666667,4.5
E117,S1_C1_E117_V0365,S1,C1,0.0,4.366666666666666,4.366666666666666,4.5
E117,S1_C1_E117_V0366,S1,C1,0.0,1.8666666666666667,1.8666666666666667,2.0
E117,S1_C1_E117_V0367,S1,C1,0.0,2.3,2.3,2.5
E117,S1_C1_E117_V0368,S1,C1,0.0,2.3333333333333335,2.3333333333333335,2.5
E117,S1_C1_E117_V0369,S1,C1,0.0,2.6666666666666665,2.6666666666666665,3.0
E117,S1_C1_E117_V0370,S1,C1,0.0,2.2,2.2,2.5
E117,S1_C1_E117_V0371,S1,C1,0.03333333333333333,4.966666666666667,4.933333333333334,5.0
E117,S1_C1_E117_V0372,S1,C1,0.0,3.0,3.0,3.0
E117,S1_C1_E117_V0373,S1,C1,0.0,1.4333333333333333,1.4333333333333333,1.5
E117,S1_C1_E117_V0374,S1,C1,0.0,2.0,2.0,2.0
E118,S1_C1_E118_V0375,S1,C1,0.0,4.566666666666666,4.566666666666666,5.0
E118,S1_C1_E118_V0376,S1,C1,0.0,1.8333333333333333,1.8333333333333333,2.0
E118,S1_C1_E118_V0380,S1,C1,0.0,1.4666666666666666,1.4666666666666666,1.5
E118,S1_C1_E118_V0385,S1,C1,0.0,1.3333333333333333,1.3333333333333333,1.5
E118,S1_C1_E118_V0388,S1,C1,0.0,1.8,1.8,2.0
E118,S1_C1_E118_V0389,S1,C1,0.0,1.5,1.5,1.5
E121,S1_C1_E121_V0401,S1,C1,0.0,20.5,20.5,20.5
E121,S1_C1_E121_V0402,S1,C1,0.0,20.5,20.5,20.5
E121,S1_C1_E121_V0403,S1,C1,0.0,8.966666666666667,8.966666666666667,9.0
E121,S1_C1_E121_V0404,S1,C1,0.06666666666666667,2.3,2.233333333333333,2.5
E121,S1_C1_E121_V0405,S1,C1,0.0,2.533333333333333,2.533333333333333,3.0
E121,S1_C1_E121_V0406,S1,C1,0.03333333333333333,7.366666666666666,7.333333333333333,7.5
E121,S1_C1_E121_V0407,S1,C1,0.0,8.566666666666666,8.566666666666666,9.0
E121,S1_C1_E121_V0408,S1,C1,0.0,5.366666666666666,5.366666666666666,5.5
E121,S1_C1_E121_V0409,S1,C1,0.0,4.366666666666666,4.366666666666666,4.5
E121,S1_C1_E121_V0410,S1,C1,0.0,3.5,3.5,3.5
E121,S1_C1_E121_V0411,S1,C1,0.0,7.966666666666667,7.966666666666667,8.0
E121,S1_C1_E121_V0412,S1,C1,0.0,1.7,1.7,2.0
E121,S1_C1_E121_V0413,S1,C1,0.0,2.2666666666666666,2.2666666666666666,2.5
E121,S1_C1_E121_V0414,S1,C1,0.0,1.6666666666666667,1.6666666666666667,2.0
E121,S1_C1_E121_V0415,S1,C1,0.0,2.0,2.0,2.0
E121,S1_C1_E121_V0416,S1,C1,0.0,2.5,2.5,2.5
E121,S1_C1_E121_V0417,S1,C1,0.0,1.3333333333333333,1.3333333333333333,1.5
E121,S1_C1_E121_V0418,S1,C1,0.0,3.7666666666666666,3.7666666666666666,4.0
E121,S1_C1_E121_V0419,S1,C1,0.0,1.4,1.4,1.5
E121,S1_C1_E121_V0421,S1,C1,0.0,1.6666666666666667,1.6666666666666667,2.0
E121,S1_C1_E121_V0422,S1,C1,0.0,1.2333333333333334,1.2333333333333334,1.5
E121,S1_C1_E121_V0425,S1,C1,0.0,1.2666666666666666,1.2666666666666666,1.5
E121,S1_C1_E121_V0426,S1,C1,0.0,1.3666666666666667,1.3666666666666667,1.5
E121,S1_C1_E121_V0427,S1,C1,0.0,1.4666666666666666,1.4666666666666666,1.5
E121,S1_C1_E121_V0428,S1,C1,0.0,1.6333333333333333,1.6333333333333333,2.0
E121,S1_C1_E121_V0430,S1,C1,0.0,1.6333333333333333,1.6333333333333333,2.0
E121,S1_C1_E121_V0432,S1,C1,0.0,1.7666666666666666,1.7666666666666666,2.0
E121,S1_C1_E121_V0433,S1,C1,0.0,1.3333333333333333,1.3333333333333333,1.5
E121,S1_C1_E121_V0435,S1,C1,0.0,1.6333333333333333,1.6333333333333333,2.0
E121,S1_C1_E121_V0438,S1,C1,0.0,1.5333333333333334,1.5333333333333334,2.0
E121,S1_C1_E121_V0440,S1,C1,0.0,1.3333333333333333,1.3333333333333333,1.5
E121,S1_C1_E121_V0441,S1,C1,0.0,1.5666666666666667,1.5666666666666667,2.0
E121,S1_C1_E121_V0448,S1,C1,0.0,3.066666666666667,3.066666666666667,3.5
E122,S1_C1_E122_V0450,S1,C1,1.3333333333333333,6.6,5.266666666666667,7.0
E122,S1_C1_E122_V0451,S1,C1,0.0,3.0,3.0,3.5
E122,S1_C1_E122_V0452,S1,C1,0.0,4.766666666666667,4.766666666666667,5.0
E122,S1_C1_E122_V0453,S1,C1,0.0,4.566666666666666,4.566666666666666,5.0
E122,S1_C1_E122_V0455,S1,C1,0.0,1.3666666666666667,1.3666666666666667,1.5
E122,S1_C1_E122_V0456,S1,C1,0.0,1.5,1.5,1.5
E122,S1_C1_E122_V0457,S1,C1,0.0,1.9,1.9,2.0
E122,S1_C1_E122_V0459,S1,C1,0.0,2.2333333333333334,2.2333333333333334,2.5
E122,S1_C1_E122_V0460,S1,C1,0.0,1.8666666666666667,1.8666666666666667,2.0
E122,S1_C1_E122_V0463,S1,C1,0.0,2.066666666666667,2.066666666666667,2.5
E122,S1_C1_E122_V0464,S1,C1,0.0,1.8666666666666667,1.8666666666666667,2.0
E122,S1_C1_E122_V0465,S1,C1,0.0,1.6,1.6,2.0
E122,S1_C1_E122_V0471,S1,C1,0.0,1.8,1.8,2.0
E122,S1_C1_E122_V0477,S1,C1,0.0,1.9,1.9,2.0
E122,S1_C1_E122_V0478,S1,C1,0.0,1.5,1.5,1.5
E122,S1_C1_E122_V0484,S1,C1,0.0,1.7666666666666666,1.7666666666666666,2.0
E122,S1_C1_E122_V0485,S1,C1,0.0,1.6,1.6,2.0
E122,S1_C1_E122_V0486,S1,C1,0.0,1.6,1.6,2.0
E122,S1_C1_E122_V0487,S1,C1,0.0,1.7666666666666666,1.7666666666666666,2.0
E122,S1_C1_E122_V0488,S1,C1,0.0,2.1,2.1,2.5
E122,S1_C1_E122_V0489,S1,C1,0.0,2.0,2.0,2.0
E122,S1_C1_E122_V0490,S1,C1,0.0,2.5,2.5,2.5
E122,S1_C1_E122_V0491,S1,C1,0.0,2.0,2.0,2.0
E122,S1_C1_E122_V0492,S1,C1,0.0,2.5,2.5,2.5
E122,S1_C1_E122_V0493,S1,C1,0.0,1.3333333333333333,1.3333333333333333,1.5
E122,S1_C1_E122_V0494,S1,C1,0.0,2.0,2.0,2.0
E122,S1_C1_E122_V0495,S1,C1,0.36666666666666664,2.0,1.6333333333333333,2.0
E122,S1_C1_E122_V0496,S1,C1,0.0,1.3666666666666667,1.3666666666666667,1.5
E122,S1_C1_E122_V0497,S1,C1,0.0,2.0,2.0,2.0
E122,S1_C1_E122_V0498,S1,C1,0.0,1.9,1.9,2.0
E122,S1_C1_E122_V0499,S1,C1,0.0,1.7333333333333334,1.7333333333333334,2.0
E123,S1_C1_E123_V0501,S1,C1,0.0,1.9,1.9,2.0
E123,S1_C1_E123_V0502,S1,C1,0.0,1.4333333333333333,1.4333333333333333,1.5
E123,S1_C1_E123_V0505,S1,C1,0.0,1.3333333333333333,1.3333333333333333,1.5
E126,S1_C1_E126_V0576,S1,C1,0.03333333333333333,21.6,21.566666666666666,120.5
E130,S1_C1_E130_V0577,S1,C1,0.0,4.333333333333333,4.333333333333333,4.5
E130,S1_C1_E130_V0578,S1,C1,0.0,2.3333333333333335,2.3333333333333335,2.5
E130,S1_C1_E130_V0579,S1,C1,0.0,2.6,2.6,3.0
E130,S1_C1_E130_V0580,S1,C1,0.0,2.8333333333333335,2.8333333333333335,3.0
E130,S1_C1_E130_V0581,S1,C1,0.0,2.6666666666666665,2.6666666666666665,3.0
E130,S1_C1_E130_V0582,S1,C1,0.0,2.433333333333333,2.433333333333333,2.5
E130,S1_C1_E130_V0583,S1,C1,0.0,1.9,1.9,2.0
E130,S1_C1_E130_V0584,S1,C1,0.0,1.5666666666666667,1.5666666666666667,2.0
E130,S1_C1_E130_V0585,S1,C1,0.0,2.6333333333333333,2.6333333333333333,3.0
E130,S1_C1_E130_V0588,S1,C1,0.0,2.7666666666666666,2.7666666666666666,3.0
E130,S1_C1_E130_V0589,S1,C1,0.0,2.2666666666666666,2.2666666666666666,2.5
E130,S1_C1_E130_V0590,S1,C1,0.0,2.1,2.1,2.5
E130,S1_C1_E130_V0591,S1,C1,0.0,1.9666666666666666,1.9666666666666666,2.0
E130,S1_C1_E130_V0592,S1,C1,0.0,1.6666666666666667,1.6666666666666667,2.0
E130,S1_C1_E130_V0593,S1,C1,0.0,1.4666666666666666,1.4666666666666666,1.5
E130,S1_C1_E130_V0599,S1,C1,0.0,1.5,1.5,1.5
E130,S1_C1_E130_V0600,S1,C1,0.0,1.4,1.4,1.5
E130,S1_C1_E130_V0601,S1,C1,0.0,1.2,1.2,1.5
E130,S1_C1_E130_V0606,S1,C1,0.0,1.2333333333333334,1.2333333333333334,1.5
E130,S1_C1_E130_V0617,S1,C1,0.0,1.7333333333333334,1.7333333333333334,2.0
E130,S1_C1_E130_V0618,S1,C1,0.0,1.2666666666666666,1.2666666666666666,1.5
E131,S1_C1_E131_V0626,S1,C1,0.0,1.7,1.7,2.0
E131,S1_C1_E131_V0627,S1,C1,0.0,1.6333333333333333,1.6333333333333333,2.0
E132,S1_C1_E132_V0630,S1,C1,0.0,1.9666666666666666,1.9666666666666666,2.0
E133,S1_C1_E133_V0636,S1,C1,0.0,1.9,1.9,2.0
E133,S1_C1_E133_V0639,S1,C1,0.0,1.3333333333333333,1.3333333333333333,1.5
E135,S1_C1_E135_V0661,S1,C1,0.03333333333333333,28.066666666666666,28.03333333333333,120.5
E136,S1_C1_E136_V0662,S1,C1,0.26666666666666666,2.5,2.2333333333333334,2.5
E136,S1_C1_E136_V0663,S1,C1,0.4,2.0,1.6,2.0
E136,S1_C1_E136_V0664,S1,C1,0.0,1.5,1.5,1.5
E136,S1_C1_E136_V0665,S1,C1,0.0,1.5,1.5,1.5
E136,S1_C1_E136_V0666,S1,C1,0.0,2.0,2.0,2.0
E136,S1_C1_E136_V0668,S1,C1,0.0,1.5,1.5,1.5
E136,S1_C1_E136_V0669,S1,C1,0.0,1.5,1.5,1.5
E136,S1_C1_E136_V0670,S1,C1,0.0,1.5,1.5,1.5
E136,S1_C1_E136_V0671,S1,C1,0.0,1.5,1.5,1.5
E136,S1_C1_E136_V0672,S1,C1,0.0,2.0,2.0,2.0
E136,S1_C1_E136_V0673,S1,C1,0.0,1.5,1.5,1.5
E137,S1_C1_E137_V0675,S1,C1,0.1,1.9666666666666666,1.8666666666666665,2.0
E137,S1_C1_E137_V0676,S1,C1,0.0,1.7333333333333334,1.7333333333333334,2.0
E137,S1_C1_E137_V0677,S1,C1,0.0,1.3666666666666667,1.3666666666666667,1.5
E137,S1_C1_E137_V0678,S1,C1,0.0,1.5,1.5,1.5
E137,S1_C1_E137_V0681,S1,C1,0.0,1.3,1.3,1.5
E138,S1_C1_E138_V0699,S1,C1,0.0,1.3,1.3,1.5
E138,S1_C1_E138_V0701,S1,C1,0.0,1.3,1.3,1.5
E139,S1_C1_E139_V0706,S1,C1,0.03333333333333333,15.366666666666667,15.333333333333334,120.5
E142,S1_C1_E142_V0707,S1,C1,0.0,3.933333333333333,3.933333333333333,4.0
E142,S1_C1_E142_V0708,S1,C1,0.0,1.6666666666666667,1.6666666666666667,2.0
E143,S1_C1_E143_V0710,S1,C1,0.0,3.966666666666667,3.966666666666667,4.0
E143,S1_C1_E143_V0711,S1,C1,0.0,1.2666666666666666,1.2666666666666666,1.5
E143,S1_C1_E143_V0713,S1,C1,0.0,1.2333333333333334,1.2333333333333334,1.5
E143,S1_C1_E143_V0716,S1,C1,0.0,1.9333333333333333,1.9333333333333333,2.0
E143,S1_C1_E143_V0717,S1,C1,0.0,1.6333333333333333,1.6333333333333333,2.0
E143,S1_C1_E143_V0718,S1,C1,0.0,2.4,2.4,2.5
E143,S1_C1_E143_V0720,S1,C1,0.0,1.9666666666666666,1.9666666666666666,2.0
E143,S1_C1_E143_V0721,S1,C1,0.0,1.2666666666666666,1.2666666666666666,1.5
E143,S1_C1_E143_V0722,S1,C1,0.0,1.5,1.5,1.5
E143,S1_C1_E143_V0723,S1,C1,0.0,1.2333333333333334,1.2333333333333334,1.5
E145,S1_C1_E145_V0733,S1,C1,0.0,1.3666666666666667,1.3666666666666667,1.5
E146,S1_C1_E146_V0738,S1,C1,0.0,120.5,120.5,120.5
E146,S1_C1_E146_V0739,S1,C1,86.16666666666667,104.43333333333334,18.266666666666666,120.5
E150,S1_C1_E150_V0741,S1,C1,0.0,1.5,1.5,1.5
E150,S1_C1_E150_V0742,S1,C1,0.0,1.5,1.5,1.5
E150,S1_C1_E150_V0743,S1,C1,0.0,1.6333333333333333,1.6333333333333333,2.0
E150,S1_C1_E150_V0758,S1,C1,0.0,1.5,1.5,1.5
E151,S1_C1_E151_V0768,S1,C1,0.0,1.2666666666666666,1.2666666666666666,1.5
E15,S1_C1_E15_V0036,S1,C1,0.0,22.4,22.4,120.5
E15,S1_C1_E15_V0036,S1,C1,47.266666666666666,62.06666666666667,14.800000000000004,120.5
E162,S1_C1_E162_V0780,S1,C1,0.03333333333333333,0.6333333333333333,0.6,120.5
E162,S1_C1_E162_V0780,S1,C1,3.2333333333333334,4.866666666666666,1.6333333333333329,120.5
E169,S1_C1_E169_V0784,S1,C1,0.0,2.0,2.0,2.0
E169,S1_C1_E169_V0785,S1,C1,0.0,2.0,2.0,2.0
E16,S1_C1_E16_V0037,S1,C1,0.0,1.4666666666666666,1.4666666666666666,20.5
E16,S1_C1_E16_V0038,S1,C1,0.06666666666666667,20.5,20.433333333333334,20.5
E16,S1_C1_E16_V0039,S1,C1,0.0,20.5,20.5,20.5
E16,S1_C1_E16_V0040,S1,C1,0.0,20.5,20.5,20.5
E16,S1_C1_E16_V0041,S1,C1,0.0,5.766666666666667,5.766666666666667,20.5
E170,S1_C1_E170_V0788,S1,C1,0.0,1.5,1.5,1.5
E170,S1_C1_E170_V0789,S1,C1,0.0,2.0,2.0,2.0
E170,S1_C1_E170_V0790,S1,C1,0.0,2.0,2.0,2.0
E170,S1_C1_E170_V0791,S1,C1,0.1,1.5,1.4,1.5
E170,S1_C1_E170_V0792,S1,C1,0.0,1.4666666666666666,1.4666666666666666,1.5
E170,S1_C1_E170_V0793,S1,C1,0.0,1.5,1.5,1.5
E170,S1_C1_E170_V0795,S1,C1,0.0,1.6,1.6,2.0
E170,S1_C1_E170_V0796,S1,C1,0.0,1.2,1.2,1.5
E171,S1_C1_E171_V0800,S1,C1,0.2,1.6666666666666667,1.4666666666666668,2.0
E171,S1_C1_E171_V0801,S1,C1,0.0,1.4,1.4,1.5
E172,S1_C1_E172_V0805,S1,C1,0.0,1.5,1.5,1.5
E173,S1_C1_E173_V0810,S1,C1,0.0,1.5,1.5,1.5
E177,S1_C1_E177_V0821,S1,C1,0.03333333333333333,120.5,120.46666666666667,120.5
E177,S1_C1_E177_V0822,S1,C1,0.0,120.5,120.5,120.5
E177,S1_C1_E177_V0823,S1,C1,0.0,83.33333333333333,83.33333333333333,120.5
E178,S1_C1_E178_V0824,S1,C1,0.0,7.666666666666667,7.666666666666667,120.5
E17,S1_C1_E17_V0043,S1,C1,0.0,20.5,20.5,20.5
E17,S1_C1_E17_V0044,S1,C1,0.0,20.5,20.5,20.5
E17,S1_C1_E17_V0045,S1,C1,0.0,20.5,20.5,20.5
E17,S1_C1_E17_V0046,S1,C1,0.0,6.3,6.3,20.5
E189,S1_C1_E189_V0825,S1,C1,0.03333333333333333,120.5,120.46666666666667,120.5
E189,S1_C1_E189_V0826,S1,C1,0.0,61.43333333333333,61.43333333333333,120.5
E18,S1_C1_E18_V0047,S1,C1,6.933333333333334,16.633333333333333,9.7,20.5
E190,S1_C1_E190_V0827,S1,C1,0.0,10.133333333333333,10.133333333333333,120.5
E193,S1_C1_E193_V0832,S1,C1,0.0,7.033333333333333,7.033333333333333,120.5
E194,S1_C1_E194_V0833,S1,C1,0.0,120.5,120.5,120.5
E194,S1_C1_E194_V0834,S1,C1,0.0,120.5,120.5,120.5
E194,S1_C1_E194_V0835,S1,C1,0.0,2.1,2.1,120.5
E216,S1_C1_E216_V0857,S1,C1,0.03333333333333333,1.9333333333333333,1.9,120.5
E217,S1_C1_E217_V0858,S1,C1,0.0,1.9,1.9,120.5
E222,S1_C1_E222_V0862,S1,C1,0.0,4.066666666666666,4.066666666666666,120.5
E27,S1_C1_E27_V0059,S1,C1,0.0,16.133333333333333,16.133333333333333,20.5
E27,S1_C1_E27_V0060,S1,C1,0.0,18.0,18.0,20.5
E27,S1_C1_E27_V0061,S1,C1,0.0,18.666666666666668,18.666666666666668,20.5
E29,S1_C1_E29_V0064,S1,C1,0.03333333333333333,92.33333333333333,92.3,120.5
E30,S1_C1_E30_V0066,S1,C1,0.0,9.733333333333333,9.733333333333333,20.5
E32,S1_C1_E32_V0068,S1,C1,0.0,21.833333333333332,21.833333333333332,120.5
E33,S1_C1_E33_V0069,S1,C1,0.0,112.83333333333333,112.83333333333333,120.5
E33,S1_C1_E33_V0070,S1,C1,0.0,8.1,8.1,120.5
E34,S1_C1_E34_V0071,S1,C1,0.0,47.9,47.9,120.5
E36,S1_C1_E36_V0073,S1,C1,0.0,20.1,20.1,120.5
E36,S1_C1_E36_V0073,S1,C1,67.43333333333334,95.7,28.266666666666666,120.5
E36,S1_C1_E36_V0073,S1,C1,117.3,120.5,3.200000000000003,120.5
E36,S1_C1_E36_V0074,S1,C1,0.0,86.33333333333333,86.33333333333333,120.5
E37,S1_C1_E37_V0075,S1,C1,0.0,120.5,120.5,120.5
E37,S1_C1_E37_V0076,S1,C1,0.0,58.833333333333336,58.833333333333336,120.5
E38,S1_C1_E38_V0077,S1,C1,0.3,120.5,120.2,120.5
E38,S1_C1_E38_V0078,S1,C1,0.0,20.5,20.5,20.5
E38,S1_C1_E38_V0079,S1,C1,0.0,20.5,20.5,20.5
E38,S1_C1_E38_V0080,S1,C1,0.0,20.5,20.5,20.5
E38,S1_C1_E38_V0081,S1,C1,0.0,20.5,20.5,20.5
E38,S1_C1_E38_V0082,S1,C1,0.0,20.5,20.5,20.5
E38,S1_C1_E38_V0083,S1,C1,0.0,20.5,20.5,20.5
E38,S1_C1_E38_V0084,S1,C1,0.0,20.5,20.5,20.5
E38,S1_C1_E38_V0085,S1,C1,0.0,20.5,20.5,20.5
E38,S1_C1_E38_V0086,S1,C1,0.0,19.6,19.6,20.5
E38,S1_C1_E38_V0087,S1,C1,0.0,20.5,20.5,20.5
E38,S1_C1_E38_V0088,S1,C1,0.0,20.5,20.5,20.5
E38,S1_C1_E38_V0089,S1,C1,0.0,20.5,20.5,20.5
E38,S1_C1_E38_V0090,S1,C1,0.0,9.333333333333334,9.333333333333334,20.5
E40,S1_C1_E40_V0092,S1,C1,2.1333333333333333,20.5,18.366666666666667,20.5
E40,S1_C1_E40_V0093,S1,C1,0.0,20.5,20.5,20.5
E40,S1_C1_E40_V0094,S1,C1,0.0,20.5,20.5,20.5
E40,S1_C1_E40_V0095,S1,C1,0.0,20.5,20.5,20.5
E40,S1_C1_E40_V0096,S1,C1,0.0,20.5,20.5,20.5
E40,S1_C1_E40_V0097,S1,C1,0.0,20.5,20.5,20.5
E40,S1_C1_E40_V0098,S1,C1,0.0,20.5,20.5,20.5
E40,S1_C1_E40_V0099,S1,C1,0.0,20.5,20.5,20.5
E40,S1_C1_E40_V0100,S1,C1,0.0,20.5,20.5,20.5
E40,S1_C1_E40_V0101,S1,C1,0.0,20.5,20.5,20.5
E40,S1_C1_E40_V0102,S1,C1,0.0,20.5,20.5,20.5
E40,S1_C1_E40_V0103,S1,C1,0.0,20.5,20.5,20.5
E40,S1_C1_E40_V0104,S1,C1,0.0,20.5,20.5,20.5
E40,S1_C1_E40_V0105,S1,C1,0.0,20.5,20.5,20.5
E40,S1_C1_E40_V0106,S1,C1,0.0,18.466666666666665,18.466666666666665,20.5
E42,S1_C1_E42_V0108,S1,C1,0.0,91.0,91.0,120.5
E49,S1_C1_E49_V0112,S1,C1,0.0,75.0,75.0,120.5
E4,S1_C1_E4_V0016,S1,C1,0.0,20.5,20.5,20.5
E4,S1_C1_E4_V0017,S1,C1,0.0,20.5,20.5,20.5
E4,S1_C1_E4_V0018,S1,C1,0.0,20.5,20.5,20.5
E4,S1_C1_E4_V0019,S1,C1,0.0,20.5,20.5,20.5
E4,S1_C1_E4_V0020,S1,C1,0.0,14.5,14.5,20.5
E50,S1_C1_E50_V0113,S1,C1,0.0,1.1,1.1,20.5
E50,S1_C1_E50_V0113,S1,C1,15.933333333333334,20.5,4.566666666666666,20.5
E50,S1_C1_E50_V0114,S1,C1,0.0,20.5,20.5,20.5
E50,S1_C1_E50_V0115,S1,C1,0.0,12.6,12.6,20.5
E51,S1_C1_E51_V0116,S1,C1,0.8333333333333334,13.833333333333334,13.0,20.5
E57,S1_C1_E57_V0141,S1,C1,0.0,1.5666666666666667,1.5666666666666667,120.5
E60,S1_C1_E60_V0143,S1,C1,0.06666666666666667,5.633333333333334,5.566666666666667,20.5
E60,S1_C1_E60_V0143,S1,C1,6.566666666666666,20.5,13.933333333333334,20.5
E60,S1_C1_E60_V0144,S1,C1,0.0,1.2666666666666666,1.2666666666666666,20.5
E60,S1_C1_E60_V0144,S1,C1,4.0,5.266666666666667,1.2666666666666666,20.5
E66,S1_C1_E66_V0152,S1,C1,0.03333333333333333,47.46666666666667,47.43333333333334,120.5
E66,S1_C1_E66_V0152,S1,C1,105.03333333333333,111.53333333333333,6.5,120.5
E68,S1_C1_E68_V0153,S1,C1,2.0,18.966666666666665,16.966666666666665,20.5
E68,S1_C1_E68_V0154,S1,C1,0.0,20.5,20.5,20.5
E68,S1_C1_E68_V0155,S1,C1,0.0,20.5,20.5,20.5
E68,S1_C1_E68_V0156,S1,C1,0.0,20.5,20.5,20.5
E68,S1_C1_E68_V0157,S1,C1,0.0,20.5,20.5,20.5
E68,S1_C1_E68_V0158,S1,C1,0.0,20.5,20.5,20.5
E68,S1_C1_E68_V0159,S1,C1,0.0,20.5,20.5,20.5
E68,S1_C1_E68_V0160,S1,C1,0.0,20.5,20.5,20.5
E68,S1_C1_E68_V0161,S1,C1,0.0,20.5,20.5,20.5
E68,S1_C1_E68_V0162,S1,C1,0.0,11.566666666666666,11.566666666666666,12.0
E68,S1_C1_E68_V0163,S1,C1,0.0,6.366666666666666,6.366666666666666,6.5
E68,S1_C1_E68_V0164,S1,C1,0.0,16.166666666666668,16.166666666666668,16.5
E68,S1_C1_E68_V0165,S1,C1,0.0,14.366666666666667,14.366666666666667,14.5
E68,S1_C1_E68_V0166,S1,C1,0.0,9.166666666666666,9.166666666666666,9.5
E68,S1_C1_E68_V0167,S1,C1,0.0,5.166666666666667,5.166666666666667,5.5
E68,S1_C1_E68_V0168,S1,C1,0.0,20.5,20.5,20.5
E68,S1_C1_E68_V0169,S1,C1,0.0,6.766666666666667,6.766666666666667,7.0
E68,S1_C1_E68_V0170,S1,C1,0.0,4.166666666666667,4.166666666666667,4.5
E68,S1_C1_E68_V0171,S1,C1,0.0,6.766666666666667,6.766666666666667,7.0
E68,S1_C1_E68_V0172,S1,C1,0.0,3.7666666666666666,3.7666666666666666,4.0
E68,S1_C1_E68_V0173,S1,C1,0.0,3.7666666666666666,3.7666666666666666,4.0
E68,S1_C1_E68_V0174,S1,C1,0.0,5.966666666666667,5.966666666666667,6.0
E68,S1_C1_E68_V0175,S1,C1,0.0,8.166666666666666,8.166666666666666,8.5
E68,S1_C1_E68_V0176,S1,C1,0.0,4.766666666666667,4.766666666666667,5.0
E68,S1_C1_E68_V0177,S1,C1,0.0,5.766666666666667,5.766666666666667,6.0
E68,S1_C1_E68_V0178,S1,C1,0.0,9.366666666666667,9.366666666666667,9.5
E68,S1_C1_E68_V0179,S1,C1,0.0,12.766666666666667,12.766666666666667,13.0
E68,S1_C1_E68_V0180,S1,C1,0.0,13.966666666666667,13.966666666666667,14.0
E68,S1_C1_E68_V0181,S1,C1,0.0,10.366666666666667,10.366666666666667,10.5
E84,S1_C1_E84_V0194,S1,C1,2.8333333333333335,11.166666666666666,8.333333333333332,20.5
E85,S1_C1_E85_V0195,S1,C1,0.03333333333333333,17.766666666666666,17.73333333333333,20.5
E86,S1_C1_E86_V0196,S1,C1,0.06666666666666667,20.5,20.433333333333334,20.5
E86,S1_C1_E86_V0197,S1,C1,0.0,20.5,20.5,20.5
E86,S1_C1_E86_V0198,S1,C1,0.0,20.5,20.5,20.5
E86,S1_C1_E86_V0199,S1,C1,0.0,20.5,20.5,20.5
E86,S1_C1_E86_V0200,S1,C1,0.0,20.5,20.5,20.5
E86,S1_C1_E86_V0201,S1,C1,0.0,20.5,20.5,20.5
E86,S1_C1_E86_V0202,S1,C1,0.0,12.166666666666666,12.166666666666666,12.5
E86,S1_C1_E86_V0203,S1,C1,0.0,20.5,20.5,20.5
E86,S1_C1_E86_V0204,S1,C1,0.0,20.5,20.5,20.5
E86,S1_C1_E86_V0205,S1,C1,0.0,4.933333333333334,4.933333333333334,20.5
E86,S1_C1_E86_V0205,S1,C1,6.133333333333334,6.966666666666667,0.833333333333333,20.5
E86,S1_C1_E86_V0206,S1,C1,0.0,6.5,6.5,20.5
E8,S1_C1_E8_V0024,S1,C1,0.0,5.333333333333333,5.333333333333333,20.5
E8,S1_C1_E8_V0025,S1,C1,0.03333333333333333,20.5,20.466666666666665,20.5
E8,S1_C1_E8_V0026,S1,C1,0.0,20.5,20.5,20.5
E8,S1_C1_E8_V0028,S1,C1,0.0,20.5,20.5,20.5
E8,S1_C1_E8_V0029,S1,C1,0.0,6.866666666666666,6.866666666666666,20.5
E91,S1_C1_E91_V0207,S1,C1,0.03333333333333333,21.9,21.866666666666664,120.5
E94,S1_C1_E94_V0210,S1,C1,0.0,20.5,20.5,20.5
E94,S1_C1_E94_V0211,S1,C1,0.0,20.5,20.5,20.5
E94,S1_C1_E94_V0212,S1,C1,0.0,20.5,20.5,20.5
E94,S1_C1_E94_V0213,S1,C1,0.0,20.5,20.5,20.5
E94,S1_C1_E94_V0214,S1,C1,0.0,20.5,20.5,20.5
E94,S1_C1_E94_V0215,S1,C1,0.0,12.566666666666666,12.566666666666666,13.0
E94,S1_C1_E94_V0216,S1,C1,0.0,9.0,9.0,9.0
E94,S1_C1_E94_V0217,S1,C1,0.0,16.0,16.0,16.0
E94,S1_C1_E94_V0218,S1,C1,0.0,8.5,8.5,8.5
E94,S1_C1_E94_V0219,S1,C1,0.0,20.5,20.5,20.5
E98,S1_C1_E98_V0221,S1,C1,0.0,20.5,20.5,20.5
E98,S1_C1_E98_V0222,S1,C1,0.0,20.5,20.5,20.5
E98,S1_C1_E98_V0223,S1,C1,0.0,18.933333333333334,18.933333333333334,19.0
E98,S1_C1_E98_V0224,S1,C1,0.0,10.166666666666666,10.166666666666666,10.5
E98,S1_C1_E98_V0225,S1,C1,0.0,3.0,3.0,3.0
E98,S1_C1_E98_V0226,S1,C1,0.0,8.766666666666667,8.766666666666667,9.0
E98,S1_C1_E98_V0227,S1,C1,0.0,8.166666666666666,8.166666666666666,8.5
E98,S1_C1_E98_V0228,S1,C1,0.0,8.766666666666667,8.766666666666667,9.0
E98,S1_C1_E98_V0229,S1,C1,0.0,8.566666666666666,8.566666666666666,9.0
E98,S1_C1_E98_V0230,S1,C1,0.0,2.5,2.5,2.5
E98,S1_C1_E98_V0231,S1,C1,0.0,1.7666666666666666,1.7666666666666666,2.0
E98,S1_C1_E98_V0232,S1,C1,0.0,3.966666666666667,3.966666666666667,4.0
E98,S1_C1_E98_V0233,S1,C1,0.0,1.7333333333333334,1.7333333333333334,2.0
E98,S1_C1_E98_V0234,S1,C1,0.0,2.1666666666666665,2.1666666666666665,2.5
E98,S1_C1_E98_V0235,S1,C1,0.0,4.166666666666667,4.166666666666667,4.5
E98,S1_C1_E98_V0236,S1,C1,0.0,1.8666666666666667,1.8666666666666667,2.0
E98,S1_C1_E98_V0237,S1,C1,0.0,3.7666666666666666,3.7666666666666666,4.0
E98,S1_C1_E98_V0238,S1,C1,0.0,2.1333333333333333,2.1333333333333333,2.5
E98,S1_C1_E98_V0240,S1,C1,0.0,3.2,3.2,20.5
E99,S1_C1_E99_V0241,S1,C1,0.0,20.5,20.5,20.5
E99,S1_C1_E99_V0242,S1,C1,0.0,14.5,14.5,14.5
E99,S1_C1_E99_V0243,S1,C1,0.0,10.966666666666667,10.966666666666667,11.0
E99,S1_C1_E99_V0244,S1,C1,0.0,7.566666666666666,7.566666666666666,8.0
E99,S1_C1_E99_V0245,S1,C1,0.0,3.5,3.5,3.5
E99,S1_C1_E99_V0246,S1,C1,0.0,2.0,2.0,2.0
E99,S1_C1_E99_V0247,S1,C1,0.0,2.0,2.0,2.0
E99,S1_C1_E99_V0248,S1,C1,0.0,2.0,2.0,2.0
E99,S1_C1_E99_V0249,S1,C1,0.0,2.033333333333333,2.033333333333333,2.5
E99,S1_C1_E99_V0250,S1,C1,0.0,3.2666666666666666,3.2666666666666666,6.5
E9,S1_C1_E9_V0030,S1,C1,0.0,8.133333333333333,8.133333333333333,20.5
E104,S1_C2_E104_V0119,S1,C2,0.0,20.5,20.5,20.5
E104,S1_C2_E104_V0120,S1,C2,0.0,20.5,20.5,20.5
E105,S1_C2_E105_V0121,S1,C2,0.0,20.5,20.5,20.5
E105,S1_C2_E105_V0122,S1,C2,0.0,20.5,20.5,20.5
E105,S1_C2_E105_V0123,S1,C2,0.0,20.5,20.5,20.5
E105,S1_C2_E105_V0124,S1,C2,0.0,20.5,20.5,20.5
E105,S1_C2_E105_V0125,S1,C2,0.0,20.5,20.5,20.5
E105,S1_C2_E105_V0126,S1,C2,0.0,20.5,20.5,20.5
E105,S1_C2_E105_V0127,S1,C2,0.0,20.5,20.5,20.5
E105,S1_C2_E105_V0128,S1,C2,0.0,20.5,20.5,20.5
E105,S1_C2_E105_V0129,S1,C2,0.0,20.5,20.5,20.5
E105,S1_C2_E105_V0130,S1,C2,0.0,20.5,20.5,20.5
E105,S1_C2_E105_V0131,S1,C2,0.0,20.5,20.5,20.5
E105,S1_C2_E105_V0132,S1,C2,0.0,20.5,20.5,20.5
E105,S1_C2_E105_V0133,S1,C2,0.0,20.5,20.5,20.5
E105,S1_C2_E105_V0134,S1,C2,0.0,20.5,20.5,20.5
E105,S1_C2_E105_V0135,S1,C2,0.0,20.5,20.5,20.5
E105,S1_C2_E105_V0136,S1,C2,0.0,20.5,20.5,20.5
E105,S1_C2_E105_V0137,S1,C2,0.0,20.5,20.5,20.5
E105,S1_C2_E105_V0138,S1,C2,0.0,20.5,20.5,20.5
E105,S1_C2_E105_V0139,S1,C2,0.0,20.5,20.5,20.5
E105,S1_C2_E105_V0140,S1,C2,0.0,20.5,20.5,20.5
E105,S1_C2_E105_V0141,S1,C2,0.0,20.5,20.5,20.5
E105,S1_C2_E105_V0142,S1,C2,0.0,20.5,20.5,20.5
E105,S1_C2_E105_V0143,S1,C2,0.0,20.5,20.5,20.5
E105,S1_C2_E105_V0144,S1,C2,0.0,20.5,20.5,20.5
E105,S1_C2_E105_V0145,S1,C2,0.0,20.5,20.5,20.5
E105,S1_C2_E105_V0146,S1,C2,0.0,20.033333333333335,20.033333333333335,20.5
E105,S1_C2_E105_V0147,S1,C2,0.2,20.5,20.3,20.5
E105,S1_C2_E105_V0148,S1,C2,0.0,20.5,20.5,20.5
E105,S1_C2_E105_V0149,S1,C2,0.0,20.5,20.5,20.5
E105,S1_C2_E105_V0150,S1,C2,0.0,20.5,20.5,20.5
E106,S1_C2_E106_V0151,S1,C2,0.0,20.5,20.5,20.5
E106,S1_C2_E106_V0152,S1,C2,0.0,20.5,20.5,20.5
E106,S1_C2_E106_V0153,S1,C2,0.0,20.5,20.5,20.5
E106,S1_C2_E106_V0154,S1,C2,0.0,20.5,20.5,20.5
E106,S1_C2_E106_V0155,S1,C2,0.0,7.066666666666666,7.066666666666666,20.5
E107,S1_C2_E107_V0156,S1,C2,0.0,20.5,20.5,20.5
E107,S1_C2_E107_V0157,S1,C2,0.0,20.5,20.5,20.5
E107,S1_C2_E107_V0158,S1,C2,0.0,20.5,20.5,20.5
E107,S1_C2_E107_V0159,S1,C2,0.0,20.5,20.5,20.5
E108,S1_C2_E108_V0160,S1,C2,0.0,20.5,20.5,20.5
E109,S1_C2_E109_V0161,S1,C2,0.0,20.5,20.5,20.5
E109,S1_C2_E109_V0162,S1,C2,0.0,12.666666666666666,12.666666666666666,20.5
E115,S1_C2_E115_V0163,S1,C2,0.03333333333333333,20.5,20.466666666666665,20.5
E115,S1_C2_E115_V0164,S1,C2,0.0,20.333333333333332,20.333333333333332,20.5
E115,S1_C2_E115_V0165,S1,C2,0.06666666666666667,20.5,20.433333333333334,20.5
E115,S1_C2_E115_V0166,S1,C2,0.1,15.0,14.9,20.5
E115,S1_C2_E115_V0167,S1,C2,0.0,18.5,18.5,20.5
E115,S1_C2_E115_V0168,S1,C2,0.0,20.5,20.5,20.5
E115,S1_C2_E115_V0169,S1,C2,0.0,17.833333333333332,17.833333333333332,20.5
E117,S1_C2_E117_V0170,S1,C2,0.0,20.5,20.5,20.5
E117,S1_C2_E117_V0171,S1,C2,0.0,20.5,20.5,20.5
E117,S1_C2_E117_V0172,S1,C2,0.0,20.5,20.5,20.5
E117,S1_C2_E117_V0173,S1,C2,0.0,20.5,20.5,20.5
E117,S1_C2_E117_V0174,S1,C2,0.0,20.5,20.5,20.5
E117,S1_C2_E117_V0175,S1,C2,0.0,20.5,20.5,20.5
E117,S1_C2_E117_V0176,S1,C2,0.0,13.366666666666667,13.366666666666667,13.5
E117,S1_C2_E117_V0177,S1,C2,0.0,19.166666666666668,19.166666666666668,19.5
E118,S1_C2_E118_V0178,S1,C2,0.0,20.5,20.5,20.5
E118,S1_C2_E118_V0179,S1,C2,0.0,19.366666666666667,19.366666666666667,19.5
E118,S1_C2_E118_V0180,S1,C2,0.0,4.966666666666667,4.966666666666667,5.0
E118,S1_C2_E118_V0181,S1,C2,0.0,2.7333333333333334,2.7333333333333334,3.0
E118,S1_C2_E118_V0182,S1,C2,0.06666666666666667,2.2,2.1333333333333333,2.5
E118,S1_C2_E118_V0183,S1,C2,0.0,16.366666666666667,16.366666666666667,16.5
E121,S1_C2_E121_V0184,S1,C2,0.0,20.5,20.5,20.5
E121,S1_C2_E121_V0185,S1,C2,0.0,20.5,20.5,20.5
E121,S1_C2_E121_V0186,S1,C2,0.0,20.5,20.5,20.5
E121,S1_C2_E121_V0187,S1,C2,0.0,20.5,20.5,20.5
E121,S1_C2_E121_V0188,S1,C2,0.0,20.5,20.5,20.5
E121,S1_C2_E121_V0189,S1,C2,0.0,20.5,20.5,20.5
E121,S1_C2_E121_V0190,S1,C2,0.0,20.5,20.5,20.5
E121,S1_C2_E121_V0191,S1,C2,0.0,20.5,20.5,20.5
E121,S1_C2_E121_V0192,S1,C2,0.0,20.5,20.5,20.5
E121,S1_C2_E121_V0193,S1,C2,0.1,5.0,4.9,20.5
E122,S1_C2_E122_V0194,S1,C2,0.0,20.5,20.5,20.5
E122,S1_C2_E122_V0195,S1,C2,0.0,20.5,20.5,20.5
E122,S1_C2_E122_V0196,S1,C2,0.0,8.4,8.4,8.5
E122,S1_C2_E122_V0197,S1,C2,0.0,7.166666666666667,7.166666666666667,7.5
E122,S1_C2_E122_V0198,S1,C2,0.0,2.7333333333333334,2.7333333333333334,3.0
E122,S1_C2_E122_V0199,S1,C2,0.0,6.366666666666666,6.366666666666666,6.5
E122,S1_C2_E122_V0200,S1,C2,0.0,3.566666666666667,3.566666666666667,4.0
E122,S1_C2_E122_V0201,S1,C2,0.0,3.7666666666666666,3.7666666666666666,4.0
E122,S1_C2_E122_V0202,S1,C2,0.0,13.366666666666667,13.366666666666667,13.5
E122,S1_C2_E122_V0203,S1,C2,0.0,2.8,2.8,3.0
E122,S1_C2_E122_V0204,S1,C2,0.0,2.4,2.4,2.5
E122,S1_C2_E122_V0205,S1,C2,0.0,5.966666666666667,5.966666666666667,6.0
E122,S1_C2_E122_V0206,S1,C2,0.0,1.9666666666666666,1.9666666666666666,2.0
E122,S1_C2_E122_V0207,S1,C2,0.0,3.1666666666666665,3.1666666666666665,3.5
E122,S1_C2_E122_V0208,S1,C2,0.0,4.566666666666666,4.566666666666666,5.0
E122,S1_C2_E122_V0209,S1,C2,0.0,6.966666666666667,6.966666666666667,7.0
E122,S1_C2_E122_V0210,S1,C2,0.0,10.566666666666666,10.566666666666666,11.0
E122,S1_C2_E122_V0211,S1,C2,0.0,2.1666666666666665,2.1666666666666665,2.5
E122,S1_C2_E122_V0212,S1,C2,0.0,4.566666666666666,4.566666666666666,5.0
E122,S1_C2_E122_V0213,S1,C2,0.0,2.466666666666667,2.466666666666667,2.5
E122,S1_C2_E122_V0214,S1,C2,0.0,10.766666666666667,10.766666666666667,11.0
E122,S1_C2_E122_V0215,S1,C2,0.0,5.366666666666666,5.366666666666666,5.5
E122,S1_C2_E122_V0216,S1,C2,0.0,2.1333333333333333,2.1333333333333333,2.5
E122,S1_C2_E122_V0217,S1,C2,0.0,4.966666666666667,4.966666666666667,5.0
E122,S1_C2_E122_V0218,S1,C2,0.0,5.566666666666666,5.566666666666666,6.0
E122,S1_C2_E122_V0219,S1,C2,0.0,3.966666666666667,3.966666666666667,4.0
E122,S1_C2_E122_V0220,S1,C2,0.0,1.5,1.5,1.5
E122,S1_C2_E122_V0225,S1,C2,0.0,2.2666666666666666,2.2666666666666666,2.5
E122,S1_C2_E122_V0226,S1,C2,0.0,1.4,1.4,1.5
E122,S1_C2_E122_V0233,S1,C2,0.0,2.933333333333333,2.933333333333333,3.0
E122,S1_C2_E122_V0234,S1,C2,0.0,1.3333333333333333,1.3333333333333333,1.5
E122,S1_C2_E122_V0235,S1,C2,0.0,1.7666666666666666,1.7666666666666666,2.0
E122,S1_C2_E122_V0236,S1,C2,0.0,1.5,1.5,1.5
E122,S1_C2_E122_V0237,S1,C2,0.0,2.3666666666666667,2.3666666666666667,2.5
E122,S1_C2_E122_V0238,S1,C2,0.0,2.3,2.3,2.5
E122,S1_C2_E122_V0239,S1,C2,0.0,3.566666666666667,3.566666666666667,4.0
E122,S1_C2_E122_V0241,S1,C2,0.0,1.9666666666666666,1.9666666666666666,2.0
E122,S1_C2_E122_V0242,S1,C2,0.0,1.2333333333333334,1.2333333333333334,1.5
E122,S1_C2_E122_V0243,S1,C2,0.0,1.2333333333333334,1.2333333333333334,1.5
E122,S1_C2_E122_V0244,S1,C2,0.0,1.2,1.2,1.5
E122,S1_C2_E122_V0245,S1,C2,0.0,1.8333333333333333,1.8333333333333333,2.0
E122,S1_C2_E122_V0248,S1,C2,0.0,3.966666666666667,3.966666666666667,4.0
E122,S1_C2_E122_V0249,S1,C2,0.0,2.933333333333333,2.933333333333333,3.0
E122,S1_C2_E122_V0250,S1,C2,0.0,2.7,2.7,3.0
E122,S1_C2_E122_V0251,S1,C2,0.0,1.3,1.3,1.5
E122,S1_C2_E122_V0252,S1,C2,0.0,1.4666666666666666,1.4666666666666666,1.5
E122,S1_C2_E122_V0257,S1,C2,0.0,1.2666666666666666,1.2666666666666666,1.5
E122,S1_C2_E122_V0259,S1,C2,0.0,3.966666666666667,3.966666666666667,4.0
E122,S1_C2_E122_V0260,S1,C2,0.0,2.3333333333333335,2.3333333333333335,2.5
E122,S1_C2_E122_V0261,S1,C2,0.0,2.433333333333333,2.433333333333333,2.5
E122,S1_C2_E122_V0262,S1,C2,0.0,2.5,2.5,2.5
E122,S1_C2_E122_V0263,S1,C2,0.0,5.366666666666666,5.366666666666666,5.5
E122,S1_C2_E122_V0264,S1,C2,0.0,5.766666666666667,5.766666666666667,6.0
E123,S1_C2_E123_V0266,S1,C2,0.0,14.166666666666666,14.166666666666666,14.5
E123,S1_C2_E123_V0267,S1,C2,0.0,11.866666666666667,11.866666666666667,12.0
E123,S1_C2_E123_V0268,S1,C2,0.0,5.966666666666667,5.966666666666667,6.0
E123,S1_C2_E123_V0269,S1,C2,0.0,4.366666666666666,4.366666666666666,4.5
E123,S1_C2_E123_V0270,S1,C2,0.0,4.566666666666666,4.566666666666666,5.0
E123,S1_C2_E123_V0271,S1,C2,0.0,1.6333333333333333,1.6333333333333333,2.0
E123,S1_C2_E123_V0272,S1,C2,0.0,3.7333333333333334,3.7333333333333334,9.0
E123,S1_C2_E123_V0273,S1,C2,0.0,6.566666666666666,6.566666666666666,7.0
E125,S1_C2_E125_V0274,S1,C2,0.0,7.766666666666667,7.766666666666667,8.0
E125,S1_C2_E125_V0275,S1,C2,0.0,1.3,1.3,1.5
E125,S1_C2_E125_V0276,S1,C2,0.0,1.2,1.2,1.5
E125,S1_C2_E125_V0277,S1,C2,0.0,3.966666666666667,3.966666666666667,4.0
E125,S1_C2_E125_V0278,S1,C2,0.0,3.966666666666667,3.966666666666667,4.0
E125,S1_C2_E125_V0279,S1,C2,0.0,1.5,1.5,1.5
E125,S1_C2_E125_V0280,S1,C2,0.0,2.433333333333333,2.433333333333333,2.5
E125,S1_C2_E125_V0281,S1,C2,0.0,2.933333333333333,2.933333333333333,3.0
E130,S1_C2_E130_V0282,S1,C2,0.0,20.5,20.5,20.5
E130,S1_C2_E130_V0283,S1,C2,0.0,20.5,20.5,20.5
E130,S1_C2_E130_V0284,S1,C2,0.0,19.766666666666666,19.766666666666666,20.0
E130,S1_C2_E130_V0285,S1,C2,0.0,13.966666666666667,13.966666666666667,14.0
E131,S1_C2_E131_V0286,S1,C2,0.0,20.5,20.5,20.5
E131,S1_C2_E131_V0287,S1,C2,0.0,3.7666666666666666,3.7666666666666666,4.0
E131,S1_C2_E131_V0288,S1,C2,0.0,2.7666666666666666,2.7666666666666666,3.0
E131,S1_C2_E131_V0289,S1,C2,0.0,2.7666666666666666,2.7666666666666666,3.0
E131,S1_C2_E131_V0290,S1,C2,0.0,2.7333333333333334,2.7333333333333334,3.0
E131,S1_C2_E131_V0291,S1,C2,0.0,1.8,1.8,2.0
E131,S1_C2_E131_V0292,S1,C2,0.0,1.7333333333333334,1.7333333333333334,2.0
E131,S1_C2_E131_V0293,S1,C2,0.0,4.966666666666667,4.966666666666667,5.0
E131,S1_C2_E131_V0294,S1,C2,0.0,1.3666666666666667,1.3666666666666667,1.5
E131,S1_C2_E131_V0295,S1,C2,0.0,1.6333333333333333,1.6333333333333333,2.0
E131,S1_C2_E131_V0296,S1,C2,0.0,5.966666666666667,5.966666666666667,6.0
E131,S1_C2_E131_V0297,S1,C2,0.0,1.7,1.7,2.0
E131,S1_C2_E131_V0298,S1,C2,0.0,3.7666666666666666,3.7666666666666666,4.0
E131,S1_C2_E131_V0299,S1,C2,0.0,2.1666666666666665,2.1666666666666665,2.5
E131,S1_C2_E131_V0301,S1,C2,0.0,1.5,1.5,1.5
E134,S1_C2_E134_V0302,S1,C2,0.0,14.766666666666667,14.766666666666667,15.0
E134,S1_C2_E134_V0303,S1,C2,0.0,4.366666666666666,4.366666666666666,4.5
E134,S1_C2_E134_V0304,S1,C2,0.0,2.933333333333333,2.933333333333333,3.0
E134,S1_C2_E134_V0305,S1,C2,0.0,1.5333333333333334,1.5333333333333334,2.0
E136,S1_C2_E136_V0306,S1,C2,0.0,20.5,20.5,20.5
E136,S1_C2_E136_V0307,S1,C2,0.0,15.0,15.0,15.0
E136,S1_C2_E136_V0308,S1,C2,0.0,3.0,3.0,3.0
E136,S1_C2_E136_V0309,S1,C2,0.0,10.0,10.0,10.0
E136,S1_C2_E136_V0310,S1,C2,0.0,4.0,4.0,4.0
E136,S1_C2_E136_V0311,S1,C2,0.0,2.0,2.0,2.0
E136,S1_C2_E136_V0312,S1,C2,0.0,5.0,5.0,5.0
E136,S1_C2_E136_V0313,S1,C2,0.0,4.5,4.5,4.5
E136,S1_C2_E136_V0314,S1,C2,0.0,8.0,8.0,8.0
E136,S1_C2_E136_V0315,S1,C2,0.0,13.0,13.0,13.0
E137,S1_C2_E137_V0316,S1,C2,0.0,17.566666666666666,17.566666666666666,18.0
E137,S1_C2_E137_V0317,S1,C2,0.0,6.333333333333333,6.333333333333333,8.0
E137,S1_C2_E137_V0318,S1,C2,0.0,6.566666666666666,6.566666666666666,7.0
E143,S1_C2_E143_V0320,S1,C2,0.0,20.5,20.5,20.5
E143,S1_C2_E143_V0321,S1,C2,0.0,16.8,16.8,17.0
E143,S1_C2_E143_V0322,S1,C2,0.0,13.566666666666666,13.566666666666666,14.0
E143,S1_C2_E143_V0323,S1,C2,0.0,8.766666666666667,8.766666666666667,9.0
E143,S1_C2_E143_V0324,S1,C2,0.0,6.366666666666666,6.366666666666666,6.5
E143,S1_C2_E143_V0325,S1,C2,0.0,4.566666666666666,4.566666666666666,5.0
E143,S1_C2_E143_V0326,S1,C2,0.0,2.6333333333333333,2.6333333333333333,3.0
E143,S1_C2_E143_V0327,S1,C2,0.0,1.5,1.5,1.5
E144,S1_C2_E144_V0328,S1,C2,0.0,6.9,6.9,20.5
E145,S1_C2_E145_V0329,S1,C2,0.0,11.633333333333333,11.633333333333333,13.5
E145,S1_C2_E145_V0331,S1,C2,0.0,9.166666666666666,9.166666666666666,9.5
E145,S1_C2_E145_V0333,S1,C2,0.0,2.9,2.9,3.0
E145,S1_C2_E145_V0334,S1,C2,0.0,6.766666666666667,6.766666666666667,7.0
E145,S1_C2_E145_V0335,S1,C2,0.0,1.5,1.5,1.5
E145,S1_C2_E145_V0336,S1,C2,0.0,1.8,1.8,2.0
E145,S1_C2_E145_V0337,S1,C2,0.0,1.5,1.5,1.5
E145,S1_C2_E145_V0339,S1,C2,0.0,1.3666666666666667,1.3666666666666667,1.5
E146,S1_C2_E146_V0345,S1,C2,0.03333333333333333,120.5,120.46666666666667,120.5
E146,S1_C2_E146_V0346,S1,C2,0.0,36.333333333333336,36.333333333333336,120.5
E150,S1_C2_E150_V0347,S1,C2,0.0,20.5,20.5,20.5
E150,S1_C2_E150_V0348,S1,C2,0.0,5.566666666666666,5.566666666666666,6.0
E150,S1_C2_E150_V0349,S1,C2,0.0,2.3666666666666667,2.3666666666666667,2.5
E150,S1_C2_E150_V0350,S1,C2,0.0,2.1333333333333333,2.1333333333333333,2.5
E150,S1_C2_E150_V0351,S1,C2,0.0,1.6666666666666667,1.6666666666666667,2.0
E150,S1_C2_E150_V0352,S1,C2,0.0,2.466666666666667,2.466666666666667,2.5
E150,S1_C2_E150_V0353,S1,C2,0.0,1.5,1.5,1.5
E150,S1_C2_E150_V0355,S1,C2,0.1,8.566666666666666,8.466666666666667,9.0
E150,S1_C2_E150_V0356,S1,C2,0.0,2.433333333333333,2.433333333333333,2.5
E150,S1_C2_E150_V0357,S1,C2,0.0,2.1333333333333333,2.1333333333333333,2.5
E150,S1_C2_E150_V0358,S1,C2,0.0,2.3666666666666667,2.3666666666666667,2.5
E150,S1_C2_E150_V0359,S1,C2,0.0,1.2333333333333334,1.2333333333333334,1.5
E150,S1_C2_E150_V0360,S1,C2,0.0,1.8,1.8,2.0
E150,S1_C2_E150_V0361,S1,C2,0.0,1.2666666666666666,1.2666666666666666,1.5
E150,S1_C2_E150_V0362,S1,C2,0.0,1.7666666666666666,1.7666666666666666,2.0
E150,S1_C2_E150_V0363,S1,C2,0.0,3.0,3.0,3.0
E150,S1_C2_E150_V0364,S1,C2,0.0,4.366666666666666,4.366666666666666,4.5
E150,S1_C2_E150_V0365,S1,C2,0.0,5.0,5.0,5.0
E150,S1_C2_E150_V0366,S1,C2,0.0,1.9666666666666666,1.9666666666666666,2.0
E150,S1_C2_E150_V0367,S1,C2,0.0,1.9,1.9,2.0
E151,S1_C2_E151_V0373,S1,C2,0.0,10.966666666666667,10.966666666666667,11.0
E151,S1_C2_E151_V0374,S1,C2,0.0,4.966666666666667,4.966666666666667,5.0
E151,S1_C2_E151_V0375,S1,C2,0.0,2.7666666666666666,2.7666666666666666,3.0
E151,S1_C2_E151_V0376,S1,C2,0.0,1.6333333333333333,1.6333333333333333,2.0
E151,S1_C2_E151_V0377,S1,C2,0.0,2.3666666666666667,2.3666666666666667,2.5
E151,S1_C2_E151_V0378,S1,C2,0.0,1.9333333333333333,1.9333333333333333,2.0
E151,S1_C2_E151_V0379,S1,C2,0.0,1.5333333333333334,1.5333333333333334,2.0
E151,S1_C2_E151_V0380,S1,C2,0.0,1.4666666666666666,1.4666666666666666,1.5
E153,S1_C2_E153_V0383,S1,C2,0.0,5.966666666666667,5.966666666666667,6.0
E154,S1_C2_E154_V0385,S1,C2,0.0,5.566666666666666,5.566666666666666,6.0
E155,S1_C2_E155_V0388,S1,C2,0.0,3.566666666666667,3.566666666666667,4.0
E155,S1_C2_E155_V0389,S1,C2,0.0,1.3,1.3,1.5
E15,S1_C2_E15_V0026,S1,C2,0.03333333333333333,19.033333333333335,19.0,120.5
E15,S1_C2_E15_V0026,S1,C2,20.033333333333335,34.96666666666667,14.933333333333334,120.5
E163,S1_C2_E163_V0392,S1,C2,0.0,17.133333333333333,17.133333333333333,17.5
E169,S1_C2_E169_V0393,S1,C2,0.0,19.366666666666667,19.366666666666667,20.5
E16,S1_C2_E16_V0027,S1,C2,0.0,20.5,20.5,20.5
E16,S1_C2_E16_V0028,S1,C2,0.0,20.5,20.5,20.5
E16,S1_C2_E16_V0029,S1,C2,0.0,10.166666666666666,10.166666666666666,20.5
E170,S1_C2_E170_V0394,S1,C2,0.0,20.5,20.5,20.5
E170,S1_C2_E170_V0395,S1,C2,0.0,9.166666666666666,9.166666666666666,9.5
E170,S1_C2_E170_V0396,S1,C2,0.0,7.766666666666667,7.766666666666667,8.0
E170,S1_C2_E170_V0397,S1,C2,0.0,5.366666666666666,5.366666666666666,5.5
E170,S1_C2_E170_V0398,S1,C2,0.0,1.8,1.8,2.0
E170,S1_C2_E170_V0399,S1,C2,0.03333333333333333,2.9,2.8666666666666667,13.5
E171,S1_C2_E171_V0400,S1,C2,0.0,7.566666666666666,7.566666666666666,14.0
E173,S1_C2_E173_V0401,S1,C2,0.0,7.4,7.4,10.5
E174,S1_C2_E174_V0402,S1,C2,0.0,4.133333333333334,4.133333333333334,8.5
E175,S1_C2_E175_V0403,S1,C2,0.0,5.766666666666667,5.766666666666667,6.0
E175,S1_C2_E175_V0404,S1,C2,0.0,2.9,2.9,3.0
E176,S1_C2_E176_V0407,S1,C2,0.0,6.833333333333333,6.833333333333333,8.5
E177,S1_C2_E177_V0408,S1,C2,0.0,86.7,86.7,120.5
E179,S1_C2_E179_V0409,S1,C2,0.0,2.966666666666667,2.966666666666667,11.5
E17,S1_C2_E17_V0030,S1,C2,0.0,20.5,20.5,20.5
E17,S1_C2_E17_V0031,S1,C2,0.0,20.5,20.5,20.5
E17,S1_C2_E17_V0032,S1,C2,0.03333333333333333,20.1,20.066666666666666,20.5
E180,S1_C2_E180_V0410,S1,C2,0.0,6.966666666666667,6.966666666666667,7.0
E181,S1_C2_E181_V0411,S1,C2,0.0,5.966666666666667,5.966666666666667,6.0
E181,S1_C2_E181_V0412,S1,C2,0.0,1.3333333333333333,1.3333333333333333,1.5
E181,S1_C2_E181_V0414,S1,C2,0.0,2.0,2.0,2.0
E181,S1_C2_E181_V0415,S1,C2,0.0,1.5,1.5,1.5
E181,S1_C2_E181_V0416,S1,C2,0.26666666666666666,1.6666666666666667,1.4000000000000001,2.0
E182,S1_C2_E182_V0418,S1,C2,0.0,5.166666666666667,5.166666666666667,5.5
E188,S1_C2_E188_V0423,S1,C2,0.0,4.633333333333334,4.633333333333334,5.0
E189,S1_C2_E189_V0424,S1,C2,0.03333333333333333,120.5,120.46666666666667,120.5
E189,S1_C2_E189_V0425,S1,C2,0.0,82.33333333333333,82.33333333333333,120.5
E18,S1_C2_E18_V0033,S1,C2,0.0,8.4,8.4,20.5
E190,S1_C2_E190_V0426,S1,C2,0.0,15.833333333333334,15.833333333333334,120.5
E191,S1_C2_E191_V0427,S1,C2,0.03333333333333333,8.333333333333334,8.3,8.5
E191,S1_C2_E191_V0428,S1,C2,0.0,1.7666666666666666,1.7666666666666666,2.0
E191,S1_C2_E191_V0429,S1,C2,0.0,2.7333333333333334,2.7333333333333334,3.0
E191,S1_C2_E191_V0431,S1,C2,0.0,1.5333333333333334,1.5333333333333334,2.0
E191,S1_C2_E191_V0432,S1,C2,0.0,1.5666666666666667,1.5666666666666667,2.0
E194,S1_C2_E194_V0438,S1,C2,0.0,104.66666666666667,104.66666666666667,120.5
E196,S1_C2_E196_V0443,S1,C2,0.0,6.333333333333333,6.333333333333333,6.5
E196,S1_C2_E196_V0444,S1,C2,0.0,1.8333333333333333,1.8333333333333333,2.0
E196,S1_C2_E196_V0445,S1,C2,0.0,2.3333333333333335,2.3333333333333335,2.5
E196,S1_C2_E196_V0447,S1,C2,0.0,2.3333333333333335,2.3333333333333335,2.5
E196,S1_C2_E196_V0448,S1,C2,0.0,3.966666666666667,3.966666666666667,4.0
E196,S1_C2_E196_V0449,S1,C2,0.0,1.3333333333333333,1.3333333333333333,1.5
E197,S1_C2_E197_V0452,S1,C2,0.03333333333333333,6.166666666666667,6.133333333333334,6.5
E197,S1_C2_E197_V0453,S1,C2,0.0,3.566666666666667,3.566666666666667,4.0
E197,S1_C2_E197_V0454,S1,C2,0.0,2.566666666666667,2.566666666666667,3.0
E197,S1_C2_E197_V0455,S1,C2,0.0,1.7666666666666666,1.7666666666666666,2.0
E197,S1_C2_E197_V0456,S1,C2,0.0,3.7666666666666666,3.7666666666666666,4.0
E197,S1_C2_E197_V0457,S1,C2,0.0,1.2333333333333334,1.2333333333333334,1.5
E197,S1_C2_E197_V0458,S1,C2,0.0,2.8,2.8,3.0
E197,S1_C2_E197_V0459,S1,C2,0.0,2.0,2.0,2.0
E197,S1_C2_E197_V0462,S1,C2,0.0,1.2,1.2,1.5
E198,S1_C2_E198_V0469,S1,C2,0.0,3.566666666666667,3.566666666666667,4.0
E198,S1_C2_E198_V0470,S1,C2,0.0,1.7666666666666666,1.7666666666666666,2.0
E198,S1_C2_E198_V0472,S1,C2,0.0,1.3666666666666667,1.3666666666666667,1.5
E198,S1_C2_E198_V0480,S1,C2,0.0,1.2333333333333334,1.2333333333333334,1.5
E198,S1_C2_E198_V0482,S1,C2,0.0,1.3666666666666667,1.3666666666666667,1.5
E202,S1_C2_E202_V0517,S1,C2,0.0,18.533333333333335,18.533333333333335,120.5
E219,S1_C2_E219_V0519,S1,C2,0.0,5.333333333333333,5.333333333333333,8.0
E219,S1_C2_E219_V0520,S1,C2,0.0,2.0,2.0,2.0
E219,S1_C2_E219_V0521,S1,C2,0.0,1.5,1.5,1.5
E231,S1_C2_E231_V0526,S1,C2,0.0,1.2,1.2,1.5
E237,S1_C2_E237_V0529,S1,C2,0.0,5.566666666666666,5.566666666666666,6.0
E237,S1_C2_E237_V0532,S1,C2,0.0,1.3333333333333333,1.3333333333333333,1.5
E238,S1_C2_E238_V0533,S1,C2,0.0,1.4333333333333333,1.4333333333333333,1.5
E238,S1_C2_E238_V0534,S1,C2,0.0,1.2333333333333334,1.2333333333333334,1.5
E243,S1_C2_E243_V0542,S1,C2,1.5,2.033333333333333,0.5333333333333332,2.5
E243,S1_C2_E243_V0543,S1,C2,0.13333333333333333,1.9666666666666666,1.8333333333333333,2.0
E244,S1_C2_E244_V0553,S1,C2,0.0,2.0,2.0,2.0
E244,S1_C2_E244_V0554,S1,C2,0.0,1.6333333333333333,1.6333333333333333,2.0
E251,S1_C2_E251_V0565,S1,C2,0.06666666666666667,1.4,1.3333333333333333,1.5
E252,S1_C2_E252_V0573,S1,C2,0.0,1.5666666666666667,1.5666666666666667,2.0
E25,S1_C2_E25_V0036,S1,C2,0.0,17.566666666666666,17.566666666666666,120.5
E27,S1_C2_E27_V0037,S1,C2,0.0,20.366666666666667,20.366666666666667,20.5
E27,S1_C2_E27_V0038,S1,C2,0.0,20.5,20.5,20.5
E28,S1_C2_E28_V0039,S1,C2,0.0,20.5,20.5,20.5
E29,S1_C2_E29_V0040,S1,C2,0.03333333333333333,13.7,13.666666666666666,120.5
E29,S1_C2_E29_V0040,S1,C2,30.633333333333333,48.5,17.866666666666667,120.5
E30,S1_C2_E30_V0041,S1,C2,0.0,20.5,20.5,20.5
E33,S1_C2_E33_V0042,S1,C2,0.03333333333333333,10.866666666666667,10.833333333333334,120.5
E33,S1_C2_E33_V0043,S1,C2,0.0,12.3,12.3,120.5
E34,S1_C2_E34_V0044,S1,C2,0.0,16.5,16.5,120.5
E36,S1_C2_E36_V0046,S1,C2,0.0,42.13333333333333,42.13333333333333,120.5
E37,S1_C2_E37_V0047,S1,C2,0.0,67.16666666666667,67.16666666666667,120.5
E38,S1_C2_E38_V0048,S1,C2,0.0,76.83333333333333,76.83333333333333,120.5
E38,S1_C2_E38_V0049,S1,C2,0.0,20.5,20.5,20.5
E38,S1_C2_E38_V0050,S1,C2,0.0,20.5,20.5,20.5
E38,S1_C2_E38_V0051,S1,C2,0.0,20.5,20.5,20.5
E38,S1_C2_E38_V0052,S1,C2,0.0,20.5,20.5,20.5
E38,S1_C2_E38_V0053,S1,C2,0.0,20.5,20.5,20.5
E38,S1_C2_E38_V0054,S1,C2,0.0,20.5,20.5,20.5
E38,S1_C2_E38_V0055,S1,C2,0.0,20.5,20.5,20.5
E38,S1_C2_E38_V0056,S1,C2,0.0,20.5,20.5,20.5
E38,S1_C2_E38_V0057,S1,C2,0.0,1.4,1.4,20.5
E38,S1_C2_E38_V0058,S1,C2,0.0,20.5,20.5,20.5
E38,S1_C2_E38_V0059,S1,C2,0.0,20.5,20.5,20.5
E38,S1_C2_E38_V0060,S1,C2,0.0,16.466666666666665,16.466666666666665,20.5
E39,S1_C2_E39_V0061,S1,C2,0.0,14.166666666666666,14.166666666666666,20.5
E40,S1_C2_E40_V0062,S1,C2,0.0,20.5,20.5,20.5
E40,S1_C2_E40_V0064,S1,C2,0.0,20.5,20.5,20.5
E40,S1_C2_E40_V0065,S1,C2,0.0,20.5,20.5,20.5
E40,S1_C2_E40_V0066,S1,C2,0.0,20.5,20.5,20.5
E40,S1_C2_E40_V0067,S1,C2,0.0,20.5,20.5,20.5
E40,S1_C2_E40_V0068,S1,C2,0.0,20.5,20.5,20.5
E40,S1_C2_E40_V0069,S1,C2,0.0,20.5,20.5,20.5
E40,S1_C2_E40_V0070,S1,C2,0.0,20.5,20.5,20.5
E40,S1_C2_E40_V0071,S1,C2,0.0,3.1,3.1,20.5
E42,S1_C2_E42_V0072,S1,C2,0.03333333333333333,15.333333333333334,15.3,120.5
E49,S1_C2_E49_V0075,S1,C2,0.0,6.433333333333334,6.433333333333334,120.5
E49,S1_C2_E49_V0075,S1,C2,13.533333333333333,68.06666666666666,54.53333333333333,120.5
E50,S1_C2_E50_V0076,S1,C2,0.0,20.5,20.5,20.5
E50,S1_C2_E50_V0077,S1,C2,0.0,11.966666666666667,11.966666666666667,20.5
E53,S1_C2_E53_V0079,S1,C2,0.03333333333333333,14.466666666666667,14.433333333333334,120.5
E55,S1_C2_E55_V0080,S1,C2,0.0,9.7,9.7,20.5
E60,S1_C2_E60_V0090,S1,C2,0.0,12.533333333333333,12.533333333333333,20.5
E66,S1_C2_E66_V0092,S1,C2,0.0,6.666666666666667,6.666666666666667,120.5
E84,S1_C2_E84_V0093,S1,C2,0.26666666666666666,12.6,12.333333333333332,20.5
E8,S1_C2_E8_V0021,S1,C2,0.3,20.5,20.2,20.5
E8,S1_C2_E8_V0022,S1,C2,0.0,20.5,20.5,20.5
E8,S1_C2_E8_V0023,S1,C2,0.0,10.733333333333333,10.733333333333333,20.5
E8,S1_C2_E8_V0024,S1,C2,0.0,20.5,20.5,20.5
E8,S1_C2_E8_V0025,S1,C2,0.0,20.5,20.5,20.5
E94,S1_C2_E94_V0097,S1,C2,0.0,20.5,20.5,20.5
E94,S1_C2_E94_V0098,S1,C2,0.0,20.5,20.5,20.5
E94,S1_C2_E94_V0099,S1,C2,0.0,20.5,20.5,20.5
E94,S1_C2_E94_V0100,S1,C2,0.0,20.5,20.5,20.5
E94,S1_C2_E94_V0101,S1,C2,0.0,20.5,20.5,20.5
E94,S1_C2_E94_V0102,S1,C2,0.0,20.5,20.5,20.5
E94,S1_C2_E94_V0103,S1,C2,0.0,20.5,20.5,20.5
E94,S1_C2_E94_V0104,S1,C2,0.0,4.166666666666667,4.166666666666667,20.5
E94,S1_C2_E94_V0105,S1,C2,0.0,20.5,20.5,20.5
E94,S1_C2_E94_V0106,S1,C2,0.0,20.5,20.5,20.5
E94,S1_C2_E94_V0107,S1,C2,0.0,20.5,20.5,20.5
E94,S1_C2_E94_V0108,S1,C2,0.0,20.5,20.5,20.5
E94,S1_C2_E94_V0109,S1,C2,0.0,20.5,20.5,20.5
E94,S1_C2_E94_V0110,S1,C2,0.0,20.5,20.5,20.5
E94,S1_C2_E94_V0111,S1,C2,0.0,20.5,20.5,20.5
E94,S1_C2_E94_V0112,S1,C2,0.0,20.5,20.5,20.5
E94,S1_C2_E94_V0113,S1,C2,0.06666666666666667,6.033333333333333,5.966666666666667,20.5
E99,S1_C2_E99_V0114,S1,C2,0.0,20.5,20.5,20.5
E99,S1_C2_E99_V0115,S1,C2,0.0,20.5,20.5,20.5
E99,S1_C2_E99_V0116,S1,C2,0.0,20.5,20.5,20.5
E99,S1_C2_E99_V0117,S1,C2,0.0,11.6,11.6,20.5
E136,S1_C3_E136_V0056,S1,C3,0.0,20.5,20.5,20.5
E144,S1_C3_E144_V0060,S1,C3,0.0,9.733333333333333,9.733333333333333,20.5
E145,S1_C3_E145_V0061,S1,C3,0.0,18.666666666666668,18.666666666666668,20.5
E151,S1_C3_E151_V0065,S1,C3,0.0,5.366666666666666,5.366666666666666,20.5
E154,S1_C3_E154_V0066,S1,C3,0.0,2.6333333333333333,2.6333333333333333,20.5
E169,S1_C3_E169_V0075,S1,C3,0.0,26.933333333333334,26.933333333333334,120.5
E190,S1_C3_E190_V0079,S1,C3,0.0,2.3333333333333335,2.3333333333333335,120.5
E191,S1_C3_E191_V0080,S1,C3,0.0,17.433333333333334,17.433333333333334,20.5
E198,S1_C3_E198_V0082,S1,C3,0.0,20.5,20.5,20.5
E200,S1_C3_E200_V0084,S1,C3,0.0,19.5,19.5,20.5
E219,S1_C3_E219_V0088,S1,C3,0.0,20.5,20.5,20.5
E224,S1_C3_E224_V0089,S1,C3,0.0,1.8333333333333333,1.8333333333333333,20.5
E237,S1_C3_E237_V0092,S1,C3,0.0,5.333333333333333,5.333333333333333,20.5
E243,S1_C3_E243_V0093,S1,C3,0.0,20.5,20.5,20.5
E27,S1_C3_E27_V0016,S1,C3,0.0,20.5,20.5,20.5
E27,S1_C3_E27_V0017,S1,C3,0.0,20.5,20.5,20.5
E36,S1_C3_E36_V0018,S1,C3,0.0,4.9,4.9,120.5
E36,S1_C3_E36_V0018,S1,C3,39.46666666666667,118.23333333333333,78.76666666666667,120.5
E37,S1_C3_E37_V0019,S1,C3,0.0,54.233333333333334,54.233333333333334,120.5
E61,S1_C3_E61_V0029,S1,C3,4.166666666666667,14.766666666666667,10.600000000000001,20.5
E67,S1_C3_E67_V0030,S1,C3,0.0,20.5,20.5,20.5
E67,S1_C3_E67_V0031,S1,C3,0.0,20.5,20.5,20.5
E67,S1_C3_E67_V0032,S1,C3,0.0,20.5,20.5,20.5
E84,S1_C3_E84_V0038,S1,C3,0.0,12.333333333333334,12.333333333333334,20.5
E260,S2_C1_E260_V0017,S2,C1,0.06666666666666667,20.5,20.433333333333334,20.5
E260,S2_C1_E260_V0018,S2,C1,0.0,20.5,20.5,20.5
E260,S2_C1_E260_V0019,S2,C1,0.0,20.5,20.5,20.5
E260,S2_C1_E260_V0020,S2,C1,0.0,20.5,20.5,20.5
E260,S2_C1_E260_V0021,S2,C1,0.0,20.5,20.5,20.5
E260,S2_C1_E260_V0022,S2,C1,0.0,4.0,4.0,20.5
E263,S2_C1_E263_V0023,S2,C1,0.0,5.3,5.3,120.5
E265,S2_C1_E265_V0025,S2,C1,2.0,6.166666666666667,4.166666666666667,20.5
E265,S2_C1_E265_V0025,S2,C1,7.166666666666667,7.266666666666667,0.09999999999999964,20.5
E265,S2_C1_E265_V0025,S2,C1,18.266666666666666,18.5,0.23333333333333428,20.5
E265,S2_C1_E265_V0026,S2,C1,8.833333333333334,20.5,11.666666666666666,20.5
E265,S2_C1_E265_V0027,S2,C1,0.1,17.5,17.4,20.5
E265,S2_C1_E265_V0028,S2,C1,0.0,7.166666666666667,7.166666666666667,20.5
E265,S2_C1_E265_V0029,S2,C1,0.0,2.3333333333333335,2.3333333333333335,20.5
E265,S2_C1_E265_V0030,S2,C1,0.0,20.5,20.5,20.5
E270,S2_C1_E270_V0031,S2,C1,0.0,20.5,20.5,20.5
E270,S2_C1_E270_V0032,S2,C1,0.0,18.733333333333334,18.733333333333334,20.5
E274,S2_C1_E274_V0033,S2,C1,0.03333333333333333,32.0,31.966666666666665,120.5
E276,S2_C1_E276_V0035,S2,C1,0.0,2.433333333333333,2.433333333333333,20.5
E281,S2_C1_E281_V0038,S2,C1,0.0,89.93333333333334,89.93333333333334,120.5
E284,S2_C1_E284_V0039,S2,C1,0.0,5.2,5.2,20.5
E284,S2_C1_E284_V0040,S2,C1,0.0,16.833333333333332,16.833333333333332,20.5
E285,S2_C1_E285_V0041,S2,C1,0.03333333333333333,3.9,3.8666666666666667,120.5
E285,S2_C1_E285_V0041,S2,C1,4.666666666666667,5.833333333333333,1.166666666666666,120.5
E290,S2_C1_E290_V0042,S2,C1,0.06666666666666667,3.0,2.933333333333333,20.5
E291,S2_C1_E291_V0043,S2,C1,0.0,10.866666666666667,10.866666666666667,20.5
E300,S2_C1_E300_V0047,S2,C1,0.0,20.5,20.5,20.5
E300,S2_C1_E300_V0048,S2,C1,0.0,11.2,11.2,20.5
E301,S2_C1_E301_V0049,S2,C1,0.03333333333333333,60.833333333333336,60.800000000000004,120.5
E304,S2_C1_E304_V0050,S2,C1,0.0,44.6,44.6,120.5
E305,S2_C1_E305_V0051,S2,C1,0.0,2.933333333333333,2.933333333333333,120.5
E306,S2_C1_E306_V0052,S2,C1,0.0,14.7,14.7,120.5
E306,S2_C1_E306_V0052,S2,C1,80.5,120.5,40.0,120.5
E306,S2_C1_E306_V0053,S2,C1,0.0,6.933333333333334,6.933333333333334,20.5
E307,S2_C1_E307_V0054,S2,C1,0.0,20.5,20.5,20.5
E307,S2_C1_E307_V0055,S2,C1,0.0,2.566666666666667,2.566666666666667,20.5
E308,S2_C1_E308_V0056,S2,C1,0.06666666666666667,3.3666666666666667,3.3,20.5
E308,S2_C1_E308_V0057,S2,C1,0.03333333333333333,20.5,20.466666666666665,20.5
E308,S2_C1_E308_V0058,S2,C1,0.0,20.5,20.5,20.5
E308,S2_C1_E308_V0059,S2,C1,0.0,19.9,19.9,20.5
E308,S2_C1_E308_V0060,S2,C1,0.0,5.433333333333334,5.433333333333334,20.5
E323,S2_C1_E323_V0072,S2,C1,0.06666666666666667,20.5,20.433333333333334,20.5
E323,S2_C1_E323_V0073,S2,C1,0.03333333333333333,17.266666666666666,17.23333333333333,20.5
E323,S2_C1_E323_V0074,S2,C1,0.0,2.4,2.4,20.5
E332,S2_C1_E332_V0076,S2,C1,0.0,0.26666666666666666,0.26666666666666666,120.5
E332,S2_C1_E332_V0076,S2,C1,1.3333333333333333,2.3666666666666667,1.0333333333333334,120.5
E332,S2_C1_E332_V0076,S2,C1,4.766666666666667,25.533333333333335,20.76666666666667,120.5
E334,S2_C1_E334_V0077,S2,C1,0.0,18.9,18.9,20.5
E339,S2_C1_E339_V0079,S2,C1,0.0,12.366666666666667,12.366666666666667,20.5
E339,S2_C1_E339_V0080,S2,C1,0.0,3.6,3.6,20.5
E339,S2_C1_E339_V0080,S2,C1,19.6,20.333333333333332,0.7333333333333307,20.5
E339,S2_C1_E339_V0081,S2,C1,0.0,6.966666666666667,6.966666666666667,20.5
E341,S2_C1_E341_V0082,S2,C1,0.0,12.633333333333333,12.633333333333333,20.5
E343,S2_C1_E343_V0083,S2,C1,0.0,10.633333333333333,10.633333333333333,20.5
E347,S2_C1_E347_V0084,S2,C1,0.0,10.966666666666667,10.966666666666667,20.5
E349,S2_C1_E349_V0085,S2,C1,0.0,20.5,20.5,20.5
E350,S2_C1_E350_V0086,S2,C1,0.0,14.833333333333334,14.833333333333334,20.5
E353,S2_C1_E353_V0087,S2,C1,0.0,20.5,20.5,20.5
E353,S2_C1_E353_V0088,S2,C1,0.0,20.5,20.5,20.5
E353,S2_C1_E353_V0089,S2,C1,0.0,20.5,20.5,20.5
E353,S2_C1_E353_V0090,S2,C1,0.0,16.0,16.0,20.5
E357,S2_C1_E357_V0091,S2,C1,0.03333333333333333,20.5,20.466666666666665,20.5
E357,S2_C1_E357_V0092,S2,C1,0.0,20.5,20.5,20.5
E357,S2_C1_E357_V0093,S2,C1,0.0,15.766666666666667,15.766666666666667,20.5
E358,S2_C1_E358_V0094,S2,C1,0.13333333333333333,6.533333333333333,6.3999999999999995,20.5
E358,S2_C1_E358_V0094,S2,C1,7.2,11.3,4.1000000000000005,20.5
E359,S2_C1_E359_V0095,S2,C1,0.5,19.0,18.5,20.5
E360,S2_C1_E360_V0096,S2,C1,0.0,5.833333333333333,5.833333333333333,20.5
E361,S2_C1_E361_V0097,S2,C1,0.0,14.333333333333334,14.333333333333334,20.5
E363,S2_C1_E363_V0098,S2,C1,0.0,3.9,3.9,20.5
E365,S2_C1_E365_V0100,S2,C1,0.0,2.4,2.4,120.5
E366,S2_C1_E366_V0101,S2,C1,0.0,1.2,1.2,20.5
E366,S2_C1_E366_V0101,S2,C1,3.8333333333333335,13.266666666666667,9.433333333333334,20.5
E367,S2_C1_E367_V0102,S2,C1,0.0,3.7333333333333334,3.7333333333333334,20.5
E368,S2_C1_E368_V0103,S2,C1,0.0,9.933333333333334,9.933333333333334,20.5
E369,S2_C1_E369_V0104,S2,C1,0.06666666666666667,18.533333333333335,18.46666666666667,20.5
E371,S2_C1_E371_V0105,S2,C1,0.0,3.0,3.0,20.5
E375,S2_C1_E375_V0106,S2,C1,0.4666666666666667,8.0,7.533333333333333,20.5
E376,S2_C1_E376_V0107,S2,C1,0.0,5.633333333333334,5.633333333333334,20.5
E377,S2_C1_E377_V0108,S2,C1,0.0,3.433333333333333,3.433333333333333,20.5
E378,S2_C1_E378_V0109,S2,C1,0.03333333333333333,1.5,1.4666666666666666,120.5
E378,S2_C1_E378_V0109,S2,C1,4.6,7.0,2.4000000000000004,120.5
E378,S2_C1_E378_V0109,S2,C1,35.46666666666667,38.4,2.93333333333333,120.5
E384,S2_C1_E384_V0110,S2,C1,0.0,4.633333333333334,4.633333333333334,20.5
E387,S2_C1_E387_V0112,S2,C1,0.0,8.066666666666666,8.066666666666666,20.5
E388,S2_C1_E388_V0113,S2,C1,0.0,13.3,13.3,20.5
E390,S2_C1_E390_V0114,S2,C1,0.0,4.333333333333333,4.333333333333333,20.5
E393,S2_C1_E393_V0116,S2,C1,0.0,2.8666666666666667,2.8666666666666667,120.5
E393,S2_C1_E393_V0116,S2,C1,73.4,80.03333333333333,6.633333333333326,120.5
E394,S2_C1_E394_V0117,S2,C1,0.0,1.3,1.3,20.5
E394,S2_C1_E394_V0117,S2,C1,2.566666666666667,3.7666666666666666,1.1999999999999997,20.5
E260,S2_C2_E260_V0018,S2,C2,0.7333333333333333,15.666666666666666,14.933333333333334,20.5
E260,S2_C2_E260_V0019,S2,C2,0.9666666666666667,20.5,19.533333333333335,20.5
E260,S2_C2_E260_V0020,S2,C2,0.0,20.5,20.5,20.5
E263,S2_C2_E263_V0023,S2,C2,0.0,1.9333333333333333,1.9333333333333333,120.5
E265,S2_C2_E265_V0024,S2,C2,0.06666666666666667,20.5,20.433333333333334,20.5
E265,S2_C2_E265_V0025,S2,C2,0.0,20.166666666666668,20.166666666666668,20.5
E270,S2_C2_E270_V0027,S2,C2,0.0,20.5,20.5,20.5
E270,S2_C2_E270_V0028,S2,C2,0.0,20.5,20.5,20.5
E270,S2_C2_E270_V0029,S2,C2,0.0,20.5,20.5,20.5
E270,S2_C2_E270_V0030,S2,C2,0.0,20.5,20.5,20.5
E270,S2_C2_E270_V0031,S2,C2,0.0,20.5,20.5,20.5
E281,S2_C2_E281_V0038,S2,C2,0.0,57.43333333333333,57.43333333333333,120.5
E284,S2_C2_E284_V0040,S2,C2,0.0,9.566666666666666,9.566666666666666,20.5
E290,S2_C2_E290_V0042,S2,C2,0.06666666666666667,13.633333333333333,13.566666666666666,20.5
E291,S2_C2_E291_V0043,S2,C2,0.0,20.5,20.5,20.5
E292,S2_C2_E292_V0045,S2,C2,7.033333333333333,10.633333333333333,3.5999999999999996,20.5
E293,S2_C2_E293_V0046,S2,C2,0.0,2.8666666666666667,2.8666666666666667,20.5
E300,S2_C2_E300_V0050,S2,C2,0.06666666666666667,20.5,20.433333333333334,20.5
E300,S2_C2_E300_V0051,S2,C2,0.0,12.1,12.1,20.5
E301,S2_C2_E301_V0052,S2,C2,0.03333333333333333,73.93333333333334,73.9,120.5
E304,S2_C2_E304_V0055,S2,C2,0.0,3.1666666666666665,3.1666666666666665,120.5
E305,S2_C2_E305_V0056,S2,C2,0.0,4.866666666666666,4.866666666666666,120.5
E306,S2_C2_E306_V0057,S2,C2,0.0,103.16666666666667,103.16666666666667,120.5
E306,S2_C2_E306_V0057,S2,C2,106.16666666666667,113.9,7.733333333333334,120.5
E306,S2_C2_E306_V0058,S2,C2,0.0,19.466666666666665,19.466666666666665,20.5
E307,S2_C2_E307_V0059,S2,C2,0.0,20.5,20.5,20.5
E307,S2_C2_E307_V0060,S2,C2,0.0,2.8333333333333335,2.8333333333333335,20.5
E308,S2_C2_E308_V0061,S2,C2,0.0,20.5,20.5,20.5
E308,S2_C2_E308_V0062,S2,C2,0.0,3.0,3.0,20.5
E312,S2_C2_E312_V0064,S2,C2,0.0,5.166666666666667,5.166666666666667,120.5
E313,S2_C2_E313_V0065,S2,C2,0.0,12.433333333333334,12.433333333333334,120.5
E313,S2_C2_E313_V0065,S2,C2,35.6,103.83333333333333,68.23333333333332,120.5
E323,S2_C2_E323_V0071,S2,C2,0.0,20.5,20.5,20.5
E323,S2_C2_E323_V0072,S2,C2,0.0,20.5,20.5,20.5
E323,S2_C2_E323_V0073,S2,C2,0.0,18.0,18.0,20.5
E332,S2_C2_E332_V0079,S2,C2,0.0,7.7,7.7,120.5
E334,S2_C2_E334_V0080,S2,C2,0.0,2.0,2.0,20.5
E336,S2_C2_E336_V0081,S2,C2,0.03333333333333333,120.5,120.46666666666667,120.5
E339,S2_C2_E339_V0083,S2,C2,0.0,11.066666666666666,11.066666666666666,20.5
E339,S2_C2_E339_V0084,S2,C2,0.0,4.833333333333333,4.833333333333333,20.5
E339,S2_C2_E339_V0085,S2,C2,0.0,19.166666666666668,19.166666666666668,20.5
E341,S2_C2_E341_V0086,S2,C2,0.0,5.833333333333333,5.833333333333333,20.5
E343,S2_C2_E343_V0087,S2,C2,0.0,5.233333333333333,5.233333333333333,20.5
E344,S2_C2_E344_V0088,S2,C2,1.2333333333333334,4.066666666666666,2.833333333333333,20.5
E344,S2_C2_E344_V0089,S2,C2,0.0,5.233333333333333,5.233333333333333,20.5
E347,S2_C2_E347_V0092,S2,C2,0.06666666666666667,19.966666666666665,19.9,20.5
E349,S2_C2_E349_V0094,S2,C2,0.03333333333333333,13.3,13.266666666666667,20.5
E350,S2_C2_E350_V0095,S2,C2,0.0,20.5,20.5,20.5
E350,S2_C2_E350_V0096,S2,C2,0.0,20.4,20.4,20.5
E351,S2_C2_E351_V0097,S2,C2,0.0,20.5,20.5,20.5
E351,S2_C2_E351_V0098,S2,C2,0.0,20.5,20.5,20.5
E351,S2_C2_E351_V0099,S2,C2,0.0,3.5,3.5,20.5
E358,S2_C2_E358_V0105,S2,C2,0.0,10.633333333333333,10.633333333333333,20.5
E359,S2_C2_E359_V0106,S2,C2,0.0,6.733333333333333,6.733333333333333,20.5
E363,S2_C2_E363_V0107,S2,C2,0.0,20.5,20.5,20.5
E365,S2_C2_E365_V0109,S2,C2,0.0,3.1333333333333333,3.1333333333333333,120.5
E365,S2_C2_E365_V0109,S2,C2,6.2,120.5,114.3,120.5
E365,S2_C2_E365_V0110,S2,C2,0.0,16.933333333333334,16.933333333333334,120.5
E366,S2_C2_E366_V0111,S2,C2,0.0,7.533333333333333,7.533333333333333,20.5
E367,S2_C2_E367_V0112,S2,C2,0.0,13.166666666666666,13.166666666666666,20.5
E368,S2_C2_E368_V0113,S2,C2,0.0,2.8666666666666667,2.8666666666666667,20.5
E369,S2_C2_E369_V0114,S2,C2,0.0,17.533333333333335,17.533333333333335,20.5
E370,S2_C2_E370_V0115,S2,C2,0.0,6.266666666666667,6.266666666666667,20.5
E371,S2_C2_E371_V0116,S2,C2,0.16666666666666666,1.6666666666666667,1.5,20.5
E376,S2_C2_E376_V0119,S2,C2,0.0,18.933333333333334,18.933333333333334,20.5
E377,S2_C2_E377_V0120,S2,C2,0.0,20.5,20.5,20.5
E378,S2_C2_E378_V0121,S2,C2,0.03333333333333333,0.7333333333333333,0.7,120.5
E378,S2_C2_E378_V0121,S2,C2,23.933333333333334,38.53333333333333,14.599999999999998,120.5
E384,S2_C2_E384_V0127,S2,C2,0.0,20.5,20.5,20.5
E387,S2_C2_E387_V0129,S2,C2,0.0,7.333333333333333,7.333333333333333,20.5
E388,S2_C2_E388_V0130,S2,C2,0.4,12.366666666666667,11.966666666666667,20.5
E389,S2_C2_E389_V0131,S2,C2,0.0,2.3333333333333335,2.3333333333333335,20.5
E390,S2_C2_E390_V0132,S2,C2,0.0,19.066666666666666,19.066666666666666,20.5
E393,S2_C2_E393_V0134,S2,C2,0.0,1.7333333333333334,1.7333333333333334,120.5
E393,S2_C2_E393_V0134,S2,C2,44.9,80.6,35.699999999999996,120.5
E394,S2_C2_E394_V0135,S2,C2,0.0,4.2,4.2,20.5
E263,S2_C3_E263_V0018,S2,C3,0.0,42.13333333333333,42.13333333333333,120.5
E264,S2_C3_E264_V0019,S2,C3,0.0,1.7666666666666666,1.7666666666666666,120.5
E265,S2_C3_E265_V0020,S2,C3,0.06666666666666667,20.5,20.433333333333334,20.5
E265,S2_C3_E265_V0021,S2,C3,0.0,20.5,20.5,20.5
E266,S2_C3_E266_V0023,S2,C3,0.0,12.333333333333334,12.333333333333334,20.5
E268,S2_C3_E268_V0025,S2,C3,0.1,18.7,18.599999999999998,20.5
E270,S2_C3_E270_V0026,S2,C3,0.0,10.566666666666666,10.566666666666666,20.5
E270,S2_C3_E270_V0027,S2,C3,0.0,20.5,20.5,20.5
E270,S2_C3_E270_V0028,S2,C3,0.0,20.5,20.5,20.5
E270,S2_C3_E270_V0029,S2,C3,0.0,20.5,20.5,20.5
E270,S2_C3_E270_V0030,S2,C3,0.0,15.633333333333333,15.633333333333333,20.5
E270,S2_C3_E270_V0031,S2,C3,0.0,5.5,5.5,20.5
E277,S2_C3_E277_V0038,S2,C3,0.0,20.5,20.5,20.5
E281,S2_C3_E281_V0047,S2,C3,0.0,42.766666666666666,42.766666666666666,120.5
E284,S2_C3_E284_V0049,S2,C3,0.0,20.5,20.5,20.5
E284,S2_C3_E284_V0050,S2,C3,0.0,18.566666666666666,18.566666666666666,20.5
E285,S2_C3_E285_V0051,S2,C3,0.03333333333333333,33.666666666666664,33.63333333333333,120.5
E288,S2_C3_E288_V0054,S2,C3,0.0,20.5,20.5,20.5
E290,S2_C3_E290_V0057,S2,C3,0.03333333333333333,20.5,20.466666666666665,20.5
E290,S2_C3_E290_V0058,S2,C3,0.0,9.466666666666667,9.466666666666667,20.5
E291,S2_C3_E291_V0059,S2,C3,0.0,18.0,18.0,20.5
E292,S2_C3_E292_V0061,S2,C3,0.0,1.4,1.4,20.5
E292,S2_C3_E292_V0061,S2,C3,10.1,12.333333333333334,2.2333333333333343,20.5
E293,S2_C3_E293_V0062,S2,C3,0.0,1.5666666666666667,1.5666666666666667,20.5
E300,S2_C3_E300_V0067,S2,C3,0.0,20.5,20.5,20.5
E300,S2_C3_E300_V0068,S2,C3,0.0,10.833333333333334,10.833333333333334,20.5
E301,S2_C3_E301_V0069,S2,C3,0.03333333333333333,68.33333333333333,68.3,120.5
E304,S2_C3_E304_V0070,S2,C3,0.0,4.133333333333334,4.133333333333334,120.5
E305,S2_C3_E305_V0071,S2,C3,0.0,7.666666666666667,7.666666666666667,120.5
E306,S2_C3_E306_V0072,S2,C3,0.0,20.5,20.5,20.5
E306,S2_C3_E306_V0073,S2,C3,0.0,20.5,20.5,20.5
E306,S2_C3_E306_V0074,S2,C3,0.06666666666666667,20.5,20.433333333333334,20.5
E306,S2_C3_E306_V0075,S2,C3,0.13333333333333333,20.366666666666667,20.233333333333334,20.5
E307,S2_C3_E307_V0076,S2,C3,0.0,20.5,20.5,20.5
E307,S2_C3_E307_V0077,S2,C3,0.0,10.0,10.0,20.5
E308,S2_C3_E308_V0078,S2,C3,0.0,20.5,20.5,20.5
E308,S2_C3_E308_V0079,S2,C3,0.0,20.5,20.5,20.5
E308,S2_C3_E308_V0080,S2,C3,0.0,20.5,20.5,20.5
E308,S2_C3_E308_V0081,S2,C3,0.0,10.0,10.0,20.5
E308,S2_C3_E308_V0082,S2,C3,0.0,15.666666666666666,15.666666666666666,20.5
E308,S2_C3_E308_V0083,S2,C3,0.0,20.5,20.5,20.5
E311,S2_C3_E311_V0084,S2,C3,0.0,20.5,20.5,20.5
E312,S2_C3_E312_V0085,S2,C3,0.03333333333333333,2.2333333333333334,2.2,120.5
E313,S2_C3_E313_V0086,S2,C3,0.0,5.433333333333334,5.433333333333334,120.5
E313,S2_C3_E313_V0086,S2,C3,19.766666666666666,89.9,70.13333333333334,120.5
E319,S2_C3_E319_V0089,S2,C3,0.0,6.3,6.3,20.5
E323,S2_C3_E323_V0090,S2,C3,0.0,10.233333333333333,10.233333333333333,20.5
E323,S2_C3_E323_V0091,S2,C3,0.0,12.166666666666666,12.166666666666666,20.5
E324,S2_C3_E324_V0092,S2,C3,0.0,3.933333333333333,3.933333333333333,20.5
E327,S2_C3_E327_V0095,S2,C3,0.0,13.866666666666667,13.866666666666667,20.5
E330,S2_C3_E330_V0096,S2,C3,0.03333333333333333,1.8,1.7666666666666666,120.5
E332,S2_C3_E332_V0097,S2,C3,0.0,7.066666666666666,7.066666666666666,120.5
E333,S2_C3_E333_V0098,S2,C3,0.0,3.6333333333333333,3.6333333333333333,120.5
E333,S2_C3_E333_V0098,S2,C3,33.1,115.83333333333333,82.73333333333332,120.5
E334,S2_C3_E334_V0099,S2,C3,0.0,20.5,20.5,20.5
E339,S2_C3_E339_V0102,S2,C3,0.0,20.5,20.5,20.5
E339,S2_C3_E339_V0103,S2,C3,0.1,3.5,3.4,20.5
E340,S2_C3_E340_V0104,S2,C3,0.0,12.533333333333333,12.533333333333333,20.5
E341,S2_C3_E341_V0105,S2,C3,0.0,10.766666666666667,10.766666666666667,20.5
E343,S2_C3_E343_V0107,S2,C3,0.0,18.833333333333332,18.833333333333332,20.5
E344,S2_C3_E344_V0108,S2,C3,0.0,20.5,20.5,20.5
E344,S2_C3_E344_V0109,S2,C3,0.0,11.666666666666666,11.666666666666666,20.5
E347,S2_C3_E347_V0110,S2,C3,0.0,18.9,18.9,20.5
E349,S2_C3_E349_V0111,S2,C3,0.0,20.5,20.5,20.5
E350,S2_C3_E350_V0112,S2,C3,0.0,20.5,20.5,20.5
E350,S2_C3_E350_V0113,S2,C3,0.0,20.5,20.5,20.5
E362,S2_C3_E362_V0114,S2,C3,0.1,19.133333333333333,19.03333333333333,20.5
E365,S2_C3_E365_V0115,S2,C3,0.03333333333333333,120.5,120.46666666666667,120.5
E365,S2_C3_E365_V0116,S2,C3,0.0,32.3,32.3,120.5
E366,S2_C3_E366_V0117,S2,C3,0.0,8.566666666666666,8.566666666666666,20.5
E367,S2_C3_E367_V0118,S2,C3,0.0,6.933333333333334,6.933333333333334,20.5
E371,S2_C3_E371_V0119,S2,C3,0.0,1.4,1.4,20.5
E374,S2_C3_E374_V0121,S2,C3,0.0,20.5,20.5,20.5
E374,S2_C3_E374_V0122,S2,C3,0.0,6.833333333333333,6.833333333333333,20.5
E375,S2_C3_E375_V0123,S2,C3,0.0,1.4333333333333333,1.4333333333333333,20.5
E376,S2_C3_E376_V0124,S2,C3,0.0,11.233333333333333,11.233333333333333,20.5
E384,S2_C3_E384_V0125,S2,C3,0.0,12.033333333333333,12.033333333333333,20.5
E385,S2_C3_E385_V0126,S2,C3,0.0,20.2,20.2,20.5
E388,S2_C3_E388_V0127,S2,C3,0.13333333333333333,15.033333333333333,14.9,20.5
E393,S2_C3_E393_V0129,S2,C3,0.0,12.133333333333333,12.133333333333333,120.5
E393,S2_C3_E393_V0129,S2,C3,73.7,88.73333333333333,15.033333333333331,120.5
E394,S2_C3_E394_V0130,S2,C3,0.0,1.6333333333333333,1.6333333333333333,20.5
E394,S2_C3_E394_V0130,S2,C3,2.6666666666666665,3.8333333333333335,1.166666666666667,20.5
E394,S2_C3_E394_V0131,S2,C3,0.0,4.166666666666667,4.166666666666667,20.5
E418,S3_C1_E418_V0234,S3,C1,0.0,20.5,20.5,20.5
E418,S3_C1_E418_V0235,S3,C1,0.0,20.5,20.5,20.5
E419,S3_C1_E419_V0236,S3,C1,0.0,20.5,20.5,20.5
E419,S3_C1_E419_V0237,S3,C1,0.0,20.5,20.5,20.5
E437,S3_C1_E437_V0355,S3,C1,0.0,4.033333333333333,4.033333333333333,20.5
E437,S3_C1_E437_V0356,S3,C1,0.0,3.7333333333333334,3.7333333333333334,20.5
E460,S3_C1_E460_V0544,S3,C1,0.0,13.133333333333333,13.133333333333333,13.5
E460,S3_C1_E460_V0545,S3,C1,0.0,3.5,3.5,8.0
E462,S3_C1_E462_V0546,S3,C1,0.0,5.766666666666667,5.766666666666667,6.0
E407,S3_C2_E407_V0022,S3,C2,0.0,20.5,20.5,20.5
E418,S3_C2_E418_V0030,S3,C2,0.0,20.5,20.5,20.5
E418,S3_C2_E418_V0031,S3,C2,0.0,20.5,20.5,20.5
E419,S3_C2_E419_V0032,S3,C2,0.0,20.5,20.5,20.5
E419,S3_C2_E419_V0033,S3,C2,0.0,20.5,20.5,20.5
E419,S3_C2_E419_V0034,S3,C2,0.0,20.5,20.5,20.5
E419,S3_C2_E419_V0035,S3,C2,0.0,20.5,20.5,20.5
E419,S3_C2_E419_V0036,S3,C2,0.0,20.5,20.5,20.5
E419,S3_C2_E419_V0037,S3,C2,0.0,20.5,20.5,20.5
E419,S3_C2_E419_V0038,S3,C2,0.0,20.5,20.5,20.5
E419,S3_C2_E419_V0039,S3,C2,0.0,10.333333333333334,10.333333333333334,20.5
E437,S3_C2_E437_V0047,S3,C2,0.0,20.5,20.5,20.5
E437,S3_C2_E437_V0048,S3,C2,0.0,7.4,7.4,20.5
E437,S3_C2_E437_V0049,S3,C2,0.0,20.5,20.5,20.5
E453,S3_C2_E453_V0057,S3,C2,0.0,10.333333333333334,10.333333333333334,20.5
E453,S3_C2_E453_V0058,S3,C2,0.0,1.5,1.5,20.5
E454,S3_C2_E454_V0059,S3,C2,0.0,20.5,20.5,20.5
E454,S3_C2_E454_V0060,S3,C2,0.0,20.5,20.5,20.5
E455,S3_C2_E455_V0061,S3,C2,0.0,4.666666666666667,4.666666666666667,20.5
E455,S3_C2_E455_V0062,S3,C2,0.0,2.1666666666666665,2.1666666666666665,20.5
E460,S3_C2_E460_V0063,S3,C2,0.0,20.5,20.5,20.5
E460,S3_C2_E460_V0064,S3,C2,0.0,15.833333333333334,15.833333333333334,20.5
E460,S3_C2_E460_V0065,S3,C2,0.0,20.5,20.5,20.5
E460,S3_C2_E460_V0066,S3,C2,0.0,20.5,20.5,20.5
E462,S3_C2_E462_V0067,S3,C2,0.0,20.5,20.5,20.5
E462,S3_C2_E462_V0068,S3,C2,0.0,15.333333333333334,15.333333333333334,20.5
E465,S3_C2_E465_V0069,S3,C2,0.0,20.5,20.5,20.5
E466,S3_C2_E466_V0070,S3,C2,0.03333333333333333,60.5,60.46666666666667,60.5
E476,S3_C2_E476_V0071,S3,C2,0.0,20.5,20.5,20.5
E476,S3_C2_E476_V0072,S3,C2,0.0,18.833333333333332,18.833333333333332,20.5
E476,S3_C2_E476_V0073,S3,C2,0.0,20.5,20.5,20.5
E476,S3_C2_E476_V0074,S3,C2,0.0,20.5,20.5,20.5
E476,S3_C2_E476_V0075,S3,C2,0.0,20.5,20.5,20.5
E476,S3_C2_E476_V0076,S3,C2,0.0,18.733333333333334,18.733333333333334,20.5
E501,S3_C2_E501_V0082,S3,C2,0.0,20.5,20.5,20.5
E501,S3_C2_E501_V0083,S3,C2,0.0,8.933333333333334,8.933333333333334,20.5
E515,S3_C2_E515_V0086,S3,C2,0.0,60.5,60.5,60.5
E524,S3_C2_E524_V0087,S3,C2,0.0,20.5,20.5,20.5
E525,S3_C2_E525_V0089,S3,C2,0.0,20.5,20.5,20.5
E525,S3_C2_E525_V0090,S3,C2,0.0,20.5,20.5,20.5
E525,S3_C2_E525_V0091,S3,C2,0.0,15.0,15.0,20.5
E545,S3_C2_E545_V0093,S3,C2,0.0,20.5,20.5,20.5
E545,S3_C2_E545_V0094,S3,C2,0.0,20.5,20.5,20.5
E545,S3_C2_E545_V0095,S3,C2,0.0,20.5,20.5,20.5
E545,S3_C2_E545_V0096,S3,C2,0.0,13.8,13.8,20.5
E545,S3_C2_E545_V0097,S3,C2,0.0,20.5,20.5,20.5
E545,S3_C2_E545_V0098,S3,C2,0.0,20.5,20.5,20.5
E546,S3_C2_E546_V0099,S3,C2,0.0,16.766666666666666,16.766666666666666,20.5
E561,S3_C2_E561_V0101,S3,C2,0.0,19.833333333333332,19.833333333333332,20.5
E561,S3_C2_E561_V0102,S3,C2,0.0,20.5,20.5,20.5
E581,S3_C2_E581_V0106,S3,C2,0.0,20.5,20.5,20.5
E581,S3_C2_E581_V0107,S3,C2,0.0,20.5,20.5,20.5
E581,S3_C2_E581_V0108,S3,C2,0.0,20.5,20.5,20.5
E581,S3_C2_E581_V0109,S3,C2,0.0,20.5,20.5,20.5
E581,S3_C2_E581_V0110,S3,C2,0.0,20.5,20.5,20.5
E582,S3_C2_E582_V0111,S3,C2,0.0,20.5,20.5,20.5
E582,S3_C2_E582_V0112,S3,C2,0.0,20.5,20.5,20.5
E582,S3_C2_E582_V0113,S3,C2,0.0,14.833333333333334,14.833333333333334,20.5
E597,S3_C2_E597_V0116,S3,C2,0.0,20.5,20.5,20.5
E597,S3_C2_E597_V0117,S3,C2,0.0,12.9,12.9,20.5
E614,S3_C2_E614_V0123,S3,C2,0.0,20.5,20.5,20.5
E615,S3_C2_E615_V0124,S3,C2,0.0,20.5,20.5,20.5
E615,S3_C2_E615_V0125,S3,C2,0.0,20.5,20.5,20.5
E616,S3_C2_E616_V0126,S3,C2,0.0,20.5,20.5,20.5
E616,S3_C2_E616_V0127,S3,C2,0.0,20.5,20.5,20.5
E616,S3_C2_E616_V0128,S3,C2,0.0,20.5,20.5,20.5
E616,S3_C2_E616_V0129,S3,C2,0.0,20.5,20.5,20.5
E616,S3_C2_E616_V0130,S3,C2,0.0,1.5666666666666667,1.5666666666666667,20.5
E617,S3_C2_E617_V0131,S3,C2,0.0,20.5,20.5,20.5
E617,S3_C2_E617_V0132,S3,C2,0.0,20.5,20.5,20.5
E617,S3_C2_E617_V0133,S3,C2,0.0,20.5,20.5,20.5
E619,S3_C2_E619_V0135,S3,C2,0.0,20.5,20.5,20.5
E638,S3_C2_E638_V0137,S3,C2,0.03333333333333333,20.5,20.466666666666665,20.5
E638,S3_C2_E638_V0138,S3,C2,0.0,20.5,20.5,20.5
E638,S3_C2_E638_V0139,S3,C2,0.0,5.166666666666667,5.166666666666667,20.5
E639,S3_C2_E639_V0140,S3,C2,0.0,20.5,20.5,20.5
E639,S3_C2_E639_V0141,S3,C2,0.0,5.433333333333334,5.433333333333334,20.5
E640,S3_C2_E640_V0142,S3,C2,0.0,20.5,20.5,20.5
E641,S3_C2_E641_V0143,S3,C2,0.0,20.5,20.5,20.5
E642,S3_C2_E642_V0144,S3,C2,0.03333333333333333,60.5,60.46666666666667,60.5
E642,S3_C2_E642_V0145,S3,C2,0.0,60.5,60.5,60.5
E642,S3_C2_E642_V0146,S3,C2,0.0,59.46666666666667,59.46666666666667,60.5
E657,S3_C2_E657_V0148,S3,C2,0.0,20.5,20.5,20.5
E657,S3_C2_E657_V0149,S3,C2,0.0,20.5,20.5,20.5
E658,S3_C2_E658_V0150,S3,C2,0.0,20.5,20.5,20.5
E659,S3_C2_E659_V0151,S3,C2,0.0,20.5,20.5,20.5
E670,S3_C2_E670_V0154,S3,C2,0.0,20.5,20.5,20.5
E670,S3_C2_E670_V0155,S3,C2,0.0,20.5,20.5,20.5
E670,S3_C2_E670_V0156,S3,C2,0.0,20.5,20.5,20.5
E670,S3_C2_E670_V0157,S3,C2,0.0,20.5,20.5,20.5
E670,S3_C2_E670_V0158,S3,C2,0.0,20.5,20.5,20.5
E670,S3_C2_E670_V0159,S3,C2,0.0,20.5,20.5,20.5
E670,S3_C2_E670_V0160,S3,C2,0.0,20.5,20.5,20.5
E670,S3_C2_E670_V0161,S3,C2,0.0,20.5,20.5,20.5
E670,S3_C2_E670_V0162,S3,C2,0.0,20.5,20.5,20.5
E670,S3_C2_E670_V0163,S3,C2,0.0,20.5,20.5,20.5
E670,S3_C2_E670_V0164,S3,C2,0.0,2.466666666666667,2.466666666666667,20.5
E671,S3_C2_E671_V0165,S3,C2,0.0,20.5,20.5,20.5
E671,S3_C2_E671_V0166,S3,C2,0.0,20.5,20.5,20.5
E671,S3_C2_E671_V0167,S3,C2,0.0,6.866666666666666,6.866666666666666,20.5
E672,S3_C2_E672_V0168,S3,C2,0.0,20.5,20.5,20.5
E673,S3_C2_E673_V0169,S3,C2,0.0,7.966666666666667,7.966666666666667,20.5
E684,S3_C2_E684_V0170,S3,C2,0.0,20.5,20.5,20.5
E684,S3_C2_E684_V0171,S3,C2,0.0,10.7,10.7,20.5
E685,S3_C2_E685_V0172,S3,C2,0.0,20.5,20.5,20.5
E685,S3_C2_E685_V0173,S3,C2,0.0,20.5,20.5,20.5
E685,S3_C2_E685_V0174,S3,C2,0.0,8.2,8.2,20.5
E686,S3_C2_E686_V0175,S3,C2,0.0,20.5,20.5,20.5
E686,S3_C2_E686_V0176,S3,C2,0.0,1.4333333333333333,1.4333333333333333,20.5
E686,S3_C2_E686_V0176,S3,C2,19.266666666666666,20.5,1.2333333333333343,20.5
E686,S3_C2_E686_V0177,S3,C2,0.0,4.633333333333334,4.633333333333334,20.5
E692,S3_C2_E692_V0180,S3,C2,0.0,60.5,60.5,60.5
E692,S3_C2_E692_V0181,S3,C2,0.0,60.5,60.5,60.5
E693,S3_C2_E693_V0182,S3,C2,0.0,45.46666666666667,45.46666666666667,60.5
E693,S3_C2_E693_V0182,S3,C2,50.36666666666667,60.5,10.133333333333333,60.5
E693,S3_C2_E693_V0183,S3,C2,0.0,60.333333333333336,60.333333333333336,60.5
E693,S3_C2_E693_V0184,S3,C2,0.0,5.0,5.0,60.5
E693,S3_C2_E693_V0184,S3,C2,6.2,7.633333333333334,1.4333333333333336,60.5
E698,S3_C2_E698_V0185,S3,C2,0.0,19.5,19.5,20.5
E699,S3_C2_E699_V0186,S3,C2,0.0,60.5,60.5,60.5
E699,S3_C2_E699_V0187,S3,C2,0.0,2.433333333333333,2.433333333333333,60.5
E701,S3_C2_E701_V0189,S3,C2,0.0,20.5,20.5,20.5
E702,S3_C2_E702_V0190,S3,C2,0.0,16.033333333333335,16.033333333333335,20.5
E704,S3_C2_E704_V0192,S3,C2,0.0,20.5,20.5,20.5
E704,S3_C2_E704_V0193,S3,C2,0.0,20.5,20.5,20.5
E704,S3_C2_E704_V0194,S3,C2,0.0,20.5,20.5,20.5
E705,S3_C2_E705_V0195,S3,C2,0.0,2.066666666666667,2.066666666666667,20.5
E706,S3_C2_E706_V0196,S3,C2,0.0,20.5,20.5,20.5
E706,S3_C2_E706_V0197,S3,C2,0.0,20.5,20.5,20.5
E706,S3_C2_E706_V0198,S3,C2,0.0,20.5,20.5,20.5
E706,S3_C2_E706_V0199,S3,C2,0.0,20.5,20.5,20.5
E706,S3_C2_E706_V0200,S3,C2,0.0,20.5,20.5,20.5
E706,S3_C2_E706_V0201,S3,C2,0.0,20.5,20.5,20.5
E706,S3_C2_E706_V0202,S3,C2,0.0,20.5,20.5,20.5
E706,S3_C2_E706_V0203,S3,C2,0.0,20.5,20.5,20.5
E706,S3_C2_E706_V0204,S3,C2,0.0,20.5,20.5,20.5
E706,S3_C2_E706_V0205,S3,C2,0.0,20.5,20.5,20.5
E706,S3_C2_E706_V0206,S3,C2,0.0,20.5,20.5,20.5
E706,S3_C2_E706_V0207,S3,C2,0.0,20.5,20.5,20.5
E706,S3_C2_E706_V0208,S3,C2,0.0,20.5,20.5,20.5
E706,S3_C2_E706_V0209,S3,C2,0.0,20.5,20.5,20.5
E706,S3_C2_E706_V0210,S3,C2,0.0,20.5,20.5,20.5
E706,S3_C2_E706_V0211,S3,C2,0.0,20.5,20.5,20.5
E706,S3_C2_E706_V0212,S3,C2,0.0,20.5,20.5,20.5
E706,S3_C2_E706_V0213,S3,C2,0.0,20.5,20.5,20.5
E706,S3_C2_E706_V0214,S3,C2,0.0,20.5,20.5,20.5
E706,S3_C2_E706_V0215,S3,C2,0.0,20.5,20.5,20.5
E706,S3_C2_E706_V0216,S3,C2,0.0,20.5,20.5,20.5
E706,S3_C2_E706_V0217,S3,C2,0.0,20.5,20.5,20.5
E706,S3_C2_E706_V0218,S3,C2,0.0,20.5,20.5,20.5
E706,S3_C2_E706_V0219,S3,C2,0.0,20.5,20.5,20.5
E706,S3_C2_E706_V0220,S3,C2,0.0,20.5,20.5,20.5
E706,S3_C2_E706_V0221,S3,C2,0.0,20.5,20.5,20.5
E706,S3_C2_E706_V0222,S3,C2,0.0,20.5,20.5,20.5
E706,S3_C2_E706_V0223,S3,C2,0.0,20.5,20.5,20.5
E706,S3_C2_E706_V0224,S3,C2,0.0,20.5,20.5,20.5
E706,S3_C2_E706_V0225,S3,C2,0.0,20.5,20.5,20.5
E706,S3_C2_E706_V0226,S3,C2,0.0,20.5,20.5,20.5
E706,S3_C2_E706_V0227,S3,C2,0.0,20.5,20.5,20.5
E706,S3_C2_E706_V0228,S3,C2,0.0,20.5,20.5,20.5
E706,S3_C2_E706_V0229,S3,C2,0.0,20.5,20.5,20.5
E706,S3_C2_E706_V0230,S3,C2,0.0,10.733333333333333,10.733333333333333,20.5
E706,S3_C2_E706_V0231,S3,C2,0.0,20.5,20.5,20.5
E706,S3_C2_E706_V0232,S3,C2,0.0,20.5,20.5,20.5
E706,S3_C2_E706_V0233,S3,C2,0.0,14.233333333333333,14.233333333333333,20.5
E707,S3_C2_E707_V0234,S3,C2,0.0,20.166666666666668,20.166666666666668,20.5
E707,S3_C2_E707_V0235,S3,C2,0.0,20.5,20.5,20.5
E707,S3_C2_E707_V0236,S3,C2,0.0,20.5,20.5,20.5
E707,S3_C2_E707_V0237,S3,C2,0.0,20.5,20.5,20.5
E707,S3_C2_E707_V0238,S3,C2,0.0,5.4,5.4,20.5
E708,S3_C2_E708_V0239,S3,C2,0.0,20.5,20.5,20.5
E708,S3_C2_E708_V0240,S3,C2,0.0,18.933333333333334,18.933333333333334,20.5
E709,S3_C2_E709_V0241,S3,C2,0.0,20.5,20.5,20.5
E709,S3_C2_E709_V0242,S3,C2,0.0,20.5,20.5,20.5
E709,S3_C2_E709_V0243,S3,C2,0.0,20.5,20.5,20.5
E709,S3_C2_E709_V0244,S3,C2,0.0,20.5,20.5,20.5
E710,S3_C2_E710_V0245,S3,C2,0.03333333333333333,60.5,60.46666666666667,60.5
E710,S3_C2_E710_V0246,S3,C2,0.0,0.6666666666666666,0.6666666666666666,60.5
E710,S3_C2_E710_V0246,S3,C2,6.266666666666667,34.233333333333334,27.96666666666667,60.5
E711,S3_C2_E711_V0247,S3,C2,0.03333333333333333,20.5,20.466666666666665,20.5
E712,S3_C2_E712_V0248,S3,C2,0.0,60.5,60.5,60.5
E712,S3_C2_E712_V0249,S3,C2,0.0,44.0,44.0,60.5
E714,S3_C2_E714_V0251,S3,C2,0.0,18.2,18.2,20.5
E715,S3_C2_E715_V0252,S3,C2,0.0,20.5,20.5,20.5
E715,S3_C2_E715_V0253,S3,C2,0.0,1.3333333333333333,1.3333333333333333,20.5
E716,S3_C2_E716_V0254,S3,C2,0.0,20.5,20.5,20.5
E716,S3_C2_E716_V0255,S3,C2,0.0,20.5,20.5,20.5
E716,S3_C2_E716_V0256,S3,C2,0.0,20.5,20.5,20.5
E716,S3_C2_E716_V0257,S3,C2,0.0,20.5,20.5,20.5
E716,S3_C2_E716_V0258,S3,C2,0.0,20.5,20.5,20.5
E716,S3_C2_E716_V0259,S3,C2,0.0,20.5,20.5,20.5
E717,S3_C2_E717_V0260,S3,C2,0.0,20.5,20.5,20.5
E717,S3_C2_E717_V0261,S3,C2,0.0,2.1,2.1,20.5
E718,S3_C2_E718_V0262,S3,C2,0.0,20.5,20.5,20.5
E718,S3_C2_E718_V0263,S3,C2,0.0,20.5,20.5,20.5
E718,S3_C2_E718_V0264,S3,C2,0.0,20.5,20.5,20.5
E718,S3_C2_E718_V0265,S3,C2,0.0,20.5,20.5,20.5
E718,S3_C2_E718_V0266,S3,C2,0.0,20.5,20.5,20.5
E718,S3_C2_E718_V0267,S3,C2,0.0,20.5,20.5,20.5
E718,S3_C2_E718_V0268,S3,C2,0.0,20.5,20.5,20.5
E719,S3_C2_E719_V0269,S3,C2,0.0,20.5,20.5,20.5
E719,S3_C2_E719_V0270,S3,C2,0.0,20.5,20.5,20.5
E719,S3_C2_E719_V0271,S3,C2,0.0,1.4,1.4,19.0
E719,S3_C2_E719_V0272,S3,C2,0.0,4.333333333333333,4.333333333333333,4.5
E719,S3_C2_E719_V0273,S3,C2,0.0,2.2666666666666666,2.2666666666666666,2.5
E719,S3_C2_E719_V0274,S3,C2,0.0,1.9666666666666666,1.9666666666666666,2.0
E719,S3_C2_E719_V0275,S3,C2,0.0,11.966666666666667,11.966666666666667,12.0
E719,S3_C2_E719_V0276,S3,C2,0.0,3.4,3.4,9.0
E720,S3_C2_E720_V0277,S3,C2,0.0,20.5,20.5,20.5
E720,S3_C2_E720_V0278,S3,C2,0.0,6.233333333333333,6.233333333333333,20.5
E721,S3_C2_E721_V0279,S3,C2,0.0,3.066666666666667,3.066666666666667,20.5
E722,S3_C2_E722_V0280,S3,C2,0.0,47.86666666666667,47.86666666666667,60.5
E723,S3_C2_E723_V0281,S3,C2,0.0,15.0,15.0,15.0
E723,S3_C2_E723_V0282,S3,C2,0.0,2.0,2.0,2.0
E723,S3_C2_E723_V0283,S3,C2,0.0,9.0,9.0,9.0
E723,S3_C2_E723_V0284,S3,C2,0.0,4.0,4.0,4.0
E723,S3_C2_E723_V0285,S3,C2,0.0,1.5,1.5,1.5
E723,S3_C2_E723_V0286,S3,C2,0.0,3.0,3.0,3.0
E723,S3_C2_E723_V0287,S3,C2,0.0,5.5,5.5,5.5
E723,S3_C2_E723_V0288,S3,C2,0.0,1.5,1.5,1.5
E723,S3_C2_E723_V0289,S3,C2,0.0,1.6666666666666667,1.6666666666666667,2.0
E723,S3_C2_E723_V0290,S3,C2,0.0,1.2333333333333334,1.2333333333333334,1.5
E723,S3_C2_E723_V0293,S3,C2,0.0,2.0,2.0,2.0
E723,S3_C2_E723_V0294,S3,C2,0.0,1.5,1.5,1.5
E723,S3_C2_E723_V0295,S3,C2,0.0,2.0,2.0,2.0
E723,S3_C2_E723_V0298,S3,C2,0.0,6.5,6.5,6.5
E723,S3_C2_E723_V0299,S3,C2,0.0,2.0,2.0,2.0
E723,S3_C2_E723_V0300,S3,C2,0.0,2.6333333333333333,2.6333333333333333,5.0
E723,S3_C2_E723_V0301,S3,C2,0.0,4.0,4.0,4.0
E723,S3_C2_E723_V0302,S3,C2,0.0,1.5,1.5,1.5
E724,S3_C2_E724_V0303,S3,C2,0.0,9.5,9.5,9.5
E724,S3_C2_E724_V0304,S3,C2,0.0,6.5,6.5,6.5
E724,S3_C2_E724_V0305,S3,C2,0.0,4.8,4.8,5.0
E724,S3_C2_E724_V0306,S3,C2,0.0,6.5,6.5,6.5
E725,S3_C2_E725_V0307,S3,C2,0.0,6.766666666666667,6.766666666666667,7.0
E725,S3_C2_E725_V0308,S3,C2,0.0,1.8333333333333333,1.8333333333333333,2.0
E725,S3_C2_E725_V0309,S3,C2,0.0,1.9666666666666666,1.9666666666666666,2.0
E725,S3_C2_E725_V0310,S3,C2,0.0,2.8,2.8,3.0
E726,S3_C2_E726_V0311,S3,C2,0.0,3.566666666666667,3.566666666666667,4.0
E727,S3_C2_E727_V0315,S3,C2,0.0,3.566666666666667,3.566666666666667,4.0
E727,S3_C2_E727_V0316,S3,C2,0.0,2.7333333333333334,2.7333333333333334,3.0
E729,S3_C2_E729_V0318,S3,C2,0.0,60.5,60.5,60.5
E729,S3_C2_E729_V0319,S3,C2,0.0,60.5,60.5,60.5
E729,S3_C2_E729_V0320,S3,C2,0.0,11.166666666666666,11.166666666666666,60.5
E729,S3_C2_E729_V0320,S3,C2,42.833333333333336,60.5,17.666666666666664,60.5
E730,S3_C2_E730_V0321,S3,C2,0.0,60.5,60.5,60.5
E730,S3_C2_E730_V0322,S3,C2,0.0,60.5,60.5,60.5
E730,S3_C2_E730_V0323,S3,C2,0.0,22.666666666666668,22.666666666666668,60.5
E731,S3_C2_E731_V0324,S3,C2,0.0,60.5,60.5,60.5
E731,S3_C2_E731_V0325,S3,C2,0.0,60.5,60.5,60.5
E731,S3_C2_E731_V0326,S3,C2,0.0,60.5,60.5,60.5
E732,S3_C2_E732_V0327,S3,C2,0.0,4.933333333333334,4.933333333333334,5.0
E732,S3_C2_E732_V0328,S3,C2,0.0,4.166666666666667,4.166666666666667,4.5
E732,S3_C2_E732_V0329,S3,C2,0.0,1.4,1.4,1.5
E732,S3_C2_E732_V0330,S3,C2,0.0,1.8,1.8,2.0
E732,S3_C2_E732_V0331,S3,C2,0.0,1.9,1.9,2.0
E732,S3_C2_E732_V0332,S3,C2,0.0,2.1333333333333333,2.1333333333333333,2.5
E732,S3_C2_E732_V0333,S3,C2,0.0,1.6666666666666667,1.6666666666666667,2.0
E732,S3_C2_E732_V0334,S3,C2,0.0,2.7666666666666666,2.7666666666666666,3.0
E732,S3_C2_E732_V0335,S3,C2,0.03333333333333333,2.7333333333333334,2.7,3.0
E732,S3_C2_E732_V0336,S3,C2,0.0,2.6666666666666665,2.6666666666666665,3.0
E732,S3_C2_E732_V0337,S3,C2,0.0,2.3,2.3,2.5
E732,S3_C2_E732_V0338,S3,C2,0.0,1.9666666666666666,1.9666666666666666,2.0
E732,S3_C2_E732_V0339,S3,C2,0.0,2.1666666666666665,2.1666666666666665,2.5
E732,S3_C2_E732_V0340,S3,C2,0.0,1.6666666666666667,1.6666666666666667,2.0
E732,S3_C2_E732_V0341,S3,C2,0.0,1.8333333333333333,1.8333333333333333,2.0
E733,S3_C2_E733_V0342,S3,C2,0.0,2.6,2.6,3.0
E735,S3_C2_E735_V0344,S3,C2,0.0,60.5,60.5,60.5
E735,S3_C2_E735_V0345,S3,C2,0.0,60.5,60.5,60.5
E735,S3_C2_E735_V0346,S3,C2,0.0,60.5,60.5,60.5
E735,S3_C2_E735_V0347,S3,C2,0.0,60.5,60.5,60.5
E735,S3_C2_E735_V0348,S3,C2,0.0,60.5,60.5,60.5
E735,S3_C2_E735_V0349,S3,C2,0.0,7.733333333333333,7.733333333333333,60.5
E736,S3_C2_E736_V0350,S3,C2,0.0,60.5,60.5,60.5
E736,S3_C2_E736_V0351,S3,C2,0.0,5.5,5.5,5.5
E736,S3_C2_E736_V0353,S3,C2,0.0,5.0,5.0,5.0
E736,S3_C2_E736_V0354,S3,C2,0.0,2.5,2.5,2.5
E737,S3_C2_E737_V0355,S3,C2,0.0,4.5,4.5,4.5
E738,S3_C2_E738_V0356,S3,C2,0.0,60.5,60.5,60.5
E739,S3_C2_E739_V0357,S3,C2,0.0,1.5333333333333334,1.5333333333333334,60.5
E741,S3_C2_E741_V0359,S3,C2,0.0,23.166666666666668,23.166666666666668,60.5
E742,S3_C2_E742_V0360,S3,C2,0.0,20.5,20.5,20.5
E742,S3_C2_E742_V0361,S3,C2,0.0,20.5,20.5,20.5
E743,S3_C2_E743_V0362,S3,C2,0.0,8.466666666666667,8.466666666666667,18.5
E744,S3_C2_E744_V0363,S3,C2,0.0,1.7,1.7,2.0
E745,S3_C2_E745_V0371,S3,C2,0.0,1.9333333333333333,1.9333333333333333,2.0
E746,S3_C2_E746_V0374,S3,C2,0.0,1.7666666666666666,1.7666666666666666,2.0
E746,S3_C2_E746_V0375,S3,C2,0.0,1.5,1.5,1.5
E746,S3_C2_E746_V0376,S3,C2,0.0,1.2666666666666666,1.2666666666666666,1.5
E747,S3_C2_E747_V0377,S3,C2,0.0,1.5,1.5,1.5
E751,S3_C2_E751_V0382,S3,C2,0.0,20.5,20.5,20.5
E751,S3_C2_E751_V0383,S3,C2,0.0,19.566666666666666,19.566666666666666,20.0
E751,S3_C2_E751_V0384,S3,C2,0.0,15.566666666666666,15.566666666666666,16.0
E751,S3_C2_E751_V0385,S3,C2,0.0,8.166666666666666,8.166666666666666,8.5
E751,S3_C2_E751_V0386,S3,C2,0.0,4.133333333333334,4.133333333333334,4.5
E752,S3_C2_E752_V0387,S3,C2,0.0,8.733333333333333,8.733333333333333,12.0
E753,S3_C2_E753_V0388,S3,C2,0.0,7.966666666666667,7.966666666666667,8.0
E753,S3_C2_E753_V0389,S3,C2,0.0,1.7333333333333334,1.7333333333333334,2.0
E754,S3_C2_E754_V0390,S3,C2,0.0,6.733333333333333,6.733333333333333,7.0
E756,S3_C2_E756_V0392,S3,C2,0.0,3.933333333333333,3.933333333333333,4.0
E757,S3_C2_E757_V0393,S3,C2,0.0,2.4,2.4,2.5
E757,S3_C2_E757_V0394,S3,C2,0.0,2.1666666666666665,2.1666666666666665,2.5
E758,S3_C2_E758_V0399,S3,C2,0.0,2.0,2.0,2.0
E758,S3_C2_E758_V0403,S3,C2,0.0,1.5,1.5,1.5
E758,S3_C2_E758_V0404,S3,C2,0.0,1.2,1.2,1.5
E759,S3_C2_E759_V0407,S3,C2,0.0,1.5,1.5,1.5
E760,S3_C2_E760_V0409,S3,C2,0.0,60.5,60.5,60.5
E760,S3_C2_E760_V0410,S3,C2,0.0,60.5,60.5,60.5
E760,S3_C2_E760_V0411,S3,C2,0.0,2.8666666666666667,2.8666666666666667,60.5
E762,S3_C2_E762_V0412,S3,C2,0.0,60.5,60.5,60.5
E762,S3_C2_E762_V0413,S3,C2,0.0,39.93333333333333,39.93333333333333,60.5
E763,S3_C2_E763_V0414,S3,C2,0.0,60.5,60.5,60.5
E763,S3_C2_E763_V0415,S3,C2,0.0,17.0,17.0,17.0
E763,S3_C2_E763_V0416,S3,C2,0.0,10.0,10.0,10.0
E764,S3_C2_E764_V0417,S3,C2,0.0,1.6666666666666667,1.6666666666666667,2.0
E764,S3_C2_E764_V0420,S3,C2,0.0,2.1,2.1,2.5
E764,S3_C2_E764_V0421,S3,C2,0.0,1.7,1.7,2.0
E764,S3_C2_E764_V0422,S3,C2,0.0,1.8333333333333333,1.8333333333333333,2.0
E764,S3_C2_E764_V0423,S3,C2,0.0,1.2,1.2,1.5
E764,S3_C2_E764_V0424,S3,C2,0.0,1.9333333333333333,1.9333333333333333,2.0
E765,S3_C2_E765_V0425,S3,C2,0.0,60.5,60.5,60.5
E765,S3_C2_E765_V0426,S3,C2,0.0,60.5,60.5,60.5
E765,S3_C2_E765_V0427,S3,C2,0.0,60.5,60.5,60.5
E765,S3_C2_E765_V0428,S3,C2,0.0,28.333333333333332,28.333333333333332,60.5
E766,S3_C2_E766_V0429,S3,C2,0.0,60.5,60.5,60.5
E766,S3_C2_E766_V0430,S3,C2,0.0,60.5,60.5,60.5
E766,S3_C2_E766_V0431,S3,C2,0.0,60.5,60.5,60.5
E766,S3_C2_E766_V0432,S3,C2,0.0,33.166666666666664,33.166666666666664,60.5
E768,S3_C2_E768_V0433,S3,C2,0.0,60.5,60.5,60.5
E769,S3_C2_E769_V0434,S3,C2,0.0,60.5,60.5,60.5
E769,S3_C2_E769_V0435,S3,C2,0.0,60.5,60.5,60.5
E769,S3_C2_E769_V0436,S3,C2,0.0,60.5,60.5,60.5
E769,S3_C2_E769_V0437,S3,C2,0.0,60.5,60.5,60.5
E769,S3_C2_E769_V0438,S3,C2,0.0,60.5,60.5,60.5
E769,S3_C2_E769_V0439,S3,C2,0.0,60.5,60.5,60.5
E769,S3_C2_E769_V0440,S3,C2,0.0,60.5,60.5,60.5
E769,S3_C2_E769_V0441,S3,C2,0.0,41.36666666666667,41.36666666666667,60.5
E773,S3_C2_E773_V0455,S3,C2,0.0,1.8333333333333333,1.8333333333333333,2.0
E774,S3_C2_E774_V0456,S3,C2,0.0,1.6,1.6,2.0
E777,S3_C2_E777_V0463,S3,C2,0.0,11.0,11.0,11.0
E778,S3_C2_E778_V0464,S3,C2,0.0,60.5,60.5,60.5
E778,S3_C2_E778_V0465,S3,C2,0.0,8.733333333333333,8.733333333333333,60.5
E780,S3_C2_E780_V0467,S3,C2,0.0,60.5,60.5,60.5
E780,S3_C2_E780_V0468,S3,C2,0.0,60.5,60.5,60.5
E780,S3_C2_E780_V0469,S3,C2,0.0,60.5,60.5,60.5
E780,S3_C2_E780_V0470,S3,C2,0.0,60.5,60.5,60.5
E780,S3_C2_E780_V0471,S3,C2,0.0,60.5,60.5,60.5
E780,S3_C2_E780_V0472,S3,C2,0.0,60.5,60.5,60.5
E781,S3_C2_E781_V0473,S3,C2,0.0,2.066666666666667,2.066666666666667,60.5
E782,S3_C2_E782_V0474,S3,C2,0.0,4.5,4.5,4.5
E782,S3_C2_E782_V0476,S3,C2,0.0,1.5,1.5,1.5
E782,S3_C2_E782_V0479,S3,C2,0.0,1.5,1.5,1.5
E782,S3_C2_E782_V0480,S3,C2,0.0,1.5,1.5,1.5
E782,S3_C2_E782_V0481,S3,C2,0.0,3.0,3.0,3.0
E782,S3_C2_E782_V0482,S3,C2,0.0,2.966666666666667,2.966666666666667,3.0
E783,S3_C2_E783_V0483,S3,C2,0.0,1.5666666666666667,1.5666666666666667,2.0
E783,S3_C2_E783_V0484,S3,C2,0.0,1.4333333333333333,1.4333333333333333,1.5
E783,S3_C2_E783_V0485,S3,C2,0.0,1.3333333333333333,1.3333333333333333,1.5
E785,S3_C2_E785_V0497,S3,C2,0.0,14.566666666666666,14.566666666666666,15.0
E785,S3_C2_E785_V0498,S3,C2,0.0,1.5666666666666667,1.5666666666666667,8.5
E786,S3_C2_E786_V0499,S3,C2,0.0,8.966666666666667,8.966666666666667,9.0
E786,S3_C2_E786_V0500,S3,C2,0.0,4.166666666666667,4.166666666666667,4.5
E786,S3_C2_E786_V0502,S3,C2,0.0,2.7,2.7,3.0
E786,S3_C2_E786_V0503,S3,C2,0.0,1.3,1.3,1.5
E786,S3_C2_E786_V0504,S3,C2,0.0,5.433333333333334,5.433333333333334,5.5
E786,S3_C2_E786_V0505,S3,C2,0.0,1.4666666666666666,1.4666666666666666,5.5
E787,S3_C2_E787_V0506,S3,C2,0.0,27.666666666666668,27.666666666666668,60.5
E788,S3_C2_E788_V0511,S3,C2,0.0,1.3333333333333333,1.3333333333333333,1.5
E789,S3_C2_E789_V0513,S3,C2,0.0,8.366666666666667,8.366666666666667,8.5
E790,S3_C2_E790_V0514,S3,C2,0.0,7.566666666666666,7.566666666666666,8.0
E791,S3_C2_E791_V0515,S3,C2,0.16666666666666666,3.5,3.3333333333333335,6.5
E791,S3_C2_E791_V0516,S3,C2,0.0,4.966666666666667,4.966666666666667,5.0
E791,S3_C2_E791_V0517,S3,C2,0.0,4.766666666666667,4.766666666666667,5.0
E792,S3_C2_E792_V0521,S3,C2,0.0,60.5,60.5,60.5
E792,S3_C2_E792_V0522,S3,C2,0.0,60.5,60.5,60.5
E792,S3_C2_E792_V0523,S3,C2,0.0,60.5,60.5,60.5
E792,S3_C2_E792_V0524,S3,C2,0.0,60.5,60.5,60.5
E792,S3_C2_E792_V0525,S3,C2,0.0,60.5,60.5,60.5
E792,S3_C2_E792_V0526,S3,C2,0.0,13.3,13.3,60.5
E792,S3_C2_E792_V0527,S3,C2,0.0,60.5,60.5,60.5
E792,S3_C2_E792_V0528,S3,C2,0.0,60.5,60.5,60.5
E792,S3_C2_E792_V0529,S3,C2,0.0,60.5,60.5,60.5
E792,S3_C2_E792_V0530,S3,C2,0.0,60.5,60.5,60.5
E792,S3_C2_E792_V0531,S3,C2,0.0,60.5,60.5,60.5
E792,S3_C2_E792_V0532,S3,C2,0.0,60.5,60.5,60.5
E792,S3_C2_E792_V0533,S3,C2,0.0,50.86666666666667,50.86666666666667,60.5
E799,S3_C2_E799_V0535,S3,C2,0.0,60.5,60.5,60.5
E800,S3_C2_E800_V0536,S3,C2,0.0,60.5,60.5,60.5
E802,S3_C2_E802_V0538,S3,C2,0.0,60.5,60.5,60.5
E803,S3_C2_E803_V0539,S3,C2,0.0,10.166666666666666,10.166666666666666,10.5
E803,S3_C2_E803_V0540,S3,C2,0.0,6.366666666666666,6.366666666666666,6.5
E803,S3_C2_E803_V0541,S3,C2,0.0,5.966666666666667,5.966666666666667,6.0
E803,S3_C2_E803_V0542,S3,C2,0.0,6.966666666666667,6.966666666666667,7.0
E803,S3_C2_E803_V0543,S3,C2,0.0,2.966666666666667,2.966666666666667,3.0
E803,S3_C2_E803_V0544,S3,C2,0.0,4.4,4.4,4.5
E803,S3_C2_E803_V0545,S3,C2,0.0,2.2,2.2,2.5
E803,S3_C2_E803_V0549,S3,C2,0.0,3.566666666666667,3.566666666666667,4.0
E804,S3_C2_E804_V0550,S3,C2,0.0,4.966666666666667,4.966666666666667,5.0
E804,S3_C2_E804_V0551,S3,C2,0.0,3.7666666666666666,3.7666666666666666,4.0
E806,S3_C2_E806_V0553,S3,C2,0.0,14.566666666666666,14.566666666666666,15.0
E806,S3_C2_E806_V0554,S3,C2,0.0,5.166666666666667,5.166666666666667,5.5
E806,S3_C2_E806_V0555,S3,C2,0.0,1.4666666666666666,1.4666666666666666,1.5
E807,S3_C2_E807_V0556,S3,C2,0.0,4.933333333333334,4.933333333333334,5.0
E407,S3_C3_E407_V0058,S3,C3,0.0,20.5,20.5,20.5
E407,S3_C3_E407_V0059,S3,C3,0.0,19.933333333333334,19.933333333333334,20.5
E418,S3_C3_E418_V0067,S3,C3,0.03333333333333333,20.5,20.466666666666665,20.5
E418,S3_C3_E418_V0068,S3,C3,0.0,20.5,20.5,20.5
E418,S3_C3_E418_V0069,S3,C3,0.0,20.5,20.5,20.5
E418,S3_C3_E418_V0070,S3,C3,0.0,20.5,20.5,20.5
E418,S3_C3_E418_V0071,S3,C3,0.0,20.5,20.5,20.5
E418,S3_C3_E418_V0072,S3,C3,0.0,20.5,20.5,20.5
E418,S3_C3_E418_V0073,S3,C3,0.0,20.5,20.5,20.5
E418,S3_C3_E418_V0074,S3,C3,0.0,20.5,20.5,20.5
E418,S3_C3_E418_V0075,S3,C3,0.0,20.5,20.5,20.5
E418,S3_C3_E418_V0076,S3,C3,0.0,20.5,20.5,20.5
E418,S3_C3_E418_V0077,S3,C3,0.0,20.5,20.5,20.5
E419,S3_C3_E419_V0078,S3,C3,0.0,20.5,20.5,20.5
E419,S3_C3_E419_V0079,S3,C3,0.0,20.5,20.5,20.5
E419,S3_C3_E419_V0080,S3,C3,0.0,20.5,20.5,20.5
E419,S3_C3_E419_V0081,S3,C3,0.0,20.5,20.5,20.5
E419,S3_C3_E419_V0082,S3,C3,0.0,20.5,20.5,20.5
E419,S3_C3_E419_V0083,S3,C3,0.0,20.5,20.5,20.5
E419,S3_C3_E419_V0084,S3,C3,0.0,20.5,20.5,20.5
E419,S3_C3_E419_V0085,S3,C3,0.0,20.5,20.5,20.5
E419,S3_C3_E419_V0086,S3,C3,0.0,16.9,16.9,20.5
E437,S3_C3_E437_V0095,S3,C3,0.0,20.5,20.5,20.5
E437,S3_C3_E437_V0096,S3,C3,0.0,6.766666666666667,6.766666666666667,20.5
E437,S3_C3_E437_V0097,S3,C3,0.0,20.5,20.5,20.5
E437,S3_C3_E437_V0098,S3,C3,0.0,20.5,20.5,20.5
E437,S3_C3_E437_V0099,S3,C3,0.0,8.0,8.0,20.5
E453,S3_C3_E453_V0159,S3,C3,0.0,4.733333333333333,4.733333333333333,20.5
E453,S3_C3_E453_V0159,S3,C3,13.666666666666666,14.766666666666667,1.1000000000000014,20.5
E453,S3_C3_E453_V0160,S3,C3,0.0,20.5,20.5,20.5
E453,S3_C3_E453_V0161,S3,C3,0.0,20.5,20.5,20.5
E454,S3_C3_E454_V0162,S3,C3,0.03333333333333333,20.5,20.466666666666665,20.5
E454,S3_C3_E454_V0163,S3,C3,0.0,20.5,20.5,20.5
E454,S3_C3_E454_V0164,S3,C3,0.0,20.5,20.5,20.5
E454,S3_C3_E454_V0165,S3,C3,0.0,20.5,20.5,20.5
E454,S3_C3_E454_V0166,S3,C3,0.0,20.5,20.5,20.5
E454,S3_C3_E454_V0167,S3,C3,0.0,11.566666666666666,11.566666666666666,20.5
E455,S3_C3_E455_V0168,S3,C3,0.0,20.5,20.5,20.5
E455,S3_C3_E455_V0169,S3,C3,0.0,20.5,20.5,20.5
E455,S3_C3_E455_V0170,S3,C3,0.0,15.133333333333333,15.133333333333333,20.5
E460,S3_C3_E460_V0171,S3,C3,0.0,20.5,20.5,20.5
E460,S3_C3_E460_V0172,S3,C3,0.0,16.166666666666668,16.166666666666668,20.5
E460,S3_C3_E460_V0173,S3,C3,6.733333333333333,20.5,13.766666666666666,20.5
E460,S3_C3_E460_V0174,S3,C3,0.0,20.5,20.5,20.5
E460,S3_C3_E460_V0175,S3,C3,0.0,20.5,20.5,20.5
E460,S3_C3_E460_V0176,S3,C3,0.0,20.5,20.5,20.5
E460,S3_C3_E460_V0177,S3,C3,0.0,13.7,13.7,20.5
E461,S3_C3_E461_V0178,S3,C3,0.0,5.133333333333334,5.133333333333334,20.5
E462,S3_C3_E462_V0179,S3,C3,0.0,20.5,20.5,20.5
E462,S3_C3_E462_V0180,S3,C3,0.0,20.5,20.5,20.5
E462,S3_C3_E462_V0181,S3,C3,0.0,8.6,8.6,20.5
E476,S3_C3_E476_V0212,S3,C3,0.0,20.5,20.5,20.5
E476,S3_C3_E476_V0213,S3,C3,0.0,20.5,20.5,20.5
E476,S3_C3_E476_V0214,S3,C3,0.0,16.0,16.0,20.5
E476,S3_C3_E476_V0215,S3,C3,0.0,20.5,20.5,20.5
E476,S3_C3_E476_V0216,S3,C3,0.0,20.5,20.5,20.5
E476,S3_C3_E476_V0217,S3,C3,0.0,20.5,20.5,20.5
E476,S3_C3_E476_V0218,S3,C3,0.0,9.0,9.0,9.0
E476,S3_C3_E476_V0219,S3,C3,0.06666666666666667,19.833333333333332,19.766666666666666,20.5
E476,S3_C3_E476_V0220,S3,C3,0.03333333333333333,20.5,20.466666666666665,20.5
E476,S3_C3_E476_V0221,S3,C3,0.0,7.5,7.5,7.5
E476,S3_C3_E476_V0222,S3,C3,0.0,10.5,10.5,10.5
E476,S3_C3_E476_V0223,S3,C3,0.0,6.366666666666666,6.366666666666666,6.5
E476,S3_C3_E476_V0224,S3,C3,0.0,5.0,5.0,5.0
E476,S3_C3_E476_V0225,S3,C3,0.0,2.5,2.5,2.5
E476,S3_C3_E476_V0226,S3,C3,0.0,4.0,4.0,4.0
E476,S3_C3_E476_V0227,S3,C3,0.0,3.433333333333333,3.433333333333333,3.5
E476,S3_C3_E476_V0228,S3,C3,0.0,10.5,10.5,10.5
E476,S3_C3_E476_V0229,S3,C3,0.0,2.5,2.5,2.5
E476,S3_C3_E476_V0230,S3,C3,0.0,4.566666666666666,4.566666666666666,5.0
E476,S3_C3_E476_V0231,S3,C3,0.0,4.366666666666666,4.366666666666666,4.5
E476,S3_C3_E476_V0232,S3,C3,0.0,3.0,3.0,3.0
E476,S3_C3_E476_V0233,S3,C3,0.0,3.0,3.0,3.0
E476,S3_C3_E476_V0234,S3,C3,0.0,3.7666666666666666,3.7666666666666666,4.0
E501,S3_C3_E501_V0277,S3,C3,0.03333333333333333,20.5,20.466666666666665,20.5
E501,S3_C3_E501_V0278,S3,C3,0.0,20.5,20.5,20.5
E501,S3_C3_E501_V0279,S3,C3,0.0,20.5,20.5,20.5
E501,S3_C3_E501_V0280,S3,C3,0.0,12.8,12.8,15.5
E515,S3_C3_E515_V0313,S3,C3,0.0,60.5,60.5,60.5
E515,S3_C3_E515_V0315,S3,C3,0.0,60.5,60.5,60.5
E515,S3_C3_E515_V0316,S3,C3,0.0,6.133333333333334,6.133333333333334,60.5
E524,S3_C3_E524_V0325,S3,C3,0.0,20.5,20.5,20.5
E524,S3_C3_E524_V0327,S3,C3,0.0,17.833333333333332,17.833333333333332,20.5
E524,S3_C3_E524_V0328,S3,C3,0.0,7.566666666666666,7.566666666666666,8.0
E524,S3_C3_E524_V0329,S3,C3,0.3333333333333333,10.5,10.166666666666666,10.5
E524,S3_C3_E524_V0330,S3,C3,0.0,2.033333333333333,2.033333333333333,2.5
E524,S3_C3_E524_V0331,S3,C3,0.0,1.8333333333333333,1.8333333333333333,6.0
E524,S3_C3_E524_V0332,S3,C3,0.0,14.166666666666666,14.166666666666666,14.5
E524,S3_C3_E524_V0333,S3,C3,0.0,2.7,2.7,3.0
E525,S3_C3_E525_V0334,S3,C3,0.0,18.0,18.0,18.0
E525,S3_C3_E525_V0335,S3,C3,0.0,1.8666666666666667,1.8666666666666667,2.0
E525,S3_C3_E525_V0336,S3,C3,0.0,5.566666666666666,5.566666666666666,6.0
E525,S3_C3_E525_V0337,S3,C3,0.0,4.166666666666667,4.166666666666667,4.5
E525,S3_C3_E525_V0340,S3,C3,0.0,5.0,5.0,5.0
E525,S3_C3_E525_V0341,S3,C3,0.0,1.5,1.5,1.5
E525,S3_C3_E525_V0342,S3,C3,0.0,1.5,1.5,1.5
E525,S3_C3_E525_V0343,S3,C3,0.0,1.5,1.5,1.5
E525,S3_C3_E525_V0344,S3,C3,0.0,3.0,3.0,3.0
E526,S3_C3_E526_V0345,S3,C3,0.0,60.5,60.5,60.5
E545,S3_C3_E545_V0381,S3,C3,0.2,20.5,20.3,20.5
E545,S3_C3_E545_V0382,S3,C3,0.0,12.4,12.4,16.5
E545,S3_C3_E545_V0383,S3,C3,9.833333333333334,11.766666666666667,1.9333333333333336,12.0
E545,S3_C3_E545_V0386,S3,C3,0.0,4.766666666666667,4.766666666666667,5.0
E545,S3_C3_E545_V0389,S3,C3,0.13333333333333333,7.566666666666666,7.433333333333333,8.0
E545,S3_C3_E545_V0390,S3,C3,0.0,2.3,2.3,2.5
E545,S3_C3_E545_V0391,S3,C3,0.0,1.5666666666666667,1.5666666666666667,2.0
E545,S3_C3_E545_V0392,S3,C3,0.0,1.8,1.8,2.0
E545,S3_C3_E545_V0393,S3,C3,0.43333333333333335,3.033333333333333,2.5999999999999996,5.5
E545,S3_C3_E545_V0394,S3,C3,0.0,2.3666666666666667,2.3666666666666667,2.5
E545,S3_C3_E545_V0395,S3,C3,0.0,2.5,2.5,2.5
E545,S3_C3_E545_V0396,S3,C3,0.0,1.5,1.5,1.5
E545,S3_C3_E545_V0397,S3,C3,0.0,1.5,1.5,1.5
E545,S3_C3_E545_V0398,S3,C3,0.0,3.0,3.0,3.0
E545,S3_C3_E545_V0399,S3,C3,0.0,1.5,1.5,1.5
E545,S3_C3_E545_V0400,S3,C3,0.0,1.6,1.6,2.0
E545,S3_C3_E545_V0402,S3,C3,0.0,1.5,1.5,1.5
E545,S3_C3_E545_V0404,S3,C3,0.0,1.2,1.2,1.5
E545,S3_C3_E545_V0406,S3,C3,0.0,1.6,1.6,2.0
E545,S3_C3_E545_V0408,S3,C3,0.0,3.966666666666667,3.966666666666667,4.0
E545,S3_C3_E545_V0410,S3,C3,0.0,1.3666666666666667,1.3666666666666667,1.5
E545,S3_C3_E545_V0411,S3,C3,0.0,1.8,1.8,2.0
E545,S3_C3_E545_V0415,S3,C3,0.0,1.7666666666666666,1.7666666666666666,2.0
E545,S3_C3_E545_V0416,S3,C3,0.0,1.4666666666666666,1.4666666666666666,1.5
E545,S3_C3_E545_V0417,S3,C3,0.0,1.9666666666666666,1.9666666666666666,2.0
E545,S3_C3_E545_V0418,S3,C3,0.0,8.766666666666667,8.766666666666667,9.0
E545,S3_C3_E545_V0419,S3,C3,0.0,2.5,2.5,2.5
E545,S3_C3_E545_V0420,S3,C3,0.0,1.9,1.9,2.0
E545,S3_C3_E545_V0421,S3,C3,0.0,1.5,1.5,1.5
E545,S3_C3_E545_V0422,S3,C3,0.0,2.0,2.0,2.0
E545,S3_C3_E545_V0423,S3,C3,0.0,2.0,2.0,2.0
E545,S3_C3_E545_V0424,S3,C3,0.0,2.1333333333333333,2.1333333333333333,2.5
E545,S3_C3_E545_V0431,S3,C3,0.0,1.9333333333333333,1.9333333333333333,2.0
E545,S3_C3_E545_V0433,S3,C3,0.1,2.4,2.3,2.5
E545,S3_C3_E545_V0437,S3,C3,0.0,2.8,2.8,3.0
E545,S3_C3_E545_V0438,S3,C3,0.0,2.3666666666666667,2.3666666666666667,2.5
E545,S3_C3_E545_V0439,S3,C3,0.0,1.7,1.7,2.0
E545,S3_C3_E545_V0440,S3,C3,0.0,1.2666666666666666,1.2666666666666666,1.5
E545,S3_C3_E545_V0441,S3,C3,0.0,1.6666666666666667,1.6666666666666667,2.0
E560,S3_C3_E560_V0458,S3,C3,0.03333333333333333,2.5,2.466666666666667,5.0
E561,S3_C3_E561_V0459,S3,C3,0.0,2.5,2.5,2.5
E561,S3_C3_E561_V0461,S3,C3,0.0,1.5,1.5,1.5
E561,S3_C3_E561_V0462,S3,C3,0.0,1.5,1.5,1.5
E561,S3_C3_E561_V0465,S3,C3,0.0,1.2,1.2,1.5
E581,S3_C3_E581_V0508,S3,C3,0.0,2.0,2.0,2.0
E581,S3_C3_E581_V0509,S3,C3,0.0,1.5,1.5,1.5
E581,S3_C3_E581_V0510,S3,C3,0.0,2.0,2.0,2.0
E581,S3_C3_E581_V0511,S3,C3,0.0,1.2333333333333334,1.2333333333333334,1.5
E581,S3_C3_E581_V0512,S3,C3,0.0,1.5,1.5,1.5
E581,S3_C3_E581_V0513,S3,C3,0.0,1.2333333333333334,1.2333333333333334,1.5
E581,S3_C3_E581_V0515,S3,C3,0.0,1.6333333333333333,1.6333333333333333,2.0
E581,S3_C3_E581_V0520,S3,C3,0.0,1.6,1.6,2.0
E581,S3_C3_E581_V0521,S3,C3,0.0,1.6333333333333333,1.6333333333333333,2.0
E581,S3_C3_E581_V0522,S3,C3,0.0,1.5,1.5,1.5
E581,S3_C3_E581_V0523,S3,C3,0.0,2.2666666666666666,2.2666666666666666,2.5
E582,S3_C3_E582_V0524,S3,C3,0.0,3.6666666666666665,3.6666666666666665,4.0
E582,S3_C3_E582_V0529,S3,C3,0.0,1.5,1.5,1.5
E642,S3_C3_E642_V0616,S3,C3,0.03333333333333333,21.533333333333335,21.5,60.5
E642,S3_C3_E642_V0617,S3,C3,0.0,60.5,60.5,60.5
E642,S3_C3_E642_V0618,S3,C3,0.0,60.5,60.5,60.5
E642,S3_C3_E642_V0619,S3,C3,0.0,60.5,60.5,60.5
E642,S3_C3_E642_V0620,S3,C3,0.0,60.5,60.5,60.5
E642,S3_C3_E642_V0621,S3,C3,0.0,60.5,60.5,60.5
E642,S3_C3_E642_V0622,S3,C3,0.0,20.866666666666667,20.866666666666667,60.5
E642,S3_C3_E642_V0623,S3,C3,0.0,60.5,60.5,60.5
E692,S3_C3_E692_V0698,S3,C3,0.0,60.5,60.5,60.5
E692,S3_C3_E692_V0699,S3,C3,0.0,60.5,60.5,60.5
E692,S3_C3_E692_V0700,S3,C3,0.0,60.5,60.5,60.5
E692,S3_C3_E692_V0701,S3,C3,0.0,60.5,60.5,60.5
E693,S3_C3_E693_V0702,S3,C3,0.0,60.5,60.5,60.5
E693,S3_C3_E693_V0703,S3,C3,0.0,60.5,60.5,60.5
E693,S3_C3_E693_V0704,S3,C3,0.0,60.5,60.5,60.5
E693,S3_C3_E693_V0705,S3,C3,0.0,60.5,60.5,60.5
E693,S3_C3_E693_V0706,S3,C3,0.0,21.933333333333334,21.933333333333334,60.5
