event_id,file_id,anchor_s,anchor_source,file_path,site_id,cam_id,duration,binary_label,label_name,species,activities,num_individuals,split,start_1s,end_1s,pad_left_1s,pad_right_1s,start_2s,end_2s,pad_left_2s,pad_right_2s,start_3s,end_3s,pad_left_3s,pad_right_3s,anchor_index,sample_id
E130,S1_C1_E130_V0584,0.7833333333333333,animal_detection,S1/C1/S1_C1_E130_V0584.mp4,S1,C1,2.0,1,animal,red_deer,"courtship,foraging,unknown,vigilance",1,test,0.2833333333333333,1.2833333333333332,0.0,0.0,0.0,2.0,0.0,0.0,0.0,2.0,0.7166666666666667,0.2833333333333332,0,E130_0
E130,S1_C1_E130_V0585,1.3166666666666667,animal_detection,S1/C1/S1_C1_E130_V0585.mp4,S1,C1,3.0,1,animal,red_deer,"courtship,foraging,unknown,vigilance",1,test,0.8166666666666667,1.8166666666666667,0.0,0.0,0.31666666666666665,2.3166666666666664,0.0,0.0,0.0,3.0,0.0,0.0,1,E130_1
E130,S1_C1_E130_V0600,0.7,animal_detection,S1/C1/S1_C1_E130_V0600.mp4,S1,C1,1.5,1,animal,red_deer,"courtship,foraging,unknown,vigilance",1,test,0.19999999999999996,1.2,0.0,0.0,0.0,1.5,0.30000000000000004,0.19999999999999996,0.0,1.5,0.8,0.7000000000000002,2,E130_2
E131,S1_C2_E131_V0291,0.9,animal_detection,S1/C2/S1_C2_E131_V0291.mp4,S1,C2,2.0,1,animal,red_deer,"foraging,unknown",1,test,0.4,1.4,0.0,0.0,0.0,2.0,0.0,0.0,0.0,2.0,0.6,0.3999999999999999,0,E131_0
E131,S1_C2_E131_V0296,2.9833333333333334,animal_detection,S1/C2/S1_C2_E131_V0296.mp4,S1,C2,6.0,1,animal,red_deer,"foraging,unknown",1,test,2.4833333333333334,3.4833333333333334,0.0,0.0,1.9833333333333334,3.9833333333333334,0.0,0.0,1.4833333333333334,4.483333333333333,0.0,0.0,1,E131_1
E131,S1_C2_E131_V0298,1.8833333333333333,animal_detection,S1/C2/S1_C2_E131_V0298.mp4,S1,C2,4.0,1,animal,red_deer,"foraging,unknown",1,test,1.3833333333333333,2.3833333333333333,0.0,0.0,0.8833333333333333,2.8833333333333333,0.0,0.0,0.3833333333333333,3.3833333333333333,0.0,0.0,2,E131_2
E132,S1_C1_E132_V0630,0.9833333333333333,animal_detection,S1/C1/S1_C1_E132_V0630.mp4,S1,C1,2.0,1,animal,red_deer,foraging,1,test,0.4833333333333333,1.4833333333333334,0.0,0.0,0.0,2.0,0.0,0.0,0.0,2.0,0.5166666666666667,0.4833333333333334,0,E132_0
E133,S1_C1_E133_V0636,0.95,animal_detection,S1/C1/S1_C1_E133_V0636.mp4,S1,C1,2.0,1,animal,red_deer,foraging,1,test,0.44999999999999996,1.45,0.0,0.0,0.0,2.0,0.0,0.0,0.0,2.0,0.55,0.4500000000000002,0,E133_0
E133,S1_C1_E133_V0639,0.6666666666666666,animal_detection,S1/C1/S1_C1_E133_V0639.mp4,S1,C1,1.5,1,animal,red_deer,foraging,1,test,0.16666666666666663,1.1666666666666665,0.0,0.0,0.0,1.5,0.33333333333333337,0.16666666666666652,0.0,1.5,0.8333333333333334,0.6666666666666665,1,E133_1
E134,S1_C2_E134_V0303,2.183333333333333,animal_detection,S1/C2/S1_C2_E134_V0303.mp4,S1,C2,4.5,1,animal,red_deer,"foraging,unknown",1,test,1.6833333333333331,2.683333333333333,0.0,0.0,1.1833333333333331,3.183333333333333,0.0,0.0,0.6833333333333331,3.683333333333333,0.0,0.0,0,E134_0
E134,S1_C2_E134_V0304,1.4666666666666666,animal_detection,S1/C2/S1_C2_E134_V0304.mp4,S1,C2,3.0,1,animal,red_deer,"foraging,unknown",1,test,0.9666666666666666,1.9666666666666666,0.0,0.0,0.46666666666666656,2.466666666666667,0.0,0.0,0.0,3.0,0.0,0.0,1,E134_1
E134,S1_C2_E134_V0305,0.7666666666666667,animal_detection,S1/C2/S1_C2_E134_V0305.mp4,S1,C2,2.0,1,animal,red_deer,"foraging,unknown",1,test,0.2666666666666667,1.2666666666666666,0.0,0.0,0.0,2.0,0.0,0.0,0.0,2.0,0.7333333333333333,0.2666666666666666,2,E134_2
E135,S1_C1_E135_V0661,14.05,animal_detection,S1/C1/S1_C1_E135_V0661.mp4,S1,C1,120.5,1,animal,red_deer,foraging,1,test,13.55,14.55,0.0,0.0,13.05,15.05,0.0,0.0,12.55,15.55,0.0,0.0,0,E135_0
E136,S1_C1_E136_V0666,1.0,animal_detection,S1/C1/S1_C1_E136_V0666.mp4,S1,C1,2.0,1,animal,red_deer,"foraging,unknown,vigilance",1,test,0.5,1.5,0.0,0.0,0.0,2.0,0.0,0.0,0.0,2.0,0.5,0.5,0,E136_0
E136,S1_C1_E136_V0673,0.75,animal_detection,S1/C1/S1_C1_E136_V0673.mp4,S1,C1,1.5,1,animal,red_deer,"foraging,unknown,vigilance",1,test,0.25,1.25,0.0,0.0,0.0,1.5,0.25,0.25,0.0,1.5,0.75,0.75,1,E136_1
E136,S1_C3_E136_V0056,10.25,animal_detection,S1/C3/S1_C3_E136_V0056.mp4,S1,C3,20.5,1,animal,red_deer,"foraging,unknown,vigilance",1,test,9.75,10.75,0.0,0.0,9.25,11.25,0.0,0.0,8.75,11.75,0.0,0.0,2,E136_2
E137,S1_C1_E137_V0675,1.0333333333333332,animal_detection,S1/C1/S1_C1_E137_V0675.mp4,S1,C1,2.0,1,animal,red_deer,"foraging,unknown",1,test,0.5333333333333332,1.5333333333333332,0.0,0.0,0.0,2.0,0.0,0.0,0.0,2.0,0.4666666666666668,0.5333333333333332,0,E137_0
E137,S1_C2_E137_V0316,8.783333333333333,animal_detection,S1/C2/S1_C2_E137_V0316.mp4,S1,C2,18.0,1,animal,red_deer,"foraging,unknown",1,test,8.283333333333333,9.283333333333333,0.0,0.0,7.783333333333333,9.783333333333333,0.0,0.0,7.283333333333333,10.283333333333333,0.0,0.0,1,E137_1
E137,S1_C2_E137_V0317,3.1666666666666665,animal_detection,S1/C2/S1_C2_E137_V0317.mp4,S1,C2,8.0,1,animal,red_deer,"foraging,unknown",1,test,2.6666666666666665,3.6666666666666665,0.0,0.0,2.1666666666666665,4.166666666666666,0.0,0.0,1.666666666666666,4.666666666666666,0.0,0.0,2,E137_2
E138,S1_C1_E138_V0699,0.65,animal_detection,S1/C1/S1_C1_E138_V0699.mp4,S1,C1,1.5,1,animal,red_deer,"courtship,unknown,vigilance",1,test,0.15000000000000002,1.15,0.0,0.0,0.0,1.5,0.35,0.1499999999999999,0.0,1.5,0.85,0.6499999999999999,0,E138_0
E138,S1_C1_E138_V0701,0.65,animal_detection,S1/C1/S1_C1_E138_V0701.mp4,S1,C1,1.5,1,animal,red_deer,"courtship,unknown,vigilance",1,test,0.15000000000000002,1.15,0.0,0.0,0.0,1.5,0.35,0.1499999999999999,0.0,1.5,0.85,0.6499999999999999,1,E138_1
E153,S1_C2_E153_V0383,2.9833333333333334,animal_detection,S1/C2/S1_C2_E153_V0383.mp4,S1,C2,6.0,1,animal,red_deer,vigilance,1,test,2.4833333333333334,3.4833333333333334,0.0,0.0,1.9833333333333334,3.9833333333333334,0.0,0.0,1.4833333333333334,4.483333333333333,0.0,0.0,0,E153_0
E154,S1_C2_E154_V0385,2.783333333333333,animal_detection,S1/C2/S1_C2_E154_V0385.mp4,S1,C2,6.0,1,animal,red_deer,"foraging,unknown",1,test,2.283333333333333,3.283333333333333,0.0,0.0,1.7833333333333332,3.783333333333333,0.0,0.0,1.2833333333333332,4.283333333333333,0.0,0.0,0,E154_0
E154,S1_C3_E154_V0066,1.3166666666666667,animal_detection,S1/C3/S1_C3_E154_V0066.mp4,S1,C3,20.5,1,animal,red_deer,"foraging,unknown",1,test,0.8166666666666667,1.8166666666666667,0.0,0.0,0.31666666666666665,2.3166666666666664,0.0,0.0,0.0,3.0,0.0,0.0,1,E154_1
E155,S1_C2_E155_V0388,1.7833333333333334,animal_detection,S1/C2/S1_C2_E155_V0388.mp4,S1,C2,4.0,1,animal,red_deer,"foraging,vigilance",1,test,1.2833333333333334,2.283333333333333,0.0,0.0,0.7833333333333334,2.783333333333333,0.0,0.0,0.2833333333333332,3.283333333333333,0.0,0.0,0,E155_0
E155,S1_C2_E155_V0389,0.65,animal_detection,S1/C2/S1_C2_E155_V0389.mp4,S1,C2,1.5,1,animal,red_deer,"foraging,vigilance",1,test,0.15000000000000002,1.15,0.0,0.0,0.0,1.5,0.35,0.1499999999999999,0.0,1.5,0.85,0.6499999999999999,1,E155_1
E162,S1_C1_E162_V0780,0.3333333333333333,animal_detection,S1/C1/S1_C1_E162_V0780.mp4,S1,C1,120.5,1,animal,red_deer,"courtship,escaping,unknown",3+,test,0.0,1.0,0.0,0.0,0.0,2.0,0.0,0.0,0.0,3.0,0.0,0.0,0,E162_0
E162,S1_C1_E162_V0780,4.05,animal_detection,S1/C1/S1_C1_E162_V0780.mp4,S1,C1,120.5,1,animal,red_deer,"courtship,escaping,unknown",3+,test,3.55,4.55,0.0,0.0,3.05,5.05,0.0,0.0,2.55,5.55,0.0,0.0,1,E162_1
E163,S1_C2_E163_V0392,8.566666666666666,animal_detection,S1/C2/S1_C2_E163_V0392.mp4,S1,C2,17.5,1,animal,red_deer,foraging,1,test,8.066666666666666,9.066666666666666,0.0,0.0,7.566666666666666,9.566666666666666,0.0,0.0,7.066666666666666,10.066666666666666,0.0,0.0,0,E163_0
E268,S2_C3_E268_V0025,9.4,animal_detection,S2/C3/S2_C3_E268_V0025.mp4,S2,C3,20.5,1,animal,red_deer,"foraging,vigilance",1,test,8.9,9.9,0.0,0.0,8.4,10.4,0.0,0.0,7.9,10.9,0.0,0.0,0,E268_0
E270,S2_C2_E270_V0028,10.25,animal_detection,S2/C2/S2_C2_E270_V0028.mp4,S2,C2,20.5,1,animal,red_deer,"foraging,unknown,vigilance",2,test,9.75,10.75,0.0,0.0,9.25,11.25,0.0,0.0,8.75,11.75,0.0,0.0,0,E270_0
E270,S2_C3_E270_V0026,5.283333333333333,animal_detection,S2/C3/S2_C3_E270_V0026.mp4,S2,C3,20.5,1,animal,red_deer,"foraging,unknown,vigilance",2,test,4.783333333333333,5.783333333333333,0.0,0.0,4.283333333333333,6.283333333333333,0.0,0.0,3.783333333333333,6.783333333333333,0.0,0.0,1,E270_1
E270,S2_C3_E270_V0027,10.25,animal_detection,S2/C3/S2_C3_E270_V0027.mp4,S2,C3,20.5,1,animal,red_deer,"foraging,unknown,vigilance",2,test,9.75,10.75,0.0,0.0,9.25,11.25,0.0,0.0,8.75,11.75,0.0,0.0,2,E270_2
E288,S2_C3_E288_V0054,10.25,animal_detection,S2/C3/S2_C3_E288_V0054.mp4,S2,C3,20.5,1,animal,roe_deer,"foraging,unknown",1,test,9.75,10.75,0.0,0.0,9.25,11.25,0.0,0.0,8.75,11.75,0.0,0.0,0,E288_0
E290,S2_C2_E290_V0042,6.85,animal_detection,S2/C2/S2_C2_E290_V0042.mp4,S2,C2,20.5,1,animal,red_deer,"foraging,vigilance",1,test,6.35,7.35,0.0,0.0,5.85,7.85,0.0,0.0,5.35,8.35,0.0,0.0,0,E290_0
E290,S2_C3_E290_V0057,10.266666666666667,animal_detection,S2/C3/S2_C3_E290_V0057.mp4,S2,C3,20.5,1,animal,red_deer,"foraging,vigilance",1,test,9.766666666666667,10.766666666666667,0.0,0.0,9.266666666666667,11.266666666666667,0.0,0.0,8.766666666666667,11.766666666666667,0.0,0.0,1,E290_1
E290,S2_C3_E290_V0058,4.733333333333333,animal_detection,S2/C3/S2_C3_E290_V0058.mp4,S2,C3,20.5,1,animal,red_deer,"foraging,vigilance",1,test,4.233333333333333,5.233333333333333,0.0,0.0,3.7333333333333334,5.733333333333333,0.0,0.0,3.2333333333333334,6.233333333333333,0.0,0.0,2,E290_2
E291,S2_C1_E291_V0043,5.433333333333334,animal_detection,S2/C1/S2_C1_E291_V0043.mp4,S2,C1,20.5,1,animal,red_deer,"foraging,unknown",2,test,4.933333333333334,5.933333333333334,0.0,0.0,4.433333333333334,6.433333333333334,0.0,0.0,3.9333333333333336,6.933333333333334,0.0,0.0,0,E291_0
E291,S2_C2_E291_V0043,10.25,animal_detection,S2/C2/S2_C2_E291_V0043.mp4,S2,C2,20.5,1,animal,red_deer,"foraging,unknown",2,test,9.75,10.75,0.0,0.0,9.25,11.25,0.0,0.0,8.75,11.75,0.0,0.0,1,E291_1
E291,S2_C3_E291_V0059,9.0,animal_detection,S2/C3/S2_C3_E291_V0059.mp4,S2,C3,20.5,1,animal,red_deer,"foraging,unknown",2,test,8.5,9.5,0.0,0.0,8.0,10.0,0.0,0.0,7.5,10.5,0.0,0.0,2,E291_2
E292,S2_C2_E292_V0045,8.833333333333332,animal_detection,S2/C2/S2_C2_E292_V0045.mp4,S2,C2,20.5,1,animal,"red_deer,wolf",chasing,3+,test,8.333333333333332,9.333333333333332,0.0,0.0,7.833333333333332,9.833333333333332,0.0,0.0,7.333333333333332,10.333333333333332,0.0,0.0,0,E292_0
E292,S2_C3_E292_V0061,0.7,animal_detection,S2/C3/S2_C3_E292_V0061.mp4,S2,C3,20.5,1,animal,"red_deer,wolf",chasing,3+,test,0.19999999999999996,1.2,0.0,0.0,0.0,2.0,0.0,0.0,0.0,3.0,0.0,0.0,1,E292_1
E292,S2_C3_E292_V0061,11.216666666666667,animal_detection,S2/C3/S2_C3_E292_V0061.mp4,S2,C3,20.5,1,animal,"red_deer,wolf",chasing,3+,test,10.716666666666667,11.716666666666667,0.0,0.0,10.216666666666667,12.216666666666667,0.0,0.0,9.716666666666667,12.716666666666667,0.0,0.0,2,E292_2
E293,S2_C2_E293_V0046,1.4333333333333333,animal_detection,S2/C2/S2_C2_E293_V0046.mp4,S2,C2,20.5,1,animal,red_deer,unknown,1,test,0.9333333333333333,1.9333333333333333,0.0,0.0,0.43333333333333335,2.4333333333333336,0.0,0.0,0.0,3.0,0.0,0.0,0,E293_0
E293,S2_C3_E293_V0062,0.7833333333333333,animal_detection,S2/C3/S2_C3_E293_V0062.mp4,S2,C3,20.5,1,animal,red_deer,unknown,1,test,0.2833333333333333,1.2833333333333332,0.0,0.0,0.0,2.0,0.0,0.0,0.0,3.0,0.0,0.0,1,E293_1
E297,S2_C2_E297_V0048,30.125,background,S2/C2/S2_C2_E297_V0048.mp4,S2,C2,120.5,0,background,none,none,0,test,29.625,30.625,0.0,0.0,29.125,31.125,0.0,0.0,28.625,31.625,0.0,0.0,0,E297_0
E297,S2_C2_E297_V0048,60.25,background,S2/C2/S2_C2_E297_V0048.mp4,S2,C2,120.5,0,background,none,none,0,test,59.75,60.75,0.0,0.0,59.25,61.25,0.0,0.0,58.75,61.75,0.0,0.0,1,E297_1
E297,S2_C2_E297_V0048,90.375,background,S2/C2/S2_C2_E297_V0048.mp4,S2,C2,120.5,0,background,none,none,0,test,89.875,90.875,0.0,0.0,89.375,91.375,0.0,0.0,88.875,91.875,0.0,0.0,2,E297_2
E300,S2_C1_E300_V0047,10.25,animal_detection,S2/C1/S2_C1_E300_V0047.mp4,S2,C1,20.5,1,animal,red_deer,"camera_reaction,foraging,unknown,vigilance",2,test,9.75,10.75,0.0,0.0,9.25,11.25,0.0,0.0,8.75,11.75,0.0,0.0,0,E300_0
E300,S2_C1_E300_V0048,5.6,animal_detection,S2/C1/S2_C1_E300_V0048.mp4,S2,C1,20.5,1,animal,red_deer,"camera_reaction,foraging,unknown,vigilance",2,test,5.1,6.1,0.0,0.0,4.6,6.6,0.0,0.0,4.1,7.1,0.0,0.0,1,E300_1
E300,S2_C3_E300_V0067,10.25,animal_detection,S2/C3/S2_C3_E300_V0067.mp4,S2,C3,20.5,1,animal,red_deer,"camera_reaction,foraging,unknown,vigilance",2,test,9.75,10.75,0.0,0.0,9.25,11.25,0.0,0.0,8.75,11.75,0.0,0.0,2,E300_2
E301,S2_C1_E301_V0049,30.433333333333334,animal_detection,S2/C1/S2_C1_E301_V0049.mp4,S2,C1,120.5,1,animal,red_deer,"camera_reaction,foraging,unknown,vigilance",3+,test,29.933333333333334,30.933333333333334,0.0,0.0,29.433333333333334,31.433333333333334,0.0,0.0,28.933333333333334,31.933333333333334,0.0,0.0,0,E301_0
E301,S2_C2_E301_V0052,36.983333333333334,animal_detection,S2/C2/S2_C2_E301_V0052.mp4,S2,C2,120.5,1,animal,red_deer,"camera_reaction,foraging,unknown,vigilance",3+,test,36.483333333333334,37.483333333333334,0.0,0.0,35.983333333333334,37.983333333333334,0.0,0.0,35.483333333333334,38.483333333333334,0.0,0.0,1,E301_1
E301,S2_C3_E301_V0069,34.18333333333333,animal_detection,S2/C3/S2_C3_E301_V0069.mp4,S2,C3,120.5,1,animal,red_deer,"camera_reaction,foraging,unknown,vigilance",3+,test,33.68333333333333,34.68333333333333,0.0,0.0,33.18333333333333,35.18333333333333,0.0,0.0,32.68333333333333,35.68333333333333,0.0,0.0,2,E301_2
E304,S2_C1_E304_V0050,22.3,animal_detection,S2/C1/S2_C1_E304_V0050.mp4,S2,C1,120.5,1,animal,red_deer,"foraging,unknown,vigilance",3+,test,21.8,22.8,0.0,0.0,21.3,23.3,0.0,0.0,20.8,23.8,0.0,0.0,0,E304_0
E304,S2_C2_E304_V0055,1.5833333333333333,animal_detection,S2/C2/S2_C2_E304_V0055.mp4,S2,C2,120.5,1,animal,red_deer,"foraging,unknown,vigilance",3+,test,1.0833333333333333,2.083333333333333,0.0,0.0,0.5833333333333333,2.583333333333333,0.0,0.0,0.08333333333333304,3.083333333333333,0.0,0.0,1,E304_1
E304,S2_C3_E304_V0070,2.066666666666667,animal_detection,S2/C3/S2_C3_E304_V0070.mp4,S2,C3,120.5,1,animal,red_deer,"foraging,unknown,vigilance",3+,test,1.5666666666666669,2.566666666666667,0.0,0.0,1.0666666666666669,3.066666666666667,0.0,0.0,0.5666666666666669,3.566666666666667,0.0,0.0,2,E304_2
E305,S2_C1_E305_V0051,1.4666666666666666,animal_detection,S2/C1/S2_C1_E305_V0051.mp4,S2,C1,120.5,1,animal,red_deer,"chasing,unknown,vigilance",2,test,0.9666666666666666,1.9666666666666666,0.0,0.0,0.46666666666666656,2.466666666666667,0.0,0.0,0.0,3.0,0.0,0.0,0,E305_0
E305,S2_C2_E305_V0056,2.433333333333333,animal_detection,S2/C2/S2_C2_E305_V0056.mp4,S2,C2,120.5,1,animal,red_deer,"chasing,unknown,vigilance",2,test,1.9333333333333331,2.933333333333333,0.0,0.0,1.4333333333333331,3.433333333333333,0.0,0.0,0.9333333333333331,3.933333333333333,0.0,0.0,1,E305_1
E305,S2_C3_E305_V0071,3.8333333333333335,animal_detection,S2/C3/S2_C3_E305_V0071.mp4,S2,C3,120.5,1,animal,red_deer,"chasing,unknown,vigilance",2,test,3.3333333333333335,4.333333333333334,0.0,0.0,2.8333333333333335,4.833333333333334,0.0,0.0,2.3333333333333335,5.333333333333334,0.0,0.0,2,E305_2
E306,S2_C1_E306_V0052,7.35,animal_detection,S2/C1/S2_C1_E306_V0052.mp4,S2,C1,120.5,1,animal,red_deer,"foraging,unknown,vigilance",1,test,6.85,7.85,0.0,0.0,6.35,8.35,0.0,0.0,5.85,8.85,0.0,0.0,0,E306_0
E306,S2_C1_E306_V0053,3.466666666666667,animal_detection,S2/C1/S2_C1_E306_V0053.mp4,S2,C1,20.5,1,animal,red_deer,"foraging,unknown,vigilance",1,test,2.966666666666667,3.966666666666667,0.0,0.0,2.466666666666667,4.466666666666667,0.0,0.0,1.9666666666666668,4.966666666666667,0.0,0.0,1,E306_1
E306,S2_C2_E306_V0057,51.583333333333336,animal_detection,S2/C2/S2_C2_E306_V0057.mp4,S2,C2,120.5,1,animal,red_deer,"foraging,unknown,vigilance",1,test,51.083333333333336,52.083333333333336,0.0,0.0,50.583333333333336,52.583333333333336,0.0,0.0,50.083333333333336,53.083333333333336,0.0,0.0,2,E306_2
E319,S2_C3_E319_V0089,3.15,animal_detection,S2/C3/S2_C3_E319_V0089.mp4,S2,C3,20.5,1,animal,red_deer,foraging,1,test,2.65,3.65,0.0,0.0,2.15,4.15,0.0,0.0,1.65,4.65,0.0,0.0,0,E319_0
E32,S1_C1_E32_V0068,10.916666666666666,animal_detection,S1/C1/S1_C1_E32_V0068.mp4,S1,C1,120.5,1,animal,red_deer,"foraging,vigilance",1,test,10.416666666666666,11.416666666666666,0.0,0.0,9.916666666666666,11.916666666666666,0.0,0.0,9.416666666666666,12.416666666666666,0.0,0.0,0,E32_0
E321,S2_C1_E321_V0067,30.125,background,S2/C1/S2_C1_E321_V0067.mp4,S2,C1,120.5,0,background,none,none,0,test,29.625,30.625,0.0,0.0,29.125,31.125,0.0,0.0,28.625,31.625,0.0,0.0,0,E321_0
E321,S2_C1_E321_V0067,60.25,background,S2/C1/S2_C1_E321_V0067.mp4,S2,C1,120.5,0,background,none,none,0,test,59.75,60.75,0.0,0.0,59.25,61.25,0.0,0.0,58.75,61.75,0.0,0.0,1,E321_1
E321,S2_C1_E321_V0067,90.375,background,S2/C1/S2_C1_E321_V0067.mp4,S2,C1,120.5,0,background,none,none,0,test,89.875,90.875,0.0,0.0,89.375,91.375,0.0,0.0,88.875,91.875,0.0,0.0,2,E321_2
E322,S2_C1_E322_V0068,30.125,background,S2/C1/S2_C1_E322_V0068.mp4,S2,C1,120.5,0,background,none,none,0,test,29.625,30.625,0.0,0.0,29.125,31.125,0.0,0.0,28.625,31.625,0.0,0.0,0,E322_0
E322,S2_C1_E322_V0068,90.375,background,S2/C1/S2_C1_E322_V0068.mp4,S2,C1,120.5,0,background,none,none,0,test,89.875,90.875,0.0,0.0,89.375,91.375,0.0,0.0,88.875,91.875,0.0,0.0,1,E322_1
E322,S2_C1_E322_V0071,30.125,background,S2/C1/S2_C1_E322_V0071.mp4,S2,C1,120.5,0,background,none,none,0,test,29.625,30.625,0.0,0.0,29.125,31.125,0.0,0.0,28.625,31.625,0.0,0.0,2,E322_2
E333,S2_C3_E333_V0098,1.8166666666666667,animal_detection,S2/C3/S2_C3_E333_V0098.mp4,S2,C3,120.5,1,animal,roe_deer,"foraging,unknown,vigilance",1,test,1.3166666666666667,2.3166666666666664,0.0,0.0,0.8166666666666667,2.8166666666666664,0.0,0.0,0.31666666666666643,3.3166666666666664,0.0,0.0,0,E333_0
E333,S2_C3_E333_V0098,74.46666666666667,animal_detection,S2/C3/S2_C3_E333_V0098.mp4,S2,C3,120.5,1,animal,roe_deer,"foraging,unknown,vigilance",1,test,73.96666666666667,74.96666666666667,0.0,0.0,73.46666666666667,75.46666666666667,0.0,0.0,72.96666666666667,75.96666666666667,0.0,0.0,1,E333_1
E384,S2_C1_E384_V0110,2.316666666666667,animal_detection,S2/C1/S2_C1_E384_V0110.mp4,S2,C1,20.5,1,animal,red_deer,"foraging,vigilance",1,test,1.8166666666666669,2.816666666666667,0.0,0.0,1.3166666666666669,3.316666666666667,0.0,0.0,0.8166666666666669,3.816666666666667,0.0,0.0,0,E384_0
E384,S2_C2_E384_V0127,10.25,animal_detection,S2/C2/S2_C2_E384_V0127.mp4,S2,C2,20.5,1,animal,red_deer,"foraging,vigilance",1,test,9.75,10.75,0.0,0.0,9.25,11.25,0.0,0.0,8.75,11.75,0.0,0.0,1,E384_1
E384,S2_C3_E384_V0125,6.016666666666667,animal_detection,S2/C3/S2_C3_E384_V0125.mp4,S2,C3,20.5,1,animal,red_deer,"foraging,vigilance",1,test,5.516666666666667,6.516666666666667,0.0,0.0,5.016666666666667,7.016666666666667,0.0,0.0,4.516666666666667,7.516666666666667,0.0,0.0,2,E384_2
E385,S2_C3_E385_V0126,10.1,animal_detection,S2/C3/S2_C3_E385_V0126.mp4,S2,C3,20.5,1,animal,fox,"foraging,vigilance",1,test,9.6,10.6,0.0,0.0,9.1,11.1,0.0,0.0,8.6,11.6,0.0,0.0,0,E385_0
E460,S3_C1_E460_V0544,6.566666666666666,animal_detection,S3/C1/S3_C1_E460_V0544.mp4,S3,C1,13.5,1,animal,red_deer,"foraging,vigilance",3+,test,6.066666666666666,7.066666666666666,0.0,0.0,5.566666666666666,7.566666666666666,0.0,0.0,5.066666666666666,8.066666666666666,0.0,0.0,0,E460_0
E460,S3_C2_E460_V0065,10.25,animal_detection,S3/C2/S3_C2_E460_V0065.mp4,S3,C2,20.5,1,animal,red_deer,"foraging,vigilance",3+,test,9.75,10.75,0.0,0.0,9.25,11.25,0.0,0.0,8.75,11.75,0.0,0.0,1,E460_1
E460,S3_C3_E460_V0172,8.083333333333334,animal_detection,S3/C3/S3_C3_E460_V0172.mp4,S3,C3,20.5,1,animal,red_deer,"foraging,vigilance",3+,test,7.583333333333334,8.583333333333334,0.0,0.0,7.083333333333334,9.083333333333334,0.0,0.0,6.583333333333334,9.583333333333334,0.0,0.0,2,E460_2
E461,S3_C3_E461_V0178,2.566666666666667,animal_detection,S3/C3/S3_C3_E461_V0178.mp4,S3,C3,20.5,1,animal,red_deer,vigilance,1,test,2.066666666666667,3.066666666666667,0.0,0.0,1.5666666666666669,3.566666666666667,0.0,0.0,1.0666666666666664,4.066666666666666,0.0,0.0,0,E461_0
E501,S3_C2_E501_V0083,4.466666666666667,animal_detection,S3/C2/S3_C2_E501_V0083.mp4,S3,C2,20.5,1,animal,red_deer,"foraging,vigilance",1,test,3.966666666666667,4.966666666666667,0.0,0.0,3.466666666666667,5.466666666666667,0.0,0.0,2.966666666666667,5.966666666666667,0.0,0.0,0,E501_0
E501,S3_C3_E501_V0279,10.25,animal_detection,S3/C3/S3_C3_E501_V0279.mp4,S3,C3,20.5,1,animal,red_deer,"foraging,vigilance",1,test,9.75,10.75,0.0,0.0,9.25,11.25,0.0,0.0,8.75,11.75,0.0,0.0,1,E501_1
E501,S3_C3_E501_V0280,6.4,animal_detection,S3/C3/S3_C3_E501_V0280.mp4,S3,C3,15.5,1,animal,red_deer,"foraging,vigilance",1,test,5.9,6.9,0.0,0.0,5.4,7.4,0.0,0.0,4.9,7.9,0.0,0.0,2,E501_2
E503,S3_C3_E503_V0282,45.375,background,S3/C3/S3_C3_E503_V0282.mp4,S3,C3,60.5,0,background,none,none,0,test,44.875,45.875,0.0,0.0,44.375,46.375,0.0,0.0,43.875,46.875,0.0,0.0,0,E503_0
E503,S3_C3_E503_V0283,45.375,background,S3/C3/S3_C3_E503_V0283.mp4,S3,C3,60.5,0,background,none,none,0,test,44.875,45.875,0.0,0.0,44.375,46.375,0.0,0.0,43.875,46.875,0.0,0.0,1,E503_1
E503,S3_C3_E503_V0286,15.125,background,S3/C3/S3_C3_E503_V0286.mp4,S3,C3,60.5,0,background,none,none,0,test,14.625,15.625,0.0,0.0,14.125,16.125,0.0,0.0,13.625,16.625,0.0,0.0,2,E503_2
E504,S3_C3_E504_V0288,15.125,background,S3/C3/S3_C3_E504_V0288.mp4,S3,C3,60.5,0,background,none,none,0,test,14.625,15.625,0.0,0.0,14.125,16.125,0.0,0.0,13.625,16.625,0.0,0.0,0,E504_0
E504,S3_C3_E504_V0288,30.25,background,S3/C3/S3_C3_E504_V0288.mp4,S3,C3,60.5,0,background,none,none,0,test,29.75,30.75,0.0,0.0,29.25,31.25,0.0,0.0,28.75,31.75,0.0,0.0,1,E504_1
E504,S3_C3_E504_V0288,45.375,background,S3/C3/S3_C3_E504_V0288.mp4,S3,C3,60.5,0,background,none,none,0,test,44.875,45.875,0.0,0.0,44.375,46.375,0.0,0.0,43.875,46.875,0.0,0.0,2,E504_2
E505,S3_C3_E505_V0289,45.375,background,S3/C3/S3_C3_E505_V0289.mp4,S3,C3,60.5,0,background,none,none,0,test,44.875,45.875,0.0,0.0,44.375,46.375,0.0,0.0,43.875,46.875,0.0,0.0,0,E505_0
E505,S3_C3_E505_V0290,30.25,background,S3/C3/S3_C3_E505_V0290.mp4,S3,C3,60.5,0,background,none,none,0,test,29.75,30.75,0.0,0.0,29.25,31.25,0.0,0.0,28.75,31.75,0.0,0.0,1,E505_1
E505,S3_C3_E505_V0290,45.375,background,S3/C3/S3_C3_E505_V0290.mp4,S3,C3,60.5,0,background,none,none,0,test,44.875,45.875,0.0,0.0,44.375,46.375,0.0,0.0,43.875,46.875,0.0,0.0,2,E505_2
E506,S3_C3_E506_V0291,15.125,background,S3/C3/S3_C3_E506_V0291.mp4,S3,C3,60.5,0,background,none,none,0,test,14.625,15.625,0.0,0.0,14.125,16.125,0.0,0.0,13.625,16.625,0.0,0.0,0,E506_0
E506,S3_C3_E506_V0291,30.25,background,S3/C3/S3_C3_E506_V0291.mp4,S3,C3,60.5,0,background,none,none,0,test,29.75,30.75,0.0,0.0,29.25,31.25,0.0,0.0,28.75,31.75,0.0,0.0,1,E506_1
E506,S3_C3_E506_V0291,45.375,background,S3/C3/S3_C3_E506_V0291.mp4,S3,C3,60.5,0,background,none,none,0,test,44.875,45.875,0.0,0.0,44.375,46.375,0.0,0.0,43.875,46.875,0.0,0.0,2,E506_2
E507,S3_C3_E507_V0292,15.125,background,S3/C3/S3_C3_E507_V0292.mp4,S3,C3,60.5,0,background,none,none,0,test,14.625,15.625,0.0,0.0,14.125,16.125,0.0,0.0,13.625,16.625,0.0,0.0,0,E507_0
E507,S3_C3_E507_V0292,30.25,background,S3/C3/S3_C3_E507_V0292.mp4,S3,C3,60.5,0,background,none,none,0,test,29.75,30.75,0.0,0.0,29.25,31.25,0.0,0.0,28.75,31.75,0.0,0.0,1,E507_1
E507,S3_C3_E507_V0292,45.375,background,S3/C3/S3_C3_E507_V0292.mp4,S3,C3,60.5,0,background,none,none,0,test,44.875,45.875,0.0,0.0,44.375,46.375,0.0,0.0,43.875,46.875,0.0,0.0,2,E507_2
E508,S3_C3_E508_V0293,15.125,background,S3/C3/S3_C3_E508_V0293.mp4,S3,C3,60.5,0,background,none,none,0,test,14.625,15.625,0.0,0.0,14.125,16.125,0.0,0.0,13.625,16.625,0.0,0.0,0,E508_0
E508,S3_C3_E508_V0293,30.25,background,S3/C3/S3_C3_E508_V0293.mp4,S3,C3,60.5,0,background,none,none,0,test,29.75,30.75,0.0,0.0,29.25,31.25,0.0,0.0,28.75,31.75,0.0,0.0,1,E508_1
E508,S3_C3_E508_V0293,45.375,background,S3/C3/S3_C3_E508_V0293.mp4,S3,C3,60.5,0,background,none,none,0,test,44.875,45.875,0.0,0.0,44.375,46.375,0.0,0.0,43.875,46.875,0.0,0.0,2,E508_2
E509,S3_C2_E509_V0084,15.125,background,S3/C2/S3_C2_E509_V0084.mp4,S3,C2,60.5,0,background,none,none,0,test,14.625,15.625,0.0,0.0,14.125,16.125,0.0,0.0,13.625,16.625,0.0,0.0,0,E509_0
E509,S3_C2_E509_V0084,30.25,background,S3/C2/S3_C2_E509_V0084.mp4,S3,C2,60.5,0,background,none,none,0,test,29.75,30.75,0.0,0.0,29.25,31.25,0.0,0.0,28.75,31.75,0.0,0.0,1,E509_1
E509,S3_C2_E509_V0084,45.375,background,S3/C2/S3_C2_E509_V0084.mp4,S3,C2,60.5,0,background,none,none,0,test,44.875,45.875,0.0,0.0,44.375,46.375,0.0,0.0,43.875,46.875,0.0,0.0,2,E509_2
E515,S3_C2_E515_V0086,30.25,animal_detection,S3/C2/S3_C2_E515_V0086.mp4,S3,C2,60.5,1,animal,red_deer,"foraging,grooming,unknown,vigilance",2,test,29.75,30.75,0.0,0.0,29.25,31.25,0.0,0.0,28.75,31.75,0.0,0.0,0,E515_0
E515,S3_C3_E515_V0315,30.25,animal_detection,S3/C3/S3_C3_E515_V0315.mp4,S3,C3,60.5,1,animal,red_deer,"foraging,grooming,unknown,vigilance",2,test,29.75,30.75,0.0,0.0,29.25,31.25,0.0,0.0,28.75,31.75,0.0,0.0,1,E515_1
E515,S3_C3_E515_V0316,3.066666666666667,animal_detection,S3/C3/S3_C3_E515_V0316.mp4,S3,C3,60.5,1,animal,red_deer,"foraging,grooming,unknown,vigilance",2,test,2.566666666666667,3.566666666666667,0.0,0.0,2.066666666666667,4.066666666666666,0.0,0.0,1.5666666666666664,4.566666666666666,0.0,0.0,2,E515_2
E523,S3_C3_E523_V0324,15.125,background,S3/C3/S3_C3_E523_V0324.mp4,S3,C3,60.5,0,background,none,none,0,test,14.625,15.625,0.0,0.0,14.125,16.125,0.0,0.0,13.625,16.625,0.0,0.0,0,E523_0
E523,S3_C3_E523_V0324,30.25,background,S3/C3/S3_C3_E523_V0324.mp4,S3,C3,60.5,0,background,none,none,0,test,29.75,30.75,0.0,0.0,29.25,31.25,0.0,0.0,28.75,31.75,0.0,0.0,1,E523_1
E523,S3_C3_E523_V0324,45.375,background,S3/C3/S3_C3_E523_V0324.mp4,S3,C3,60.5,0,background,none,none,0,test,44.875,45.875,0.0,0.0,44.375,46.375,0.0,0.0,43.875,46.875,0.0,0.0,2,E523_2
E524,S3_C2_E524_V0087,10.25,animal_detection,S3/C2/S3_C2_E524_V0087.mp4,S3,C2,20.5,1,animal,red_deer,"foraging,grooming,marking,resting,unknown,vigilance",1,test,9.75,10.75,0.0,0.0,9.25,11.25,0.0,0.0,8.75,11.75,0.0,0.0,0,E524_0
E524,S3_C3_E524_V0330,1.0166666666666666,animal_detection,S3/C3/S3_C3_E524_V0330.mp4,S3,C3,2.5,1,animal,red_deer,"foraging,grooming,marking,resting,unknown,vigilance",1,test,0.5166666666666666,1.5166666666666666,0.0,0.0,0.016666666666666607,2.0166666666666666,0.0,0.0,0.0,2.5,0.4833333333333334,0.016666666666666607,1,E524_1
E524,S3_C3_E524_V0331,0.9166666666666666,animal_detection,S3/C3/S3_C3_E524_V0331.mp4,S3,C3,6.0,1,animal,red_deer,"foraging,grooming,marking,resting,unknown,vigilance",1,test,0.41666666666666663,1.4166666666666665,0.0,0.0,0.0,2.0,0.0,0.0,0.0,3.0,0.0,0.0,2,E524_2
E525,S3_C3_E525_V0334,9.0,animal_detection,S3/C3/S3_C3_E525_V0334.mp4,S3,C3,18.0,1,animal,red_deer,"foraging,grooming,marking,unknown,vigilance",1,test,8.5,9.5,0.0,0.0,8.0,10.0,0.0,0.0,7.5,10.5,0.0,0.0,0,E525_0
E525,S3_C3_E525_V0343,0.75,animal_detection,S3/C3/S3_C3_E525_V0343.mp4,S3,C3,1.5,1,animal,red_deer,"foraging,grooming,marking,unknown,vigilance",1,test,0.25,1.25,0.0,0.0,0.0,1.5,0.25,0.25,0.0,1.5,0.75,0.75,1,E525_1
E525,S3_C3_E525_V0344,1.5,animal_detection,S3/C3/S3_C3_E525_V0344.mp4,S3,C3,3.0,1,animal,red_deer,"foraging,grooming,marking,unknown,vigilance",1,test,1.0,2.0,0.0,0.0,0.5,2.5,0.0,0.0,0.0,3.0,0.0,0.0,2,E525_2
E526,S3_C3_E526_V0345,30.25,animal_detection,S3/C3/S3_C3_E526_V0345.mp4,S3,C3,60.5,1,animal,red_deer,foraging,1,test,29.75,30.75,0.0,0.0,29.25,31.25,0.0,0.0,28.75,31.75,0.0,0.0,0,E526_0
E529,S3_C3_E529_V0348,30.25,background,S3/C3/S3_C3_E529_V0348.mp4,S3,C3,60.5,0,background,none,none,0,test,29.75,30.75,0.0,0.0,29.25,31.25,0.0,0.0,28.75,31.75,0.0,0.0,0,E529_0
E529,S3_C3_E529_V0349,30.25,background,S3/C3/S3_C3_E529_V0349.mp4,S3,C3,60.5,0,background,none,none,0,test,29.75,30.75,0.0,0.0,29.25,31.25,0.0,0.0,28.75,31.75,0.0,0.0,1,E529_1
E529,S3_C3_E529_V0351,30.25,background,S3/C3/S3_C3_E529_V0351.mp4,S3,C3,60.5,0,background,none,none,0,test,29.75,30.75,0.0,0.0,29.25,31.25,0.0,0.0,28.75,31.75,0.0,0.0,2,E529_2
E532,S3_C3_E532_V0354,30.25,background,S3/C3/S3_C3_E532_V0354.mp4,S3,C3,60.5,0,background,none,none,0,test,29.75,30.75,0.0,0.0,29.25,31.25,0.0,0.0,28.75,31.75,0.0,0.0,0,E532_0
E532,S3_C3_E532_V0359,30.25,background,S3/C3/S3_C3_E532_V0359.mp4,S3,C3,60.5,0,background,none,none,0,test,29.75,30.75,0.0,0.0,29.25,31.25,0.0,0.0,28.75,31.75,0.0,0.0,1,E532_1
E532,S3_C3_E532_V0359,45.375,background,S3/C3/S3_C3_E532_V0359.mp4,S3,C3,60.5,0,background,none,none,0,test,44.875,45.875,0.0,0.0,44.375,46.375,0.0,0.0,43.875,46.875,0.0,0.0,2,E532_2
E534,S3_C3_E534_V0361,45.375,background,S3/C3/S3_C3_E534_V0361.mp4,S3,C3,60.5,0,background,none,none,0,test,44.875,45.875,0.0,0.0,44.375,46.375,0.0,0.0,43.875,46.875,0.0,0.0,0,E534_0
E534,S3_C3_E534_V0363,30.25,background,S3/C3/S3_C3_E534_V0363.mp4,S3,C3,60.5,0,background,none,none,0,test,29.75,30.75,0.0,0.0,29.25,31.25,0.0,0.0,28.75,31.75,0.0,0.0,1,E534_1
E534,S3_C3_E534_V0364,45.375,background,S3/C3/S3_C3_E534_V0364.mp4,S3,C3,60.5,0,background,none,none,0,test,44.875,45.875,0.0,0.0,44.375,46.375,0.0,0.0,43.875,46.875,0.0,0.0,2,E534_2
E535,S3_C3_E535_V0365,15.125,background,S3/C3/S3_C3_E535_V0365.mp4,S3,C3,60.5,0,background,none,none,0,test,14.625,15.625,0.0,0.0,14.125,16.125,0.0,0.0,13.625,16.625,0.0,0.0,0,E535_0
E535,S3_C3_E535_V0366,30.25,background,S3/C3/S3_C3_E535_V0366.mp4,S3,C3,60.5,0,background,none,none,0,test,29.75,30.75,0.0,0.0,29.25,31.25,0.0,0.0,28.75,31.75,0.0,0.0,1,E535_1
E535,S3_C3_E535_V0367,30.25,background,S3/C3/S3_C3_E535_V0367.mp4,S3,C3,60.5,0,background,none,none,0,test,29.75,30.75,0.0,0.0,29.25,31.25,0.0,0.0,28.75,31.75,0.0,0.0,2,E535_2
E536,S3_C2_E536_V0092,15.125,background,S3/C2/S3_C2_E536_V0092.mp4,S3,C2,60.5,0,background,none,none,0,test,14.625,15.625,0.0,0.0,14.125,16.125,0.0,0.0,13.625,16.625,0.0,0.0,0,E536_0
E536,S3_C3_E536_V0368,15.125,background,S3/C3/S3_C3_E536_V0368.mp4,S3,C3,60.5,0,background,none,none,0,test,14.625,15.625,0.0,0.0,14.125,16.125,0.0,0.0,13.625,16.625,0.0,0.0,1,E536_1
E536,S3_C3_E536_V0368,45.375,background,S3/C3/S3_C3_E536_V0368.mp4,S3,C3,60.5,0,background,none,none,0,test,44.875,45.875,0.0,0.0,44.375,46.375,0.0,0.0,43.875,46.875,0.0,0.0,2,E536_2
E540,S3_C3_E540_V0373,15.125,background,S3/C3/S3_C3_E540_V0373.mp4,S3,C3,60.5,0,background,none,none,0,test,14.625,15.625,0.0,0.0,14.125,16.125,0.0,0.0,13.625,16.625,0.0,0.0,0,E540_0
E540,S3_C3_E540_V0373,30.25,background,S3/C3/S3_C3_E540_V0373.mp4,S3,C3,60.5,0,background,none,none,0,test,29.75,30.75,0.0,0.0,29.25,31.25,0.0,0.0,28.75,31.75,0.0,0.0,1,E540_1
E540,S3_C3_E540_V0374,45.375,background,S3/C3/S3_C3_E540_V0374.mp4,S3,C3,60.5,0,background,none,none,0,test,44.875,45.875,0.0,0.0,44.375,46.375,0.0,0.0,43.875,46.875,0.0,0.0,2,E540_2
E541,S3_C3_E541_V0375,15.125,background,S3/C3/S3_C3_E541_V0375.mp4,S3,C3,60.5,0,background,none,none,0,test,14.625,15.625,0.0,0.0,14.125,16.125,0.0,0.0,13.625,16.625,0.0,0.0,0,E541_0
E541,S3_C3_E541_V0375,30.25,background,S3/C3/S3_C3_E541_V0375.mp4,S3,C3,60.5,0,background,none,none,0,test,29.75,30.75,0.0,0.0,29.25,31.25,0.0,0.0,28.75,31.75,0.0,0.0,1,E541_1
E541,S3_C3_E541_V0376,15.125,background,S3/C3/S3_C3_E541_V0376.mp4,S3,C3,60.5,0,background,none,none,0,test,14.625,15.625,0.0,0.0,14.125,16.125,0.0,0.0,13.625,16.625,0.0,0.0,2,E541_2
E545,S3_C3_E545_V0392,0.9,animal_detection,S3/C3/S3_C3_E545_V0392.mp4,S3,C3,2.0,1,animal,red_deer,"camera_reaction,courtship,foraging,grooming,marking,playing,resting,unknown,vigilance",2,test,0.4,1.4,0.0,0.0,0.0,2.0,0.0,0.0,0.0,2.0,0.6,0.3999999999999999,0,E545_0
E545,S3_C3_E545_V0395,1.25,animal_detection,S3/C3/S3_C3_E545_V0395.mp4,S3,C3,2.5,1,animal,red_deer,"camera_reaction,courtship,foraging,grooming,marking,playing,resting,unknown,vigilance",2,test,0.75,1.75,0.0,0.0,0.25,2.25,0.0,0.0,0.0,2.5,0.25,0.25,1,E545_1
E545,S3_C3_E545_V0408,1.9833333333333334,animal_detection,S3/C3/S3_C3_E545_V0408.mp4,S3,C3,4.0,1,animal,red_deer,"camera_reaction,courtship,foraging,grooming,marking,playing,resting,unknown,vigilance",2,test,1.4833333333333334,2.4833333333333334,0.0,0.0,0.9833333333333334,2.9833333333333334,0.0,0.0,0.4833333333333334,3.4833333333333334,0.0,0.0,2,E545_2
E546,S3_C2_E546_V0099,8.383333333333333,animal_detection,S3/C2/S3_C2_E546_V0099.mp4,S3,C2,20.5,1,animal,red_deer,"foraging,vigilance",1,test,7.883333333333333,8.883333333333333,0.0,0.0,7.383333333333333,9.383333333333333,0.0,0.0,6.883333333333333,9.883333333333333,0.0,0.0,0,E546_0
E548,S3_C3_E548_V0443,15.125,background,S3/C3/S3_C3_E548_V0443.mp4,S3,C3,60.5,0,background,none,none,0,test,14.625,15.625,0.0,0.0,14.125,16.125,0.0,0.0,13.625,16.625,0.0,0.0,0,E548_0
E548,S3_C3_E548_V0443,30.25,background,S3/C3/S3_C3_E548_V0443.mp4,S3,C3,60.5,0,background,none,none,0,test,29.75,30.75,0.0,0.0,29.25,31.25,0.0,0.0,28.75,31.75,0.0,0.0,1,E548_1
E548,S3_C3_E548_V0443,45.375,background,S3/C3/S3_C3_E548_V0443.mp4,S3,C3,60.5,0,background,none,none,0,test,44.875,45.875,0.0,0.0,44.375,46.375,0.0,0.0,43.875,46.875,0.0,0.0,2,E548_2
E549,S3_C3_E549_V0444,30.25,background,S3/C3/S3_C3_E549_V0444.mp4,S3,C3,60.5,0,background,none,none,0,test,29.75,30.75,0.0,0.0,29.25,31.25,0.0,0.0,28.75,31.75,0.0,0.0,0,E549_0
E549,S3_C3_E549_V0444,45.375,background,S3/C3/S3_C3_E549_V0444.mp4,S3,C3,60.5,0,background,none,none,0,test,44.875,45.875,0.0,0.0,44.375,46.375,0.0,0.0,43.875,46.875,0.0,0.0,1,E549_1
E549,S3_C3_E549_V0445,45.375,background,S3/C3/S3_C3_E549_V0445.mp4,S3,C3,60.5,0,background,none,none,0,test,44.875,45.875,0.0,0.0,44.375,46.375,0.0,0.0,43.875,46.875,0.0,0.0,2,E549_2
E552,S3_C3_E552_V0448,15.125,background,S3/C3/S3_C3_E552_V0448.mp4,S3,C3,60.5,0,background,none,none,0,test,14.625,15.625,0.0,0.0,14.125,16.125,0.0,0.0,13.625,16.625,0.0,0.0,0,E552_0
E552,S3_C3_E552_V0449,15.125,background,S3/C3/S3_C3_E552_V0449.mp4,S3,C3,60.5,0,background,none,none,0,test,14.625,15.625,0.0,0.0,14.125,16.125,0.0,0.0,13.625,16.625,0.0,0.0,1,E552_1
E552,S3_C3_E552_V0450,45.375,background,S3/C3/S3_C3_E552_V0450.mp4,S3,C3,60.5,0,background,none,none,0,test,44.875,45.875,0.0,0.0,44.375,46.375,0.0,0.0,43.875,46.875,0.0,0.0,2,E552_2
E554,S3_C2_E554_V0100,15.125,background,S3/C2/S3_C2_E554_V0100.mp4,S3,C2,60.5,0,background,none,none,0,test,14.625,15.625,0.0,0.0,14.125,16.125,0.0,0.0,13.625,16.625,0.0,0.0,0,E554_0
E554,S3_C2_E554_V0100,30.25,background,S3/C2/S3_C2_E554_V0100.mp4,S3,C2,60.5,0,background,none,none,0,test,29.75,30.75,0.0,0.0,29.25,31.25,0.0,0.0,28.75,31.75,0.0,0.0,1,E554_1
E554,S3_C2_E554_V0100,45.375,background,S3/C2/S3_C2_E554_V0100.mp4,S3,C2,60.5,0,background,none,none,0,test,44.875,45.875,0.0,0.0,44.375,46.375,0.0,0.0,43.875,46.875,0.0,0.0,2,E554_2
E560,S3_C3_E560_V0458,1.2666666666666666,animal_detection,S3/C3/S3_C3_E560_V0458.mp4,S3,C3,5.0,1,animal,red_deer,unknown,2,test,0.7666666666666666,1.7666666666666666,0.0,0.0,0.2666666666666666,2.2666666666666666,0.0,0.0,0.0,3.0,0.0,0.0,0,E560_0
E598,S3_C3_E598_V0553,45.375,background,S3/C3/S3_C3_E598_V0553.mp4,S3,C3,60.5,0,background,none,none,0,test,44.875,45.875,0.0,0.0,44.375,46.375,0.0,0.0,43.875,46.875,0.0,0.0,0,E598_0
E598,S3_C3_E598_V0555,30.25,background,S3/C3/S3_C3_E598_V0555.mp4,S3,C3,60.5,0,background,none,none,0,test,29.75,30.75,0.0,0.0,29.25,31.25,0.0,0.0,28.75,31.75,0.0,0.0,1,E598_1
E598,S3_C3_E598_V0555,45.375,background,S3/C3/S3_C3_E598_V0555.mp4,S3,C3,60.5,0,background,none,none,0,test,44.875,45.875,0.0,0.0,44.375,46.375,0.0,0.0,43.875,46.875,0.0,0.0,2,E598_2
E60,S1_C1_E60_V0143,13.533333333333333,animal_detection,S1/C1/S1_C1_E60_V0143.mp4,S1,C1,20.5,1,animal,roe_deer,"foraging,unknown,vigilance",3+,test,13.033333333333333,14.033333333333333,0.0,0.0,12.533333333333333,14.533333333333333,0.0,0.0,12.033333333333333,15.033333333333333,0.0,0.0,0,E60_0
E60,S1_C1_E60_V0144,0.6333333333333333,animal_detection,S1/C1/S1_C1_E60_V0144.mp4,S1,C1,20.5,1,animal,roe_deer,"foraging,unknown,vigilance",3+,test,0.1333333333333333,1.1333333333333333,0.0,0.0,0.0,2.0,0.0,0.0,0.0,3.0,0.0,0.0,1,E60_1
E60,S1_C2_E60_V0090,6.266666666666667,animal_detection,S1/C2/S1_C2_E60_V0090.mp4,S1,C2,20.5,1,animal,roe_deer,"foraging,unknown,vigilance",3+,test,5.766666666666667,6.766666666666667,0.0,0.0,5.266666666666667,7.266666666666667,0.0,0.0,4.766666666666667,7.766666666666667,0.0,0.0,2,E60_2
E604,S3_C3_E604_V0564,15.125,background,S3/C3/S3_C3_E604_V0564.mp4,S3,C3,60.5,0,background,none,none,0,test,14.625,15.625,0.0,0.0,14.125,16.125,0.0,0.0,13.625,16.625,0.0,0.0,0,E604_0
E604,S3_C3_E604_V0564,30.25,background,S3/C3/S3_C3_E604_V0564.mp4,S3,C3,60.5,0,background,none,none,0,test,29.75,30.75,0.0,0.0,29.25,31.25,0.0,0.0,28.75,31.75,0.0,0.0,1,E604_1
E604,S3_C3_E604_V0564,45.375,background,S3/C3/S3_C3_E604_V0564.mp4,S3,C3,60.5,0,background,none,none,0,test,44.875,45.875,0.0,0.0,44.375,46.375,0.0,0.0,43.875,46.875,0.0,0.0,2,E604_2
E607,S3_C2_E607_V0118,15.125,background,S3/C2/S3_C2_E607_V0118.mp4,S3,C2,60.5,0,background,none,none,0,test,14.625,15.625,0.0,0.0,14.125,16.125,0.0,0.0,13.625,16.625,0.0,0.0,0,E607_0
E607,S3_C2_E607_V0119,15.125,background,S3/C2/S3_C2_E607_V0119.mp4,S3,C2,60.5,0,background,none,none,0,test,14.625,15.625,0.0,0.0,14.125,16.125,0.0,0.0,13.625,16.625,0.0,0.0,1,E607_1
E607,S3_C3_E607_V0569,30.25,background,S3/C3/S3_C3_E607_V0569.mp4,S3,C3,60.5,0,background,none,none,0,test,29.75,30.75,0.0,0.0,29.25,31.25,0.0,0.0,28.75,31.75,0.0,0.0,2,E607_2
E608,S3_C3_E608_V0571,30.25,background,S3/C3/S3_C3_E608_V0571.mp4,S3,C3,60.5,0,background,none,none,0,test,29.75,30.75,0.0,0.0,29.25,31.25,0.0,0.0,28.75,31.75,0.0,0.0,0,E608_0
E608,S3_C3_E608_V0573,45.375,background,S3/C3/S3_C3_E608_V0573.mp4,S3,C3,60.5,0,background,none,none,0,test,44.875,45.875,0.0,0.0,44.375,46.375,0.0,0.0,43.875,46.875,0.0,0.0,1,E608_1
E608,S3_C3_E608_V0576,15.125,background,S3/C3/S3_C3_E608_V0576.mp4,S3,C3,60.5,0,background,none,none,0,test,14.625,15.625,0.0,0.0,14.125,16.125,0.0,0.0,13.625,16.625,0.0,0.0,2,E608_2
E61,S1_C3_E61_V0029,9.466666666666667,animal_detection,S1/C3/S1_C3_E61_V0029.mp4,S1,C3,20.5,1,animal,hare,camera_reaction,1,test,8.966666666666667,9.966666666666667,0.0,0.0,8.466666666666667,10.466666666666667,0.0,0.0,7.966666666666667,10.966666666666667,0.0,0.0,0,E61_0
E614,S3_C2_E614_V0123,10.25,animal_detection,S3/C2/S3_C2_E614_V0123.mp4,S3,C2,20.5,1,animal,red_deer,"foraging,vigilance",1,test,9.75,10.75,0.0,0.0,9.25,11.25,0.0,0.0,8.75,11.75,0.0,0.0,0,E614_0
E615,S3_C2_E615_V0124,10.25,animal_detection,S3/C2/S3_C2_E615_V0124.mp4,S3,C2,20.5,1,animal,red_deer,"foraging,vigilance",2,test,9.75,10.75,0.0,0.0,9.25,11.25,0.0,0.0,8.75,11.75,0.0,0.0,0,E615_0
E615,S3_C2_E615_V0125,10.25,animal_detection,S3/C2/S3_C2_E615_V0125.mp4,S3,C2,20.5,1,animal,red_deer,"foraging,vigilance",2,test,9.75,10.75,0.0,0.0,9.25,11.25,0.0,0.0,8.75,11.75,0.0,0.0,1,E615_1
E66,S1_C1_E66_V0152,23.75,animal_detection,S1/C1/S1_C1_E66_V0152.mp4,S1,C1,120.5,1,animal,red_deer,"foraging,unknown,vigilance",2,test,23.25,24.25,0.0,0.0,22.75,24.75,0.0,0.0,22.25,25.25,0.0,0.0,0,E66_0
E66,S1_C1_E66_V0152,108.28333333333333,animal_detection,S1/C1/S1_C1_E66_V0152.mp4,S1,C1,120.5,1,animal,red_deer,"foraging,unknown,vigilance",2,test,107.78333333333333,108.78333333333333,0.0,0.0,107.28333333333333,109.28333333333333,0.0,0.0,106.78333333333333,109.78333333333333,0.0,0.0,1,E66_1
E66,S1_C2_E66_V0092,3.3333333333333335,animal_detection,S1/C2/S1_C2_E66_V0092.mp4,S1,C2,120.5,1,animal,red_deer,"foraging,unknown,vigilance",2,test,2.8333333333333335,3.8333333333333335,0.0,0.0,2.3333333333333335,4.333333333333334,0.0,0.0,1.8333333333333335,4.833333333333334,0.0,0.0,2,E66_2
E67,S1_C3_E67_V0030,10.25,animal_detection,S1/C3/S1_C3_E67_V0030.mp4,S1,C3,20.5,1,animal,red_deer,"camera_reaction,foraging,unknown",1,test,9.75,10.75,0.0,0.0,9.25,11.25,0.0,0.0,8.75,11.75,0.0,0.0,0,E67_0
E67,S1_C3_E67_V0031,10.25,animal_detection,S1/C3/S1_C3_E67_V0031.mp4,S1,C3,20.5,1,animal,red_deer,"camera_reaction,foraging,unknown",1,test,9.75,10.75,0.0,0.0,9.25,11.25,0.0,0.0,8.75,11.75,0.0,0.0,1,E67_1
E67,S1_C3_E67_V0032,10.25,animal_detection,S1/C3/S1_C3_E67_V0032.mp4,S1,C3,20.5,1,animal,red_deer,"camera_reaction,foraging,unknown",1,test,9.75,10.75,0.0,0.0,9.25,11.25,0.0,0.0,8.75,11.75,0.0,0.0,2,E67_2
E68,S1_C1_E68_V0155,10.25,animal_detection,S1/C1/S1_C1_E68_V0155.mp4,S1,C1,20.5,1,animal,red_deer,"foraging,unknown,vigilance",1,test,9.75,10.75,0.0,0.0,9.25,11.25,0.0,0.0,8.75,11.75,0.0,0.0,0,E68_0
E68,S1_C1_E68_V0157,10.25,animal_detection,S1/C1/S1_C1_E68_V0157.mp4,S1,C1,20.5,1,animal,red_deer,"foraging,unknown,vigilance",1,test,9.75,10.75,0.0,0.0,9.25,11.25,0.0,0.0,8.75,11.75,0.0,0.0,1,E68_1
E68,S1_C1_E68_V0159,10.25,animal_detection,S1/C1/S1_C1_E68_V0159.mp4,S1,C1,20.5,1,animal,red_deer,"foraging,unknown,vigilance",1,test,9.75,10.75,0.0,0.0,9.25,11.25,0.0,0.0,8.75,11.75,0.0,0.0,2,E68_2
E685,S3_C2_E685_V0172,10.25,animal_detection,S3/C2/S3_C2_E685_V0172.mp4,S3,C2,20.5,1,animal,red_deer,"foraging,marking,vigilance",1,test,9.75,10.75,0.0,0.0,9.25,11.25,0.0,0.0,8.75,11.75,0.0,0.0,0,E685_0
E685,S3_C2_E685_V0173,10.25,animal_detection,S3/C2/S3_C2_E685_V0173.mp4,S3,C2,20.5,1,animal,red_deer,"foraging,marking,vigilance",1,test,9.75,10.75,0.0,0.0,9.25,11.25,0.0,0.0,8.75,11.75,0.0,0.0,1,E685_1
E685,S3_C2_E685_V0174,4.1,animal_detection,S3/C2/S3_C2_E685_V0174.mp4,S3,C2,20.5,1,animal,red_deer,"foraging,marking,vigilance",1,test,3.5999999999999996,4.6,0.0,0.0,3.0999999999999996,5.1,0.0,0.0,2.5999999999999996,5.6,0.0,0.0,2,E685_2
E686,S3_C2_E686_V0175,10.25,animal_detection,S3/C2/S3_C2_E686_V0175.mp4,S3,C2,20.5,1,animal,red_deer,"escaping,foraging,unknown,vigilance",2,test,9.75,10.75,0.0,0.0,9.25,11.25,0.0,0.0,8.75,11.75,0.0,0.0,0,E686_0
E686,S3_C2_E686_V0176,0.7166666666666667,animal_detection,S3/C2/S3_C2_E686_V0176.mp4,S3,C2,20.5,1,animal,red_deer,"escaping,foraging,unknown,vigilance",2,test,0.21666666666666667,1.2166666666666668,0.0,0.0,0.0,2.0,0.0,0.0,0.0,3.0,0.0,0.0,1,E686_1
E686,S3_C2_E686_V0176,19.883333333333333,animal_detection,S3/C2/S3_C2_E686_V0176.mp4,S3,C2,20.5,1,animal,red_deer,"escaping,foraging,unknown,vigilance",2,test,19.383333333333333,20.383333333333333,0.0,0.0,18.5,20.5,0.0,0.0,17.5,20.5,0.0,0.0,2,E686_2
E699,S3_C2_E699_V0186,30.25,animal_detection,S3/C2/S3_C2_E699_V0186.mp4,S3,C2,60.5,1,animal,red_deer,"foraging,vigilance",1,test,29.75,30.75,0.0,0.0,29.25,31.25,0.0,0.0,28.75,31.75,0.0,0.0,0,E699_0
E699,S3_C2_E699_V0187,1.2166666666666666,animal_detection,S3/C2/S3_C2_E699_V0187.mp4,S3,C2,60.5,1,animal,red_deer,"foraging,vigilance",1,test,0.7166666666666666,1.7166666666666666,0.0,0.0,0.21666666666666656,2.216666666666667,0.0,0.0,0.0,3.0,0.0,0.0,1,E699_1
E701,S3_C2_E701_V0189,10.25,animal_detection,S3/C2/S3_C2_E701_V0189.mp4,S3,C2,20.5,1,animal,red_deer,foraging,1,test,9.75,10.75,0.0,0.0,9.25,11.25,0.0,0.0,8.75,11.75,0.0,0.0,0,E701_0
E702,S3_C2_E702_V0190,8.016666666666667,animal_detection,S3/C2/S3_C2_E702_V0190.mp4,S3,C2,20.5,1,animal,red_deer,foraging,1,test,7.5166666666666675,8.516666666666667,0.0,0.0,7.0166666666666675,9.016666666666667,0.0,0.0,6.5166666666666675,9.516666666666667,0.0,0.0,0,E702_0
E75,S1_C1_E75_V0185,30.125,background,S1/C1/S1_C1_E75_V0185.mp4,S1,C1,120.5,0,background,none,none,0,test,29.625,30.625,0.0,0.0,29.125,31.125,0.0,0.0,28.625,31.625,0.0,0.0,0,E75_0
E75,S1_C1_E75_V0185,60.25,background,S1/C1/S1_C1_E75_V0185.mp4,S1,C1,120.5,0,background,none,none,0,test,59.75,60.75,0.0,0.0,59.25,61.25,0.0,0.0,58.75,61.75,0.0,0.0,1,E75_1
E75,S1_C1_E75_V0185,90.375,background,S1/C1/S1_C1_E75_V0185.mp4,S1,C1,120.5,0,background,none,none,0,test,89.875,90.875,0.0,0.0,89.375,91.375,0.0,0.0,88.875,91.875,0.0,0.0,2,E75_2
E78,S1_C1_E78_V0188,30.125,background,S1/C1/S1_C1_E78_V0188.mp4,S1,C1,120.5,0,background,none,none,0,test,29.625,30.625,0.0,0.0,29.125,31.125,0.0,0.0,28.625,31.625,0.0,0.0,0,E78_0
E78,S1_C1_E78_V0188,60.25,background,S1/C1/S1_C1_E78_V0188.mp4,S1,C1,120.5,0,background,none,none,0,test,59.75,60.75,0.0,0.0,59.25,61.25,0.0,0.0,58.75,61.75,0.0,0.0,1,E78_1
E78,S1_C1_E78_V0188,90.375,background,S1/C1/S1_C1_E78_V0188.mp4,S1,C1,120.5,0,background,none,none,0,test,89.875,90.875,0.0,0.0,89.375,91.375,0.0,0.0,88.875,91.875,0.0,0.0,2,E78_2
E789,S3_C2_E789_V0513,4.183333333333334,animal_detection,S3/C2/S3_C2_E789_V0513.mp4,S3,C2,8.5,1,animal,red_deer,foraging,1,test,3.6833333333333336,4.683333333333334,0.0,0.0,3.1833333333333336,5.183333333333334,0.0,0.0,2.6833333333333336,5.683333333333334,0.0,0.0,0,E789_0
E790,S3_C2_E790_V0514,3.783333333333333,animal_detection,S3/C2/S3_C2_E790_V0514.mp4,S3,C2,8.0,1,animal,red_deer,foraging,1,test,3.283333333333333,4.283333333333333,0.0,0.0,2.783333333333333,4.783333333333333,0.0,0.0,2.283333333333333,5.283333333333333,0.0,0.0,0,E790_0
E791,S3_C2_E791_V0515,1.8333333333333333,animal_detection,S3/C2/S3_C2_E791_V0515.mp4,S3,C2,6.5,1,animal,red_deer,foraging,1,test,1.3333333333333333,2.333333333333333,0.0,0.0,0.8333333333333333,2.833333333333333,0.0,0.0,0.33333333333333304,3.333333333333333,0.0,0.0,0,E791_0
E791,S3_C2_E791_V0516,2.4833333333333334,animal_detection,S3/C2/S3_C2_E791_V0516.mp4,S3,C2,5.0,1,animal,red_deer,foraging,1,test,1.9833333333333334,2.9833333333333334,0.0,0.0,1.4833333333333334,3.4833333333333334,0.0,0.0,0.9833333333333334,3.9833333333333334,0.0,0.0,1,E791_1
E791,S3_C2_E791_V0517,2.3833333333333333,animal_detection,S3/C2/S3_C2_E791_V0517.mp4,S3,C2,5.0,1,animal,red_deer,foraging,1,test,1.8833333333333333,2.8833333333333333,0.0,0.0,1.3833333333333333,3.3833333333333333,0.0,0.0,0.8833333333333333,3.8833333333333333,0.0,0.0,2,E791_2
E792,S3_C2_E792_V0523,30.25,animal_detection,S3/C2/S3_C2_E792_V0523.mp4,S3,C2,60.5,1,animal,red_deer,"courtship,foraging,grooming,marking,resting,unknown,vigilance",1,test,29.75,30.75,0.0,0.0,29.25,31.25,0.0,0.0,28.75,31.75,0.0,0.0,0,E792_0
E792,S3_C2_E792_V0526,6.65,animal_detection,S3/C2/S3_C2_E792_V0526.mp4,S3,C2,60.5,1,animal,red_deer,"courtship,foraging,grooming,marking,resting,unknown,vigilance",1,test,6.15,7.15,0.0,0.0,5.65,7.65,0.0,0.0,5.15,8.15,0.0,0.0,1,E792_1
E792,S3_C2_E792_V0533,25.433333333333334,animal_detection,S3/C2/S3_C2_E792_V0533.mp4,S3,C2,60.5,1,animal,red_deer,"courtship,foraging,grooming,marking,resting,unknown,vigilance",1,test,24.933333333333334,25.933333333333334,0.0,0.0,24.433333333333334,26.433333333333334,0.0,0.0,23.933333333333334,26.933333333333334,0.0,0.0,2,E792_2
E84,S1_C1_E84_V0194,7.0,animal_detection,S1/C1/S1_C1_E84_V0194.mp4,S1,C1,20.5,1,animal,red_deer,"foraging,unknown,vigilance",1,test,6.5,7.5,0.0,0.0,6.0,8.0,0.0,0.0,5.5,8.5,0.0,0.0,0,E84_0
E84,S1_C2_E84_V0093,6.433333333333334,animal_detection,S1/C2/S1_C2_E84_V0093.mp4,S1,C2,20.5,1,animal,red_deer,"foraging,unknown,vigilance",1,test,5.933333333333334,6.933333333333334,0.0,0.0,5.433333333333334,7.433333333333334,0.0,0.0,4.933333333333334,7.933333333333334,0.0,0.0,1,E84_1
E84,S1_C3_E84_V0038,6.166666666666667,animal_detection,S1/C3/S1_C3_E84_V0038.mp4,S1,C3,20.5,1,animal,red_deer,"foraging,unknown,vigilance",1,test,5.666666666666667,6.666666666666667,0.0,0.0,5.166666666666667,7.166666666666667,0.0,0.0,4.666666666666667,7.666666666666667,0.0,0.0,2,E84_2
E10,S1_C1_E10_V0031,19.099999999999998,animal_detection,S1/C1/S1_C1_E10_V0031.mp4,S1,C1,120.5,1,animal,roe_deer,"foraging,unknown,vigilance",3+,train,18.599999999999998,19.599999999999998,0.0,0.0,18.099999999999998,20.099999999999998,0.0,0.0,17.599999999999998,20.599999999999998,0.0,0.0,0,E10_0
E103,S1_C1_E103_V0256,1.9833333333333334,animal_detection,S1/C1/S1_C1_E103_V0256.mp4,S1,C1,4.0,1,animal,red_deer,"foraging,unknown,vigilance",1,train,1.4833333333333334,2.4833333333333334,0.0,0.0,0.9833333333333334,2.9833333333333334,0.0,0.0,0.4833333333333334,3.4833333333333334,0.0,0.0,0,E103_0
E103,S1_C1_E103_V0259,2.3833333333333333,animal_detection,S1/C1/S1_C1_E103_V0259.mp4,S1,C1,5.0,1,animal,red_deer,"foraging,unknown,vigilance",1,train,1.8833333333333333,2.8833333333333333,0.0,0.0,1.3833333333333333,3.3833333333333333,0.0,0.0,0.8833333333333333,3.8833333333333333,0.0,0.0,1,E103_1
E103,S1_C1_E103_V0261,1.8833333333333333,animal_detection,S1/C1/S1_C1_E103_V0261.mp4,S1,C1,4.0,1,animal,red_deer,"foraging,unknown,vigilance",1,train,1.3833333333333333,2.3833333333333333,0.0,0.0,0.8833333333333333,2.8833333333333333,0.0,0.0,0.3833333333333333,3.3833333333333333,0.0,0.0,2,E103_2
E104,S1_C1_E104_V0264,2.9833333333333334,animal_detection,S1/C1/S1_C1_E104_V0264.mp4,S1,C1,6.0,1,animal,red_deer,"courtship,foraging,grooming,vigilance",1,train,2.4833333333333334,3.4833333333333334,0.0,0.0,1.9833333333333334,3.9833333333333334,0.0,0.0,1.4833333333333334,4.483333333333333,0.0,0.0,0,E104_0
E104,S1_C1_E104_V0267,0.9833333333333333,animal_detection,S1/C1/S1_C1_E104_V0267.mp4,S1,C1,2.0,1,animal,red_deer,"courtship,foraging,grooming,vigilance",1,train,0.4833333333333333,1.4833333333333334,0.0,0.0,0.0,2.0,0.0,0.0,0.0,2.0,0.5166666666666667,0.4833333333333334,1,E104_1
E104,S1_C2_E104_V0120,10.25,animal_detection,S1/C2/S1_C2_E104_V0120.mp4,S1,C2,20.5,1,animal,red_deer,"courtship,foraging,grooming,vigilance",1,train,9.75,10.75,0.0,0.0,9.25,11.25,0.0,0.0,8.75,11.75,0.0,0.0,2,E104_2
E105,S1_C1_E105_V0290,4.3,animal_detection,S1/C1/S1_C1_E105_V0290.mp4,S1,C1,9.0,1,animal,red_deer,"courtship,foraging,marking,unknown,vigilance",1,train,3.8,4.8,0.0,0.0,3.3,5.3,0.0,0.0,2.8,5.8,0.0,0.0,0,E105_0
E105,S1_C1_E105_V0293,1.5,animal_detection,S1/C1/S1_C1_E105_V0293.mp4,S1,C1,3.0,1,animal,red_deer,"courtship,foraging,marking,unknown,vigilance",1,train,1.0,2.0,0.0,0.0,0.5,2.5,0.0,0.0,0.0,3.0,0.0,0.0,1,E105_1
E105,S1_C2_E105_V0123,10.25,animal_detection,S1/C2/S1_C2_E105_V0123.mp4,S1,C2,20.5,1,animal,red_deer,"courtship,foraging,marking,unknown,vigilance",1,train,9.75,10.75,0.0,0.0,9.25,11.25,0.0,0.0,8.75,11.75,0.0,0.0,2,E105_2
E106,S1_C1_E106_V0315,0.8333333333333334,animal_detection,S1/C1/S1_C1_E106_V0315.mp4,S1,C1,2.0,1,animal,red_deer,"foraging,unknown,vigilance",1,train,0.33333333333333337,1.3333333333333335,0.0,0.0,0.0,2.0,0.0,0.0,0.0,2.0,0.6666666666666666,0.3333333333333335,0,E106_0
E106,S1_C1_E106_V0325,1.5,animal_detection,S1/C1/S1_C1_E106_V0325.mp4,S1,C1,3.0,1,animal,red_deer,"foraging,unknown,vigilance",1,train,1.0,2.0,0.0,0.0,0.5,2.5,0.0,0.0,0.0,3.0,0.0,0.0,1,E106_1
E106,S1_C2_E106_V0154,10.25,animal_detection,S1/C2/S1_C2_E106_V0154.mp4,S1,C2,20.5,1,animal,red_deer,"foraging,unknown,vigilance",1,train,9.75,10.75,0.0,0.0,9.25,11.25,0.0,0.0,8.75,11.75,0.0,0.0,2,E106_2
E107,S1_C1_E107_V0329,2.183333333333333,animal_detection,S1/C1/S1_C1_E107_V0329.mp4,S1,C1,4.5,1,animal,red_deer,foraging,1,train,1.6833333333333331,2.683333333333333,0.0,0.0,1.1833333333333331,3.183333333333333,0.0,0.0,0.6833333333333331,3.683333333333333,0.0,0.0,0,E107_0
E107,S1_C1_E107_V0331,0.6666666666666666,animal_detection,S1/C1/S1_C1_E107_V0331.mp4,S1,C1,1.5,1,animal,red_deer,foraging,1,train,0.16666666666666663,1.1666666666666665,0.0,0.0,0.0,1.5,0.33333333333333337,0.16666666666666652,0.0,1.5,0.8333333333333334,0.6666666666666665,1,E107_1
E107,S1_C2_E107_V0158,10.25,animal_detection,S1/C2/S1_C2_E107_V0158.mp4,S1,C2,20.5,1,animal,red_deer,foraging,1,train,9.75,10.75,0.0,0.0,9.25,11.25,0.0,0.0,8.75,11.75,0.0,0.0,2,E107_2
E108,S1_C2_E108_V0160,10.25,animal_detection,S1/C2/S1_C2_E108_V0160.mp4,S1,C2,20.5,1,animal,red_deer,foraging,1,train,9.75,10.75,0.0,0.0,9.25,11.25,0.0,0.0,8.75,11.75,0.0,0.0,0,E108_0
E109,S1_C1_E109_V0339,2.183333333333333,animal_detection,S1/C1/S1_C1_E109_V0339.mp4,S1,C1,4.5,1,animal,red_deer,"foraging,unknown",1,train,1.6833333333333331,2.683333333333333,0.0,0.0,1.1833333333333331,3.183333333333333,0.0,0.0,0.6833333333333331,3.683333333333333,0.0,0.0,0,E109_0
E109,S1_C2_E109_V0161,10.25,animal_detection,S1/C2/S1_C2_E109_V0161.mp4,S1,C2,20.5,1,animal,red_deer,"foraging,unknown",1,train,9.75,10.75,0.0,0.0,9.25,11.25,0.0,0.0,8.75,11.75,0.0,0.0,1,E109_1
E109,S1_C2_E109_V0162,6.333333333333333,animal_detection,S1/C2/S1_C2_E109_V0162.mp4,S1,C2,20.5,1,animal,red_deer,"foraging,unknown",1,train,5.833333333333333,6.833333333333333,0.0,0.0,5.333333333333333,7.333333333333333,0.0,0.0,4.833333333333333,7.833333333333333,0.0,0.0,2,E109_2
E115,S1_C1_E115_V0351,2.183333333333333,animal_detection,S1/C1/S1_C1_E115_V0351.mp4,S1,C1,4.5,1,animal,red_deer,"foraging,unknown,vigilance",1,train,1.6833333333333331,2.683333333333333,0.0,0.0,1.1833333333333331,3.183333333333333,0.0,0.0,0.6833333333333331,3.683333333333333,0.0,0.0,0,E115_0
E115,S1_C1_E115_V0352,0.6833333333333333,animal_detection,S1/C1/S1_C1_E115_V0352.mp4,S1,C1,1.5,1,animal,red_deer,"foraging,unknown,vigilance",1,train,0.18333333333333335,1.1833333333333333,0.0,0.0,0.0,1.5,0.31666666666666665,0.18333333333333335,0.0,1.5,0.8166666666666667,0.6833333333333336,1,E115_1
E115,S1_C2_E115_V0169,8.916666666666666,animal_detection,S1/C2/S1_C2_E115_V0169.mp4,S1,C2,20.5,1,animal,red_deer,"foraging,unknown,vigilance",1,train,8.416666666666666,9.416666666666666,0.0,0.0,7.916666666666666,9.916666666666666,0.0,0.0,7.416666666666666,10.416666666666666,0.0,0.0,2,E115_2
E116,S1_C1_E116_V0357,4.666666666666667,animal_detection,S1/C1/S1_C1_E116_V0357.mp4,S1,C1,19.5,1,animal,red_deer,foraging,2,train,4.166666666666667,5.166666666666667,0.0,0.0,3.666666666666667,5.666666666666667,0.0,0.0,3.166666666666667,6.166666666666667,0.0,0.0,0,E116_0
E116,S1_C1_E116_V0358,0.9166666666666666,animal_detection,S1/C1/S1_C1_E116_V0358.mp4,S1,C1,15.0,1,animal,red_deer,foraging,2,train,0.41666666666666663,1.4166666666666665,0.0,0.0,0.0,2.0,0.0,0.0,0.0,3.0,0.0,0.0,1,E116_1
E117,S1_C1_E117_V0367,1.15,animal_detection,S1/C1/S1_C1_E117_V0367.mp4,S1,C1,2.5,1,animal,red_deer,"foraging,unknown",1,train,0.6499999999999999,1.65,0.0,0.0,0.1499999999999999,2.15,0.0,0.0,0.0,2.5,0.3500000000000001,0.1499999999999999,0,E117_0
E117,S1_C2_E117_V0171,10.25,animal_detection,S1/C2/S1_C2_E117_V0171.mp4,S1,C2,20.5,1,animal,red_deer,"foraging,unknown",1,train,9.75,10.75,0.0,0.0,9.25,11.25,0.0,0.0,8.75,11.75,0.0,0.0,1,E117_1
E117,S1_C2_E117_V0172,10.25,animal_detection,S1/C2/S1_C2_E117_V0172.mp4,S1,C2,20.5,1,animal,red_deer,"foraging,unknown",1,train,9.75,10.75,0.0,0.0,9.25,11.25,0.0,0.0,8.75,11.75,0.0,0.0,2,E117_2
E118,S1_C1_E118_V0376,0.9166666666666666,animal_detection,S1/C1/S1_C1_E118_V0376.mp4,S1,C1,2.0,1,animal,red_deer,"foraging,marking,unknown,vigilance",1,train,0.41666666666666663,1.4166666666666665,0.0,0.0,0.0,2.0,0.0,0.0,0.0,2.0,0.5833333333333334,0.4166666666666665,0,E118_0
E118,S1_C1_E118_V0385,0.6666666666666666,animal_detection,S1/C1/S1_C1_E118_V0385.mp4,S1,C1,1.5,1,animal,red_deer,"foraging,marking,unknown,vigilance",1,train,0.16666666666666663,1.1666666666666665,0.0,0.0,0.0,1.5,0.33333333333333337,0.16666666666666652,0.0,1.5,0.8333333333333334,0.6666666666666665,1,E118_1
E118,S1_C2_E118_V0179,9.683333333333334,animal_detection,S1/C2/S1_C2_E118_V0179.mp4,S1,C2,19.5,1,animal,red_deer,"foraging,marking,unknown,vigilance",1,train,9.183333333333334,10.183333333333334,0.0,0.0,8.683333333333334,10.683333333333334,0.0,0.0,8.183333333333334,11.183333333333334,0.0,0.0,2,E118_2
E121,S1_C1_E121_V0421,0.8333333333333334,animal_detection,S1/C1/S1_C1_E121_V0421.mp4,S1,C1,2.0,1,animal,red_deer,"foraging,unknown,vigilance",1,train,0.33333333333333337,1.3333333333333335,0.0,0.0,0.0,2.0,0.0,0.0,0.0,2.0,0.6666666666666666,0.3333333333333335,0,E121_0
E121,S1_C1_E121_V0438,0.7666666666666667,animal_detection,S1/C1/S1_C1_E121_V0438.mp4,S1,C1,2.0,1,animal,red_deer,"foraging,unknown,vigilance",1,train,0.2666666666666667,1.2666666666666666,0.0,0.0,0.0,2.0,0.0,0.0,0.0,2.0,0.7333333333333333,0.2666666666666666,1,E121_1
E121,S1_C1_E121_V0448,1.5333333333333334,animal_detection,S1/C1/S1_C1_E121_V0448.mp4,S1,C1,3.5,1,animal,red_deer,"foraging,unknown,vigilance",1,train,1.0333333333333334,2.033333333333333,0.0,0.0,0.5333333333333334,2.533333333333333,0.0,0.0,0.033333333333333215,3.033333333333333,0.0,0.0,2,E121_2
E122,S1_C1_E122_V0457,0.95,animal_detection,S1/C1/S1_C1_E122_V0457.mp4,S1,C1,2.0,1,animal,red_deer,"courtship,foraging,unknown,vigilance",1,train,0.44999999999999996,1.45,0.0,0.0,0.0,2.0,0.0,0.0,0.0,2.0,0.55,0.4500000000000002,0,E122_0
E122,S1_C1_E122_V0460,0.9333333333333333,animal_detection,S1/C1/S1_C1_E122_V0460.mp4,S1,C1,2.0,1,animal,red_deer,"courtship,foraging,unknown,vigilance",1,train,0.43333333333333335,1.4333333333333333,0.0,0.0,0.0,2.0,0.0,0.0,0.0,2.0,0.5666666666666667,0.43333333333333357,1,E122_1
E122,S1_C1_E122_V0486,0.8,animal_detection,S1/C1/S1_C1_E122_V0486.mp4,S1,C1,2.0,1,animal,red_deer,"courtship,foraging,unknown,vigilance",1,train,0.30000000000000004,1.3,0.0,0.0,0.0,2.0,0.0,0.0,0.0,2.0,0.7,0.2999999999999998,2,E122_2
E123,S1_C2_E123_V0271,0.8166666666666667,animal_detection,S1/C2/S1_C2_E123_V0271.mp4,S1,C2,2.0,1,animal,red_deer,"foraging,marking,unknown,vigilance",1,train,0.31666666666666665,1.3166666666666667,0.0,0.0,0.0,2.0,0.0,0.0,0.0,2.0,0.6833333333333333,0.31666666666666643,0,E123_0
E123,S1_C2_E123_V0272,1.8666666666666667,animal_detection,S1/C2/S1_C2_E123_V0272.mp4,S1,C2,9.0,1,animal,red_deer,"foraging,marking,unknown,vigilance",1,train,1.3666666666666667,2.3666666666666667,0.0,0.0,0.8666666666666667,2.8666666666666667,0.0,0.0,0.3666666666666667,3.3666666666666667,0.0,0.0,1,E123_1
E123,S1_C2_E123_V0273,3.283333333333333,animal_detection,S1/C2/S1_C2_E123_V0273.mp4,S1,C2,7.0,1,animal,red_deer,"foraging,marking,unknown,vigilance",1,train,2.783333333333333,3.783333333333333,0.0,0.0,2.283333333333333,4.283333333333333,0.0,0.0,1.7833333333333332,4.783333333333333,0.0,0.0,2,E123_2
E125,S1_C2_E125_V0275,0.65,animal_detection,S1/C2/S1_C2_E125_V0275.mp4,S1,C2,1.5,1,animal,red_deer,"foraging,unknown",1,train,0.15000000000000002,1.15,0.0,0.0,0.0,1.5,0.35,0.1499999999999999,0.0,1.5,0.85,0.6499999999999999,0,E125_0
E125,S1_C2_E125_V0277,1.9833333333333334,animal_detection,S1/C2/S1_C2_E125_V0277.mp4,S1,C2,4.0,1,animal,red_deer,"foraging,unknown",1,train,1.4833333333333334,2.4833333333333334,0.0,0.0,0.9833333333333334,2.9833333333333334,0.0,0.0,0.4833333333333334,3.4833333333333334,0.0,0.0,1,E125_1
E125,S1_C2_E125_V0278,1.9833333333333334,animal_detection,S1/C2/S1_C2_E125_V0278.mp4,S1,C2,4.0,1,animal,red_deer,"foraging,unknown",1,train,1.4833333333333334,2.4833333333333334,0.0,0.0,0.9833333333333334,2.9833333333333334,0.0,0.0,0.4833333333333334,3.4833333333333334,0.0,0.0,2,E125_2
E126,S1_C1_E126_V0576,10.816666666666668,animal_detection,S1/C1/S1_C1_E126_V0576.mp4,S1,C1,120.5,1,animal,red_deer,"foraging,vigilance",1,train,10.316666666666668,11.316666666666668,0.0,0.0,9.816666666666668,11.816666666666668,0.0,0.0,9.316666666666668,12.316666666666668,0.0,0.0,0,E126_0
E139,S1_C1_E139_V0706,7.7,animal_detection,S1/C1/S1_C1_E139_V0706.mp4,S1,C1,120.5,1,animal,red_deer,foraging,1,train,7.2,8.2,0.0,0.0,6.7,8.7,0.0,0.0,6.199999999999999,9.2,0.0,0.0,0,E139_0
E140,S1_C3_E140_V0057,30.125,background,S1/C3/S1_C3_E140_V0057.mp4,S1,C3,120.5,0,background,none,none,0,train,29.625,30.625,0.0,0.0,29.125,31.125,0.0,0.0,28.625,31.625,0.0,0.0,0,E140_0
E140,S1_C3_E140_V0057,90.375,background,S1/C3/S1_C3_E140_V0057.mp4,S1,C3,120.5,0,background,none,none,0,train,89.875,90.875,0.0,0.0,89.375,91.375,0.0,0.0,88.875,91.875,0.0,0.0,1,E140_1
E140,S1_C3_E140_V0058,60.25,background,S1/C3/S1_C3_E140_V0058.mp4,S1,C3,120.5,0,background,none,none,0,train,59.75,60.75,0.0,0.0,59.25,61.25,0.0,0.0,58.75,61.75,0.0,0.0,2,E140_2
E142,S1_C1_E142_V0707,1.9666666666666666,animal_detection,S1/C1/S1_C1_E142_V0707.mp4,S1,C1,4.0,1,animal,red_deer,foraging,1,train,1.4666666666666666,2.466666666666667,0.0,0.0,0.9666666666666666,2.966666666666667,0.0,0.0,0.46666666666666656,3.466666666666667,0.0,0.0,0,E142_0
E142,S1_C1_E142_V0708,0.8333333333333334,animal_detection,S1/C1/S1_C1_E142_V0708.mp4,S1,C1,2.0,1,animal,red_deer,foraging,1,train,0.33333333333333337,1.3333333333333335,0.0,0.0,0.0,2.0,0.0,0.0,0.0,2.0,0.6666666666666666,0.3333333333333335,1,E142_1
E143,S1_C1_E143_V0717,0.8166666666666667,animal_detection,S1/C1/S1_C1_E143_V0717.mp4,S1,C1,2.0,1,animal,red_deer,"foraging,vigilance",1,train,0.31666666666666665,1.3166666666666667,0.0,0.0,0.0,2.0,0.0,0.0,0.0,2.0,0.6833333333333333,0.31666666666666643,0,E143_0
E143,S1_C1_E143_V0718,1.2,animal_detection,S1/C1/S1_C1_E143_V0718.mp4,S1,C1,2.5,1,animal,red_deer,"foraging,vigilance",1,train,0.7,1.7,0.0,0.0,0.19999999999999996,2.2,0.0,0.0,0.0,2.5,0.30000000000000004,0.20000000000000018,1,E143_1
E143,S1_C2_E143_V0325,2.283333333333333,animal_detection,S1/C2/S1_C2_E143_V0325.mp4,S1,C2,5.0,1,animal,red_deer,"foraging,vigilance",1,train,1.7833333333333332,2.783333333333333,0.0,0.0,1.2833333333333332,3.283333333333333,0.0,0.0,0.7833333333333332,3.783333333333333,0.0,0.0,2,E143_2
E144,S1_C2_E144_V0328,3.45,animal_detection,S1/C2/S1_C2_E144_V0328.mp4,S1,C2,20.5,1,animal,red_deer,"camera_reaction,vigilance",1,train,2.95,3.95,0.0,0.0,2.45,4.45,0.0,0.0,1.9500000000000002,4.95,0.0,0.0,0,E144_0
E144,S1_C3_E144_V0060,4.866666666666666,animal_detection,S1/C3/S1_C3_E144_V0060.mp4,S1,C3,20.5,1,animal,red_deer,"camera_reaction,vigilance",1,train,4.366666666666666,5.366666666666666,0.0,0.0,3.8666666666666663,5.866666666666666,0.0,0.0,3.3666666666666663,6.366666666666666,0.0,0.0,1,E144_1
E145,S1_C2_E145_V0329,5.816666666666666,animal_detection,S1/C2/S1_C2_E145_V0329.mp4,S1,C2,13.5,1,animal,red_deer,"camera_reaction,foraging,unknown",1,train,5.316666666666666,6.316666666666666,0.0,0.0,4.816666666666666,6.816666666666666,0.0,0.0,4.316666666666666,7.316666666666666,0.0,0.0,0,E145_0
E145,S1_C2_E145_V0334,3.3833333333333333,animal_detection,S1/C2/S1_C2_E145_V0334.mp4,S1,C2,7.0,1,animal,red_deer,"camera_reaction,foraging,unknown",1,train,2.8833333333333333,3.8833333333333333,0.0,0.0,2.3833333333333333,4.383333333333333,0.0,0.0,1.8833333333333329,4.883333333333333,0.0,0.0,1,E145_1
E145,S1_C2_E145_V0337,0.75,animal_detection,S1/C2/S1_C2_E145_V0337.mp4,S1,C2,1.5,1,animal,red_deer,"camera_reaction,foraging,unknown",1,train,0.25,1.25,0.0,0.0,0.0,1.5,0.25,0.25,0.0,1.5,0.75,0.75,2,E145_2
E146,S1_C1_E146_V0738,60.25,animal_detection,S1/C1/S1_C1_E146_V0738.mp4,S1,C1,120.5,1,animal,red_deer,"foraging,grooming,unknown,vigilance",1,train,59.75,60.75,0.0,0.0,59.25,61.25,0.0,0.0,58.75,61.75,0.0,0.0,0,E146_0
E146,S1_C1_E146_V0739,95.30000000000001,animal_detection,S1/C1/S1_C1_E146_V0739.mp4,S1,C1,120.5,1,animal,red_deer,"foraging,grooming,unknown,vigilance",1,train,94.80000000000001,95.80000000000001,0.0,0.0,94.30000000000001,96.30000000000001,0.0,0.0,93.80000000000001,96.80000000000001,0.0,0.0,1,E146_1
E146,S1_C2_E146_V0346,18.166666666666668,animal_detection,S1/C2/S1_C2_E146_V0346.mp4,S1,C2,120.5,1,animal,red_deer,"foraging,grooming,unknown,vigilance",1,train,17.666666666666668,18.666666666666668,0.0,0.0,17.166666666666668,19.166666666666668,0.0,0.0,16.666666666666668,19.666666666666668,0.0,0.0,2,E146_2
E15,S1_C1_E15_V0036,54.66666666666667,animal_detection,S1/C1/S1_C1_E15_V0036.mp4,S1,C1,120.5,1,animal,roe_deer,"camera_reaction,foraging,unknown,vigilance",1,train,54.16666666666667,55.16666666666667,0.0,0.0,53.66666666666667,55.66666666666667,0.0,0.0,53.16666666666667,56.16666666666667,0.0,0.0,0,E15_0
E15,S1_C2_E15_V0026,9.533333333333335,animal_detection,S1/C2/S1_C2_E15_V0026.mp4,S1,C2,120.5,1,animal,roe_deer,"camera_reaction,foraging,unknown,vigilance",1,train,9.033333333333335,10.033333333333335,0.0,0.0,8.533333333333335,10.533333333333335,0.0,0.0,8.033333333333335,11.033333333333335,0.0,0.0,1,E15_1
E15,S1_C2_E15_V0026,27.5,animal_detection,S1/C2/S1_C2_E15_V0026.mp4,S1,C2,120.5,1,animal,roe_deer,"camera_reaction,foraging,unknown,vigilance",1,train,27.0,28.0,0.0,0.0,26.5,28.5,0.0,0.0,26.0,29.0,0.0,0.0,2,E15_2
E150,S1_C2_E150_V0352,1.2333333333333334,animal_detection,S1/C2/S1_C2_E150_V0352.mp4,S1,C2,2.5,1,animal,red_deer,"foraging,unknown,vigilance",2,train,0.7333333333333334,1.7333333333333334,0.0,0.0,0.2333333333333334,2.2333333333333334,0.0,0.0,0.0,2.5,0.2666666666666666,0.2333333333333334,0,E150_0
E150,S1_C2_E150_V0355,4.333333333333333,animal_detection,S1/C2/S1_C2_E150_V0355.mp4,S1,C2,9.0,1,animal,red_deer,"foraging,unknown,vigilance",2,train,3.833333333333333,4.833333333333333,0.0,0.0,3.333333333333333,5.333333333333333,0.0,0.0,2.833333333333333,5.833333333333333,0.0,0.0,1,E150_1
E150,S1_C2_E150_V0358,1.1833333333333333,animal_detection,S1/C2/S1_C2_E150_V0358.mp4,S1,C2,2.5,1,animal,red_deer,"foraging,unknown,vigilance",2,train,0.6833333333333333,1.6833333333333333,0.0,0.0,0.18333333333333335,2.1833333333333336,0.0,0.0,0.0,2.5,0.31666666666666665,0.18333333333333357,2,E150_2
E151,S1_C2_E151_V0373,5.483333333333333,animal_detection,S1/C2/S1_C2_E151_V0373.mp4,S1,C2,11.0,1,animal,red_deer,"foraging,vigilance",1,train,4.983333333333333,5.983333333333333,0.0,0.0,4.483333333333333,6.483333333333333,0.0,0.0,3.9833333333333334,6.983333333333333,0.0,0.0,0,E151_0
E151,S1_C2_E151_V0374,2.4833333333333334,animal_detection,S1/C2/S1_C2_E151_V0374.mp4,S1,C2,5.0,1,animal,red_deer,"foraging,vigilance",1,train,1.9833333333333334,2.9833333333333334,0.0,0.0,1.4833333333333334,3.4833333333333334,0.0,0.0,0.9833333333333334,3.9833333333333334,0.0,0.0,1,E151_1
E151,S1_C3_E151_V0065,2.683333333333333,animal_detection,S1/C3/S1_C3_E151_V0065.mp4,S1,C3,20.5,1,animal,red_deer,"foraging,vigilance",1,train,2.183333333333333,3.183333333333333,0.0,0.0,1.6833333333333331,3.683333333333333,0.0,0.0,1.1833333333333331,4.183333333333334,0.0,0.0,2,E151_2
E16,S1_C1_E16_V0039,10.25,animal_detection,S1/C1/S1_C1_E16_V0039.mp4,S1,C1,20.5,1,animal,red_deer,"camera_reaction,foraging,unknown,vigilance",1,train,9.75,10.75,0.0,0.0,9.25,11.25,0.0,0.0,8.75,11.75,0.0,0.0,0,E16_0
E16,S1_C2_E16_V0027,10.25,animal_detection,S1/C2/S1_C2_E16_V0027.mp4,S1,C2,20.5,1,animal,red_deer,"camera_reaction,foraging,unknown,vigilance",1,train,9.75,10.75,0.0,0.0,9.25,11.25,0.0,0.0,8.75,11.75,0.0,0.0,1,E16_1
E16,S1_C2_E16_V0028,10.25,animal_detection,S1/C2/S1_C2_E16_V0028.mp4,S1,C2,20.5,1,animal,red_deer,"camera_reaction,foraging,unknown,vigilance",1,train,9.75,10.75,0.0,0.0,9.25,11.25,0.0,0.0,8.75,11.75,0.0,0.0,2,E16_2
E166,S1_C1_E166_V0781,30.125,background,S1/C1/S1_C1_E166_V0781.mp4,S1,C1,120.5,0,background,none,none,0,train,29.625,30.625,0.0,0.0,29.125,31.125,0.0,0.0,28.625,31.625,0.0,0.0,0,E166_0
E166,S1_C1_E166_V0781,60.25,background,S1/C1/S1_C1_E166_V0781.mp4,S1,C1,120.5,0,background,none,none,0,train,59.75,60.75,0.0,0.0,59.25,61.25,0.0,0.0,58.75,61.75,0.0,0.0,1,E166_1
E166,S1_C1_E166_V0781,90.375,background,S1/C1/S1_C1_E166_V0781.mp4,S1,C1,120.5,0,background,none,none,0,train,89.875,90.875,0.0,0.0,89.375,91.375,0.0,0.0,88.875,91.875,0.0,0.0,2,E166_2
E168,S1_C1_E168_V0783,30.125,background,S1/C1/S1_C1_E168_V0783.mp4,S1,C1,120.5,0,background,none,none,0,train,29.625,30.625,0.0,0.0,29.125,31.125,0.0,0.0,28.625,31.625,0.0,0.0,0,E168_0
E168,S1_C1_E168_V0783,60.25,background,S1/C1/S1_C1_E168_V0783.mp4,S1,C1,120.5,0,background,none,none,0,train,59.75,60.75,0.0,0.0,59.25,61.25,0.0,0.0,58.75,61.75,0.0,0.0,1,E168_1
E168,S1_C1_E168_V0783,90.375,background,S1/C1/S1_C1_E168_V0783.mp4,S1,C1,120.5,0,background,none,none,0,train,89.875,90.875,0.0,0.0,89.375,91.375,0.0,0.0,88.875,91.875,0.0,0.0,2,E168_2
E169,S1_C1_E169_V0785,1.0,animal_detection,S1/C1/S1_C1_E169_V0785.mp4,S1,C1,2.0,1,animal,roe_deer,"foraging,unknown,vigilance",1,train,0.5,1.5,0.0,0.0,0.0,2.0,0.0,0.0,0.0,2.0,0.5,0.5,0,E169_0
E169,S1_C2_E169_V0393,9.683333333333334,animal_detection,S1/C2/S1_C2_E169_V0393.mp4,S1,C2,20.5,1,animal,roe_deer,"foraging,unknown,vigilance",1,train,9.183333333333334,10.183333333333334,0.0,0.0,8.683333333333334,10.683333333333334,0.0,0.0,8.183333333333334,11.183333333333334,0.0,0.0,1,E169_1
E169,S1_C3_E169_V0075,13.466666666666667,animal_detection,S1/C3/S1_C3_E169_V0075.mp4,S1,C3,120.5,1,animal,roe_deer,"foraging,unknown,vigilance",1,train,12.966666666666667,13.966666666666667,0.0,0.0,12.466666666666667,14.466666666666667,0.0,0.0,11.966666666666667,14.966666666666667,0.0,0.0,2,E169_2
E17,S1_C1_E17_V0043,10.25,animal_detection,S1/C1/S1_C1_E17_V0043.mp4,S1,C1,20.5,1,animal,red_deer,"camera_reaction,foraging,unknown,vigilance",1,train,9.75,10.75,0.0,0.0,9.25,11.25,0.0,0.0,8.75,11.75,0.0,0.0,0,E17_0
E17,S1_C1_E17_V0044,10.25,animal_detection,S1/C1/S1_C1_E17_V0044.mp4,S1,C1,20.5,1,animal,red_deer,"camera_reaction,foraging,unknown,vigilance",1,train,9.75,10.75,0.0,0.0,9.25,11.25,0.0,0.0,8.75,11.75,0.0,0.0,1,E17_1
E17,S1_C1_E17_V0045,10.25,animal_detection,S1/C1/S1_C1_E17_V0045.mp4,S1,C1,20.5,1,animal,red_deer,"camera_reaction,foraging,unknown,vigilance",1,train,9.75,10.75,0.0,0.0,9.25,11.25,0.0,0.0,8.75,11.75,0.0,0.0,2,E17_2
E170,S1_C1_E170_V0791,0.8,animal_detection,S1/C1/S1_C1_E170_V0791.mp4,S1,C1,1.5,1,animal,red_deer,"foraging,grooming,vigilance",1,train,0.30000000000000004,1.3,0.0,0.0,0.0,1.5,0.19999999999999996,0.30000000000000004,0.0,1.5,0.7,0.7999999999999998,0,E170_0
E170,S1_C1_E170_V0796,0.6,animal_detection,S1/C1/S1_C1_E170_V0796.mp4,S1,C1,1.5,1,animal,red_deer,"foraging,grooming,vigilance",1,train,0.09999999999999998,1.1,0.0,0.0,0.0,1.5,0.4,0.10000000000000009,0.0,1.5,0.9,0.6000000000000001,1,E170_1
E170,S1_C2_E170_V0399,1.4666666666666666,animal_detection,S1/C2/S1_C2_E170_V0399.mp4,S1,C2,13.5,1,animal,red_deer,"foraging,grooming,vigilance",1,train,0.9666666666666666,1.9666666666666666,0.0,0.0,0.46666666666666656,2.466666666666667,0.0,0.0,0.0,3.0,0.0,0.0,2,E170_2
E171,S1_C1_E171_V0800,0.9333333333333333,animal_detection,S1/C1/S1_C1_E171_V0800.mp4,S1,C1,2.0,1,animal,red_deer,"foraging,unknown",1,train,0.43333333333333335,1.4333333333333333,0.0,0.0,0.0,2.0,0.0,0.0,0.0,2.0,0.5666666666666667,0.43333333333333357,0,E171_0
E171,S1_C1_E171_V0801,0.7,animal_detection,S1/C1/S1_C1_E171_V0801.mp4,S1,C1,1.5,1,animal,red_deer,"foraging,unknown",1,train,0.19999999999999996,1.2,0.0,0.0,0.0,1.5,0.30000000000000004,0.19999999999999996,0.0,1.5,0.8,0.7000000000000002,1,E171_1
E171,S1_C2_E171_V0400,3.783333333333333,animal_detection,S1/C2/S1_C2_E171_V0400.mp4,S1,C2,14.0,1,animal,red_deer,"foraging,unknown",1,train,3.283333333333333,4.283333333333333,0.0,0.0,2.783333333333333,4.783333333333333,0.0,0.0,2.283333333333333,5.283333333333333,0.0,0.0,2,E171_2
E172,S1_C1_E172_V0805,0.75,animal_detection,S1/C1/S1_C1_E172_V0805.mp4,S1,C1,1.5,1,animal,red_deer,foraging,1,train,0.25,1.25,0.0,0.0,0.0,1.5,0.25,0.25,0.0,1.5,0.75,0.75,0,E172_0
E173,S1_C1_E173_V0810,0.75,animal_detection,S1/C1/S1_C1_E173_V0810.mp4,S1,C1,1.5,1,animal,red_deer,"foraging,vigilance",1,train,0.25,1.25,0.0,0.0,0.0,1.5,0.25,0.25,0.0,1.5,0.75,0.75,0,E173_0
E173,S1_C2_E173_V0401,3.7,animal_detection,S1/C2/S1_C2_E173_V0401.mp4,S1,C2,10.5,1,animal,red_deer,"foraging,vigilance",1,train,3.2,4.2,0.0,0.0,2.7,4.7,0.0,0.0,2.2,5.2,0.0,0.0,1,E173_1
E174,S1_C2_E174_V0402,2.066666666666667,animal_detection,S1/C2/S1_C2_E174_V0402.mp4,S1,C2,8.5,1,animal,red_deer,vigilance,1,train,1.5666666666666669,2.566666666666667,0.0,0.0,1.0666666666666669,3.066666666666667,0.0,0.0,0.5666666666666669,3.566666666666667,0.0,0.0,0,E174_0
E175,S1_C2_E175_V0403,2.8833333333333333,animal_detection,S1/C2/S1_C2_E175_V0403.mp4,S1,C2,6.0,1,animal,red_deer,vigilance,1,train,2.3833333333333333,3.3833333333333333,0.0,0.0,1.8833333333333333,3.8833333333333333,0.0,0.0,1.3833333333333329,4.383333333333333,0.0,0.0,0,E175_0
E175,S1_C2_E175_V0404,1.45,animal_detection,S1/C2/S1_C2_E175_V0404.mp4,S1,C2,3.0,1,animal,red_deer,vigilance,1,train,0.95,1.95,0.0,0.0,0.44999999999999996,2.45,0.0,0.0,0.0,3.0,0.0,0.0,1,E175_1
E176,S1_C2_E176_V0407,3.4166666666666665,animal_detection,S1/C2/S1_C2_E176_V0407.mp4,S1,C2,8.5,1,animal,red_deer,foraging,1,train,2.9166666666666665,3.9166666666666665,0.0,0.0,2.4166666666666665,4.416666666666666,0.0,0.0,1.916666666666666,4.916666666666666,0.0,0.0,0,E176_0
E177,S1_C1_E177_V0821,60.266666666666666,animal_detection,S1/C1/S1_C1_E177_V0821.mp4,S1,C1,120.5,1,animal,red_deer,"courtship,foraging,vigilance",1,train,59.766666666666666,60.766666666666666,0.0,0.0,59.266666666666666,61.266666666666666,0.0,0.0,58.766666666666666,61.766666666666666,0.0,0.0,0,E177_0
E177,S1_C1_E177_V0822,60.25,animal_detection,S1/C1/S1_C1_E177_V0822.mp4,S1,C1,120.5,1,animal,red_deer,"courtship,foraging,vigilance",1,train,59.75,60.75,0.0,0.0,59.25,61.25,0.0,0.0,58.75,61.75,0.0,0.0,1,E177_1
E177,S1_C2_E177_V0408,43.35,animal_detection,S1/C2/S1_C2_E177_V0408.mp4,S1,C2,120.5,1,animal,red_deer,"courtship,foraging,vigilance",1,train,42.85,43.85,0.0,0.0,42.35,44.35,0.0,0.0,41.85,44.85,0.0,0.0,2,E177_2
E178,S1_C1_E178_V0824,3.8333333333333335,animal_detection,S1/C1/S1_C1_E178_V0824.mp4,S1,C1,120.5,1,animal,red_deer,foraging,1,train,3.3333333333333335,4.333333333333334,0.0,0.0,2.8333333333333335,4.833333333333334,0.0,0.0,2.3333333333333335,5.333333333333334,0.0,0.0,0,E178_0
E179,S1_C2_E179_V0409,1.4833333333333334,animal_detection,S1/C2/S1_C2_E179_V0409.mp4,S1,C2,11.5,1,animal,red_deer,unknown,2,train,0.9833333333333334,1.9833333333333334,0.0,0.0,0.4833333333333334,2.4833333333333334,0.0,0.0,0.0,3.0,0.0,0.0,0,E179_0
E18,S1_C1_E18_V0047,11.783333333333333,animal_detection,S1/C1/S1_C1_E18_V0047.mp4,S1,C1,20.5,1,animal,red_deer,foraging,1,train,11.283333333333333,12.283333333333333,0.0,0.0,10.783333333333333,12.783333333333333,0.0,0.0,10.283333333333333,13.283333333333333,0.0,0.0,0,E18_0
E18,S1_C2_E18_V0033,4.2,animal_detection,S1/C2/S1_C2_E18_V0033.mp4,S1,C2,20.5,1,animal,red_deer,foraging,1,train,3.7,4.7,0.0,0.0,3.2,5.2,0.0,0.0,2.7,5.7,0.0,0.0,1,E18_1
E180,S1_C2_E180_V0410,3.4833333333333334,animal_detection,S1/C2/S1_C2_E180_V0410.mp4,S1,C2,7.0,1,animal,red_deer,vigilance,1,train,2.9833333333333334,3.9833333333333334,0.0,0.0,2.4833333333333334,4.483333333333333,0.0,0.0,1.9833333333333334,4.983333333333333,0.0,0.0,0,E180_0
E181,S1_C2_E181_V0412,0.6666666666666666,animal_detection,S1/C2/S1_C2_E181_V0412.mp4,S1,C2,1.5,1,animal,red_deer,"chasing,foraging,vigilance",2,train,0.16666666666666663,1.1666666666666665,0.0,0.0,0.0,1.5,0.33333333333333337,0.16666666666666652,0.0,1.5,0.8333333333333334,0.6666666666666665,0,E181_0
E181,S1_C2_E181_V0414,1.0,animal_detection,S1/C2/S1_C2_E181_V0414.mp4,S1,C2,2.0,1,animal,red_deer,"chasing,foraging,vigilance",2,train,0.5,1.5,0.0,0.0,0.0,2.0,0.0,0.0,0.0,2.0,0.5,0.5,1,E181_1
E181,S1_C2_E181_V0415,0.75,animal_detection,S1/C2/S1_C2_E181_V0415.mp4,S1,C2,1.5,1,animal,red_deer,"chasing,foraging,vigilance",2,train,0.25,1.25,0.0,0.0,0.0,1.5,0.25,0.25,0.0,1.5,0.75,0.75,2,E181_2
E182,S1_C2_E182_V0418,2.5833333333333335,animal_detection,S1/C2/S1_C2_E182_V0418.mp4,S1,C2,5.5,1,animal,red_deer,vigilance,1,train,2.0833333333333335,3.0833333333333335,0.0,0.0,1.5833333333333335,3.5833333333333335,0.0,0.0,1.0833333333333335,4.083333333333334,0.0,0.0,0,E182_0
E188,S1_C2_E188_V0423,2.316666666666667,animal_detection,S1/C2/S1_C2_E188_V0423.mp4,S1,C2,5.0,1,animal,red_deer,foraging,1,train,1.8166666666666669,2.816666666666667,0.0,0.0,1.3166666666666669,3.316666666666667,0.0,0.0,0.8166666666666669,3.816666666666667,0.0,0.0,0,E188_0
E189,S1_C1_E189_V0825,60.266666666666666,animal_detection,S1/C1/S1_C1_E189_V0825.mp4,S1,C1,120.5,1,animal,red_deer,"foraging,grooming,unknown,vigilance",1,train,59.766666666666666,60.766666666666666,0.0,0.0,59.266666666666666,61.266666666666666,0.0,0.0,58.766666666666666,61.766666666666666,0.0,0.0,0,E189_0
E189,S1_C1_E189_V0826,30.716666666666665,animal_detection,S1/C1/S1_C1_E189_V0826.mp4,S1,C1,120.5,1,animal,red_deer,"foraging,grooming,unknown,vigilance",1,train,30.216666666666665,31.216666666666665,0.0,0.0,29.716666666666665,31.716666666666665,0.0,0.0,29.216666666666665,32.21666666666667,0.0,0.0,1,E189_1
E189,S1_C2_E189_V0424,60.266666666666666,animal_detection,S1/C2/S1_C2_E189_V0424.mp4,S1,C2,120.5,1,animal,red_deer,"foraging,grooming,unknown,vigilance",1,train,59.766666666666666,60.766666666666666,0.0,0.0,59.266666666666666,61.266666666666666,0.0,0.0,58.766666666666666,61.766666666666666,0.0,0.0,2,E189_2
E190,S1_C1_E190_V0827,5.066666666666666,animal_detection,S1/C1/S1_C1_E190_V0827.mp4,S1,C1,120.5,1,animal,red_deer,"foraging,unknown,vigilance",1,train,4.566666666666666,5.566666666666666,0.0,0.0,4.066666666666666,6.066666666666666,0.0,0.0,3.5666666666666664,6.566666666666666,0.0,0.0,0,E190_0
E190,S1_C2_E190_V0426,7.916666666666667,animal_detection,S1/C2/S1_C2_E190_V0426.mp4,S1,C2,120.5,1,animal,red_deer,"foraging,unknown,vigilance",1,train,7.416666666666667,8.416666666666668,0.0,0.0,6.916666666666667,8.916666666666668,0.0,0.0,6.416666666666667,9.416666666666668,0.0,0.0,1,E190_1
E190,S1_C3_E190_V0079,1.1666666666666667,animal_detection,S1/C3/S1_C3_E190_V0079.mp4,S1,C3,120.5,1,animal,red_deer,"foraging,unknown,vigilance",1,train,0.6666666666666667,1.6666666666666667,0.0,0.0,0.16666666666666674,2.166666666666667,0.0,0.0,0.0,3.0,0.0,0.0,2,E190_2
E191,S1_C2_E191_V0429,1.3666666666666667,animal_detection,S1/C2/S1_C2_E191_V0429.mp4,S1,C2,3.0,1,animal,red_deer,"courtship,foraging",1,train,0.8666666666666667,1.8666666666666667,0.0,0.0,0.3666666666666667,2.3666666666666667,0.0,0.0,0.0,3.0,0.0,0.0,0,E191_0
E191,S1_C2_E191_V0431,0.7666666666666667,animal_detection,S1/C2/S1_C2_E191_V0431.mp4,S1,C2,2.0,1,animal,red_deer,"courtship,foraging",1,train,0.2666666666666667,1.2666666666666666,0.0,0.0,0.0,2.0,0.0,0.0,0.0,2.0,0.7333333333333333,0.2666666666666666,1,E191_1
E191,S1_C2_E191_V0432,0.7833333333333333,animal_detection,S1/C2/S1_C2_E191_V0432.mp4,S1,C2,2.0,1,animal,red_deer,"courtship,foraging",1,train,0.2833333333333333,1.2833333333333332,0.0,0.0,0.0,2.0,0.0,0.0,0.0,2.0,0.7166666666666667,0.2833333333333332,2,E191_2
E193,S1_C1_E193_V0832,3.5166666666666666,animal_detection,S1/C1/S1_C1_E193_V0832.mp4,S1,C1,120.5,1,animal,red_deer,foraging,1,train,3.0166666666666666,4.016666666666667,0.0,0.0,2.5166666666666666,4.516666666666667,0.0,0.0,2.0166666666666666,5.016666666666667,0.0,0.0,0,E193_0
E194,S1_C1_E194_V0833,60.25,animal_detection,S1/C1/S1_C1_E194_V0833.mp4,S1,C1,120.5,1,animal,red_deer,"courtship,foraging,grooming,unknown,vigilance",1,train,59.75,60.75,0.0,0.0,59.25,61.25,0.0,0.0,58.75,61.75,0.0,0.0,0,E194_0
E194,S1_C1_E194_V0834,60.25,animal_detection,S1/C1/S1_C1_E194_V0834.mp4,S1,C1,120.5,1,animal,red_deer,"courtship,foraging,grooming,unknown,vigilance",1,train,59.75,60.75,0.0,0.0,59.25,61.25,0.0,0.0,58.75,61.75,0.0,0.0,1,E194_1
E194,S1_C2_E194_V0438,52.333333333333336,animal_detection,S1/C2/S1_C2_E194_V0438.mp4,S1,C2,120.5,1,animal,red_deer,"courtship,foraging,grooming,unknown,vigilance",1,train,51.833333333333336,52.833333333333336,0.0,0.0,51.333333333333336,53.333333333333336,0.0,0.0,50.833333333333336,53.833333333333336,0.0,0.0,2,E194_2
E196,S1_C2_E196_V0443,3.1666666666666665,animal_detection,S1/C2/S1_C2_E196_V0443.mp4,S1,C2,6.5,1,animal,red_deer,"foraging,vigilance",1,train,2.6666666666666665,3.6666666666666665,0.0,0.0,2.1666666666666665,4.166666666666666,0.0,0.0,1.666666666666666,4.666666666666666,0.0,0.0,0,E196_0
E196,S1_C2_E196_V0445,1.1666666666666667,animal_detection,S1/C2/S1_C2_E196_V0445.mp4,S1,C2,2.5,1,animal,red_deer,"foraging,vigilance",1,train,0.6666666666666667,1.6666666666666667,0.0,0.0,0.16666666666666674,2.166666666666667,0.0,0.0,0.0,2.5,0.33333333333333326,0.16666666666666696,1,E196_1
E196,S1_C2_E196_V0448,1.9833333333333334,animal_detection,S1/C2/S1_C2_E196_V0448.mp4,S1,C2,4.0,1,animal,red_deer,"foraging,vigilance",1,train,1.4833333333333334,2.4833333333333334,0.0,0.0,0.9833333333333334,2.9833333333333334,0.0,0.0,0.4833333333333334,3.4833333333333334,0.0,0.0,2,E196_2
E197,S1_C2_E197_V0453,1.7833333333333334,animal_detection,S1/C2/S1_C2_E197_V0453.mp4,S1,C2,4.0,1,animal,red_deer,"courtship,foraging,vigilance",1,train,1.2833333333333334,2.283333333333333,0.0,0.0,0.7833333333333334,2.783333333333333,0.0,0.0,0.2833333333333332,3.283333333333333,0.0,0.0,0,E197_0
E197,S1_C2_E197_V0454,1.2833333333333334,animal_detection,S1/C2/S1_C2_E197_V0454.mp4,S1,C2,3.0,1,animal,red_deer,"courtship,foraging,vigilance",1,train,0.7833333333333334,1.7833333333333334,0.0,0.0,0.28333333333333344,2.283333333333333,0.0,0.0,0.0,3.0,0.0,0.0,1,E197_1
E197,S1_C2_E197_V0456,1.8833333333333333,animal_detection,S1/C2/S1_C2_E197_V0456.mp4,S1,C2,4.0,1,animal,red_deer,"courtship,foraging,vigilance",1,train,1.3833333333333333,2.3833333333333333,0.0,0.0,0.8833333333333333,2.8833333333333333,0.0,0.0,0.3833333333333333,3.3833333333333333,0.0,0.0,2,E197_2
E198,S1_C2_E198_V0472,0.6833333333333333,animal_detection,S1/C2/S1_C2_E198_V0472.mp4,S1,C2,1.5,1,animal,red_deer,"foraging,vigilance",1,train,0.18333333333333335,1.1833333333333333,0.0,0.0,0.0,1.5,0.31666666666666665,0.18333333333333335,0.0,1.5,0.8166666666666667,0.6833333333333336,0,E198_0
E198,S1_C2_E198_V0482,0.6833333333333333,animal_detection,S1/C2/S1_C2_E198_V0482.mp4,S1,C2,1.5,1,animal,red_deer,"foraging,vigilance",1,train,0.18333333333333335,1.1833333333333333,0.0,0.0,0.0,1.5,0.31666666666666665,0.18333333333333335,0.0,1.5,0.8166666666666667,0.6833333333333336,1,E198_1
E198,S1_C3_E198_V0082,10.25,animal_detection,S1/C3/S1_C3_E198_V0082.mp4,S1,C3,20.5,1,animal,red_deer,"foraging,vigilance",1,train,9.75,10.75,0.0,0.0,9.25,11.25,0.0,0.0,8.75,11.75,0.0,0.0,2,E198_2
E200,S1_C3_E200_V0084,9.75,animal_detection,S1/C3/S1_C3_E200_V0084.mp4,S1,C3,20.5,1,animal,red_deer,"foraging,vigilance",1,train,9.25,10.25,0.0,0.0,8.75,10.75,0.0,0.0,8.25,11.25,0.0,0.0,0,E200_0
E202,S1_C2_E202_V0517,9.266666666666667,animal_detection,S1/C2/S1_C2_E202_V0517.mp4,S1,C2,120.5,1,animal,red_deer,"unknown,vigilance",1,train,8.766666666666667,9.766666666666667,0.0,0.0,8.266666666666667,10.266666666666667,0.0,0.0,7.7666666666666675,10.766666666666667,0.0,0.0,0,E202_0
E204,S1_C1_E204_V0840,30.125,background,S1/C1/S1_C1_E204_V0840.mp4,S1,C1,120.5,0,background,none,none,0,train,29.625,30.625,0.0,0.0,29.125,31.125,0.0,0.0,28.625,31.625,0.0,0.0,0,E204_0
E204,S1_C1_E204_V0840,60.25,background,S1/C1/S1_C1_E204_V0840.mp4,S1,C1,120.5,0,background,none,none,0,train,59.75,60.75,0.0,0.0,59.25,61.25,0.0,0.0,58.75,61.75,0.0,0.0,1,E204_1
E204,S1_C1_E204_V0841,30.125,background,S1/C1/S1_C1_E204_V0841.mp4,S1,C1,120.5,0,background,none,none,0,train,29.625,30.625,0.0,0.0,29.125,31.125,0.0,0.0,28.625,31.625,0.0,0.0,2,E204_2
E205,S1_C1_E205_V0842,30.125,background,S1/C1/S1_C1_E205_V0842.mp4,S1,C1,120.5,0,background,none,none,0,train,29.625,30.625,0.0,0.0,29.125,31.125,0.0,0.0,28.625,31.625,0.0,0.0,0,E205_0
E205,S1_C1_E205_V0842,60.25,background,S1/C1/S1_C1_E205_V0842.mp4,S1,C1,120.5,0,background,none,none,0,train,59.75,60.75,0.0,0.0,59.25,61.25,0.0,0.0,58.75,61.75,0.0,0.0,1,E205_1
E205,S1_C1_E205_V0843,60.25,background,S1/C1/S1_C1_E205_V0843.mp4,S1,C1,120.5,0,background,none,none,0,train,59.75,60.75,0.0,0.0,59.25,61.25,0.0,0.0,58.75,61.75,0.0,0.0,2,E205_2
E208,S1_C1_E208_V0847,60.25,background,S1/C1/S1_C1_E208_V0847.mp4,S1,C1,120.5,0,background,none,none,0,train,59.75,60.75,0.0,0.0,59.25,61.25,0.0,0.0,58.75,61.75,0.0,0.0,0,E208_0
E208,S1_C1_E208_V0848,60.25,background,S1/C1/S1_C1_E208_V0848.mp4,S1,C1,120.5,0,background,none,none,0,train,59.75,60.75,0.0,0.0,59.25,61.25,0.0,0.0,58.75,61.75,0.0,0.0,1,E208_1
E208,S1_C1_E208_V0848,90.375,background,S1/C1/S1_C1_E208_V0848.mp4,S1,C1,120.5,0,background,none,none,0,train,89.875,90.875,0.0,0.0,89.375,91.375,0.0,0.0,88.875,91.875,0.0,0.0,2,E208_2
E21,S1_C1_E21_V0051,60.25,background,S1/C1/S1_C1_E21_V0051.mp4,S1,C1,120.5,0,background,none,none,0,train,59.75,60.75,0.0,0.0,59.25,61.25,0.0,0.0,58.75,61.75,0.0,0.0,0,E21_0
E21,S1_C1_E21_V0051,90.375,background,S1/C1/S1_C1_E21_V0051.mp4,S1,C1,120.5,0,background,none,none,0,train,89.875,90.875,0.0,0.0,89.375,91.375,0.0,0.0,88.875,91.875,0.0,0.0,1,E21_1
E21,S1_C2_E21_V0035,60.25,background,S1/C2/S1_C2_E21_V0035.mp4,S1,C2,120.5,0,background,none,none,0,train,59.75,60.75,0.0,0.0,59.25,61.25,0.0,0.0,58.75,61.75,0.0,0.0,2,E21_2
E210,S1_C1_E210_V0850,90.375,background,S1/C1/S1_C1_E210_V0850.mp4,S1,C1,120.5,0,background,none,none,0,train,89.875,90.875,0.0,0.0,89.375,91.375,0.0,0.0,88.875,91.875,0.0,0.0,0,E210_0
E210,S1_C1_E210_V0851,60.25,background,S1/C1/S1_C1_E210_V0851.mp4,S1,C1,120.5,0,background,none,none,0,train,59.75,60.75,0.0,0.0,59.25,61.25,0.0,0.0,58.75,61.75,0.0,0.0,1,E210_1
E210,S1_C1_E210_V0853,60.25,background,S1/C1/S1_C1_E210_V0853.mp4,S1,C1,120.5,0,background,none,none,0,train,59.75,60.75,0.0,0.0,59.25,61.25,0.0,0.0,58.75,61.75,0.0,0.0,2,E210_2
E216,S1_C1_E216_V0857,0.9833333333333334,animal_detection,S1/C1/S1_C1_E216_V0857.mp4,S1,C1,120.5,1,animal,red_deer,foraging,1,train,0.4833333333333334,1.4833333333333334,0.0,0.0,0.0,2.0,0.0,0.0,0.0,3.0,0.0,0.0,0,E216_0
E217,S1_C1_E217_V0858,0.95,animal_detection,S1/C1/S1_C1_E217_V0858.mp4,S1,C1,120.5,1,animal,red_deer,unknown,1,train,0.44999999999999996,1.45,0.0,0.0,0.0,2.0,0.0,0.0,0.0,3.0,0.0,0.0,0,E217_0
E218,S1_C1_E218_V0859,30.125,background,S1/C1/S1_C1_E218_V0859.mp4,S1,C1,120.5,0,background,none,none,0,train,29.625,30.625,0.0,0.0,29.125,31.125,0.0,0.0,28.625,31.625,0.0,0.0,0,E218_0
E218,S1_C1_E218_V0859,60.25,background,S1/C1/S1_C1_E218_V0859.mp4,S1,C1,120.5,0,background,none,none,0,train,59.75,60.75,0.0,0.0,59.25,61.25,0.0,0.0,58.75,61.75,0.0,0.0,1,E218_1
E218,S1_C1_E218_V0859,90.375,background,S1/C1/S1_C1_E218_V0859.mp4,S1,C1,120.5,0,background,none,none,0,train,89.875,90.875,0.0,0.0,89.375,91.375,0.0,0.0,88.875,91.875,0.0,0.0,2,E218_2
E219,S1_C2_E219_V0519,2.6666666666666665,animal_detection,S1/C2/S1_C2_E219_V0519.mp4,S1,C2,8.0,1,animal,red_deer,"foraging,vigilance",1,train,2.1666666666666665,3.1666666666666665,0.0,0.0,1.6666666666666665,3.6666666666666665,0.0,0.0,1.166666666666666,4.166666666666666,0.0,0.0,0,E219_0
E219,S1_C2_E219_V0520,1.0,animal_detection,S1/C2/S1_C2_E219_V0520.mp4,S1,C2,2.0,1,animal,red_deer,"foraging,vigilance",1,train,0.5,1.5,0.0,0.0,0.0,2.0,0.0,0.0,0.0,2.0,0.5,0.5,1,E219_1
E219,S1_C3_E219_V0088,10.25,animal_detection,S1/C3/S1_C3_E219_V0088.mp4,S1,C3,20.5,1,animal,red_deer,"foraging,vigilance",1,train,9.75,10.75,0.0,0.0,9.25,11.25,0.0,0.0,8.75,11.75,0.0,0.0,2,E219_2
E221,S1_C1_E221_V0861,30.125,background,S1/C1/S1_C1_E221_V0861.mp4,S1,C1,120.5,0,background,none,none,0,train,29.625,30.625,0.0,0.0,29.125,31.125,0.0,0.0,28.625,31.625,0.0,0.0,0,E221_0
E221,S1_C1_E221_V0861,60.25,background,S1/C1/S1_C1_E221_V0861.mp4,S1,C1,120.5,0,background,none,none,0,train,59.75,60.75,0.0,0.0,59.25,61.25,0.0,0.0,58.75,61.75,0.0,0.0,1,E221_1
E221,S1_C1_E221_V0861,90.375,background,S1/C1/S1_C1_E221_V0861.mp4,S1,C1,120.5,0,background,none,none,0,train,89.875,90.875,0.0,0.0,89.375,91.375,0.0,0.0,88.875,91.875,0.0,0.0,2,E221_2
E222,S1_C1_E222_V0862,2.033333333333333,animal_detection,S1/C1/S1_C1_E222_V0862.mp4,S1,C1,120.5,1,animal,red_deer,foraging,1,train,1.5333333333333332,2.533333333333333,0.0,0.0,1.0333333333333332,3.033333333333333,0.0,0.0,0.5333333333333332,3.533333333333333,0.0,0.0,0,E222_0
E224,S1_C3_E224_V0089,0.9166666666666666,animal_detection,S1/C3/S1_C3_E224_V0089.mp4,S1,C3,20.5,1,animal,red_deer,foraging,1,train,0.41666666666666663,1.4166666666666665,0.0,0.0,0.0,2.0,0.0,0.0,0.0,3.0,0.0,0.0,0,E224_0
E227,S1_C1_E227_V0864,30.125,background,S1/C1/S1_C1_E227_V0864.mp4,S1,C1,120.5,0,background,none,none,0,train,29.625,30.625,0.0,0.0,29.125,31.125,0.0,0.0,28.625,31.625,0.0,0.0,0,E227_0
E227,S1_C1_E227_V0864,60.25,background,S1/C1/S1_C1_E227_V0864.mp4,S1,C1,120.5,0,background,none,none,0,train,59.75,60.75,0.0,0.0,59.25,61.25,0.0,0.0,58.75,61.75,0.0,0.0,1,E227_1
E227,S1_C1_E227_V0864,90.375,background,S1/C1/S1_C1_E227_V0864.mp4,S1,C1,120.5,0,background,none,none,0,train,89.875,90.875,0.0,0.0,89.375,91.375,0.0,0.0,88.875,91.875,0.0,0.0,2,E227_2
E228,S1_C1_E228_V0865,30.125,background,S1/C1/S1_C1_E228_V0865.mp4,S1,C1,120.5,0,background,none,none,0,train,29.625,30.625,0.0,0.0,29.125,31.125,0.0,0.0,28.625,31.625,0.0,0.0,0,E228_0
E228,S1_C3_E228_V0090,60.25,background,S1/C3/S1_C3_E228_V0090.mp4,S1,C3,120.5,0,background,none,none,0,train,59.75,60.75,0.0,0.0,59.25,61.25,0.0,0.0,58.75,61.75,0.0,0.0,1,E228_1
E228,S1_C3_E228_V0090,90.375,background,S1/C3/S1_C3_E228_V0090.mp4,S1,C3,120.5,0,background,none,none,0,train,89.875,90.875,0.0,0.0,89.375,91.375,0.0,0.0,88.875,91.875,0.0,0.0,2,E228_2
E230,S1_C1_E230_V0867,30.125,background,S1/C1/S1_C1_E230_V0867.mp4,S1,C1,120.5,0,background,none,none,0,train,29.625,30.625,0.0,0.0,29.125,31.125,0.0,0.0,28.625,31.625,0.0,0.0,0,E230_0
E230,S1_C1_E230_V0867,60.25,background,S1/C1/S1_C1_E230_V0867.mp4,S1,C1,120.5,0,background,none,none,0,train,59.75,60.75,0.0,0.0,59.25,61.25,0.0,0.0,58.75,61.75,0.0,0.0,1,E230_1
E230,S1_C1_E230_V0867,90.375,background,S1/C1/S1_C1_E230_V0867.mp4,S1,C1,120.5,0,background,none,none,0,train,89.875,90.875,0.0,0.0,89.375,91.375,0.0,0.0,88.875,91.875,0.0,0.0,2,E230_2
E231,S1_C2_E231_V0526,0.6,animal_detection,S1/C2/S1_C2_E231_V0526.mp4,S1,C2,1.5,1,animal,red_deer,foraging,1,train,0.09999999999999998,1.1,0.0,0.0,0.0,1.5,0.4,0.10000000000000009,0.0,1.5,0.9,0.6000000000000001,0,E231_0
E237,S1_C2_E237_V0529,2.783333333333333,animal_detection,S1/C2/S1_C2_E237_V0529.mp4,S1,C2,6.0,1,animal,red_deer,"camera_reaction,courtship,foraging",1,train,2.283333333333333,3.283333333333333,0.0,0.0,1.7833333333333332,3.783333333333333,0.0,0.0,1.2833333333333332,4.283333333333333,0.0,0.0,0,E237_0
E237,S1_C2_E237_V0532,0.6666666666666666,animal_detection,S1/C2/S1_C2_E237_V0532.mp4,S1,C2,1.5,1,animal,red_deer,"camera_reaction,courtship,foraging",1,train,0.16666666666666663,1.1666666666666665,0.0,0.0,0.0,1.5,0.33333333333333337,0.16666666666666652,0.0,1.5,0.8333333333333334,0.6666666666666665,1,E237_1
E237,S1_C3_E237_V0092,2.6666666666666665,animal_detection,S1/C3/S1_C3_E237_V0092.mp4,S1,C3,20.5,1,animal,red_deer,"camera_reaction,courtship,foraging",1,train,2.1666666666666665,3.1666666666666665,0.0,0.0,1.6666666666666665,3.6666666666666665,0.0,0.0,1.166666666666666,4.166666666666666,0.0,0.0,2,E237_2
E238,S1_C2_E238_V0533,0.7166666666666667,animal_detection,S1/C2/S1_C2_E238_V0533.mp4,S1,C2,1.5,1,animal,red_deer,vigilance,1,train,0.21666666666666667,1.2166666666666668,0.0,0.0,0.0,1.5,0.2833333333333333,0.21666666666666679,0.0,1.5,0.7833333333333333,0.7166666666666668,0,E238_0
E238,S1_C2_E238_V0534,0.6166666666666667,animal_detection,S1/C2/S1_C2_E238_V0534.mp4,S1,C2,1.5,1,animal,red_deer,vigilance,1,train,0.1166666666666667,1.1166666666666667,0.0,0.0,0.0,1.5,0.3833333333333333,0.1166666666666667,0.0,1.5,0.8833333333333333,0.6166666666666667,1,E238_1
E24,S1_C1_E24_V0056,30.125,background,S1/C1/S1_C1_E24_V0056.mp4,S1,C1,120.5,0,background,none,none,0,train,29.625,30.625,0.0,0.0,29.125,31.125,0.0,0.0,28.625,31.625,0.0,0.0,0,E24_0
E24,S1_C1_E24_V0056,60.25,background,S1/C1/S1_C1_E24_V0056.mp4,S1,C1,120.5,0,background,none,none,0,train,59.75,60.75,0.0,0.0,59.25,61.25,0.0,0.0,58.75,61.75,0.0,0.0,1,E24_1
E24,S1_C1_E24_V0056,90.375,background,S1/C1/S1_C1_E24_V0056.mp4,S1,C1,120.5,0,background,none,none,0,train,89.875,90.875,0.0,0.0,89.375,91.375,0.0,0.0,88.875,91.875,0.0,0.0,2,E24_2
E242,S1_C1_E242_V0873,30.125,background,S1/C1/S1_C1_E242_V0873.mp4,S1,C1,120.5,0,background,none,none,0,train,29.625,30.625,0.0,0.0,29.125,31.125,0.0,0.0,28.625,31.625,0.0,0.0,0,E242_0
E242,S1_C1_E242_V0874,30.125,background,S1/C1/S1_C1_E242_V0874.mp4,S1,C1,120.5,0,background,none,none,0,train,29.625,30.625,0.0,0.0,29.125,31.125,0.0,0.0,28.625,31.625,0.0,0.0,1,E242_1
E242,S1_C1_E242_V0874,60.25,background,S1/C1/S1_C1_E242_V0874.mp4,S1,C1,120.5,0,background,none,none,0,train,59.75,60.75,0.0,0.0,59.25,61.25,0.0,0.0,58.75,61.75,0.0,0.0,2,E242_2
E243,S1_C2_E243_V0542,1.7666666666666666,animal_detection,S1/C2/S1_C2_E243_V0542.mp4,S1,C2,2.5,1,animal,red_deer,"foraging,unknown",1,train,1.2666666666666666,2.2666666666666666,0.0,0.0,0.5,2.5,0.0,0.0,0.0,2.5,0.0,0.5,0,E243_0
E243,S1_C2_E243_V0543,1.05,animal_detection,S1/C2/S1_C2_E243_V0543.mp4,S1,C2,2.0,1,animal,red_deer,"foraging,unknown",1,train,0.55,1.55,0.0,0.0,0.0,2.0,0.0,0.0,0.0,2.0,0.44999999999999996,0.5499999999999998,1,E243_1
E243,S1_C3_E243_V0093,10.25,animal_detection,S1/C3/S1_C3_E243_V0093.mp4,S1,C3,20.5,1,animal,red_deer,"foraging,unknown",1,train,9.75,10.75,0.0,0.0,9.25,11.25,0.0,0.0,8.75,11.75,0.0,0.0,2,E243_2
E244,S1_C2_E244_V0553,1.0,animal_detection,S1/C2/S1_C2_E244_V0553.mp4,S1,C2,2.0,1,animal,red_deer,foraging,1,train,0.5,1.5,0.0,0.0,0.0,2.0,0.0,0.0,0.0,2.0,0.5,0.5,0,E244_0
E244,S1_C2_E244_V0554,0.8166666666666667,animal_detection,S1/C2/S1_C2_E244_V0554.mp4,S1,C2,2.0,1,animal,red_deer,foraging,1,train,0.31666666666666665,1.3166666666666667,0.0,0.0,0.0,2.0,0.0,0.0,0.0,2.0,0.6833333333333333,0.31666666666666643,1,E244_1
E248,S1_C1_E248_V0877,30.125,background,S1/C1/S1_C1_E248_V0877.mp4,S1,C1,120.5,0,background,none,none,0,train,29.625,30.625,0.0,0.0,29.125,31.125,0.0,0.0,28.625,31.625,0.0,0.0,0,E248_0
E248,S1_C1_E248_V0877,60.25,background,S1/C1/S1_C1_E248_V0877.mp4,S1,C1,120.5,0,background,none,none,0,train,59.75,60.75,0.0,0.0,59.25,61.25,0.0,0.0,58.75,61.75,0.0,0.0,1,E248_1
E248,S1_C1_E248_V0877,90.375,background,S1/C1/S1_C1_E248_V0877.mp4,S1,C1,120.5,0,background,none,none,0,train,89.875,90.875,0.0,0.0,89.375,91.375,0.0,0.0,88.875,91.875,0.0,0.0,2,E248_2
E25,S1_C2_E25_V0036,8.783333333333333,animal_detection,S1/C2/S1_C2_E25_V0036.mp4,S1,C2,120.5,1,animal,roe_deer,"escaping,unknown,vigilance",1,train,8.283333333333333,9.283333333333333,0.0,0.0,7.783333333333333,9.783333333333333,0.0,0.0,7.283333333333333,10.283333333333333,0.0,0.0,0,E25_0
E251,S1_C2_E251_V0565,0.7333333333333333,animal_detection,S1/C2/S1_C2_E251_V0565.mp4,S1,C2,1.5,1,animal,red_deer,foraging,1,train,0.23333333333333328,1.2333333333333334,0.0,0.0,0.0,1.5,0.2666666666666667,0.2333333333333334,0.0,1.5,0.7666666666666667,0.7333333333333334,0,E251_0
E252,S1_C2_E252_V0573,0.7833333333333333,animal_detection,S1/C2/S1_C2_E252_V0573.mp4,S1,C2,2.0,1,animal,red_deer,foraging,1,train,0.2833333333333333,1.2833333333333332,0.0,0.0,0.0,2.0,0.0,0.0,0.0,2.0,0.7166666666666667,0.2833333333333332,0,E252_0
E260,S2_C1_E260_V0019,10.25,animal_detection,S2/C1/S2_C1_E260_V0019.mp4,S2,C1,20.5,1,animal,red_deer,"camera_reaction,foraging,vigilance",1,train,9.75,10.75,0.0,0.0,9.25,11.25,0.0,0.0,8.75,11.75,0.0,0.0,0,E260_0
E260,S2_C1_E260_V0020,10.25,animal_detection,S2/C1/S2_C1_E260_V0020.mp4,S2,C1,20.5,1,animal,red_deer,"camera_reaction,foraging,vigilance",1,train,9.75,10.75,0.0,0.0,9.25,11.25,0.0,0.0,8.75,11.75,0.0,0.0,1,E260_1
E260,S2_C2_E260_V0019,10.733333333333333,animal_detection,S2/C2/S2_C2_E260_V0019.mp4,S2,C2,20.5,1,animal,red_deer,"camera_reaction,foraging,vigilance",1,train,10.233333333333333,11.233333333333333,0.0,0.0,9.733333333333333,11.733333333333333,0.0,0.0,9.233333333333333,12.233333333333333,0.0,0.0,2,E260_2
E263,S2_C1_E263_V0023,2.65,animal_detection,S2/C1/S2_C1_E263_V0023.mp4,S2,C1,120.5,1,animal,red_deer,"foraging,grooming,unknown,vigilance",1,train,2.15,3.15,0.0,0.0,1.65,3.65,0.0,0.0,1.15,4.15,0.0,0.0,0,E263_0
E263,S2_C2_E263_V0023,0.9666666666666667,animal_detection,S2/C2/S2_C2_E263_V0023.mp4,S2,C2,120.5,1,animal,red_deer,"foraging,grooming,unknown,vigilance",1,train,0.4666666666666667,1.4666666666666668,0.0,0.0,0.0,2.0,0.0,0.0,0.0,3.0,0.0,0.0,1,E263_1
E263,S2_C3_E263_V0018,21.066666666666666,animal_detection,S2/C3/S2_C3_E263_V0018.mp4,S2,C3,120.5,1,animal,red_deer,"foraging,grooming,unknown,vigilance",1,train,20.566666666666666,21.566666666666666,0.0,0.0,20.066666666666666,22.066666666666666,0.0,0.0,19.566666666666666,22.566666666666666,0.0,0.0,2,E263_2
E264,S2_C3_E264_V0019,0.8833333333333333,animal_detection,S2/C3/S2_C3_E264_V0019.mp4,S2,C3,120.5,1,animal,red_deer,unknown,1,train,0.3833333333333333,1.3833333333333333,0.0,0.0,0.0,2.0,0.0,0.0,0.0,3.0,0.0,0.0,0,E264_0
E265,S2_C1_E265_V0029,1.1666666666666667,animal_detection,S2/C1/S2_C1_E265_V0029.mp4,S2,C1,20.5,1,animal,red_deer,"camera_reaction,foraging,unknown,vigilance",3+,train,0.6666666666666667,1.6666666666666667,0.0,0.0,0.16666666666666674,2.166666666666667,0.0,0.0,0.0,3.0,0.0,0.0,0,E265_0
E265,S2_C2_E265_V0024,10.283333333333333,animal_detection,S2/C2/S2_C2_E265_V0024.mp4,S2,C2,20.5,1,animal,red_deer,"camera_reaction,foraging,unknown,vigilance",3+,train,9.783333333333333,10.783333333333333,0.0,0.0,9.283333333333333,11.283333333333333,0.0,0.0,8.783333333333333,11.783333333333333,0.0,0.0,1,E265_1
E265,S2_C2_E265_V0025,10.083333333333334,animal_detection,S2/C2/S2_C2_E265_V0025.mp4,S2,C2,20.5,1,animal,red_deer,"camera_reaction,foraging,unknown,vigilance",3+,train,9.583333333333334,10.583333333333334,0.0,0.0,9.083333333333334,11.083333333333334,0.0,0.0,8.583333333333334,11.583333333333334,0.0,0.0,2,E265_2
E266,S2_C3_E266_V0023,6.166666666666667,animal_detection,S2/C3/S2_C3_E266_V0023.mp4,S2,C3,20.5,1,animal,red_deer,foraging,1,train,5.666666666666667,6.666666666666667,0.0,0.0,5.166666666666667,7.166666666666667,0.0,0.0,4.666666666666667,7.666666666666667,0.0,0.0,0,E266_0
E27,S1_C1_E27_V0059,8.066666666666666,animal_detection,S1/C1/S1_C1_E27_V0059.mp4,S1,C1,20.5,1,animal,red_deer,"camera_reaction,foraging,unknown,vigilance",1,train,7.566666666666666,8.566666666666666,0.0,0.0,7.066666666666666,9.066666666666666,0.0,0.0,6.566666666666666,9.566666666666666,0.0,0.0,0,E27_0
E27,S1_C1_E27_V0060,9.0,animal_detection,S1/C1/S1_C1_E27_V0060.mp4,S1,C1,20.5,1,animal,red_deer,"camera_reaction,foraging,unknown,vigilance",1,train,8.5,9.5,0.0,0.0,8.0,10.0,0.0,0.0,7.5,10.5,0.0,0.0,1,E27_1
E27,S1_C2_E27_V0038,10.25,animal_detection,S1/C2/S1_C2_E27_V0038.mp4,S1,C2,20.5,1,animal,red_deer,"camera_reaction,foraging,unknown,vigilance",1,train,9.75,10.75,0.0,0.0,9.25,11.25,0.0,0.0,8.75,11.75,0.0,0.0,2,E27_2
E274,S2_C1_E274_V0033,16.016666666666666,animal_detection,S2/C1/S2_C1_E274_V0033.mp4,S2,C1,120.5,1,animal,red_deer,"camera_reaction,foraging,vigilance",1,train,15.516666666666666,16.516666666666666,0.0,0.0,15.016666666666666,17.016666666666666,0.0,0.0,14.516666666666666,17.516666666666666,0.0,0.0,0,E274_0
E276,S2_C1_E276_V0035,1.2166666666666666,animal_detection,S2/C1/S2_C1_E276_V0035.mp4,S2,C1,20.5,1,animal,red_deer,foraging,1,train,0.7166666666666666,1.7166666666666666,0.0,0.0,0.21666666666666656,2.216666666666667,0.0,0.0,0.0,3.0,0.0,0.0,0,E276_0
E277,S2_C3_E277_V0038,10.25,animal_detection,S2/C3/S2_C3_E277_V0038.mp4,S2,C3,20.5,1,animal,roe_deer,"foraging,vigilance",1,train,9.75,10.75,0.0,0.0,9.25,11.25,0.0,0.0,8.75,11.75,0.0,0.0,0,E277_0
E28,S1_C2_E28_V0039,10.25,animal_detection,S1/C2/S1_C2_E28_V0039.mp4,S1,C2,20.5,1,animal,red_deer,"foraging,unknown,vigilance",1,train,9.75,10.75,0.0,0.0,9.25,11.25,0.0,0.0,8.75,11.75,0.0,0.0,0,E28_0
E281,S2_C1_E281_V0038,44.96666666666667,animal_detection,S2/C1/S2_C1_E281_V0038.mp4,S2,C1,120.5,1,animal,red_deer,"foraging,unknown,vigilance",1,train,44.46666666666667,45.46666666666667,0.0,0.0,43.96666666666667,45.96666666666667,0.0,0.0,43.46666666666667,46.46666666666667,0.0,0.0,0,E281_0
E281,S2_C2_E281_V0038,28.716666666666665,animal_detection,S2/C2/S2_C2_E281_V0038.mp4,S2,C2,120.5,1,animal,red_deer,"foraging,unknown,vigilance",1,train,28.216666666666665,29.216666666666665,0.0,0.0,27.716666666666665,29.716666666666665,0.0,0.0,27.216666666666665,30.216666666666665,0.0,0.0,1,E281_1
E281,S2_C3_E281_V0047,21.383333333333333,animal_detection,S2/C3/S2_C3_E281_V0047.mp4,S2,C3,120.5,1,animal,red_deer,"foraging,unknown,vigilance",1,train,20.883333333333333,21.883333333333333,0.0,0.0,20.383333333333333,22.383333333333333,0.0,0.0,19.883333333333333,22.883333333333333,0.0,0.0,2,E281_2
E284,S2_C1_E284_V0039,2.6,animal_detection,S2/C1/S2_C1_E284_V0039.mp4,S2,C1,20.5,1,animal,red_deer,"camera_reaction,foraging,unknown,vigilance",1,train,2.1,3.1,0.0,0.0,1.6,3.6,0.0,0.0,1.0999999999999996,4.1,0.0,0.0,0,E284_0
E284,S2_C1_E284_V0040,8.416666666666666,animal_detection,S2/C1/S2_C1_E284_V0040.mp4,S2,C1,20.5,1,animal,red_deer,"camera_reaction,foraging,unknown,vigilance",1,train,7.916666666666666,8.916666666666666,0.0,0.0,7.416666666666666,9.416666666666666,0.0,0.0,6.916666666666666,9.916666666666666,0.0,0.0,1,E284_1
E284,S2_C2_E284_V0040,4.783333333333333,animal_detection,S2/C2/S2_C2_E284_V0040.mp4,S2,C2,20.5,1,animal,red_deer,"camera_reaction,foraging,unknown,vigilance",1,train,4.283333333333333,5.283333333333333,0.0,0.0,3.783333333333333,5.783333333333333,0.0,0.0,3.283333333333333,6.283333333333333,0.0,0.0,2,E284_2
E285,S2_C1_E285_V0041,1.9666666666666666,animal_detection,S2/C1/S2_C1_E285_V0041.mp4,S2,C1,120.5,1,animal,red_deer,"camera_reaction,foraging,unknown,vigilance",3+,train,1.4666666666666666,2.466666666666667,0.0,0.0,0.9666666666666666,2.966666666666667,0.0,0.0,0.46666666666666656,3.466666666666667,0.0,0.0,0,E285_0
E285,S2_C1_E285_V0041,5.25,animal_detection,S2/C1/S2_C1_E285_V0041.mp4,S2,C1,120.5,1,animal,red_deer,"camera_reaction,foraging,unknown,vigilance",3+,train,4.75,5.75,0.0,0.0,4.25,6.25,0.0,0.0,3.75,6.75,0.0,0.0,1,E285_1
E285,S2_C3_E285_V0051,16.849999999999998,animal_detection,S2/C3/S2_C3_E285_V0051.mp4,S2,C3,120.5,1,animal,red_deer,"camera_reaction,foraging,unknown,vigilance",3+,train,16.349999999999998,17.349999999999998,0.0,0.0,15.849999999999998,17.849999999999998,0.0,0.0,15.349999999999998,18.349999999999998,0.0,0.0,2,E285_2
E29,S1_C1_E29_V0064,46.18333333333333,animal_detection,S1/C1/S1_C1_E29_V0064.mp4,S1,C1,120.5,1,animal,red_deer,"camera_reaction,foraging,grooming,unknown,vigilance",1,train,45.68333333333333,46.68333333333333,0.0,0.0,45.18333333333333,47.18333333333333,0.0,0.0,44.68333333333333,47.68333333333333,0.0,0.0,0,E29_0
E29,S1_C2_E29_V0040,6.866666666666666,animal_detection,S1/C2/S1_C2_E29_V0040.mp4,S1,C2,120.5,1,animal,red_deer,"camera_reaction,foraging,grooming,unknown,vigilance",1,train,6.366666666666666,7.366666666666666,0.0,0.0,5.866666666666666,7.866666666666666,0.0,0.0,5.366666666666666,8.366666666666667,0.0,0.0,1,E29_1
E29,S1_C2_E29_V0040,39.56666666666666,animal_detection,S1/C2/S1_C2_E29_V0040.mp4,S1,C2,120.5,1,animal,red_deer,"camera_reaction,foraging,grooming,unknown,vigilance",1,train,39.06666666666666,40.06666666666666,0.0,0.0,38.56666666666666,40.56666666666666,0.0,0.0,38.06666666666666,41.06666666666666,0.0,0.0,2,E29_2
E30,S1_C1_E30_V0066,4.866666666666666,animal_detection,S1/C1/S1_C1_E30_V0066.mp4,S1,C1,20.5,1,animal,red_deer,"foraging,unknown",1,train,4.366666666666666,5.366666666666666,0.0,0.0,3.8666666666666663,5.866666666666666,0.0,0.0,3.3666666666666663,6.366666666666666,0.0,0.0,0,E30_0
E30,S1_C2_E30_V0041,10.25,animal_detection,S1/C2/S1_C2_E30_V0041.mp4,S1,C2,20.5,1,animal,red_deer,"foraging,unknown",1,train,9.75,10.75,0.0,0.0,9.25,11.25,0.0,0.0,8.75,11.75,0.0,0.0,1,E30_1
E307,S2_C1_E307_V0054,10.25,animal_detection,S2/C1/S2_C1_E307_V0054.mp4,S2,C1,20.5,1,animal,red_deer,"foraging,unknown,vigilance",2,train,9.75,10.75,0.0,0.0,9.25,11.25,0.0,0.0,8.75,11.75,0.0,0.0,0,E307_0
E307,S2_C2_E307_V0060,1.4166666666666667,animal_detection,S2/C2/S2_C2_E307_V0060.mp4,S2,C2,20.5,1,animal,red_deer,"foraging,unknown,vigilance",2,train,0.9166666666666667,1.9166666666666667,0.0,0.0,0.41666666666666674,2.416666666666667,0.0,0.0,0.0,3.0,0.0,0.0,1,E307_1
E307,S2_C3_E307_V0076,10.25,animal_detection,S2/C3/S2_C3_E307_V0076.mp4,S2,C3,20.5,1,animal,red_deer,"foraging,unknown,vigilance",2,train,9.75,10.75,0.0,0.0,9.25,11.25,0.0,0.0,8.75,11.75,0.0,0.0,2,E307_2
E308,S2_C1_E308_V0058,10.25,animal_detection,S2/C1/S2_C1_E308_V0058.mp4,S2,C1,20.5,1,animal,red_deer,"foraging,unknown,vigilance",3+,train,9.75,10.75,0.0,0.0,9.25,11.25,0.0,0.0,8.75,11.75,0.0,0.0,0,E308_0
E308,S2_C1_E308_V0059,9.95,animal_detection,S2/C1/S2_C1_E308_V0059.mp4,S2,C1,20.5,1,animal,red_deer,"foraging,unknown,vigilance",3+,train,9.45,10.45,0.0,0.0,8.95,10.95,0.0,0.0,8.45,11.45,0.0,0.0,1,E308_1
E308,S2_C3_E308_V0079,10.25,animal_detection,S2/C3/S2_C3_E308_V0079.mp4,S2,C3,20.5,1,animal,red_deer,"foraging,unknown,vigilance",3+,train,9.75,10.75,0.0,0.0,9.25,11.25,0.0,0.0,8.75,11.75,0.0,0.0,2,E308_2
E311,S2_C3_E311_V0084,10.25,animal_detection,S2/C3/S2_C3_E311_V0084.mp4,S2,C3,20.5,1,animal,red_deer,"foraging,grooming,unknown,vigilance",1,train,9.75,10.75,0.0,0.0,9.25,11.25,0.0,0.0,8.75,11.75,0.0,0.0,0,E311_0
E312,S2_C2_E312_V0064,2.5833333333333335,animal_detection,S2/C2/S2_C2_E312_V0064.mp4,S2,C2,120.5,1,animal,red_deer,unknown,1,train,2.0833333333333335,3.0833333333333335,0.0,0.0,1.5833333333333335,3.5833333333333335,0.0,0.0,1.0833333333333335,4.083333333333334,0.0,0.0,0,E312_0
E312,S2_C3_E312_V0085,1.1333333333333333,animal_detection,S2/C3/S2_C3_E312_V0085.mp4,S2,C3,120.5,1,animal,red_deer,unknown,1,train,0.6333333333333333,1.6333333333333333,0.0,0.0,0.1333333333333333,2.1333333333333333,0.0,0.0,0.0,3.0,0.0,0.0,1,E312_1
E313,S2_C2_E313_V0065,6.216666666666667,animal_detection,S2/C2/S2_C2_E313_V0065.mp4,S2,C2,120.5,1,animal,red_deer,"foraging,unknown,vigilance",3+,train,5.716666666666667,6.716666666666667,0.0,0.0,5.216666666666667,7.216666666666667,0.0,0.0,4.716666666666667,7.716666666666667,0.0,0.0,0,E313_0
E313,S2_C3_E313_V0086,2.716666666666667,animal_detection,S2/C3/S2_C3_E313_V0086.mp4,S2,C3,120.5,1,animal,red_deer,"foraging,unknown,vigilance",3+,train,2.216666666666667,3.216666666666667,0.0,0.0,1.7166666666666668,3.716666666666667,0.0,0.0,1.2166666666666668,4.216666666666667,0.0,0.0,1,E313_1
E313,S2_C3_E313_V0086,54.833333333333336,animal_detection,S2/C3/S2_C3_E313_V0086.mp4,S2,C3,120.5,1,animal,red_deer,"foraging,unknown,vigilance",3+,train,54.333333333333336,55.333333333333336,0.0,0.0,53.833333333333336,55.833333333333336,0.0,0.0,53.333333333333336,56.333333333333336,0.0,0.0,2,E313_2
E323,S2_C1_E323_V0073,8.65,animal_detection,S2/C1/S2_C1_E323_V0073.mp4,S2,C1,20.5,1,animal,red_deer,"camera_reaction,foraging,unknown,vigilance",1,train,8.15,9.15,0.0,0.0,7.65,9.65,0.0,0.0,7.15,10.15,0.0,0.0,0,E323_0
E323,S2_C1_E323_V0074,1.2,animal_detection,S2/C1/S2_C1_E323_V0074.mp4,S2,C1,20.5,1,animal,red_deer,"camera_reaction,foraging,unknown,vigilance",1,train,0.7,1.7,0.0,0.0,0.19999999999999996,2.2,0.0,0.0,0.0,3.0,0.0,0.0,1,E323_1
E323,S2_C2_E323_V0071,10.25,animal_detection,S2/C2/S2_C2_E323_V0071.mp4,S2,C2,20.5,1,animal,red_deer,"camera_reaction,foraging,unknown,vigilance",1,train,9.75,10.75,0.0,0.0,9.25,11.25,0.0,0.0,8.75,11.75,0.0,0.0,2,E323_2
E324,S2_C3_E324_V0092,1.9666666666666666,animal_detection,S2/C3/S2_C3_E324_V0092.mp4,S2,C3,20.5,1,animal,fox,"foraging,vigilance",1,train,1.4666666666666666,2.466666666666667,0.0,0.0,0.9666666666666666,2.966666666666667,0.0,0.0,0.46666666666666656,3.466666666666667,0.0,0.0,0,E324_0
E327,S2_C3_E327_V0095,6.933333333333334,animal_detection,S2/C3/S2_C3_E327_V0095.mp4,S2,C3,20.5,1,animal,fox,"foraging,vigilance",1,train,6.433333333333334,7.433333333333334,0.0,0.0,5.933333333333334,7.933333333333334,0.0,0.0,5.433333333333334,8.433333333333334,0.0,0.0,0,E327_0
E33,S1_C1_E33_V0069,56.416666666666664,animal_detection,S1/C1/S1_C1_E33_V0069.mp4,S1,C1,120.5,1,animal,red_deer,"foraging,unknown,vigilance",2,train,55.916666666666664,56.916666666666664,0.0,0.0,55.416666666666664,57.416666666666664,0.0,0.0,54.916666666666664,57.916666666666664,0.0,0.0,0,E33_0
E33,S1_C2_E33_V0042,5.45,animal_detection,S1/C2/S1_C2_E33_V0042.mp4,S1,C2,120.5,1,animal,red_deer,"foraging,unknown,vigilance",2,train,4.95,5.95,0.0,0.0,4.45,6.45,0.0,0.0,3.95,6.95,0.0,0.0,1,E33_1
E33,S1_C2_E33_V0043,6.15,animal_detection,S1/C2/S1_C2_E33_V0043.mp4,S1,C2,120.5,1,animal,red_deer,"foraging,unknown,vigilance",2,train,5.65,6.65,0.0,0.0,5.15,7.15,0.0,0.0,4.65,7.65,0.0,0.0,2,E33_2
E330,S2_C3_E330_V0096,0.9166666666666667,animal_detection,S2/C3/S2_C3_E330_V0096.mp4,S2,C3,120.5,1,animal,red_deer,unknown,1,train,0.41666666666666674,1.4166666666666667,0.0,0.0,0.0,2.0,0.0,0.0,0.0,3.0,0.0,0.0,0,E330_0
E332,S2_C1_E332_V0076,0.13333333333333333,animal_detection,S2/C1/S2_C1_E332_V0076.mp4,S2,C1,120.5,1,animal,roe_deer,"foraging,unknown,vigilance",1,train,0.0,1.0,0.0,0.0,0.0,2.0,0.0,0.0,0.0,3.0,0.0,0.0,0,E332_0
E332,S2_C1_E332_V0076,15.15,animal_detection,S2/C1/S2_C1_E332_V0076.mp4,S2,C1,120.5,1,animal,roe_deer,"foraging,unknown,vigilance",1,train,14.65,15.65,0.0,0.0,14.15,16.15,0.0,0.0,13.649999999999999,16.65,0.0,0.0,1,E332_1
E332,S2_C2_E332_V0079,3.85,animal_detection,S2/C2/S2_C2_E332_V0079.mp4,S2,C2,120.5,1,animal,roe_deer,"foraging,unknown,vigilance",1,train,3.35,4.35,0.0,0.0,2.85,4.85,0.0,0.0,2.3499999999999996,5.35,0.0,0.0,2,E332_2
E334,S2_C1_E334_V0077,9.45,animal_detection,S2/C1/S2_C1_E334_V0077.mp4,S2,C1,20.5,1,animal,red_deer,"foraging,unknown,vigilance",1,train,8.95,9.95,0.0,0.0,8.45,10.45,0.0,0.0,7.949999999999999,10.95,0.0,0.0,0,E334_0
E334,S2_C2_E334_V0080,1.0,animal_detection,S2/C2/S2_C2_E334_V0080.mp4,S2,C2,20.5,1,animal,red_deer,"foraging,unknown,vigilance",1,train,0.5,1.5,0.0,0.0,0.0,2.0,0.0,0.0,0.0,3.0,0.0,0.0,1,E334_1
E334,S2_C3_E334_V0099,10.25,animal_detection,S2/C3/S2_C3_E334_V0099.mp4,S2,C3,20.5,1,animal,red_deer,"foraging,unknown,vigilance",1,train,9.75,10.75,0.0,0.0,9.25,11.25,0.0,0.0,8.75,11.75,0.0,0.0,2,E334_2
E336,S2_C2_E336_V0081,60.266666666666666,animal_detection,S2/C2/S2_C2_E336_V0081.mp4,S2,C2,120.5,1,animal,roe_deer,"foraging,unknown,vigilance",1,train,59.766666666666666,60.766666666666666,0.0,0.0,59.266666666666666,61.266666666666666,0.0,0.0,58.766666666666666,61.766666666666666,0.0,0.0,0,E336_0
E339,S2_C1_E339_V0081,3.4833333333333334,animal_detection,S2/C1/S2_C1_E339_V0081.mp4,S2,C1,20.5,1,animal,red_deer,"chasing,foraging,unknown,vigilance",3+,train,2.9833333333333334,3.9833333333333334,0.0,0.0,2.4833333333333334,4.483333333333333,0.0,0.0,1.9833333333333334,4.983333333333333,0.0,0.0,0,E339_0
E339,S2_C2_E339_V0083,5.533333333333333,animal_detection,S2/C2/S2_C2_E339_V0083.mp4,S2,C2,20.5,1,animal,red_deer,"chasing,foraging,unknown,vigilance",3+,train,5.033333333333333,6.033333333333333,0.0,0.0,4.533333333333333,6.533333333333333,0.0,0.0,4.033333333333333,7.033333333333333,0.0,0.0,1,E339_1
E339,S2_C3_E339_V0103,1.8,animal_detection,S2/C3/S2_C3_E339_V0103.mp4,S2,C3,20.5,1,animal,red_deer,"chasing,foraging,unknown,vigilance",3+,train,1.3,2.3,0.0,0.0,0.8,2.8,0.0,0.0,0.2999999999999998,3.3,0.0,0.0,2,E339_2
E34,S1_C1_E34_V0071,23.95,animal_detection,S1/C1/S1_C1_E34_V0071.mp4,S1,C1,120.5,1,animal,red_deer,"foraging,unknown,vigilance",2,train,23.45,24.45,0.0,0.0,22.95,24.95,0.0,0.0,22.45,25.45,0.0,0.0,0,E34_0
E34,S1_C2_E34_V0044,8.25,animal_detection,S1/C2/S1_C2_E34_V0044.mp4,S1,C2,120.5,1,animal,red_deer,"foraging,unknown,vigilance",2,train,7.75,8.75,0.0,0.0,7.25,9.25,0.0,0.0,6.75,9.75,0.0,0.0,1,E34_1
E340,S2_C3_E340_V0104,6.266666666666667,animal_detection,S2/C3/S2_C3_E340_V0104.mp4,S2,C3,20.5,1,animal,red_deer,"foraging,unknown",2,train,5.766666666666667,6.766666666666667,0.0,0.0,5.266666666666667,7.266666666666667,0.0,0.0,4.766666666666667,7.766666666666667,0.0,0.0,0,E340_0
E341,S2_C1_E341_V0082,6.316666666666666,animal_detection,S2/C1/S2_C1_E341_V0082.mp4,S2,C1,20.5,1,animal,red_deer,"foraging,vigilance",1,train,5.816666666666666,6.816666666666666,0.0,0.0,5.316666666666666,7.316666666666666,0.0,0.0,4.816666666666666,7.816666666666666,0.0,0.0,0,E341_0
E341,S2_C2_E341_V0086,2.9166666666666665,animal_detection,S2/C2/S2_C2_E341_V0086.mp4,S2,C2,20.5,1,animal,red_deer,"foraging,vigilance",1,train,2.4166666666666665,3.4166666666666665,0.0,0.0,1.9166666666666665,3.9166666666666665,0.0,0.0,1.416666666666666,4.416666666666666,0.0,0.0,1,E341_1
E341,S2_C3_E341_V0105,5.383333333333334,animal_detection,S2/C3/S2_C3_E341_V0105.mp4,S2,C3,20.5,1,animal,red_deer,"foraging,vigilance",1,train,4.883333333333334,5.883333333333334,0.0,0.0,4.383333333333334,6.383333333333334,0.0,0.0,3.8833333333333337,6.883333333333334,0.0,0.0,2,E341_2
E343,S2_C1_E343_V0083,5.316666666666666,animal_detection,S2/C1/S2_C1_E343_V0083.mp4,S2,C1,20.5,1,animal,red_deer,"escaping,foraging,unknown,vigilance",1,train,4.816666666666666,5.816666666666666,0.0,0.0,4.316666666666666,6.316666666666666,0.0,0.0,3.8166666666666664,6.816666666666666,0.0,0.0,0,E343_0
E343,S2_C2_E343_V0087,2.6166666666666667,animal_detection,S2/C2/S2_C2_E343_V0087.mp4,S2,C2,20.5,1,animal,red_deer,"escaping,foraging,unknown,vigilance",1,train,2.1166666666666667,3.1166666666666667,0.0,0.0,1.6166666666666667,3.6166666666666667,0.0,0.0,1.1166666666666667,4.116666666666667,0.0,0.0,1,E343_1
E343,S2_C3_E343_V0107,9.416666666666666,animal_detection,S2/C3/S2_C3_E343_V0107.mp4,S2,C3,20.5,1,animal,red_deer,"escaping,foraging,unknown,vigilance",1,train,8.916666666666666,9.916666666666666,0.0,0.0,8.416666666666666,10.416666666666666,0.0,0.0,7.916666666666666,10.916666666666666,0.0,0.0,2,E343_2
E344,S2_C2_E344_V0088,2.65,animal_detection,S2/C2/S2_C2_E344_V0088.mp4,S2,C2,20.5,1,animal,red_deer,"foraging,vigilance",1,train,2.15,3.15,0.0,0.0,1.65,3.65,0.0,0.0,1.15,4.15,0.0,0.0,0,E344_0
E344,S2_C2_E344_V0089,2.6166666666666667,animal_detection,S2/C2/S2_C2_E344_V0089.mp4,S2,C2,20.5,1,animal,red_deer,"foraging,vigilance",1,train,2.1166666666666667,3.1166666666666667,0.0,0.0,1.6166666666666667,3.6166666666666667,0.0,0.0,1.1166666666666667,4.116666666666667,0.0,0.0,1,E344_1
E344,S2_C3_E344_V0109,5.833333333333333,animal_detection,S2/C3/S2_C3_E344_V0109.mp4,S2,C3,20.5,1,animal,red_deer,"foraging,vigilance",1,train,5.333333333333333,6.333333333333333,0.0,0.0,4.833333333333333,6.833333333333333,0.0,0.0,4.333333333333333,7.333333333333333,0.0,0.0,2,E344_2
E347,S2_C1_E347_V0084,5.483333333333333,animal_detection,S2/C1/S2_C1_E347_V0084.mp4,S2,C1,20.5,1,animal,red_deer,"foraging,vigilance",1,train,4.983333333333333,5.983333333333333,0.0,0.0,4.483333333333333,6.483333333333333,0.0,0.0,3.9833333333333334,6.983333333333333,0.0,0.0,0,E347_0
E347,S2_C2_E347_V0092,10.016666666666666,animal_detection,S2/C2/S2_C2_E347_V0092.mp4,S2,C2,20.5,1,animal,red_deer,"foraging,vigilance",1,train,9.516666666666666,10.516666666666666,0.0,0.0,9.016666666666666,11.016666666666666,0.0,0.0,8.516666666666666,11.516666666666666,0.0,0.0,1,E347_1
E347,S2_C3_E347_V0110,9.45,animal_detection,S2/C3/S2_C3_E347_V0110.mp4,S2,C3,20.5,1,animal,red_deer,"foraging,vigilance",1,train,8.95,9.95,0.0,0.0,8.45,10.45,0.0,0.0,7.949999999999999,10.95,0.0,0.0,2,E347_2
E349,S2_C1_E349_V0085,10.25,animal_detection,S2/C1/S2_C1_E349_V0085.mp4,S2,C1,20.5,1,animal,red_deer,"escaping,foraging,unknown,vigilance",1,train,9.75,10.75,0.0,0.0,9.25,11.25,0.0,0.0,8.75,11.75,0.0,0.0,0,E349_0
E349,S2_C2_E349_V0094,6.666666666666667,animal_detection,S2/C2/S2_C2_E349_V0094.mp4,S2,C2,20.5,1,animal,red_deer,"escaping,foraging,unknown,vigilance",1,train,6.166666666666667,7.166666666666667,0.0,0.0,5.666666666666667,7.666666666666667,0.0,0.0,5.166666666666667,8.166666666666668,0.0,0.0,1,E349_1
E349,S2_C3_E349_V0111,10.25,animal_detection,S2/C3/S2_C3_E349_V0111.mp4,S2,C3,20.5,1,animal,red_deer,"escaping,foraging,unknown,vigilance",1,train,9.75,10.75,0.0,0.0,9.25,11.25,0.0,0.0,8.75,11.75,0.0,0.0,2,E349_2
E350,S2_C2_E350_V0096,10.2,animal_detection,S2/C2/S2_C2_E350_V0096.mp4,S2,C2,20.5,1,animal,red_deer,"camera_reaction,foraging,unknown,vigilance",1,train,9.7,10.7,0.0,0.0,9.2,11.2,0.0,0.0,8.7,11.7,0.0,0.0,0,E350_0
E350,S2_C3_E350_V0112,10.25,animal_detection,S2/C3/S2_C3_E350_V0112.mp4,S2,C3,20.5,1,animal,red_deer,"camera_reaction,foraging,unknown,vigilance",1,train,9.75,10.75,0.0,0.0,9.25,11.25,0.0,0.0,8.75,11.75,0.0,0.0,1,E350_1
E350,S2_C3_E350_V0113,10.25,animal_detection,S2/C3/S2_C3_E350_V0113.mp4,S2,C3,20.5,1,animal,red_deer,"camera_reaction,foraging,unknown,vigilance",1,train,9.75,10.75,0.0,0.0,9.25,11.25,0.0,0.0,8.75,11.75,0.0,0.0,2,E350_2
E351,S2_C2_E351_V0097,10.25,animal_detection,S2/C2/S2_C2_E351_V0097.mp4,S2,C2,20.5,1,animal,red_deer,"courtship,foraging,unknown,vigilance",3+,train,9.75,10.75,0.0,0.0,9.25,11.25,0.0,0.0,8.75,11.75,0.0,0.0,0,E351_0
E351,S2_C2_E351_V0098,10.25,animal_detection,S2/C2/S2_C2_E351_V0098.mp4,S2,C2,20.5,1,animal,red_deer,"courtship,foraging,unknown,vigilance",3+,train,9.75,10.75,0.0,0.0,9.25,11.25,0.0,0.0,8.75,11.75,0.0,0.0,1,E351_1
E351,S2_C2_E351_V0099,1.75,animal_detection,S2/C2/S2_C2_E351_V0099.mp4,S2,C2,20.5,1,animal,red_deer,"courtship,foraging,unknown,vigilance",3+,train,1.25,2.25,0.0,0.0,0.75,2.75,0.0,0.0,0.25,3.25,0.0,0.0,2,E351_2
E353,S2_C1_E353_V0087,10.25,animal_detection,S2/C1/S2_C1_E353_V0087.mp4,S2,C1,20.5,1,animal,red_deer,"foraging,grooming,unknown,vigilance",3+,train,9.75,10.75,0.0,0.0,9.25,11.25,0.0,0.0,8.75,11.75,0.0,0.0,0,E353_0
E353,S2_C1_E353_V0089,10.25,animal_detection,S2/C1/S2_C1_E353_V0089.mp4,S2,C1,20.5,1,animal,red_deer,"foraging,grooming,unknown,vigilance",3+,train,9.75,10.75,0.0,0.0,9.25,11.25,0.0,0.0,8.75,11.75,0.0,0.0,1,E353_1
E353,S2_C1_E353_V0090,8.0,animal_detection,S2/C1/S2_C1_E353_V0090.mp4,S2,C1,20.5,1,animal,red_deer,"foraging,grooming,unknown,vigilance",3+,train,7.5,8.5,0.0,0.0,7.0,9.0,0.0,0.0,6.5,9.5,0.0,0.0,2,E353_2
E357,S2_C1_E357_V0091,10.266666666666667,animal_detection,S2/C1/S2_C1_E357_V0091.mp4,S2,C1,20.5,1,animal,red_deer,"foraging,unknown,vigilance",2,train,9.766666666666667,10.766666666666667,0.0,0.0,9.266666666666667,11.266666666666667,0.0,0.0,8.766666666666667,11.766666666666667,0.0,0.0,0,E357_0
E357,S2_C1_E357_V0092,10.25,animal_detection,S2/C1/S2_C1_E357_V0092.mp4,S2,C1,20.5,1,animal,red_deer,"foraging,unknown,vigilance",2,train,9.75,10.75,0.0,0.0,9.25,11.25,0.0,0.0,8.75,11.75,0.0,0.0,1,E357_1
E357,S2_C1_E357_V0093,7.883333333333334,animal_detection,S2/C1/S2_C1_E357_V0093.mp4,S2,C1,20.5,1,animal,red_deer,"foraging,unknown,vigilance",2,train,7.383333333333334,8.383333333333333,0.0,0.0,6.883333333333334,8.883333333333333,0.0,0.0,6.383333333333333,9.383333333333333,0.0,0.0,2,E357_2
E358,S2_C1_E358_V0094,3.3333333333333335,animal_detection,S2/C1/S2_C1_E358_V0094.mp4,S2,C1,20.5,1,animal,red_deer,"courtship,foraging,unknown",3+,train,2.8333333333333335,3.8333333333333335,0.0,0.0,2.3333333333333335,4.333333333333334,0.0,0.0,1.8333333333333335,4.833333333333334,0.0,0.0,0,E358_0
E358,S2_C1_E358_V0094,9.25,animal_detection,S2/C1/S2_C1_E358_V0094.mp4,S2,C1,20.5,1,animal,red_deer,"courtship,foraging,unknown",3+,train,8.75,9.75,0.0,0.0,8.25,10.25,0.0,0.0,7.75,10.75,0.0,0.0,1,E358_1
E358,S2_C2_E358_V0105,5.316666666666666,animal_detection,S2/C2/S2_C2_E358_V0105.mp4,S2,C2,20.5,1,animal,red_deer,"courtship,foraging,unknown",3+,train,4.816666666666666,5.816666666666666,0.0,0.0,4.316666666666666,6.316666666666666,0.0,0.0,3.8166666666666664,6.816666666666666,0.0,0.0,2,E358_2
E359,S2_C1_E359_V0095,9.75,animal_detection,S2/C1/S2_C1_E359_V0095.mp4,S2,C1,20.5,1,animal,red_deer,"foraging,vigilance",1,train,9.25,10.25,0.0,0.0,8.75,10.75,0.0,0.0,8.25,11.25,0.0,0.0,0,E359_0
E359,S2_C2_E359_V0106,3.3666666666666667,animal_detection,S2/C2/S2_C2_E359_V0106.mp4,S2,C2,20.5,1,animal,red_deer,"foraging,vigilance",1,train,2.8666666666666667,3.8666666666666667,0.0,0.0,2.3666666666666667,4.366666666666667,0.0,0.0,1.8666666666666667,4.866666666666667,0.0,0.0,1,E359_1
E36,S1_C1_E36_V0073,81.56666666666666,animal_detection,S1/C1/S1_C1_E36_V0073.mp4,S1,C1,120.5,1,animal,red_deer,"escaping,foraging,unknown,vigilance",2,train,81.06666666666666,82.06666666666666,0.0,0.0,80.56666666666666,82.56666666666666,0.0,0.0,80.06666666666666,83.06666666666666,0.0,0.0,0,E36_0
E36,S1_C3_E36_V0018,2.45,animal_detection,S1/C3/S1_C3_E36_V0018.mp4,S1,C3,120.5,1,animal,red_deer,"escaping,foraging,unknown,vigilance",2,train,1.9500000000000002,2.95,0.0,0.0,1.4500000000000002,3.45,0.0,0.0,0.9500000000000002,3.95,0.0,0.0,1,E36_1
E36,S1_C3_E36_V0018,78.85,animal_detection,S1/C3/S1_C3_E36_V0018.mp4,S1,C3,120.5,1,animal,red_deer,"escaping,foraging,unknown,vigilance",2,train,78.35,79.35,0.0,0.0,77.85,79.85,0.0,0.0,77.35,80.35,0.0,0.0,2,E36_2
E360,S2_C1_E360_V0096,2.9166666666666665,animal_detection,S2/C1/S2_C1_E360_V0096.mp4,S2,C1,20.5,1,animal,red_deer,"foraging,vigilance",1,train,2.4166666666666665,3.4166666666666665,0.0,0.0,1.9166666666666665,3.9166666666666665,0.0,0.0,1.416666666666666,4.416666666666666,0.0,0.0,0,E360_0
E361,S2_C1_E361_V0097,7.166666666666667,animal_detection,S2/C1/S2_C1_E361_V0097.mp4,S2,C1,20.5,1,animal,red_deer,"foraging,unknown",2,train,6.666666666666667,7.666666666666667,0.0,0.0,6.166666666666667,8.166666666666668,0.0,0.0,5.666666666666667,8.666666666666668,0.0,0.0,0,E361_0
E362,S2_C3_E362_V0114,9.616666666666667,animal_detection,S2/C3/S2_C3_E362_V0114.mp4,S2,C3,20.5,1,animal,red_deer,foraging,3+,train,9.116666666666667,10.116666666666667,0.0,0.0,8.616666666666667,10.616666666666667,0.0,0.0,8.116666666666667,11.116666666666667,0.0,0.0,0,E362_0
E363,S2_C1_E363_V0098,1.95,animal_detection,S2/C1/S2_C1_E363_V0098.mp4,S2,C1,20.5,1,animal,red_deer,foraging,1,train,1.45,2.45,0.0,0.0,0.95,2.95,0.0,0.0,0.44999999999999996,3.45,0.0,0.0,0,E363_0
E363,S2_C2_E363_V0107,10.25,animal_detection,S2/C2/S2_C2_E363_V0107.mp4,S2,C2,20.5,1,animal,red_deer,foraging,1,train,9.75,10.75,0.0,0.0,9.25,11.25,0.0,0.0,8.75,11.75,0.0,0.0,1,E363_1
E365,S2_C1_E365_V0100,1.2,animal_detection,S2/C1/S2_C1_E365_V0100.mp4,S2,C1,120.5,1,animal,red_deer,"foraging,grooming,unknown,vigilance",1,train,0.7,1.7,0.0,0.0,0.19999999999999996,2.2,0.0,0.0,0.0,3.0,0.0,0.0,0,E365_0
E365,S2_C2_E365_V0109,63.35,animal_detection,S2/C2/S2_C2_E365_V0109.mp4,S2,C2,120.5,1,animal,red_deer,"foraging,grooming,unknown,vigilance",1,train,62.85,63.85,0.0,0.0,62.35,64.35,0.0,0.0,61.849999999999994,64.85,0.0,0.0,1,E365_1
E365,S2_C2_E365_V0110,8.466666666666667,animal_detection,S2/C2/S2_C2_E365_V0110.mp4,S2,C2,120.5,1,animal,red_deer,"foraging,grooming,unknown,vigilance",1,train,7.966666666666667,8.966666666666667,0.0,0.0,7.466666666666667,9.466666666666667,0.0,0.0,6.966666666666667,9.966666666666667,0.0,0.0,2,E365_2
E366,S2_C1_E366_V0101,0.6,animal_detection,S2/C1/S2_C1_E366_V0101.mp4,S2,C1,20.5,1,animal,red_deer,"unknown,vigilance",1,train,0.09999999999999998,1.1,0.0,0.0,0.0,2.0,0.0,0.0,0.0,3.0,0.0,0.0,0,E366_0
E366,S2_C1_E366_V0101,8.55,animal_detection,S2/C1/S2_C1_E366_V0101.mp4,S2,C1,20.5,1,animal,red_deer,"unknown,vigilance",1,train,8.05,9.05,0.0,0.0,7.550000000000001,9.55,0.0,0.0,7.050000000000001,10.05,0.0,0.0,1,E366_1
E366,S2_C3_E366_V0117,4.283333333333333,animal_detection,S2/C3/S2_C3_E366_V0117.mp4,S2,C3,20.5,1,animal,red_deer,"unknown,vigilance",1,train,3.783333333333333,4.783333333333333,0.0,0.0,3.283333333333333,5.283333333333333,0.0,0.0,2.783333333333333,5.783333333333333,0.0,0.0,2,E366_2
E367,S2_C1_E367_V0102,1.8666666666666667,animal_detection,S2/C1/S2_C1_E367_V0102.mp4,S2,C1,20.5,1,animal,red_deer,"foraging,unknown,vigilance",1,train,1.3666666666666667,2.3666666666666667,0.0,0.0,0.8666666666666667,2.8666666666666667,0.0,0.0,0.3666666666666667,3.3666666666666667,0.0,0.0,0,E367_0
E367,S2_C2_E367_V0112,6.583333333333333,animal_detection,S2/C2/S2_C2_E367_V0112.mp4,S2,C2,20.5,1,animal,red_deer,"foraging,unknown,vigilance",1,train,6.083333333333333,7.083333333333333,0.0,0.0,5.583333333333333,7.583333333333333,0.0,0.0,5.083333333333332,8.083333333333332,0.0,0.0,1,E367_1
E367,S2_C3_E367_V0118,3.466666666666667,animal_detection,S2/C3/S2_C3_E367_V0118.mp4,S2,C3,20.5,1,animal,red_deer,"foraging,unknown,vigilance",1,train,2.966666666666667,3.966666666666667,0.0,0.0,2.466666666666667,4.466666666666667,0.0,0.0,1.9666666666666668,4.966666666666667,0.0,0.0,2,E367_2
E368,S2_C1_E368_V0103,4.966666666666667,animal_detection,S2/C1/S2_C1_E368_V0103.mp4,S2,C1,20.5,1,animal,red_deer,"courtship,vigilance",1,train,4.466666666666667,5.466666666666667,0.0,0.0,3.966666666666667,5.966666666666667,0.0,0.0,3.466666666666667,6.466666666666667,0.0,0.0,0,E368_0
E368,S2_C2_E368_V0113,1.4333333333333333,animal_detection,S2/C2/S2_C2_E368_V0113.mp4,S2,C2,20.5,1,animal,red_deer,"courtship,vigilance",1,train,0.9333333333333333,1.9333333333333333,0.0,0.0,0.43333333333333335,2.4333333333333336,0.0,0.0,0.0,3.0,0.0,0.0,1,E368_1
E369,S2_C1_E369_V0104,9.3,animal_detection,S2/C1/S2_C1_E369_V0104.mp4,S2,C1,20.5,1,animal,red_deer,"foraging,unknown,vigilance",2,train,8.8,9.8,0.0,0.0,8.3,10.3,0.0,0.0,7.800000000000001,10.8,0.0,0.0,0,E369_0
E369,S2_C2_E369_V0114,8.766666666666667,animal_detection,S2/C2/S2_C2_E369_V0114.mp4,S2,C2,20.5,1,animal,red_deer,"foraging,unknown,vigilance",2,train,8.266666666666667,9.266666666666667,0.0,0.0,7.7666666666666675,9.766666666666667,0.0,0.0,7.2666666666666675,10.266666666666667,0.0,0.0,1,E369_1
E37,S1_C1_E37_V0075,60.25,animal_detection,S1/C1/S1_C1_E37_V0075.mp4,S1,C1,120.5,1,animal,red_deer,"foraging,vigilance",1,train,59.75,60.75,0.0,0.0,59.25,61.25,0.0,0.0,58.75,61.75,0.0,0.0,0,E37_0
E37,S1_C1_E37_V0076,29.416666666666668,animal_detection,S1/C1/S1_C1_E37_V0076.mp4,S1,C1,120.5,1,animal,red_deer,"foraging,vigilance",1,train,28.916666666666668,29.916666666666668,0.0,0.0,28.416666666666668,30.416666666666668,0.0,0.0,27.916666666666668,30.916666666666668,0.0,0.0,1,E37_1
E37,S1_C3_E37_V0019,27.116666666666667,animal_detection,S1/C3/S1_C3_E37_V0019.mp4,S1,C3,120.5,1,animal,red_deer,"foraging,vigilance",1,train,26.616666666666667,27.616666666666667,0.0,0.0,26.116666666666667,28.116666666666667,0.0,0.0,25.616666666666667,28.616666666666667,0.0,0.0,2,E37_2
E370,S2_C2_E370_V0115,3.1333333333333333,animal_detection,S2/C2/S2_C2_E370_V0115.mp4,S2,C2,20.5,1,animal,red_deer,foraging,1,train,2.6333333333333333,3.6333333333333333,0.0,0.0,2.1333333333333333,4.133333333333333,0.0,0.0,1.6333333333333329,4.633333333333333,0.0,0.0,0,E370_0
E371,S2_C1_E371_V0105,1.5,animal_detection,S2/C1/S2_C1_E371_V0105.mp4,S2,C1,20.5,1,animal,red_deer,"foraging,unknown",2,train,1.0,2.0,0.0,0.0,0.5,2.5,0.0,0.0,0.0,3.0,0.0,0.0,0,E371_0
E371,S2_C2_E371_V0116,0.9166666666666667,animal_detection,S2/C2/S2_C2_E371_V0116.mp4,S2,C2,20.5,1,animal,red_deer,"foraging,unknown",2,train,0.41666666666666674,1.4166666666666667,0.0,0.0,0.0,2.0,0.0,0.0,0.0,3.0,0.0,0.0,1,E371_1
E371,S2_C3_E371_V0119,0.7,animal_detection,S2/C3/S2_C3_E371_V0119.mp4,S2,C3,20.5,1,animal,red_deer,"foraging,unknown",2,train,0.19999999999999996,1.2,0.0,0.0,0.0,2.0,0.0,0.0,0.0,3.0,0.0,0.0,2,E371_2
E374,S2_C3_E374_V0121,10.25,animal_detection,S2/C3/S2_C3_E374_V0121.mp4,S2,C3,20.5,1,animal,red_deer,"foraging,unknown,vigilance",3+,train,9.75,10.75,0.0,0.0,9.25,11.25,0.0,0.0,8.75,11.75,0.0,0.0,0,E374_0
E374,S2_C3_E374_V0122,3.4166666666666665,animal_detection,S2/C3/S2_C3_E374_V0122.mp4,S2,C3,20.5,1,animal,red_deer,"foraging,unknown,vigilance",3+,train,2.9166666666666665,3.9166666666666665,0.0,0.0,2.4166666666666665,4.416666666666666,0.0,0.0,1.916666666666666,4.916666666666666,0.0,0.0,1,E374_1
E375,S2_C1_E375_V0106,4.233333333333333,animal_detection,S2/C1/S2_C1_E375_V0106.mp4,S2,C1,20.5,1,animal,red_deer,"unknown,vigilance",1,train,3.7333333333333334,4.733333333333333,0.0,0.0,3.2333333333333334,5.233333333333333,0.0,0.0,2.7333333333333334,5.733333333333333,0.0,0.0,0,E375_0
E375,S2_C3_E375_V0123,0.7166666666666667,animal_detection,S2/C3/S2_C3_E375_V0123.mp4,S2,C3,20.5,1,animal,red_deer,"unknown,vigilance",1,train,0.21666666666666667,1.2166666666666668,0.0,0.0,0.0,2.0,0.0,0.0,0.0,3.0,0.0,0.0,1,E375_1
E376,S2_C1_E376_V0107,2.816666666666667,animal_detection,S2/C1/S2_C1_E376_V0107.mp4,S2,C1,20.5,1,animal,red_deer,"foraging,unknown,vigilance",1,train,2.316666666666667,3.316666666666667,0.0,0.0,1.8166666666666669,3.816666666666667,0.0,0.0,1.3166666666666664,4.316666666666666,0.0,0.0,0,E376_0
E376,S2_C2_E376_V0119,9.466666666666667,animal_detection,S2/C2/S2_C2_E376_V0119.mp4,S2,C2,20.5,1,animal,red_deer,"foraging,unknown,vigilance",1,train,8.966666666666667,9.966666666666667,0.0,0.0,8.466666666666667,10.466666666666667,0.0,0.0,7.966666666666667,10.966666666666667,0.0,0.0,1,E376_1
E376,S2_C3_E376_V0124,5.616666666666666,animal_detection,S2/C3/S2_C3_E376_V0124.mp4,S2,C3,20.5,1,animal,red_deer,"foraging,unknown,vigilance",1,train,5.116666666666666,6.116666666666666,0.0,0.0,4.616666666666666,6.616666666666666,0.0,0.0,4.116666666666666,7.116666666666666,0.0,0.0,2,E376_2
E377,S2_C1_E377_V0108,1.7166666666666666,animal_detection,S2/C1/S2_C1_E377_V0108.mp4,S2,C1,20.5,1,animal,red_deer,"foraging,marking",1,train,1.2166666666666666,2.216666666666667,0.0,0.0,0.7166666666666666,2.716666666666667,0.0,0.0,0.21666666666666656,3.216666666666667,0.0,0.0,0,E377_0
E377,S2_C2_E377_V0120,10.25,animal_detection,S2/C2/S2_C2_E377_V0120.mp4,S2,C2,20.5,1,animal,red_deer,"foraging,marking",1,train,9.75,10.75,0.0,0.0,9.25,11.25,0.0,0.0,8.75,11.75,0.0,0.0,1,E377_1
E378,S2_C1_E378_V0109,5.8,animal_detection,S2/C1/S2_C1_E378_V0109.mp4,S2,C1,120.5,1,animal,red_deer,"chasing,courtship,escaping,unknown",3+,train,5.3,6.3,0.0,0.0,4.8,6.8,0.0,0.0,4.3,7.3,0.0,0.0,0,E378_0
E378,S2_C2_E378_V0121,0.3833333333333333,animal_detection,S2/C2/S2_C2_E378_V0121.mp4,S2,C2,120.5,1,animal,red_deer,"chasing,courtship,escaping,unknown",3+,train,0.0,1.0,0.0,0.0,0.0,2.0,0.0,0.0,0.0,3.0,0.0,0.0,1,E378_1
E378,S2_C2_E378_V0121,31.233333333333334,animal_detection,S2/C2/S2_C2_E378_V0121.mp4,S2,C2,120.5,1,animal,red_deer,"chasing,courtship,escaping,unknown",3+,train,30.733333333333334,31.733333333333334,0.0,0.0,30.233333333333334,32.233333333333334,0.0,0.0,29.733333333333334,32.733333333333334,0.0,0.0,2,E378_2
E38,S1_C1_E38_V0079,10.25,animal_detection,S1/C1/S1_C1_E38_V0079.mp4,S1,C1,20.5,1,animal,red_deer,"camera_reaction,foraging,unknown,vigilance",1,train,9.75,10.75,0.0,0.0,9.25,11.25,0.0,0.0,8.75,11.75,0.0,0.0,0,E38_0
E38,S1_C2_E38_V0049,10.25,animal_detection,S1/C2/S1_C2_E38_V0049.mp4,S1,C2,20.5,1,animal,red_deer,"camera_reaction,foraging,unknown,vigilance",1,train,9.75,10.75,0.0,0.0,9.25,11.25,0.0,0.0,8.75,11.75,0.0,0.0,1,E38_1
E38,S1_C2_E38_V0058,10.25,animal_detection,S1/C2/S1_C2_E38_V0058.mp4,S1,C2,20.5,1,animal,red_deer,"camera_reaction,foraging,unknown,vigilance",1,train,9.75,10.75,0.0,0.0,9.25,11.25,0.0,0.0,8.75,11.75,0.0,0.0,2,E38_2
E387,S2_C1_E387_V0112,4.033333333333333,animal_detection,S2/C1/S2_C1_E387_V0112.mp4,S2,C1,20.5,1,animal,red_deer,foraging,1,train,3.533333333333333,4.533333333333333,0.0,0.0,3.033333333333333,5.033333333333333,0.0,0.0,2.533333333333333,5.533333333333333,0.0,0.0,0,E387_0
E387,S2_C2_E387_V0129,3.6666666666666665,animal_detection,S2/C2/S2_C2_E387_V0129.mp4,S2,C2,20.5,1,animal,red_deer,foraging,1,train,3.1666666666666665,4.166666666666666,0.0,0.0,2.6666666666666665,4.666666666666666,0.0,0.0,2.166666666666666,5.166666666666666,0.0,0.0,1,E387_1
E388,S2_C1_E388_V0113,6.65,animal_detection,S2/C1/S2_C1_E388_V0113.mp4,S2,C1,20.5,1,animal,red_deer,"foraging,vigilance",1,train,6.15,7.15,0.0,0.0,5.65,7.65,0.0,0.0,5.15,8.15,0.0,0.0,0,E388_0
E388,S2_C2_E388_V0130,6.383333333333334,animal_detection,S2/C2/S2_C2_E388_V0130.mp4,S2,C2,20.5,1,animal,red_deer,"foraging,vigilance",1,train,5.883333333333334,6.883333333333334,0.0,0.0,5.383333333333334,7.383333333333334,0.0,0.0,4.883333333333334,7.883333333333334,0.0,0.0,1,E388_1
E388,S2_C3_E388_V0127,7.583333333333333,animal_detection,S2/C3/S2_C3_E388_V0127.mp4,S2,C3,20.5,1,animal,red_deer,"foraging,vigilance",1,train,7.083333333333333,8.083333333333332,0.0,0.0,6.583333333333333,8.583333333333332,0.0,0.0,6.083333333333332,9.083333333333332,0.0,0.0,2,E388_2
E389,S2_C2_E389_V0131,1.1666666666666667,animal_detection,S2/C2/S2_C2_E389_V0131.mp4,S2,C2,20.5,1,animal,wolf,foraging,1,train,0.6666666666666667,1.6666666666666667,0.0,0.0,0.16666666666666674,2.166666666666667,0.0,0.0,0.0,3.0,0.0,0.0,0,E389_0
E39,S1_C2_E39_V0061,7.083333333333333,animal_detection,S1/C2/S1_C2_E39_V0061.mp4,S1,C2,20.5,1,animal,red_deer,"foraging,unknown",1,train,6.583333333333333,7.583333333333333,0.0,0.0,6.083333333333333,8.083333333333332,0.0,0.0,5.583333333333332,8.583333333333332,0.0,0.0,0,E39_0
E390,S2_C1_E390_V0114,2.1666666666666665,animal_detection,S2/C1/S2_C1_E390_V0114.mp4,S2,C1,20.5,1,animal,red_deer,"foraging,unknown,vigilance",1,train,1.6666666666666665,2.6666666666666665,0.0,0.0,1.1666666666666665,3.1666666666666665,0.0,0.0,0.6666666666666665,3.6666666666666665,0.0,0.0,0,E390_0
E390,S2_C2_E390_V0132,9.533333333333333,animal_detection,S2/C2/S2_C2_E390_V0132.mp4,S2,C2,20.5,1,animal,red_deer,"foraging,unknown,vigilance",1,train,9.033333333333333,10.033333333333333,0.0,0.0,8.533333333333333,10.533333333333333,0.0,0.0,8.033333333333333,11.033333333333333,0.0,0.0,1,E390_1
E393,S2_C1_E393_V0116,76.71666666666667,animal_detection,S2/C1/S2_C1_E393_V0116.mp4,S2,C1,120.5,1,animal,red_deer,"foraging,unknown,vigilance",2,train,76.21666666666667,77.21666666666667,0.0,0.0,75.71666666666667,77.71666666666667,0.0,0.0,75.21666666666667,78.21666666666667,0.0,0.0,0,E393_0
E393,S2_C3_E393_V0129,6.066666666666666,animal_detection,S2/C3/S2_C3_E393_V0129.mp4,S2,C3,120.5,1,animal,red_deer,"foraging,unknown,vigilance",2,train,5.566666666666666,6.566666666666666,0.0,0.0,5.066666666666666,7.066666666666666,0.0,0.0,4.566666666666666,7.566666666666666,0.0,0.0,1,E393_1
E393,S2_C3_E393_V0129,81.21666666666667,animal_detection,S2/C3/S2_C3_E393_V0129.mp4,S2,C3,120.5,1,animal,red_deer,"foraging,unknown,vigilance",2,train,80.71666666666667,81.71666666666667,0.0,0.0,80.21666666666667,82.21666666666667,0.0,0.0,79.71666666666667,82.71666666666667,0.0,0.0,2,E393_2
E394,S2_C1_E394_V0117,3.166666666666667,animal_detection,S2/C1/S2_C1_E394_V0117.mp4,S2,C1,20.5,1,animal,"red_deer,wolf","chasing,escaping",3+,train,2.666666666666667,3.666666666666667,0.0,0.0,2.166666666666667,4.166666666666667,0.0,0.0,1.666666666666667,4.666666666666667,0.0,0.0,0,E394_0
E394,S2_C3_E394_V0130,0.8166666666666667,animal_detection,S2/C3/S2_C3_E394_V0130.mp4,S2,C3,20.5,1,animal,"red_deer,wolf","chasing,escaping",3+,train,0.31666666666666665,1.3166666666666667,0.0,0.0,0.0,2.0,0.0,0.0,0.0,3.0,0.0,0.0,1,E394_1
E394,S2_C3_E394_V0130,3.25,animal_detection,S2/C3/S2_C3_E394_V0130.mp4,S2,C3,20.5,1,animal,"red_deer,wolf","chasing,escaping",3+,train,2.75,3.75,0.0,0.0,2.25,4.25,0.0,0.0,1.75,4.75,0.0,0.0,2,E394_2
E4,S1_C1_E4_V0017,10.25,animal_detection,S1/C1/S1_C1_E4_V0017.mp4,S1,C1,20.5,1,animal,red_deer,"foraging,unknown,vigilance",3+,train,9.75,10.75,0.0,0.0,9.25,11.25,0.0,0.0,8.75,11.75,0.0,0.0,0,E4_0
E4,S1_C1_E4_V0018,10.25,animal_detection,S1/C1/S1_C1_E4_V0018.mp4,S1,C1,20.5,1,animal,red_deer,"foraging,unknown,vigilance",3+,train,9.75,10.75,0.0,0.0,9.25,11.25,0.0,0.0,8.75,11.75,0.0,0.0,1,E4_1
E4,S1_C1_E4_V0019,10.25,animal_detection,S1/C1/S1_C1_E4_V0019.mp4,S1,C1,20.5,1,animal,red_deer,"foraging,unknown,vigilance",3+,train,9.75,10.75,0.0,0.0,9.25,11.25,0.0,0.0,8.75,11.75,0.0,0.0,2,E4_2
E40,S1_C1_E40_V0096,10.25,animal_detection,S1/C1/S1_C1_E40_V0096.mp4,S1,C1,20.5,1,animal,red_deer,"foraging,unknown,vigilance",2,train,9.75,10.75,0.0,0.0,9.25,11.25,0.0,0.0,8.75,11.75,0.0,0.0,0,E40_0
E40,S1_C1_E40_V0098,10.25,animal_detection,S1/C1/S1_C1_E40_V0098.mp4,S1,C1,20.5,1,animal,red_deer,"foraging,unknown,vigilance",2,train,9.75,10.75,0.0,0.0,9.25,11.25,0.0,0.0,8.75,11.75,0.0,0.0,1,E40_1
E40,S1_C1_E40_V0100,10.25,animal_detection,S1/C1/S1_C1_E40_V0100.mp4,S1,C1,20.5,1,animal,red_deer,"foraging,unknown,vigilance",2,train,9.75,10.75,0.0,0.0,9.25,11.25,0.0,0.0,8.75,11.75,0.0,0.0,2,E40_2
E407,S3_C2_E407_V0022,10.25,animal_detection,S3/C2/S3_C2_E407_V0022.mp4,S3,C2,20.5,1,animal,red_deer,"camera_reaction,foraging,vigilance",1,train,9.75,10.75,0.0,0.0,9.25,11.25,0.0,0.0,8.75,11.75,0.0,0.0,0,E407_0
E407,S3_C3_E407_V0058,10.25,animal_detection,S3/C3/S3_C3_E407_V0058.mp4,S3,C3,20.5,1,animal,red_deer,"camera_reaction,foraging,vigilance",1,train,9.75,10.75,0.0,0.0,9.25,11.25,0.0,0.0,8.75,11.75,0.0,0.0,1,E407_1
E407,S3_C3_E407_V0059,9.966666666666667,animal_detection,S3/C3/S3_C3_E407_V0059.mp4,S3,C3,20.5,1,animal,red_deer,"camera_reaction,foraging,vigilance",1,train,9.466666666666667,10.466666666666667,0.0,0.0,8.966666666666667,10.966666666666667,0.0,0.0,8.466666666666667,11.466666666666667,0.0,0.0,2,E407_2
E413,S3_C2_E413_V0024,30.125,background,S3/C2/S3_C2_E413_V0024.mp4,S3,C2,120.5,0,background,none,none,0,train,29.625,30.625,0.0,0.0,29.125,31.125,0.0,0.0,28.625,31.625,0.0,0.0,0,E413_0
E413,S3_C2_E413_V0024,60.25,background,S3/C2/S3_C2_E413_V0024.mp4,S3,C2,120.5,0,background,none,none,0,train,59.75,60.75,0.0,0.0,59.25,61.25,0.0,0.0,58.75,61.75,0.0,0.0,1,E413_1
E413,S3_C2_E413_V0024,90.375,background,S3/C2/S3_C2_E413_V0024.mp4,S3,C2,120.5,0,background,none,none,0,train,89.875,90.875,0.0,0.0,89.375,91.375,0.0,0.0,88.875,91.875,0.0,0.0,2,E413_2
E418,S3_C2_E418_V0031,10.25,animal_detection,S3/C2/S3_C2_E418_V0031.mp4,S3,C2,20.5,1,animal,red_deer,"foraging,vigilance",1,train,9.75,10.75,0.0,0.0,9.25,11.25,0.0,0.0,8.75,11.75,0.0,0.0,0,E418_0
E418,S3_C3_E418_V0068,10.25,animal_detection,S3/C3/S3_C3_E418_V0068.mp4,S3,C3,20.5,1,animal,red_deer,"foraging,vigilance",1,train,9.75,10.75,0.0,0.0,9.25,11.25,0.0,0.0,8.75,11.75,0.0,0.0,1,E418_1
E418,S3_C3_E418_V0076,10.25,animal_detection,S3/C3/S3_C3_E418_V0076.mp4,S3,C3,20.5,1,animal,red_deer,"foraging,vigilance",1,train,9.75,10.75,0.0,0.0,9.25,11.25,0.0,0.0,8.75,11.75,0.0,0.0,2,E418_2
E419,S3_C2_E419_V0036,10.25,animal_detection,S3/C2/S3_C2_E419_V0036.mp4,S3,C2,20.5,1,animal,red_deer,"foraging,grooming,unknown,vigilance",1,train,9.75,10.75,0.0,0.0,9.25,11.25,0.0,0.0,8.75,11.75,0.0,0.0,0,E419_0
E419,S3_C2_E419_V0037,10.25,animal_detection,S3/C2/S3_C2_E419_V0037.mp4,S3,C2,20.5,1,animal,red_deer,"foraging,grooming,unknown,vigilance",1,train,9.75,10.75,0.0,0.0,9.25,11.25,0.0,0.0,8.75,11.75,0.0,0.0,1,E419_1
E419,S3_C3_E419_V0082,10.25,animal_detection,S3/C3/S3_C3_E419_V0082.mp4,S3,C3,20.5,1,animal,red_deer,"foraging,grooming,unknown,vigilance",1,train,9.75,10.75,0.0,0.0,9.25,11.25,0.0,0.0,8.75,11.75,0.0,0.0,2,E419_2
E42,S1_C1_E42_V0108,45.5,animal_detection,S1/C1/S1_C1_E42_V0108.mp4,S1,C1,120.5,1,animal,red_deer,"foraging,vigilance",1,train,45.0,46.0,0.0,0.0,44.5,46.5,0.0,0.0,44.0,47.0,0.0,0.0,0,E42_0
E42,S1_C2_E42_V0072,7.683333333333334,animal_detection,S1/C2/S1_C2_E42_V0072.mp4,S1,C2,120.5,1,animal,red_deer,"foraging,vigilance",1,train,7.183333333333334,8.183333333333334,0.0,0.0,6.683333333333334,8.683333333333334,0.0,0.0,6.183333333333334,9.183333333333334,0.0,0.0,1,E42_1
E429,S3_C1_E429_V0338,30.25,background,S3/C1/S3_C1_E429_V0338.mp4,S3,C1,60.5,0,background,none,none,0,train,29.75,30.75,0.0,0.0,29.25,31.25,0.0,0.0,28.75,31.75,0.0,0.0,0,E429_0
E429,S3_C1_E429_V0339,30.25,background,S3/C1/S3_C1_E429_V0339.mp4,S3,C1,60.5,0,background,none,none,0,train,29.75,30.75,0.0,0.0,29.25,31.25,0.0,0.0,28.75,31.75,0.0,0.0,1,E429_1
E429,S3_C1_E429_V0341,15.125,background,S3/C1/S3_C1_E429_V0341.mp4,S3,C1,60.5,0,background,none,none,0,train,14.625,15.625,0.0,0.0,14.125,16.125,0.0,0.0,13.625,16.625,0.0,0.0,2,E429_2
E437,S3_C2_E437_V0047,10.25,animal_detection,S3/C2/S3_C2_E437_V0047.mp4,S3,C2,20.5,1,animal,red_deer,"foraging,vigilance",2,train,9.75,10.75,0.0,0.0,9.25,11.25,0.0,0.0,8.75,11.75,0.0,0.0,0,E437_0
E437,S3_C2_E437_V0048,3.7,animal_detection,S3/C2/S3_C2_E437_V0048.mp4,S3,C2,20.5,1,animal,red_deer,"foraging,vigilance",2,train,3.2,4.2,0.0,0.0,2.7,4.7,0.0,0.0,2.2,5.2,0.0,0.0,1,E437_1
E437,S3_C3_E437_V0099,4.0,animal_detection,S3/C3/S3_C3_E437_V0099.mp4,S3,C3,20.5,1,animal,red_deer,"foraging,vigilance",2,train,3.5,4.5,0.0,0.0,3.0,5.0,0.0,0.0,2.5,5.5,0.0,0.0,2,E437_2
E453,S3_C2_E453_V0057,5.166666666666667,animal_detection,S3/C2/S3_C2_E453_V0057.mp4,S3,C2,20.5,1,animal,red_deer,"escaping,foraging,unknown,vigilance",2,train,4.666666666666667,5.666666666666667,0.0,0.0,4.166666666666667,6.166666666666667,0.0,0.0,3.666666666666667,6.666666666666667,0.0,0.0,0,E453_0
E453,S3_C3_E453_V0159,14.216666666666667,animal_detection,S3/C3/S3_C3_E453_V0159.mp4,S3,C3,20.5,1,animal,red_deer,"escaping,foraging,unknown,vigilance",2,train,13.716666666666667,14.716666666666667,0.0,0.0,13.216666666666667,15.216666666666667,0.0,0.0,12.716666666666667,15.716666666666667,0.0,0.0,1,E453_1
E453,S3_C3_E453_V0161,10.25,animal_detection,S3/C3/S3_C3_E453_V0161.mp4,S3,C3,20.5,1,animal,red_deer,"escaping,foraging,unknown,vigilance",2,train,9.75,10.75,0.0,0.0,9.25,11.25,0.0,0.0,8.75,11.75,0.0,0.0,2,E453_2
E454,S3_C2_E454_V0060,10.25,animal_detection,S3/C2/S3_C2_E454_V0060.mp4,S3,C2,20.5,1,animal,red_deer,"foraging,vigilance",1,train,9.75,10.75,0.0,0.0,9.25,11.25,0.0,0.0,8.75,11.75,0.0,0.0,0,E454_0
E454,S3_C3_E454_V0165,10.25,animal_detection,S3/C3/S3_C3_E454_V0165.mp4,S3,C3,20.5,1,animal,red_deer,"foraging,vigilance",1,train,9.75,10.75,0.0,0.0,9.25,11.25,0.0,0.0,8.75,11.75,0.0,0.0,1,E454_1
E454,S3_C3_E454_V0166,10.25,animal_detection,S3/C3/S3_C3_E454_V0166.mp4,S3,C3,20.5,1,animal,red_deer,"foraging,vigilance",1,train,9.75,10.75,0.0,0.0,9.25,11.25,0.0,0.0,8.75,11.75,0.0,0.0,2,E454_2
E455,S3_C2_E455_V0061,2.3333333333333335,animal_detection,S3/C2/S3_C2_E455_V0061.mp4,S3,C2,20.5,1,animal,red_deer,"camera_reaction,foraging,unknown,vigilance",2,train,1.8333333333333335,2.8333333333333335,0.0,0.0,1.3333333333333335,3.3333333333333335,0.0,0.0,0.8333333333333335,3.8333333333333335,0.0,0.0,0,E455_0
E455,S3_C2_E455_V0062,1.0833333333333333,animal_detection,S3/C2/S3_C2_E455_V0062.mp4,S3,C2,20.5,1,animal,red_deer,"camera_reaction,foraging,unknown,vigilance",2,train,0.5833333333333333,1.5833333333333333,0.0,0.0,0.08333333333333326,2.083333333333333,0.0,0.0,0.0,3.0,0.0,0.0,1,E455_1
E455,S3_C3_E455_V0170,7.566666666666666,animal_detection,S3/C3/S3_C3_E455_V0170.mp4,S3,C3,20.5,1,animal,red_deer,"camera_reaction,foraging,unknown,vigilance",2,train,7.066666666666666,8.066666666666666,0.0,0.0,6.566666666666666,8.566666666666666,0.0,0.0,6.066666666666666,9.066666666666666,0.0,0.0,2,E455_2
E462,S3_C1_E462_V0546,2.8833333333333333,animal_detection,S3/C1/S3_C1_E462_V0546.mp4,S3,C1,6.0,1,animal,red_deer,"foraging,unknown,vigilance",2,train,2.3833333333333333,3.3833333333333333,0.0,0.0,1.8833333333333333,3.8833333333333333,0.0,0.0,1.3833333333333329,4.383333333333333,0.0,0.0,0,E462_0
E462,S3_C2_E462_V0067,10.25,animal_detection,S3/C2/S3_C2_E462_V0067.mp4,S3,C2,20.5,1,animal,red_deer,"foraging,unknown,vigilance",2,train,9.75,10.75,0.0,0.0,9.25,11.25,0.0,0.0,8.75,11.75,0.0,0.0,1,E462_1
E462,S3_C3_E462_V0181,4.3,animal_detection,S3/C3/S3_C3_E462_V0181.mp4,S3,C3,20.5,1,animal,red_deer,"foraging,unknown,vigilance",2,train,3.8,4.8,0.0,0.0,3.3,5.3,0.0,0.0,2.8,5.8,0.0,0.0,2,E462_2
E465,S3_C2_E465_V0069,10.25,animal_detection,S3/C2/S3_C2_E465_V0069.mp4,S3,C2,20.5,1,animal,red_deer,"foraging,vigilance",2,train,9.75,10.75,0.0,0.0,9.25,11.25,0.0,0.0,8.75,11.75,0.0,0.0,0,E465_0
E466,S3_C2_E466_V0070,30.266666666666666,animal_detection,S3/C2/S3_C2_E466_V0070.mp4,S3,C2,60.5,1,animal,red_deer,foraging,1,train,29.766666666666666,30.766666666666666,0.0,0.0,29.266666666666666,31.266666666666666,0.0,0.0,28.766666666666666,31.766666666666666,0.0,0.0,0,E466_0
E476,S3_C2_E476_V0075,10.25,animal_detection,S3/C2/S3_C2_E476_V0075.mp4,S3,C2,20.5,1,animal,red_deer,"courtship,foraging,grooming,marking,resting,unknown,vigilance",1,train,9.75,10.75,0.0,0.0,9.25,11.25,0.0,0.0,8.75,11.75,0.0,0.0,0,E476_0
E476,S3_C3_E476_V0212,10.25,animal_detection,S3/C3/S3_C3_E476_V0212.mp4,S3,C3,20.5,1,animal,red_deer,"courtship,foraging,grooming,marking,resting,unknown,vigilance",1,train,9.75,10.75,0.0,0.0,9.25,11.25,0.0,0.0,8.75,11.75,0.0,0.0,1,E476_1
E476,S3_C3_E476_V0226,2.0,animal_detection,S3/C3/S3_C3_E476_V0226.mp4,S3,C3,4.0,1,animal,red_deer,"courtship,foraging,grooming,marking,resting,unknown,vigilance",1,train,1.5,2.5,0.0,0.0,1.0,3.0,0.0,0.0,0.5,3.5,0.0,0.0,2,E476_2
E477,S3_C3_E477_V0235,15.125,background,S3/C3/S3_C3_E477_V0235.mp4,S3,C3,60.5,0,background,none,none,0,train,14.625,15.625,0.0,0.0,14.125,16.125,0.0,0.0,13.625,16.625,0.0,0.0,0,E477_0
E477,S3_C3_E477_V0235,30.25,background,S3/C3/S3_C3_E477_V0235.mp4,S3,C3,60.5,0,background,none,none,0,train,29.75,30.75,0.0,0.0,29.25,31.25,0.0,0.0,28.75,31.75,0.0,0.0,1,E477_1
E477,S3_C3_E477_V0235,45.375,background,S3/C3/S3_C3_E477_V0235.mp4,S3,C3,60.5,0,background,none,none,0,train,44.875,45.875,0.0,0.0,44.375,46.375,0.0,0.0,43.875,46.875,0.0,0.0,2,E477_2
E478,S3_C3_E478_V0236,15.125,background,S3/C3/S3_C3_E478_V0236.mp4,S3,C3,60.5,0,background,none,none,0,train,14.625,15.625,0.0,0.0,14.125,16.125,0.0,0.0,13.625,16.625,0.0,0.0,0,E478_0
E478,S3_C3_E478_V0236,30.25,background,S3/C3/S3_C3_E478_V0236.mp4,S3,C3,60.5,0,background,none,none,0,train,29.75,30.75,0.0,0.0,29.25,31.25,0.0,0.0,28.75,31.75,0.0,0.0,1,E478_1
E478,S3_C3_E478_V0237,15.125,background,S3/C3/S3_C3_E478_V0237.mp4,S3,C3,60.5,0,background,none,none,0,train,14.625,15.625,0.0,0.0,14.125,16.125,0.0,0.0,13.625,16.625,0.0,0.0,2,E478_2
E484,S3_C3_E484_V0251,15.125,background,S3/C3/S3_C3_E484_V0251.mp4,S3,C3,60.5,0,background,none,none,0,train,14.625,15.625,0.0,0.0,14.125,16.125,0.0,0.0,13.625,16.625,0.0,0.0,0,E484_0
E484,S3_C3_E484_V0251,30.25,background,S3/C3/S3_C3_E484_V0251.mp4,S3,C3,60.5,0,background,none,none,0,train,29.75,30.75,0.0,0.0,29.25,31.25,0.0,0.0,28.75,31.75,0.0,0.0,1,E484_1
E484,S3_C3_E484_V0251,45.375,background,S3/C3/S3_C3_E484_V0251.mp4,S3,C3,60.5,0,background,none,none,0,train,44.875,45.875,0.0,0.0,44.375,46.375,0.0,0.0,43.875,46.875,0.0,0.0,2,E484_2
E486,S3_C3_E486_V0253,45.375,background,S3/C3/S3_C3_E486_V0253.mp4,S3,C3,60.5,0,background,none,none,0,train,44.875,45.875,0.0,0.0,44.375,46.375,0.0,0.0,43.875,46.875,0.0,0.0,0,E486_0
E486,S3_C3_E486_V0255,45.375,background,S3/C3/S3_C3_E486_V0255.mp4,S3,C3,60.5,0,background,none,none,0,train,44.875,45.875,0.0,0.0,44.375,46.375,0.0,0.0,43.875,46.875,0.0,0.0,1,E486_1
E486,S3_C3_E486_V0256,15.125,background,S3/C3/S3_C3_E486_V0256.mp4,S3,C3,60.5,0,background,none,none,0,train,14.625,15.625,0.0,0.0,14.125,16.125,0.0,0.0,13.625,16.625,0.0,0.0,2,E486_2
E49,S1_C1_E49_V0112,37.5,animal_detection,S1/C1/S1_C1_E49_V0112.mp4,S1,C1,120.5,1,animal,roe_deer,"camera_reaction,foraging,unknown,vigilance",3+,train,37.0,38.0,0.0,0.0,36.5,38.5,0.0,0.0,36.0,39.0,0.0,0.0,0,E49_0
E49,S1_C2_E49_V0075,3.216666666666667,animal_detection,S1/C2/S1_C2_E49_V0075.mp4,S1,C2,120.5,1,animal,roe_deer,"camera_reaction,foraging,unknown,vigilance",3+,train,2.716666666666667,3.716666666666667,0.0,0.0,2.216666666666667,4.216666666666667,0.0,0.0,1.7166666666666668,4.716666666666667,0.0,0.0,1,E49_1
E49,S1_C2_E49_V0075,40.8,animal_detection,S1/C2/S1_C2_E49_V0075.mp4,S1,C2,120.5,1,animal,roe_deer,"camera_reaction,foraging,unknown,vigilance",3+,train,40.3,41.3,0.0,0.0,39.8,41.8,0.0,0.0,39.3,42.3,0.0,0.0,2,E49_2
E491,S3_C2_E491_V0077,30.25,background,S3/C2/S3_C2_E491_V0077.mp4,S3,C2,60.5,0,background,none,none,0,train,29.75,30.75,0.0,0.0,29.25,31.25,0.0,0.0,28.75,31.75,0.0,0.0,0,E491_0
E491,S3_C3_E491_V0261,15.125,background,S3/C3/S3_C3_E491_V0261.mp4,S3,C3,60.5,0,background,none,none,0,train,14.625,15.625,0.0,0.0,14.125,16.125,0.0,0.0,13.625,16.625,0.0,0.0,1,E491_1
E491,S3_C3_E491_V0261,30.25,background,S3/C3/S3_C3_E491_V0261.mp4,S3,C3,60.5,0,background,none,none,0,train,29.75,30.75,0.0,0.0,29.25,31.25,0.0,0.0,28.75,31.75,0.0,0.0,2,E491_2
E493,S3_C2_E493_V0078,15.125,background,S3/C2/S3_C2_E493_V0078.mp4,S3,C2,60.5,0,background,none,none,0,train,14.625,15.625,0.0,0.0,14.125,16.125,0.0,0.0,13.625,16.625,0.0,0.0,0,E493_0
E493,S3_C2_E493_V0078,30.25,background,S3/C2/S3_C2_E493_V0078.mp4,S3,C2,60.5,0,background,none,none,0,train,29.75,30.75,0.0,0.0,29.25,31.25,0.0,0.0,28.75,31.75,0.0,0.0,1,E493_1
E493,S3_C2_E493_V0078,45.375,background,S3/C2/S3_C2_E493_V0078.mp4,S3,C2,60.5,0,background,none,none,0,train,44.875,45.875,0.0,0.0,44.375,46.375,0.0,0.0,43.875,46.875,0.0,0.0,2,E493_2
E495,S3_C2_E495_V0080,45.375,background,S3/C2/S3_C2_E495_V0080.mp4,S3,C2,60.5,0,background,none,none,0,train,44.875,45.875,0.0,0.0,44.375,46.375,0.0,0.0,43.875,46.875,0.0,0.0,0,E495_0
E495,S3_C3_E495_V0267,15.125,background,S3/C3/S3_C3_E495_V0267.mp4,S3,C3,60.5,0,background,none,none,0,train,14.625,15.625,0.0,0.0,14.125,16.125,0.0,0.0,13.625,16.625,0.0,0.0,1,E495_1
E495,S3_C3_E495_V0269,30.25,background,S3/C3/S3_C3_E495_V0269.mp4,S3,C3,60.5,0,background,none,none,0,train,29.75,30.75,0.0,0.0,29.25,31.25,0.0,0.0,28.75,31.75,0.0,0.0,2,E495_2
E496,S3_C3_E496_V0270,15.125,background,S3/C3/S3_C3_E496_V0270.mp4,S3,C3,60.5,0,background,none,none,0,train,14.625,15.625,0.0,0.0,14.125,16.125,0.0,0.0,13.625,16.625,0.0,0.0,0,E496_0
E496,S3_C3_E496_V0270,45.375,background,S3/C3/S3_C3_E496_V0270.mp4,S3,C3,60.5,0,background,none,none,0,train,44.875,45.875,0.0,0.0,44.375,46.375,0.0,0.0,43.875,46.875,0.0,0.0,1,E496_1
E496,S3_C3_E496_V0271,45.375,background,S3/C3/S3_C3_E496_V0271.mp4,S3,C3,60.5,0,background,none,none,0,train,44.875,45.875,0.0,0.0,44.375,46.375,0.0,0.0,43.875,46.875,0.0,0.0,2,E496_2
E50,S1_C1_E50_V0113,0.55,animal_detection,S1/C1/S1_C1_E50_V0113.mp4,S1,C1,20.5,1,animal,red_deer,"camera_reaction,foraging,unknown,vigilance",3+,train,0.050000000000000044,1.05,0.0,0.0,0.0,2.0,0.0,0.0,0.0,3.0,0.0,0.0,0,E50_0
E50,S1_C1_E50_V0115,6.3,animal_detection,S1/C1/S1_C1_E50_V0115.mp4,S1,C1,20.5,1,animal,red_deer,"camera_reaction,foraging,unknown,vigilance",3+,train,5.8,6.8,0.0,0.0,5.3,7.3,0.0,0.0,4.8,7.8,0.0,0.0,1,E50_1
E50,S1_C2_E50_V0077,5.983333333333333,animal_detection,S1/C2/S1_C2_E50_V0077.mp4,S1,C2,20.5,1,animal,red_deer,"camera_reaction,foraging,unknown,vigilance",3+,train,5.483333333333333,6.483333333333333,0.0,0.0,4.983333333333333,6.983333333333333,0.0,0.0,4.483333333333333,7.483333333333333,0.0,0.0,2,E50_2
E500,S3_C2_E500_V0081,15.125,background,S3/C2/S3_C2_E500_V0081.mp4,S3,C2,60.5,0,background,none,none,0,train,14.625,15.625,0.0,0.0,14.125,16.125,0.0,0.0,13.625,16.625,0.0,0.0,0,E500_0
E500,S3_C2_E500_V0081,30.25,background,S3/C2/S3_C2_E500_V0081.mp4,S3,C2,60.5,0,background,none,none,0,train,29.75,30.75,0.0,0.0,29.25,31.25,0.0,0.0,28.75,31.75,0.0,0.0,1,E500_1
E500,S3_C2_E500_V0081,45.375,background,S3/C2/S3_C2_E500_V0081.mp4,S3,C2,60.5,0,background,none,none,0,train,44.875,45.875,0.0,0.0,44.375,46.375,0.0,0.0,43.875,46.875,0.0,0.0,2,E500_2
E51,S1_C1_E51_V0116,7.333333333333334,animal_detection,S1/C1/S1_C1_E51_V0116.mp4,S1,C1,20.5,1,animal,hare,foraging,1,train,6.833333333333334,7.833333333333334,0.0,0.0,6.333333333333334,8.333333333333334,0.0,0.0,5.833333333333334,8.833333333333334,0.0,0.0,0,E51_0
E53,S1_C2_E53_V0079,7.25,animal_detection,S1/C2/S1_C2_E53_V0079.mp4,S1,C2,120.5,1,animal,red_deer,"foraging,unknown,vigilance",1,train,6.75,7.75,0.0,0.0,6.25,8.25,0.0,0.0,5.75,8.75,0.0,0.0,0,E53_0
E55,S1_C2_E55_V0080,4.85,animal_detection,S1/C2/S1_C2_E55_V0080.mp4,S1,C2,20.5,1,animal,red_deer,"foraging,vigilance",1,train,4.35,5.35,0.0,0.0,3.8499999999999996,5.85,0.0,0.0,3.3499999999999996,6.35,0.0,0.0,0,E55_0
E561,S3_C2_E561_V0102,10.25,animal_detection,S3/C2/S3_C2_E561_V0102.mp4,S3,C2,20.5,1,animal,red_deer,"foraging,unknown",3+,train,9.75,10.75,0.0,0.0,9.25,11.25,0.0,0.0,8.75,11.75,0.0,0.0,0,E561_0
E561,S3_C3_E561_V0459,1.25,animal_detection,S3/C3/S3_C3_E561_V0459.mp4,S3,C3,2.5,1,animal,red_deer,"foraging,unknown",3+,train,0.75,1.75,0.0,0.0,0.25,2.25,0.0,0.0,0.0,2.5,0.25,0.25,1,E561_1
E561,S3_C3_E561_V0461,0.75,animal_detection,S3/C3/S3_C3_E561_V0461.mp4,S3,C3,1.5,1,animal,red_deer,"foraging,unknown",3+,train,0.25,1.25,0.0,0.0,0.0,1.5,0.25,0.25,0.0,1.5,0.75,0.75,2,E561_2
E566,S3_C3_E566_V0471,15.125,background,S3/C3/S3_C3_E566_V0471.mp4,S3,C3,60.5,0,background,none,none,0,train,14.625,15.625,0.0,0.0,14.125,16.125,0.0,0.0,13.625,16.625,0.0,0.0,0,E566_0
E566,S3_C3_E566_V0471,30.25,background,S3/C3/S3_C3_E566_V0471.mp4,S3,C3,60.5,0,background,none,none,0,train,29.75,30.75,0.0,0.0,29.25,31.25,0.0,0.0,28.75,31.75,0.0,0.0,1,E566_1
E566,S3_C3_E566_V0472,30.25,background,S3/C3/S3_C3_E566_V0472.mp4,S3,C3,60.5,0,background,none,none,0,train,29.75,30.75,0.0,0.0,29.25,31.25,0.0,0.0,28.75,31.75,0.0,0.0,2,E566_2
E567,S3_C3_E567_V0473,15.125,background,S3/C3/S3_C3_E567_V0473.mp4,S3,C3,60.5,0,background,none,none,0,train,14.625,15.625,0.0,0.0,14.125,16.125,0.0,0.0,13.625,16.625,0.0,0.0,0,E567_0
E567,S3_C3_E567_V0473,30.25,background,S3/C3/S3_C3_E567_V0473.mp4,S3,C3,60.5,0,background,none,none,0,train,29.75,30.75,0.0,0.0,29.25,31.25,0.0,0.0,28.75,31.75,0.0,0.0,1,E567_1
E567,S3_C3_E567_V0473,45.375,background,S3/C3/S3_C3_E567_V0473.mp4,S3,C3,60.5,0,background,none,none,0,train,44.875,45.875,0.0,0.0,44.375,46.375,0.0,0.0,43.875,46.875,0.0,0.0,2,E567_2
E568,S3_C3_E568_V0474,15.125,background,S3/C3/S3_C3_E568_V0474.mp4,S3,C3,60.5,0,background,none,none,0,train,14.625,15.625,0.0,0.0,14.125,16.125,0.0,0.0,13.625,16.625,0.0,0.0,0,E568_0
E568,S3_C3_E568_V0474,30.25,background,S3/C3/S3_C3_E568_V0474.mp4,S3,C3,60.5,0,background,none,none,0,train,29.75,30.75,0.0,0.0,29.25,31.25,0.0,0.0,28.75,31.75,0.0,0.0,1,E568_1
E568,S3_C3_E568_V0474,45.375,background,S3/C3/S3_C3_E568_V0474.mp4,S3,C3,60.5,0,background,none,none,0,train,44.875,45.875,0.0,0.0,44.375,46.375,0.0,0.0,43.875,46.875,0.0,0.0,2,E568_2
E569,S3_C2_E569_V0103,45.375,background,S3/C2/S3_C2_E569_V0103.mp4,S3,C2,60.5,0,background,none,none,0,train,44.875,45.875,0.0,0.0,44.375,46.375,0.0,0.0,43.875,46.875,0.0,0.0,0,E569_0
E569,S3_C3_E569_V0475,15.125,background,S3/C3/S3_C3_E569_V0475.mp4,S3,C3,60.5,0,background,none,none,0,train,14.625,15.625,0.0,0.0,14.125,16.125,0.0,0.0,13.625,16.625,0.0,0.0,1,E569_1
E569,S3_C3_E569_V0475,45.375,background,S3/C3/S3_C3_E569_V0475.mp4,S3,C3,60.5,0,background,none,none,0,train,44.875,45.875,0.0,0.0,44.375,46.375,0.0,0.0,43.875,46.875,0.0,0.0,2,E569_2
E57,S1_C1_E57_V0141,0.7833333333333333,animal_detection,S1/C1/S1_C1_E57_V0141.mp4,S1,C1,120.5,1,animal,roe_deer,unknown,1,train,0.2833333333333333,1.2833333333333332,0.0,0.0,0.0,2.0,0.0,0.0,0.0,3.0,0.0,0.0,0,E57_0
E571,S3_C3_E571_V0492,30.25,background,S3/C3/S3_C3_E571_V0492.mp4,S3,C3,60.5,0,background,none,none,0,train,29.75,30.75,0.0,0.0,29.25,31.25,0.0,0.0,28.75,31.75,0.0,0.0,0,E571_0
E571,S3_C3_E571_V0494,30.25,background,S3/C3/S3_C3_E571_V0494.mp4,S3,C3,60.5,0,background,none,none,0,train,29.75,30.75,0.0,0.0,29.25,31.25,0.0,0.0,28.75,31.75,0.0,0.0,1,E571_1
E571,S3_C3_E571_V0498,45.375,background,S3/C3/S3_C3_E571_V0498.mp4,S3,C3,60.5,0,background,none,none,0,train,44.875,45.875,0.0,0.0,44.375,46.375,0.0,0.0,43.875,46.875,0.0,0.0,2,E571_2
E576,S3_C3_E576_V0505,15.125,background,S3/C3/S3_C3_E576_V0505.mp4,S3,C3,60.5,0,background,none,none,0,train,14.625,15.625,0.0,0.0,14.125,16.125,0.0,0.0,13.625,16.625,0.0,0.0,0,E576_0
E576,S3_C3_E576_V0505,30.25,background,S3/C3/S3_C3_E576_V0505.mp4,S3,C3,60.5,0,background,none,none,0,train,29.75,30.75,0.0,0.0,29.25,31.25,0.0,0.0,28.75,31.75,0.0,0.0,1,E576_1
E576,S3_C3_E576_V0505,45.375,background,S3/C3/S3_C3_E576_V0505.mp4,S3,C3,60.5,0,background,none,none,0,train,44.875,45.875,0.0,0.0,44.375,46.375,0.0,0.0,43.875,46.875,0.0,0.0,2,E576_2
E581,S3_C2_E581_V0110,10.25,animal_detection,S3/C2/S3_C2_E581_V0110.mp4,S3,C2,20.5,1,animal,red_deer,"foraging,unknown,vigilance",2,train,9.75,10.75,0.0,0.0,9.25,11.25,0.0,0.0,8.75,11.75,0.0,0.0,0,E581_0
E581,S3_C3_E581_V0512,0.75,animal_detection,S3/C3/S3_C3_E581_V0512.mp4,S3,C3,1.5,1,animal,red_deer,"foraging,unknown,vigilance",2,train,0.25,1.25,0.0,0.0,0.0,1.5,0.25,0.25,0.0,1.5,0.75,0.75,1,E581_1
E581,S3_C3_E581_V0520,0.8,animal_detection,S3/C3/S3_C3_E581_V0520.mp4,S3,C3,2.0,1,animal,red_deer,"foraging,unknown,vigilance",2,train,0.30000000000000004,1.3,0.0,0.0,0.0,2.0,0.0,0.0,0.0,2.0,0.7,0.2999999999999998,2,E581_2
E582,S3_C2_E582_V0112,10.25,animal_detection,S3/C2/S3_C2_E582_V0112.mp4,S3,C2,20.5,1,animal,red_deer,"foraging,vigilance",3+,train,9.75,10.75,0.0,0.0,9.25,11.25,0.0,0.0,8.75,11.75,0.0,0.0,0,E582_0
E582,S3_C2_E582_V0113,7.416666666666667,animal_detection,S3/C2/S3_C2_E582_V0113.mp4,S3,C2,20.5,1,animal,red_deer,"foraging,vigilance",3+,train,6.916666666666667,7.916666666666667,0.0,0.0,6.416666666666667,8.416666666666668,0.0,0.0,5.916666666666667,8.916666666666668,0.0,0.0,1,E582_1
E582,S3_C3_E582_V0529,0.75,animal_detection,S3/C3/S3_C3_E582_V0529.mp4,S3,C3,1.5,1,animal,red_deer,"foraging,vigilance",3+,train,0.25,1.25,0.0,0.0,0.0,1.5,0.25,0.25,0.0,1.5,0.75,0.75,2,E582_2
E585,S3_C3_E585_V0533,30.25,background,S3/C3/S3_C3_E585_V0533.mp4,S3,C3,60.5,0,background,none,none,0,train,29.75,30.75,0.0,0.0,29.25,31.25,0.0,0.0,28.75,31.75,0.0,0.0,0,E585_0
E585,S3_C3_E585_V0533,45.375,background,S3/C3/S3_C3_E585_V0533.mp4,S3,C3,60.5,0,background,none,none,0,train,44.875,45.875,0.0,0.0,44.375,46.375,0.0,0.0,43.875,46.875,0.0,0.0,1,E585_1
E585,S3_C3_E585_V0534,45.375,background,S3/C3/S3_C3_E585_V0534.mp4,S3,C3,60.5,0,background,none,none,0,train,44.875,45.875,0.0,0.0,44.375,46.375,0.0,0.0,43.875,46.875,0.0,0.0,2,E585_2
E586,S3_C3_E586_V0535,30.25,background,S3/C3/S3_C3_E586_V0535.mp4,S3,C3,60.5,0,background,none,none,0,train,29.75,30.75,0.0,0.0,29.25,31.25,0.0,0.0,28.75,31.75,0.0,0.0,0,E586_0
E586,S3_C3_E586_V0536,15.125,background,S3/C3/S3_C3_E586_V0536.mp4,S3,C3,60.5,0,background,none,none,0,train,14.625,15.625,0.0,0.0,14.125,16.125,0.0,0.0,13.625,16.625,0.0,0.0,1,E586_1
E586,S3_C3_E586_V0536,30.25,background,S3/C3/S3_C3_E586_V0536.mp4,S3,C3,60.5,0,background,none,none,0,train,29.75,30.75,0.0,0.0,29.25,31.25,0.0,0.0,28.75,31.75,0.0,0.0,2,E586_2
E587,S3_C3_E587_V0537,15.125,background,S3/C3/S3_C3_E587_V0537.mp4,S3,C3,60.5,0,background,none,none,0,train,14.625,15.625,0.0,0.0,14.125,16.125,0.0,0.0,13.625,16.625,0.0,0.0,0,E587_0
E587,S3_C3_E587_V0537,30.25,background,S3/C3/S3_C3_E587_V0537.mp4,S3,C3,60.5,0,background,none,none,0,train,29.75,30.75,0.0,0.0,29.25,31.25,0.0,0.0,28.75,31.75,0.0,0.0,1,E587_1
E587,S3_C3_E587_V0537,45.375,background,S3/C3/S3_C3_E587_V0537.mp4,S3,C3,60.5,0,background,none,none,0,train,44.875,45.875,0.0,0.0,44.375,46.375,0.0,0.0,43.875,46.875,0.0,0.0,2,E587_2
E589,S3_C3_E589_V0540,30.25,background,S3/C3/S3_C3_E589_V0540.mp4,S3,C3,60.5,0,background,none,none,0,train,29.75,30.75,0.0,0.0,29.25,31.25,0.0,0.0,28.75,31.75,0.0,0.0,0,E589_0
E589,S3_C3_E589_V0541,45.375,background,S3/C3/S3_C3_E589_V0541.mp4,S3,C3,60.5,0,background,none,none,0,train,44.875,45.875,0.0,0.0,44.375,46.375,0.0,0.0,43.875,46.875,0.0,0.0,1,E589_1
E589,S3_C3_E589_V0543,30.25,background,S3/C3/S3_C3_E589_V0543.mp4,S3,C3,60.5,0,background,none,none,0,train,29.75,30.75,0.0,0.0,29.25,31.25,0.0,0.0,28.75,31.75,0.0,0.0,2,E589_2
E593,S3_C2_E593_V0114,15.125,background,S3/C2/S3_C2_E593_V0114.mp4,S3,C2,60.5,0,background,none,none,0,train,14.625,15.625,0.0,0.0,14.125,16.125,0.0,0.0,13.625,16.625,0.0,0.0,0,E593_0
E593,S3_C2_E593_V0114,30.25,background,S3/C2/S3_C2_E593_V0114.mp4,S3,C2,60.5,0,background,none,none,0,train,29.75,30.75,0.0,0.0,29.25,31.25,0.0,0.0,28.75,31.75,0.0,0.0,1,E593_1
E593,S3_C2_E593_V0114,45.375,background,S3/C2/S3_C2_E593_V0114.mp4,S3,C2,60.5,0,background,none,none,0,train,44.875,45.875,0.0,0.0,44.375,46.375,0.0,0.0,43.875,46.875,0.0,0.0,2,E593_2
E597,S3_C2_E597_V0116,10.25,animal_detection,S3/C2/S3_C2_E597_V0116.mp4,S3,C2,20.5,1,animal,red_deer,"camera_reaction,foraging,vigilance",1,train,9.75,10.75,0.0,0.0,9.25,11.25,0.0,0.0,8.75,11.75,0.0,0.0,0,E597_0
E597,S3_C2_E597_V0117,6.45,animal_detection,S3/C2/S3_C2_E597_V0117.mp4,S3,C2,20.5,1,animal,red_deer,"camera_reaction,foraging,vigilance",1,train,5.95,6.95,0.0,0.0,5.45,7.45,0.0,0.0,4.95,7.95,0.0,0.0,1,E597_1
E616,S3_C2_E616_V0127,10.25,animal_detection,S3/C2/S3_C2_E616_V0127.mp4,S3,C2,20.5,1,animal,red_deer,"foraging,vigilance",1,train,9.75,10.75,0.0,0.0,9.25,11.25,0.0,0.0,8.75,11.75,0.0,0.0,0,E616_0
E616,S3_C2_E616_V0128,10.25,animal_detection,S3/C2/S3_C2_E616_V0128.mp4,S3,C2,20.5,1,animal,red_deer,"foraging,vigilance",1,train,9.75,10.75,0.0,0.0,9.25,11.25,0.0,0.0,8.75,11.75,0.0,0.0,1,E616_1
E616,S3_C2_E616_V0129,10.25,animal_detection,S3/C2/S3_C2_E616_V0129.mp4,S3,C2,20.5,1,animal,red_deer,"foraging,vigilance",1,train,9.75,10.75,0.0,0.0,9.25,11.25,0.0,0.0,8.75,11.75,0.0,0.0,2,E616_2
E617,S3_C2_E617_V0131,10.25,animal_detection,S3/C2/S3_C2_E617_V0131.mp4,S3,C2,20.5,1,animal,red_deer,"foraging,vigilance",1,train,9.75,10.75,0.0,0.0,9.25,11.25,0.0,0.0,8.75,11.75,0.0,0.0,0,E617_0
E617,S3_C2_E617_V0132,10.25,animal_detection,S3/C2/S3_C2_E617_V0132.mp4,S3,C2,20.5,1,animal,red_deer,"foraging,vigilance",1,train,9.75,10.75,0.0,0.0,9.25,11.25,0.0,0.0,8.75,11.75,0.0,0.0,1,E617_1
E617,S3_C2_E617_V0133,10.25,animal_detection,S3/C2/S3_C2_E617_V0133.mp4,S3,C2,20.5,1,animal,red_deer,"foraging,vigilance",1,train,9.75,10.75,0.0,0.0,9.25,11.25,0.0,0.0,8.75,11.75,0.0,0.0,2,E617_2
E619,S3_C2_E619_V0135,10.25,animal_detection,S3/C2/S3_C2_E619_V0135.mp4,S3,C2,20.5,1,animal,red_deer,"foraging,vigilance",1,train,9.75,10.75,0.0,0.0,9.25,11.25,0.0,0.0,8.75,11.75,0.0,0.0,0,E619_0
E629,S3_C2_E629_V0136,30.25,background,S3/C2/S3_C2_E629_V0136.mp4,S3,C2,60.5,0,background,none,none,0,train,29.75,30.75,0.0,0.0,29.25,31.25,0.0,0.0,28.75,31.75,0.0,0.0,0,E629_0
E629,S3_C3_E629_V0604,30.25,background,S3/C3/S3_C3_E629_V0604.mp4,S3,C3,60.5,0,background,none,none,0,train,29.75,30.75,0.0,0.0,29.25,31.25,0.0,0.0,28.75,31.75,0.0,0.0,1,E629_1
E629,S3_C3_E629_V0604,45.375,background,S3/C3/S3_C3_E629_V0604.mp4,S3,C3,60.5,0,background,none,none,0,train,44.875,45.875,0.0,0.0,44.375,46.375,0.0,0.0,43.875,46.875,0.0,0.0,2,E629_2
E631,S3_C3_E631_V0606,15.125,background,S3/C3/S3_C3_E631_V0606.mp4,S3,C3,60.5,0,background,none,none,0,train,14.625,15.625,0.0,0.0,14.125,16.125,0.0,0.0,13.625,16.625,0.0,0.0,0,E631_0
E631,S3_C3_E631_V0608,15.125,background,S3/C3/S3_C3_E631_V0608.mp4,S3,C3,60.5,0,background,none,none,0,train,14.625,15.625,0.0,0.0,14.125,16.125,0.0,0.0,13.625,16.625,0.0,0.0,1,E631_1
E631,S3_C3_E631_V0608,30.25,background,S3/C3/S3_C3_E631_V0608.mp4,S3,C3,60.5,0,background,none,none,0,train,29.75,30.75,0.0,0.0,29.25,31.25,0.0,0.0,28.75,31.75,0.0,0.0,2,E631_2
E634,S3_C3_E634_V0611,15.125,background,S3/C3/S3_C3_E634_V0611.mp4,S3,C3,60.5,0,background,none,none,0,train,14.625,15.625,0.0,0.0,14.125,16.125,0.0,0.0,13.625,16.625,0.0,0.0,0,E634_0
E634,S3_C3_E634_V0611,30.25,background,S3/C3/S3_C3_E634_V0611.mp4,S3,C3,60.5,0,background,none,none,0,train,29.75,30.75,0.0,0.0,29.25,31.25,0.0,0.0,28.75,31.75,0.0,0.0,1,E634_1
E634,S3_C3_E634_V0611,45.375,background,S3/C3/S3_C3_E634_V0611.mp4,S3,C3,60.5,0,background,none,none,0,train,44.875,45.875,0.0,0.0,44.375,46.375,0.0,0.0,43.875,46.875,0.0,0.0,2,E634_2
E638,S3_C2_E638_V0137,10.266666666666667,animal_detection,S3/C2/S3_C2_E638_V0137.mp4,S3,C2,20.5,1,animal,red_deer,foraging,1,train,9.766666666666667,10.766666666666667,0.0,0.0,9.266666666666667,11.266666666666667,0.0,0.0,8.766666666666667,11.766666666666667,0.0,0.0,0,E638_0
E638,S3_C2_E638_V0138,10.25,animal_detection,S3/C2/S3_C2_E638_V0138.mp4,S3,C2,20.5,1,animal,red_deer,foraging,1,train,9.75,10.75,0.0,0.0,9.25,11.25,0.0,0.0,8.75,11.75,0.0,0.0,1,E638_1
E638,S3_C2_E638_V0139,2.5833333333333335,animal_detection,S3/C2/S3_C2_E638_V0139.mp4,S3,C2,20.5,1,animal,red_deer,foraging,1,train,2.0833333333333335,3.0833333333333335,0.0,0.0,1.5833333333333335,3.5833333333333335,0.0,0.0,1.0833333333333335,4.083333333333334,0.0,0.0,2,E638_2
E639,S3_C2_E639_V0140,10.25,animal_detection,S3/C2/S3_C2_E639_V0140.mp4,S3,C2,20.5,1,animal,red_deer,"foraging,unknown",1,train,9.75,10.75,0.0,0.0,9.25,11.25,0.0,0.0,8.75,11.75,0.0,0.0,0,E639_0
E639,S3_C2_E639_V0141,2.716666666666667,animal_detection,S3/C2/S3_C2_E639_V0141.mp4,S3,C2,20.5,1,animal,red_deer,"foraging,unknown",1,train,2.216666666666667,3.216666666666667,0.0,0.0,1.7166666666666668,3.716666666666667,0.0,0.0,1.2166666666666668,4.216666666666667,0.0,0.0,1,E639_1
E640,S3_C2_E640_V0142,10.25,animal_detection,S3/C2/S3_C2_E640_V0142.mp4,S3,C2,20.5,1,animal,red_deer,"foraging,marking",1,train,9.75,10.75,0.0,0.0,9.25,11.25,0.0,0.0,8.75,11.75,0.0,0.0,0,E640_0
E641,S3_C2_E641_V0143,10.25,animal_detection,S3/C2/S3_C2_E641_V0143.mp4,S3,C2,20.5,1,animal,red_deer,foraging,1,train,9.75,10.75,0.0,0.0,9.25,11.25,0.0,0.0,8.75,11.75,0.0,0.0,0,E641_0
E642,S3_C3_E642_V0619,30.25,animal_detection,S3/C3/S3_C3_E642_V0619.mp4,S3,C3,60.5,1,animal,red_deer,"chasing,courtship,escaping,foraging,grooming,marking,resting,unknown,vigilance",3+,train,29.75,30.75,0.0,0.0,29.25,31.25,0.0,0.0,28.75,31.75,0.0,0.0,0,E642_0
E642,S3_C3_E642_V0620,30.25,animal_detection,S3/C3/S3_C3_E642_V0620.mp4,S3,C3,60.5,1,animal,red_deer,"chasing,courtship,escaping,foraging,grooming,marking,resting,unknown,vigilance",3+,train,29.75,30.75,0.0,0.0,29.25,31.25,0.0,0.0,28.75,31.75,0.0,0.0,1,E642_1
E642,S3_C3_E642_V0623,30.25,animal_detection,S3/C3/S3_C3_E642_V0623.mp4,S3,C3,60.5,1,animal,red_deer,"chasing,courtship,escaping,foraging,grooming,marking,resting,unknown,vigilance",3+,train,29.75,30.75,0.0,0.0,29.25,31.25,0.0,0.0,28.75,31.75,0.0,0.0,2,E642_2
E644,S3_C3_E644_V0625,15.125,background,S3/C3/S3_C3_E644_V0625.mp4,S3,C3,60.5,0,background,none,none,0,train,14.625,15.625,0.0,0.0,14.125,16.125,0.0,0.0,13.625,16.625,0.0,0.0,0,E644_0
E644,S3_C3_E644_V0625,30.25,background,S3/C3/S3_C3_E644_V0625.mp4,S3,C3,60.5,0,background,none,none,0,train,29.75,30.75,0.0,0.0,29.25,31.25,0.0,0.0,28.75,31.75,0.0,0.0,1,E644_1
E644,S3_C3_E644_V0625,45.375,background,S3/C3/S3_C3_E644_V0625.mp4,S3,C3,60.5,0,background,none,none,0,train,44.875,45.875,0.0,0.0,44.375,46.375,0.0,0.0,43.875,46.875,0.0,0.0,2,E644_2
E654,S3_C2_E654_V0147,15.125,background,S3/C2/S3_C2_E654_V0147.mp4,S3,C2,60.5,0,background,none,none,0,train,14.625,15.625,0.0,0.0,14.125,16.125,0.0,0.0,13.625,16.625,0.0,0.0,0,E654_0
E654,S3_C2_E654_V0147,30.25,background,S3/C2/S3_C2_E654_V0147.mp4,S3,C2,60.5,0,background,none,none,0,train,29.75,30.75,0.0,0.0,29.25,31.25,0.0,0.0,28.75,31.75,0.0,0.0,1,E654_1
E654,S3_C2_E654_V0147,45.375,background,S3/C2/S3_C2_E654_V0147.mp4,S3,C2,60.5,0,background,none,none,0,train,44.875,45.875,0.0,0.0,44.375,46.375,0.0,0.0,43.875,46.875,0.0,0.0,2,E654_2
E657,S3_C2_E657_V0148,10.25,animal_detection,S3/C2/S3_C2_E657_V0148.mp4,S3,C2,20.5,1,animal,red_deer,foraging,1,train,9.75,10.75,0.0,0.0,9.25,11.25,0.0,0.0,8.75,11.75,0.0,0.0,0,E657_0
E657,S3_C2_E657_V0149,10.25,animal_detection,S3/C2/S3_C2_E657_V0149.mp4,S3,C2,20.5,1,animal,red_deer,foraging,1,train,9.75,10.75,0.0,0.0,9.25,11.25,0.0,0.0,8.75,11.75,0.0,0.0,1,E657_1
E658,S3_C2_E658_V0150,10.25,animal_detection,S3/C2/S3_C2_E658_V0150.mp4,S3,C2,20.5,1,animal,red_deer,foraging,1,train,9.75,10.75,0.0,0.0,9.25,11.25,0.0,0.0,8.75,11.75,0.0,0.0,0,E658_0
E659,S3_C2_E659_V0151,10.25,animal_detection,S3/C2/S3_C2_E659_V0151.mp4,S3,C2,20.5,1,animal,red_deer,"foraging,vigilance",3+,train,9.75,10.75,0.0,0.0,9.25,11.25,0.0,0.0,8.75,11.75,0.0,0.0,0,E659_0
E663,S3_C3_E663_V0644,15.125,background,S3/C3/S3_C3_E663_V0644.mp4,S3,C3,60.5,0,background,none,none,0,train,14.625,15.625,0.0,0.0,14.125,16.125,0.0,0.0,13.625,16.625,0.0,0.0,0,E663_0
E663,S3_C3_E663_V0644,45.375,background,S3/C3/S3_C3_E663_V0644.mp4,S3,C3,60.5,0,background,none,none,0,train,44.875,45.875,0.0,0.0,44.375,46.375,0.0,0.0,43.875,46.875,0.0,0.0,1,E663_1
E663,S3_C3_E663_V0646,45.375,background,S3/C3/S3_C3_E663_V0646.mp4,S3,C3,60.5,0,background,none,none,0,train,44.875,45.875,0.0,0.0,44.375,46.375,0.0,0.0,43.875,46.875,0.0,0.0,2,E663_2
E670,S3_C2_E670_V0157,10.25,animal_detection,S3/C2/S3_C2_E670_V0157.mp4,S3,C2,20.5,1,animal,red_deer,"courtship,foraging,marking,unknown,vigilance",1,train,9.75,10.75,0.0,0.0,9.25,11.25,0.0,0.0,8.75,11.75,0.0,0.0,0,E670_0
E670,S3_C2_E670_V0159,10.25,animal_detection,S3/C2/S3_C2_E670_V0159.mp4,S3,C2,20.5,1,animal,red_deer,"courtship,foraging,marking,unknown,vigilance",1,train,9.75,10.75,0.0,0.0,9.25,11.25,0.0,0.0,8.75,11.75,0.0,0.0,1,E670_1
E670,S3_C2_E670_V0164,1.2333333333333334,animal_detection,S3/C2/S3_C2_E670_V0164.mp4,S3,C2,20.5,1,animal,red_deer,"courtship,foraging,marking,unknown,vigilance",1,train,0.7333333333333334,1.7333333333333334,0.0,0.0,0.2333333333333334,2.2333333333333334,0.0,0.0,0.0,3.0,0.0,0.0,2,E670_2
E671,S3_C2_E671_V0165,10.25,animal_detection,S3/C2/S3_C2_E671_V0165.mp4,S3,C2,20.5,1,animal,red_deer,"foraging,vigilance",1,train,9.75,10.75,0.0,0.0,9.25,11.25,0.0,0.0,8.75,11.75,0.0,0.0,0,E671_0
E671,S3_C2_E671_V0166,10.25,animal_detection,S3/C2/S3_C2_E671_V0166.mp4,S3,C2,20.5,1,animal,red_deer,"foraging,vigilance",1,train,9.75,10.75,0.0,0.0,9.25,11.25,0.0,0.0,8.75,11.75,0.0,0.0,1,E671_1
E671,S3_C2_E671_V0167,3.433333333333333,animal_detection,S3/C2/S3_C2_E671_V0167.mp4,S3,C2,20.5,1,animal,red_deer,"foraging,vigilance",1,train,2.933333333333333,3.933333333333333,0.0,0.0,2.433333333333333,4.433333333333334,0.0,0.0,1.9333333333333331,4.933333333333334,0.0,0.0,2,E671_2
E672,S3_C2_E672_V0168,10.25,animal_detection,S3/C2/S3_C2_E672_V0168.mp4,S3,C2,20.5,1,animal,red_deer,"foraging,grooming,unknown",1,train,9.75,10.75,0.0,0.0,9.25,11.25,0.0,0.0,8.75,11.75,0.0,0.0,0,E672_0
E673,S3_C2_E673_V0169,3.9833333333333334,animal_detection,S3/C2/S3_C2_E673_V0169.mp4,S3,C2,20.5,1,animal,red_deer,"courtship,foraging",1,train,3.4833333333333334,4.483333333333333,0.0,0.0,2.9833333333333334,4.983333333333333,0.0,0.0,2.4833333333333334,5.483333333333333,0.0,0.0,0,E673_0
E684,S3_C2_E684_V0170,10.25,animal_detection,S3/C2/S3_C2_E684_V0170.mp4,S3,C2,20.5,1,animal,red_deer,"foraging,vigilance",1,train,9.75,10.75,0.0,0.0,9.25,11.25,0.0,0.0,8.75,11.75,0.0,0.0,0,E684_0
E684,S3_C2_E684_V0171,5.35,animal_detection,S3/C2/S3_C2_E684_V0171.mp4,S3,C2,20.5,1,animal,red_deer,"foraging,vigilance",1,train,4.85,5.85,0.0,0.0,4.35,6.35,0.0,0.0,3.8499999999999996,6.85,0.0,0.0,1,E684_1
E692,S3_C2_E692_V0180,30.25,animal_detection,S3/C2/S3_C2_E692_V0180.mp4,S3,C2,60.5,1,animal,red_deer,"foraging,grooming,marking,unknown,vigilance",1,train,29.75,30.75,0.0,0.0,29.25,31.25,0.0,0.0,28.75,31.75,0.0,0.0,0,E692_0
E692,S3_C3_E692_V0699,30.25,animal_detection,S3/C3/S3_C3_E692_V0699.mp4,S3,C3,60.5,1,animal,red_deer,"foraging,grooming,marking,unknown,vigilance",1,train,29.75,30.75,0.0,0.0,29.25,31.25,0.0,0.0,28.75,31.75,0.0,0.0,1,E692_1
E692,S3_C3_E692_V0701,30.25,animal_detection,S3/C3/S3_C3_E692_V0701.mp4,S3,C3,60.5,1,animal,red_deer,"foraging,grooming,marking,unknown,vigilance",1,train,29.75,30.75,0.0,0.0,29.25,31.25,0.0,0.0,28.75,31.75,0.0,0.0,2,E692_2
E693,S3_C2_E693_V0182,22.733333333333334,animal_detection,S3/C2/S3_C2_E693_V0182.mp4,S3,C2,60.5,1,animal,red_deer,"courtship,escaping,foraging,grooming,playing,unknown,vigilance",3+,train,22.233333333333334,23.233333333333334,0.0,0.0,21.733333333333334,23.733333333333334,0.0,0.0,21.233333333333334,24.233333333333334,0.0,0.0,0,E693_0
E693,S3_C2_E693_V0183,30.166666666666668,animal_detection,S3/C2/S3_C2_E693_V0183.mp4,S3,C2,60.5,1,animal,red_deer,"courtship,escaping,foraging,grooming,playing,unknown,vigilance",3+,train,29.666666666666668,30.666666666666668,0.0,0.0,29.166666666666668,31.166666666666668,0.0,0.0,28.666666666666668,31.666666666666668,0.0,0.0,1,E693_1
E693,S3_C3_E693_V0703,30.25,animal_detection,S3/C3/S3_C3_E693_V0703.mp4,S3,C3,60.5,1,animal,red_deer,"courtship,escaping,foraging,grooming,playing,unknown,vigilance",3+,train,29.75,30.75,0.0,0.0,29.25,31.25,0.0,0.0,28.75,31.75,0.0,0.0,2,E693_2
E698,S3_C2_E698_V0185,9.75,animal_detection,S3/C2/S3_C2_E698_V0185.mp4,S3,C2,20.5,1,animal,red_deer,foraging,1,train,9.25,10.25,0.0,0.0,8.75,10.75,0.0,0.0,8.25,11.25,0.0,0.0,0,E698_0
E703,S3_C2_E703_V0191,15.125,background,S3/C2/S3_C2_E703_V0191.mp4,S3,C2,60.5,0,background,none,none,0,train,14.625,15.625,0.0,0.0,14.125,16.125,0.0,0.0,13.625,16.625,0.0,0.0,0,E703_0
E703,S3_C2_E703_V0191,30.25,background,S3/C2/S3_C2_E703_V0191.mp4,S3,C2,60.5,0,background,none,none,0,train,29.75,30.75,0.0,0.0,29.25,31.25,0.0,0.0,28.75,31.75,0.0,0.0,1,E703_1
E703,S3_C2_E703_V0191,45.375,background,S3/C2/S3_C2_E703_V0191.mp4,S3,C2,60.5,0,background,none,none,0,train,44.875,45.875,0.0,0.0,44.375,46.375,0.0,0.0,43.875,46.875,0.0,0.0,2,E703_2
E704,S3_C2_E704_V0192,10.25,animal_detection,S3/C2/S3_C2_E704_V0192.mp4,S3,C2,20.5,1,animal,red_deer,"foraging,grooming,unknown,vigilance",2,train,9.75,10.75,0.0,0.0,9.25,11.25,0.0,0.0,8.75,11.75,0.0,0.0,0,E704_0
E704,S3_C2_E704_V0193,10.25,animal_detection,S3/C2/S3_C2_E704_V0193.mp4,S3,C2,20.5,1,animal,red_deer,"foraging,grooming,unknown,vigilance",2,train,9.75,10.75,0.0,0.0,9.25,11.25,0.0,0.0,8.75,11.75,0.0,0.0,1,E704_1
E704,S3_C2_E704_V0194,10.25,animal_detection,S3/C2/S3_C2_E704_V0194.mp4,S3,C2,20.5,1,animal,red_deer,"foraging,grooming,unknown,vigilance",2,train,9.75,10.75,0.0,0.0,9.25,11.25,0.0,0.0,8.75,11.75,0.0,0.0,2,E704_2
E705,S3_C2_E705_V0195,1.0333333333333334,animal_detection,S3/C2/S3_C2_E705_V0195.mp4,S3,C2,20.5,1,animal,red_deer,foraging,1,train,0.5333333333333334,1.5333333333333334,0.0,0.0,0.03333333333333344,2.033333333333333,0.0,0.0,0.0,3.0,0.0,0.0,0,E705_0
E706,S3_C2_E706_V0199,10.25,animal_detection,S3/C2/S3_C2_E706_V0199.mp4,S3,C2,20.5,1,animal,red_deer,"courtship,foraging,grooming,marking,resting,unknown,vigilance",1,train,9.75,10.75,0.0,0.0,9.25,11.25,0.0,0.0,8.75,11.75,0.0,0.0,0,E706_0
E706,S3_C2_E706_V0200,10.25,animal_detection,S3/C2/S3_C2_E706_V0200.mp4,S3,C2,20.5,1,animal,red_deer,"courtship,foraging,grooming,marking,resting,unknown,vigilance",1,train,9.75,10.75,0.0,0.0,9.25,11.25,0.0,0.0,8.75,11.75,0.0,0.0,1,E706_1
E706,S3_C2_E706_V0226,10.25,animal_detection,S3/C2/S3_C2_E706_V0226.mp4,S3,C2,20.5,1,animal,red_deer,"courtship,foraging,grooming,marking,resting,unknown,vigilance",1,train,9.75,10.75,0.0,0.0,9.25,11.25,0.0,0.0,8.75,11.75,0.0,0.0,2,E706_2
E707,S3_C2_E707_V0236,10.25,animal_detection,S3/C2/S3_C2_E707_V0236.mp4,S3,C2,20.5,1,animal,red_deer,"foraging,marking,resting,unknown,vigilance",1,train,9.75,10.75,0.0,0.0,9.25,11.25,0.0,0.0,8.75,11.75,0.0,0.0,0,E707_0
E707,S3_C2_E707_V0237,10.25,animal_detection,S3/C2/S3_C2_E707_V0237.mp4,S3,C2,20.5,1,animal,red_deer,"foraging,marking,resting,unknown,vigilance",1,train,9.75,10.75,0.0,0.0,9.25,11.25,0.0,0.0,8.75,11.75,0.0,0.0,1,E707_1
E707,S3_C2_E707_V0238,2.7,animal_detection,S3/C2/S3_C2_E707_V0238.mp4,S3,C2,20.5,1,animal,red_deer,"foraging,marking,resting,unknown,vigilance",1,train,2.2,3.2,0.0,0.0,1.7000000000000002,3.7,0.0,0.0,1.2000000000000002,4.2,0.0,0.0,2,E707_2
E708,S3_C2_E708_V0239,10.25,animal_detection,S3/C2/S3_C2_E708_V0239.mp4,S3,C2,20.5,1,animal,red_deer,"foraging,marking",1,train,9.75,10.75,0.0,0.0,9.25,11.25,0.0,0.0,8.75,11.75,0.0,0.0,0,E708_0
E708,S3_C2_E708_V0240,9.466666666666667,animal_detection,S3/C2/S3_C2_E708_V0240.mp4,S3,C2,20.5,1,animal,red_deer,"foraging,marking",1,train,8.966666666666667,9.966666666666667,0.0,0.0,8.466666666666667,10.466666666666667,0.0,0.0,7.966666666666667,10.966666666666667,0.0,0.0,1,E708_1
E709,S3_C2_E709_V0241,10.25,animal_detection,S3/C2/S3_C2_E709_V0241.mp4,S3,C2,20.5,1,animal,red_deer,"courtship,foraging,vigilance",1,train,9.75,10.75,0.0,0.0,9.25,11.25,0.0,0.0,8.75,11.75,0.0,0.0,0,E709_0
E709,S3_C2_E709_V0243,10.25,animal_detection,S3/C2/S3_C2_E709_V0243.mp4,S3,C2,20.5,1,animal,red_deer,"courtship,foraging,vigilance",1,train,9.75,10.75,0.0,0.0,9.25,11.25,0.0,0.0,8.75,11.75,0.0,0.0,1,E709_1
E709,S3_C2_E709_V0244,10.25,animal_detection,S3/C2/S3_C2_E709_V0244.mp4,S3,C2,20.5,1,animal,red_deer,"courtship,foraging,vigilance",1,train,9.75,10.75,0.0,0.0,9.25,11.25,0.0,0.0,8.75,11.75,0.0,0.0,2,E709_2
E710,S3_C2_E710_V0245,30.266666666666666,animal_detection,S3/C2/S3_C2_E710_V0245.mp4,S3,C2,60.5,1,animal,red_deer,"foraging,grooming,playing,unknown",2,train,29.766666666666666,30.766666666666666,0.0,0.0,29.266666666666666,31.266666666666666,0.0,0.0,28.766666666666666,31.766666666666666,0.0,0.0,0,E710_0
E710,S3_C2_E710_V0246,0.3333333333333333,animal_detection,S3/C2/S3_C2_E710_V0246.mp4,S3,C2,60.5,1,animal,red_deer,"foraging,grooming,playing,unknown",2,train,0.0,1.0,0.0,0.0,0.0,2.0,0.0,0.0,0.0,3.0,0.0,0.0,1,E710_1
E710,S3_C2_E710_V0246,20.25,animal_detection,S3/C2/S3_C2_E710_V0246.mp4,S3,C2,60.5,1,animal,red_deer,"foraging,grooming,playing,unknown",2,train,19.75,20.75,0.0,0.0,19.25,21.25,0.0,0.0,18.75,21.75,0.0,0.0,2,E710_2
E711,S3_C2_E711_V0247,10.266666666666667,animal_detection,S3/C2/S3_C2_E711_V0247.mp4,S3,C2,20.5,1,animal,red_deer,foraging,1,train,9.766666666666667,10.766666666666667,0.0,0.0,9.266666666666667,11.266666666666667,0.0,0.0,8.766666666666667,11.766666666666667,0.0,0.0,0,E711_0
E712,S3_C2_E712_V0248,30.25,animal_detection,S3/C2/S3_C2_E712_V0248.mp4,S3,C2,60.5,1,animal,red_deer,"foraging,grooming,resting,vigilance",2,train,29.75,30.75,0.0,0.0,29.25,31.25,0.0,0.0,28.75,31.75,0.0,0.0,0,E712_0
E712,S3_C2_E712_V0249,22.0,animal_detection,S3/C2/S3_C2_E712_V0249.mp4,S3,C2,60.5,1,animal,red_deer,"foraging,grooming,resting,vigilance",2,train,21.5,22.5,0.0,0.0,21.0,23.0,0.0,0.0,20.5,23.5,0.0,0.0,1,E712_1
E714,S3_C2_E714_V0251,9.1,animal_detection,S3/C2/S3_C2_E714_V0251.mp4,S3,C2,20.5,1,animal,red_deer,"foraging,vigilance",1,train,8.6,9.6,0.0,0.0,8.1,10.1,0.0,0.0,7.6,10.6,0.0,0.0,0,E714_0
E715,S3_C2_E715_V0252,10.25,animal_detection,S3/C2/S3_C2_E715_V0252.mp4,S3,C2,20.5,1,animal,red_deer,"foraging,marking,vigilance",1,train,9.75,10.75,0.0,0.0,9.25,11.25,0.0,0.0,8.75,11.75,0.0,0.0,0,E715_0
E715,S3_C2_E715_V0253,0.6666666666666666,animal_detection,S3/C2/S3_C2_E715_V0253.mp4,S3,C2,20.5,1,animal,red_deer,"foraging,marking,vigilance",1,train,0.16666666666666663,1.1666666666666665,0.0,0.0,0.0,2.0,0.0,0.0,0.0,3.0,0.0,0.0,1,E715_1
E716,S3_C2_E716_V0254,10.25,animal_detection,S3/C2/S3_C2_E716_V0254.mp4,S3,C2,20.5,1,animal,red_deer,"foraging,grooming,marking,vigilance",2,train,9.75,10.75,0.0,0.0,9.25,11.25,0.0,0.0,8.75,11.75,0.0,0.0,0,E716_0
E716,S3_C2_E716_V0257,10.25,animal_detection,S3/C2/S3_C2_E716_V0257.mp4,S3,C2,20.5,1,animal,red_deer,"foraging,grooming,marking,vigilance",2,train,9.75,10.75,0.0,0.0,9.25,11.25,0.0,0.0,8.75,11.75,0.0,0.0,1,E716_1
E716,S3_C2_E716_V0258,10.25,animal_detection,S3/C2/S3_C2_E716_V0258.mp4,S3,C2,20.5,1,animal,red_deer,"foraging,grooming,marking,vigilance",2,train,9.75,10.75,0.0,0.0,9.25,11.25,0.0,0.0,8.75,11.75,0.0,0.0,2,E716_2
E717,S3_C2_E717_V0260,10.25,animal_detection,S3/C2/S3_C2_E717_V0260.mp4,S3,C2,20.5,1,animal,red_deer,foraging,1,train,9.75,10.75,0.0,0.0,9.25,11.25,0.0,0.0,8.75,11.75,0.0,0.0,0,E717_0
E717,S3_C2_E717_V0261,1.05,animal_detection,S3/C2/S3_C2_E717_V0261.mp4,S3,C2,20.5,1,animal,red_deer,foraging,1,train,0.55,1.55,0.0,0.0,0.050000000000000044,2.05,0.0,0.0,0.0,3.0,0.0,0.0,1,E717_1
E718,S3_C2_E718_V0264,10.25,animal_detection,S3/C2/S3_C2_E718_V0264.mp4,S3,C2,20.5,1,animal,red_deer,"foraging,marking,resting",1,train,9.75,10.75,0.0,0.0,9.25,11.25,0.0,0.0,8.75,11.75,0.0,0.0,0,E718_0
E718,S3_C2_E718_V0265,10.25,animal_detection,S3/C2/S3_C2_E718_V0265.mp4,S3,C2,20.5,1,animal,red_deer,"foraging,marking,resting",1,train,9.75,10.75,0.0,0.0,9.25,11.25,0.0,0.0,8.75,11.75,0.0,0.0,1,E718_1
E718,S3_C2_E718_V0266,10.25,animal_detection,S3/C2/S3_C2_E718_V0266.mp4,S3,C2,20.5,1,animal,red_deer,"foraging,marking,resting",1,train,9.75,10.75,0.0,0.0,9.25,11.25,0.0,0.0,8.75,11.75,0.0,0.0,2,E718_2
E719,S3_C2_E719_V0271,0.7,animal_detection,S3/C2/S3_C2_E719_V0271.mp4,S3,C2,19.0,1,animal,red_deer,"foraging,unknown",2,train,0.19999999999999996,1.2,0.0,0.0,0.0,2.0,0.0,0.0,0.0,3.0,0.0,0.0,0,E719_0
E719,S3_C2_E719_V0272,2.1666666666666665,animal_detection,S3/C2/S3_C2_E719_V0272.mp4,S3,C2,4.5,1,animal,red_deer,"foraging,unknown",2,train,1.6666666666666665,2.6666666666666665,0.0,0.0,1.1666666666666665,3.1666666666666665,0.0,0.0,0.6666666666666665,3.6666666666666665,0.0,0.0,1,E719_1
E719,S3_C2_E719_V0275,5.983333333333333,animal_detection,S3/C2/S3_C2_E719_V0275.mp4,S3,C2,12.0,1,animal,red_deer,"foraging,unknown",2,train,5.483333333333333,6.483333333333333,0.0,0.0,4.983333333333333,6.983333333333333,0.0,0.0,4.483333333333333,7.483333333333333,0.0,0.0,2,E719_2
E720,S3_C2_E720_V0277,10.25,animal_detection,S3/C2/S3_C2_E720_V0277.mp4,S3,C2,20.5,1,animal,red_deer,"foraging,vigilance",1,train,9.75,10.75,0.0,0.0,9.25,11.25,0.0,0.0,8.75,11.75,0.0,0.0,0,E720_0
E720,S3_C2_E720_V0278,3.1166666666666667,animal_detection,S3/C2/S3_C2_E720_V0278.mp4,S3,C2,20.5,1,animal,red_deer,"foraging,vigilance",1,train,2.6166666666666667,3.6166666666666667,0.0,0.0,2.1166666666666667,4.116666666666667,0.0,0.0,1.6166666666666667,4.616666666666667,0.0,0.0,1,E720_1
E721,S3_C2_E721_V0279,1.5333333333333334,animal_detection,S3/C2/S3_C2_E721_V0279.mp4,S3,C2,20.5,1,animal,red_deer,foraging,1,train,1.0333333333333334,2.033333333333333,0.0,0.0,0.5333333333333334,2.533333333333333,0.0,0.0,0.033333333333333215,3.033333333333333,0.0,0.0,0,E721_0
E722,S3_C2_E722_V0280,23.933333333333334,animal_detection,S3/C2/S3_C2_E722_V0280.mp4,S3,C2,60.5,1,animal,red_deer,"courtship,foraging,grooming,unknown,vigilance",1,train,23.433333333333334,24.433333333333334,0.0,0.0,22.933333333333334,24.933333333333334,0.0,0.0,22.433333333333334,25.433333333333334,0.0,0.0,0,E722_0
E723,S3_C2_E723_V0284,2.0,animal_detection,S3/C2/S3_C2_E723_V0284.mp4,S3,C2,4.0,1,animal,red_deer,"foraging,unknown,vigilance",2,train,1.5,2.5,0.0,0.0,1.0,3.0,0.0,0.0,0.5,3.5,0.0,0.0,0,E723_0
E723,S3_C2_E723_V0289,0.8333333333333334,animal_detection,S3/C2/S3_C2_E723_V0289.mp4,S3,C2,2.0,1,animal,red_deer,"foraging,unknown,vigilance",2,train,0.33333333333333337,1.3333333333333335,0.0,0.0,0.0,2.0,0.0,0.0,0.0,2.0,0.6666666666666666,0.3333333333333335,1,E723_1
E723,S3_C2_E723_V0299,1.0,animal_detection,S3/C2/S3_C2_E723_V0299.mp4,S3,C2,2.0,1,animal,red_deer,"foraging,unknown,vigilance",2,train,0.5,1.5,0.0,0.0,0.0,2.0,0.0,0.0,0.0,2.0,0.5,0.5,2,E723_2
E724,S3_C2_E724_V0303,4.75,animal_detection,S3/C2/S3_C2_E724_V0303.mp4,S3,C2,9.5,1,animal,red_deer,"foraging,unknown,vigilance",1,train,4.25,5.25,0.0,0.0,3.75,5.75,0.0,0.0,3.25,6.25,0.0,0.0,0,E724_0
E724,S3_C2_E724_V0305,2.4,animal_detection,S3/C2/S3_C2_E724_V0305.mp4,S3,C2,5.0,1,animal,red_deer,"foraging,unknown,vigilance",1,train,1.9,2.9,0.0,0.0,1.4,3.4,0.0,0.0,0.8999999999999999,3.9,0.0,0.0,1,E724_1
E724,S3_C2_E724_V0306,3.25,animal_detection,S3/C2/S3_C2_E724_V0306.mp4,S3,C2,6.5,1,animal,red_deer,"foraging,unknown,vigilance",1,train,2.75,3.75,0.0,0.0,2.25,4.25,0.0,0.0,1.75,4.75,0.0,0.0,2,E724_2
E725,S3_C2_E725_V0307,3.3833333333333333,animal_detection,S3/C2/S3_C2_E725_V0307.mp4,S3,C2,7.0,1,animal,red_deer,"courtship,foraging",2,train,2.8833333333333333,3.8833333333333333,0.0,0.0,2.3833333333333333,4.383333333333333,0.0,0.0,1.8833333333333329,4.883333333333333,0.0,0.0,0,E725_0
E725,S3_C2_E725_V0308,0.9166666666666666,animal_detection,S3/C2/S3_C2_E725_V0308.mp4,S3,C2,2.0,1,animal,red_deer,"courtship,foraging",2,train,0.41666666666666663,1.4166666666666665,0.0,0.0,0.0,2.0,0.0,0.0,0.0,2.0,0.5833333333333334,0.4166666666666665,1,E725_1
E725,S3_C2_E725_V0310,1.4,animal_detection,S3/C2/S3_C2_E725_V0310.mp4,S3,C2,3.0,1,animal,red_deer,"courtship,foraging",2,train,0.8999999999999999,1.9,0.0,0.0,0.3999999999999999,2.4,0.0,0.0,0.0,3.0,0.0,0.0,2,E725_2
E726,S3_C2_E726_V0311,1.7833333333333334,animal_detection,S3/C2/S3_C2_E726_V0311.mp4,S3,C2,4.0,1,animal,red_deer,"courtship,foraging",1,train,1.2833333333333334,2.283333333333333,0.0,0.0,0.7833333333333334,2.783333333333333,0.0,0.0,0.2833333333333332,3.283333333333333,0.0,0.0,0,E726_0
E727,S3_C2_E727_V0315,1.7833333333333334,animal_detection,S3/C2/S3_C2_E727_V0315.mp4,S3,C2,4.0,1,animal,red_deer,foraging,1,train,1.2833333333333334,2.283333333333333,0.0,0.0,0.7833333333333334,2.783333333333333,0.0,0.0,0.2833333333333332,3.283333333333333,0.0,0.0,0,E727_0
E727,S3_C2_E727_V0316,1.3666666666666667,animal_detection,S3/C2/S3_C2_E727_V0316.mp4,S3,C2,3.0,1,animal,red_deer,foraging,1,train,0.8666666666666667,1.8666666666666667,0.0,0.0,0.3666666666666667,2.3666666666666667,0.0,0.0,0.0,3.0,0.0,0.0,1,E727_1
E729,S3_C2_E729_V0318,30.25,animal_detection,S3/C2/S3_C2_E729_V0318.mp4,S3,C2,60.5,1,animal,red_deer,"courtship,foraging,grooming,marking,unknown,vigilance",1,train,29.75,30.75,0.0,0.0,29.25,31.25,0.0,0.0,28.75,31.75,0.0,0.0,0,E729_0
E729,S3_C2_E729_V0319,30.25,animal_detection,S3/C2/S3_C2_E729_V0319.mp4,S3,C2,60.5,1,animal,red_deer,"courtship,foraging,grooming,marking,unknown,vigilance",1,train,29.75,30.75,0.0,0.0,29.25,31.25,0.0,0.0,28.75,31.75,0.0,0.0,1,E729_1
E729,S3_C2_E729_V0320,51.66666666666667,animal_detection,S3/C2/S3_C2_E729_V0320.mp4,S3,C2,60.5,1,animal,red_deer,"courtship,foraging,grooming,marking,unknown,vigilance",1,train,51.16666666666667,52.16666666666667,0.0,0.0,50.66666666666667,52.66666666666667,0.0,0.0,50.16666666666667,53.16666666666667,0.0,0.0,2,E729_2
E730,S3_C2_E730_V0321,30.25,animal_detection,S3/C2/S3_C2_E730_V0321.mp4,S3,C2,60.5,1,animal,red_deer,"courtship,foraging,grooming,marking,unknown,vigilance",1,train,29.75,30.75,0.0,0.0,29.25,31.25,0.0,0.0,28.75,31.75,0.0,0.0,0,E730_0
E730,S3_C2_E730_V0322,30.25,animal_detection,S3/C2/S3_C2_E730_V0322.mp4,S3,C2,60.5,1,animal,red_deer,"courtship,foraging,grooming,marking,unknown,vigilance",1,train,29.75,30.75,0.0,0.0,29.25,31.25,0.0,0.0,28.75,31.75,0.0,0.0,1,E730_1
E730,S3_C2_E730_V0323,11.333333333333334,animal_detection,S3/C2/S3_C2_E730_V0323.mp4,S3,C2,60.5,1,animal,red_deer,"courtship,foraging,grooming,marking,unknown,vigilance",1,train,10.833333333333334,11.833333333333334,0.0,0.0,10.333333333333334,12.333333333333334,0.0,0.0,9.833333333333334,12.833333333333334,0.0,0.0,2,E730_2
E731,S3_C2_E731_V0324,30.25,animal_detection,S3/C2/S3_C2_E731_V0324.mp4,S3,C2,60.5,1,animal,red_deer,"foraging,unknown,vigilance",1,train,29.75,30.75,0.0,0.0,29.25,31.25,0.0,0.0,28.75,31.75,0.0,0.0,0,E731_0
E731,S3_C2_E731_V0325,30.25,animal_detection,S3/C2/S3_C2_E731_V0325.mp4,S3,C2,60.5,1,animal,red_deer,"foraging,unknown,vigilance",1,train,29.75,30.75,0.0,0.0,29.25,31.25,0.0,0.0,28.75,31.75,0.0,0.0,1,E731_1
E731,S3_C2_E731_V0326,30.25,animal_detection,S3/C2/S3_C2_E731_V0326.mp4,S3,C2,60.5,1,animal,red_deer,"foraging,unknown,vigilance",1,train,29.75,30.75,0.0,0.0,29.25,31.25,0.0,0.0,28.75,31.75,0.0,0.0,2,E731_2
E732,S3_C2_E732_V0327,2.466666666666667,animal_detection,S3/C2/S3_C2_E732_V0327.mp4,S3,C2,5.0,1,animal,red_deer,"foraging,grooming,unknown,vigilance",1,train,1.9666666666666668,2.966666666666667,0.0,0.0,1.4666666666666668,3.466666666666667,0.0,0.0,0.9666666666666668,3.966666666666667,0.0,0.0,0,E732_0
E732,S3_C2_E732_V0330,0.9,animal_detection,S3/C2/S3_C2_E732_V0330.mp4,S3,C2,2.0,1,animal,red_deer,"foraging,grooming,unknown,vigilance",1,train,0.4,1.4,0.0,0.0,0.0,2.0,0.0,0.0,0.0,2.0,0.6,0.3999999999999999,1,E732_1
E732,S3_C2_E732_V0334,1.3833333333333333,animal_detection,S3/C2/S3_C2_E732_V0334.mp4,S3,C2,3.0,1,animal,red_deer,"foraging,grooming,unknown,vigilance",1,train,0.8833333333333333,1.8833333333333333,0.0,0.0,0.3833333333333333,2.3833333333333333,0.0,0.0,0.0,3.0,0.0,0.0,2,E732_2
E733,S3_C2_E733_V0342,1.3,animal_detection,S3/C2/S3_C2_E733_V0342.mp4,S3,C2,3.0,1,animal,red_deer,foraging,1,train,0.8,1.8,0.0,0.0,0.30000000000000004,2.3,0.0,0.0,0.0,3.0,0.0,0.0,0,E733_0
E734,S3_C2_E734_V0343,15.125,background,S3/C2/S3_C2_E734_V0343.mp4,S3,C2,60.5,0,background,none,none,0,train,14.625,15.625,0.0,0.0,14.125,16.125,0.0,0.0,13.625,16.625,0.0,0.0,0,E734_0
E734,S3_C2_E734_V0343,30.25,background,S3/C2/S3_C2_E734_V0343.mp4,S3,C2,60.5,0,background,none,none,0,train,29.75,30.75,0.0,0.0,29.25,31.25,0.0,0.0,28.75,31.75,0.0,0.0,1,E734_1
E734,S3_C2_E734_V0343,45.375,background,S3/C2/S3_C2_E734_V0343.mp4,S3,C2,60.5,0,background,none,none,0,train,44.875,45.875,0.0,0.0,44.375,46.375,0.0,0.0,43.875,46.875,0.0,0.0,2,E734_2
E735,S3_C2_E735_V0344,30.25,animal_detection,S3/C2/S3_C2_E735_V0344.mp4,S3,C2,60.5,1,animal,red_deer,"courtship,foraging,marking,unknown,vigilance",1,train,29.75,30.75,0.0,0.0,29.25,31.25,0.0,0.0,28.75,31.75,0.0,0.0,0,E735_0
E735,S3_C2_E735_V0347,30.25,animal_detection,S3/C2/S3_C2_E735_V0347.mp4,S3,C2,60.5,1,animal,red_deer,"courtship,foraging,marking,unknown,vigilance",1,train,29.75,30.75,0.0,0.0,29.25,31.25,0.0,0.0,28.75,31.75,0.0,0.0,1,E735_1
E735,S3_C2_E735_V0348,30.25,animal_detection,S3/C2/S3_C2_E735_V0348.mp4,S3,C2,60.5,1,animal,red_deer,"courtship,foraging,marking,unknown,vigilance",1,train,29.75,30.75,0.0,0.0,29.25,31.25,0.0,0.0,28.75,31.75,0.0,0.0,2,E735_2
E736,S3_C2_E736_V0350,30.25,animal_detection,S3/C2/S3_C2_E736_V0350.mp4,S3,C2,60.5,1,animal,red_deer,"foraging,marking,unknown,vigilance",1,train,29.75,30.75,0.0,0.0,29.25,31.25,0.0,0.0,28.75,31.75,0.0,0.0,0,E736_0
E736,S3_C2_E736_V0351,2.75,animal_detection,S3/C2/S3_C2_E736_V0351.mp4,S3,C2,5.5,1,animal,red_deer,"foraging,marking,unknown,vigilance",1,train,2.25,3.25,0.0,0.0,1.75,3.75,0.0,0.0,1.25,4.25,0.0,0.0,1,E736_1
E736,S3_C2_E736_V0353,2.5,animal_detection,S3/C2/S3_C2_E736_V0353.mp4,S3,C2,5.0,1,animal,red_deer,"foraging,marking,unknown,vigilance",1,train,2.0,3.0,0.0,0.0,1.5,3.5,0.0,0.0,1.0,4.0,0.0,0.0,2,E736_2
E737,S3_C2_E737_V0355,2.25,animal_detection,S3/C2/S3_C2_E737_V0355.mp4,S3,C2,4.5,1,animal,red_deer,foraging,1,train,1.75,2.75,0.0,0.0,1.25,3.25,0.0,0.0,0.75,3.75,0.0,0.0,0,E737_0
E738,S3_C2_E738_V0356,30.25,animal_detection,S3/C2/S3_C2_E738_V0356.mp4,S3,C2,60.5,1,animal,red_deer,"foraging,unknown,vigilance",1,train,29.75,30.75,0.0,0.0,29.25,31.25,0.0,0.0,28.75,31.75,0.0,0.0,0,E738_0
E739,S3_C2_E739_V0357,0.7666666666666667,animal_detection,S3/C2/S3_C2_E739_V0357.mp4,S3,C2,60.5,1,animal,red_deer,unknown,1,train,0.2666666666666667,1.2666666666666666,0.0,0.0,0.0,2.0,0.0,0.0,0.0,3.0,0.0,0.0,0,E739_0
E741,S3_C2_E741_V0359,11.583333333333334,animal_detection,S3/C2/S3_C2_E741_V0359.mp4,S3,C2,60.5,1,animal,red_deer,vigilance,1,train,11.083333333333334,12.083333333333334,0.0,0.0,10.583333333333334,12.583333333333334,0.0,0.0,10.083333333333334,13.083333333333334,0.0,0.0,0,E741_0
E742,S3_C2_E742_V0360,10.25,animal_detection,S3/C2/S3_C2_E742_V0360.mp4,S3,C2,20.5,1,animal,red_deer,"foraging,unknown",1,train,9.75,10.75,0.0,0.0,9.25,11.25,0.0,0.0,8.75,11.75,0.0,0.0,0,E742_0
E742,S3_C2_E742_V0361,10.25,animal_detection,S3/C2/S3_C2_E742_V0361.mp4,S3,C2,20.5,1,animal,red_deer,"foraging,unknown",1,train,9.75,10.75,0.0,0.0,9.25,11.25,0.0,0.0,8.75,11.75,0.0,0.0,1,E742_1
E743,S3_C2_E743_V0362,4.233333333333333,animal_detection,S3/C2/S3_C2_E743_V0362.mp4,S3,C2,18.5,1,animal,red_deer,foraging,1,train,3.7333333333333334,4.733333333333333,0.0,0.0,3.2333333333333334,5.233333333333333,0.0,0.0,2.7333333333333334,5.733333333333333,0.0,0.0,0,E743_0
E744,S3_C2_E744_V0363,0.85,animal_detection,S3/C2/S3_C2_E744_V0363.mp4,S3,C2,2.0,1,animal,red_deer,foraging,1,train,0.35,1.35,0.0,0.0,0.0,2.0,0.0,0.0,0.0,2.0,0.65,0.3500000000000001,0,E744_0
E745,S3_C2_E745_V0371,0.9666666666666667,animal_detection,S3/C2/S3_C2_E745_V0371.mp4,S3,C2,2.0,1,animal,red_deer,foraging,1,train,0.4666666666666667,1.4666666666666668,0.0,0.0,0.0,2.0,0.0,0.0,0.0,2.0,0.5333333333333333,0.4666666666666668,0,E745_0
E746,S3_C2_E746_V0374,0.8833333333333333,animal_detection,S3/C2/S3_C2_E746_V0374.mp4,S3,C2,2.0,1,animal,red_deer,foraging,2,train,0.3833333333333333,1.3833333333333333,0.0,0.0,0.0,2.0,0.0,0.0,0.0,2.0,0.6166666666666667,0.3833333333333333,0,E746_0
E746,S3_C2_E746_V0375,0.75,animal_detection,S3/C2/S3_C2_E746_V0375.mp4,S3,C2,1.5,1,animal,red_deer,foraging,2,train,0.25,1.25,0.0,0.0,0.0,1.5,0.25,0.25,0.0,1.5,0.75,0.75,1,E746_1
E746,S3_C2_E746_V0376,0.6333333333333333,animal_detection,S3/C2/S3_C2_E746_V0376.mp4,S3,C2,1.5,1,animal,red_deer,foraging,2,train,0.1333333333333333,1.1333333333333333,0.0,0.0,0.0,1.5,0.3666666666666667,0.1333333333333333,0.0,1.5,0.8666666666666667,0.6333333333333333,2,E746_2
E747,S3_C2_E747_V0377,0.75,animal_detection,S3/C2/S3_C2_E747_V0377.mp4,S3,C2,1.5,1,animal,red_deer,foraging,1,train,0.25,1.25,0.0,0.0,0.0,1.5,0.25,0.25,0.0,1.5,0.75,0.75,0,E747_0
E750,S3_C2_E750_V0381,15.125,background,S3/C2/S3_C2_E750_V0381.mp4,S3,C2,60.5,0,background,none,none,0,train,14.625,15.625,0.0,0.0,14.125,16.125,0.0,0.0,13.625,16.625,0.0,0.0,0,E750_0
E750,S3_C2_E750_V0381,30.25,background,S3/C2/S3_C2_E750_V0381.mp4,S3,C2,60.5,0,background,none,none,0,train,29.75,30.75,0.0,0.0,29.25,31.25,0.0,0.0,28.75,31.75,0.0,0.0,1,E750_1
E750,S3_C2_E750_V0381,45.375,background,S3/C2/S3_C2_E750_V0381.mp4,S3,C2,60.5,0,background,none,none,0,train,44.875,45.875,0.0,0.0,44.375,46.375,0.0,0.0,43.875,46.875,0.0,0.0,2,E750_2
E751,S3_C2_E751_V0383,9.783333333333333,animal_detection,S3/C2/S3_C2_E751_V0383.mp4,S3,C2,20.0,1,animal,red_deer,"foraging,vigilance",1,train,9.283333333333333,10.283333333333333,0.0,0.0,8.783333333333333,10.783333333333333,0.0,0.0,8.283333333333333,11.283333333333333,0.0,0.0,0,E751_0
E751,S3_C2_E751_V0384,7.783333333333333,animal_detection,S3/C2/S3_C2_E751_V0384.mp4,S3,C2,16.0,1,animal,red_deer,"foraging,vigilance",1,train,7.283333333333333,8.283333333333333,0.0,0.0,6.783333333333333,8.783333333333333,0.0,0.0,6.283333333333333,9.283333333333333,0.0,0.0,1,E751_1
E751,S3_C2_E751_V0386,2.066666666666667,animal_detection,S3/C2/S3_C2_E751_V0386.mp4,S3,C2,4.5,1,animal,red_deer,"foraging,vigilance",1,train,1.5666666666666669,2.566666666666667,0.0,0.0,1.0666666666666669,3.066666666666667,0.0,0.0,0.5666666666666669,3.566666666666667,0.0,0.0,2,E751_2
E752,S3_C2_E752_V0387,4.366666666666666,animal_detection,S3/C2/S3_C2_E752_V0387.mp4,S3,C2,12.0,1,animal,red_deer,vigilance,1,train,3.8666666666666663,4.866666666666666,0.0,0.0,3.3666666666666663,5.366666666666666,0.0,0.0,2.8666666666666663,5.866666666666666,0.0,0.0,0,E752_0
E753,S3_C2_E753_V0388,3.9833333333333334,animal_detection,S3/C2/S3_C2_E753_V0388.mp4,S3,C2,8.0,1,animal,red_deer,foraging,1,train,3.4833333333333334,4.483333333333333,0.0,0.0,2.9833333333333334,4.983333333333333,0.0,0.0,2.4833333333333334,5.483333333333333,0.0,0.0,0,E753_0
E753,S3_C2_E753_V0389,0.8666666666666667,animal_detection,S3/C2/S3_C2_E753_V0389.mp4,S3,C2,2.0,1,animal,red_deer,foraging,1,train,0.3666666666666667,1.3666666666666667,0.0,0.0,0.0,2.0,0.0,0.0,0.0,2.0,0.6333333333333333,0.3666666666666667,1,E753_1
E754,S3_C2_E754_V0390,3.3666666666666667,animal_detection,S3/C2/S3_C2_E754_V0390.mp4,S3,C2,7.0,1,animal,red_deer,foraging,1,train,2.8666666666666667,3.8666666666666667,0.0,0.0,2.3666666666666667,4.366666666666667,0.0,0.0,1.8666666666666667,4.866666666666667,0.0,0.0,0,E754_0
E756,S3_C2_E756_V0392,1.9666666666666666,animal_detection,S3/C2/S3_C2_E756_V0392.mp4,S3,C2,4.0,1,animal,red_deer,foraging,1,train,1.4666666666666666,2.466666666666667,0.0,0.0,0.9666666666666666,2.966666666666667,0.0,0.0,0.46666666666666656,3.466666666666667,0.0,0.0,0,E756_0
E757,S3_C2_E757_V0393,1.2,animal_detection,S3/C2/S3_C2_E757_V0393.mp4,S3,C2,2.5,1,animal,red_deer,"courtship,foraging",1,train,0.7,1.7,0.0,0.0,0.19999999999999996,2.2,0.0,0.0,0.0,2.5,0.30000000000000004,0.20000000000000018,0,E757_0
E757,S3_C2_E757_V0394,1.0833333333333333,animal_detection,S3/C2/S3_C2_E757_V0394.mp4,S3,C2,2.5,1,animal,red_deer,"courtship,foraging",1,train,0.5833333333333333,1.5833333333333333,0.0,0.0,0.08333333333333326,2.083333333333333,0.0,0.0,0.0,2.5,0.41666666666666674,0.08333333333333304,1,E757_1
E758,S3_C2_E758_V0399,1.0,animal_detection,S3/C2/S3_C2_E758_V0399.mp4,S3,C2,2.0,1,animal,red_deer,"courtship,foraging",1,train,0.5,1.5,0.0,0.0,0.0,2.0,0.0,0.0,0.0,2.0,0.5,0.5,0,E758_0
E758,S3_C2_E758_V0403,0.75,animal_detection,S3/C2/S3_C2_E758_V0403.mp4,S3,C2,1.5,1,animal,red_deer,"courtship,foraging",1,train,0.25,1.25,0.0,0.0,0.0,1.5,0.25,0.25,0.0,1.5,0.75,0.75,1,E758_1
E758,S3_C2_E758_V0404,0.6,animal_detection,S3/C2/S3_C2_E758_V0404.mp4,S3,C2,1.5,1,animal,red_deer,"courtship,foraging",1,train,0.09999999999999998,1.1,0.0,0.0,0.0,1.5,0.4,0.10000000000000009,0.0,1.5,0.9,0.6000000000000001,2,E758_2
E759,S3_C2_E759_V0407,0.75,animal_detection,S3/C2/S3_C2_E759_V0407.mp4,S3,C2,1.5,1,animal,red_deer,foraging,1,train,0.25,1.25,0.0,0.0,0.0,1.5,0.25,0.25,0.0,1.5,0.75,0.75,0,E759_0
E760,S3_C2_E760_V0409,30.25,animal_detection,S3/C2/S3_C2_E760_V0409.mp4,S3,C2,60.5,1,animal,red_deer,"courtship,foraging,grooming,marking,unknown,vigilance",1,train,29.75,30.75,0.0,0.0,29.25,31.25,0.0,0.0,28.75,31.75,0.0,0.0,0,E760_0
E760,S3_C2_E760_V0410,30.25,animal_detection,S3/C2/S3_C2_E760_V0410.mp4,S3,C2,60.5,1,animal,red_deer,"courtship,foraging,grooming,marking,unknown,vigilance",1,train,29.75,30.75,0.0,0.0,29.25,31.25,0.0,0.0,28.75,31.75,0.0,0.0,1,E760_1
E760,S3_C2_E760_V0411,1.4333333333333333,animal_detection,S3/C2/S3_C2_E760_V0411.mp4,S3,C2,60.5,1,animal,red_deer,"courtship,foraging,grooming,marking,unknown,vigilance",1,train,0.9333333333333333,1.9333333333333333,0.0,0.0,0.43333333333333335,2.4333333333333336,0.0,0.0,0.0,3.0,0.0,0.0,2,E760_2
E762,S3_C2_E762_V0412,30.25,animal_detection,S3/C2/S3_C2_E762_V0412.mp4,S3,C2,60.5,1,animal,red_deer,"foraging,grooming,marking,unknown,vigilance",1,train,29.75,30.75,0.0,0.0,29.25,31.25,0.0,0.0,28.75,31.75,0.0,0.0,0,E762_0
E762,S3_C2_E762_V0413,19.966666666666665,animal_detection,S3/C2/S3_C2_E762_V0413.mp4,S3,C2,60.5,1,animal,red_deer,"foraging,grooming,marking,unknown,vigilance",1,train,19.466666666666665,20.466666666666665,0.0,0.0,18.966666666666665,20.966666666666665,0.0,0.0,18.466666666666665,21.466666666666665,0.0,0.0,1,E762_1
E763,S3_C2_E763_V0414,30.25,animal_detection,S3/C2/S3_C2_E763_V0414.mp4,S3,C2,60.5,1,animal,red_deer,"courtship,foraging,marking,vigilance",1,train,29.75,30.75,0.0,0.0,29.25,31.25,0.0,0.0,28.75,31.75,0.0,0.0,0,E763_0
E763,S3_C2_E763_V0415,8.5,animal_detection,S3/C2/S3_C2_E763_V0415.mp4,S3,C2,17.0,1,animal,red_deer,"courtship,foraging,marking,vigilance",1,train,8.0,9.0,0.0,0.0,7.5,9.5,0.0,0.0,7.0,10.0,0.0,0.0,1,E763_1
E763,S3_C2_E763_V0416,5.0,animal_detection,S3/C2/S3_C2_E763_V0416.mp4,S3,C2,10.0,1,animal,red_deer,"courtship,foraging,marking,vigilance",1,train,4.5,5.5,0.0,0.0,4.0,6.0,0.0,0.0,3.5,6.5,0.0,0.0,2,E763_2
E764,S3_C2_E764_V0417,0.8333333333333334,animal_detection,S3/C2/S3_C2_E764_V0417.mp4,S3,C2,2.0,1,animal,red_deer,"foraging,grooming,marking,unknown,vigilance",1,train,0.33333333333333337,1.3333333333333335,0.0,0.0,0.0,2.0,0.0,0.0,0.0,2.0,0.6666666666666666,0.3333333333333335,0,E764_0
E764,S3_C2_E764_V0421,0.85,animal_detection,S3/C2/S3_C2_E764_V0421.mp4,S3,C2,2.0,1,animal,red_deer,"foraging,grooming,marking,unknown,vigilance",1,train,0.35,1.35,0.0,0.0,0.0,2.0,0.0,0.0,0.0,2.0,0.65,0.3500000000000001,1,E764_1
E764,S3_C2_E764_V0422,0.9166666666666666,animal_detection,S3/C2/S3_C2_E764_V0422.mp4,S3,C2,2.0,1,animal,red_deer,"foraging,grooming,marking,unknown,vigilance",1,train,0.41666666666666663,1.4166666666666665,0.0,0.0,0.0,2.0,0.0,0.0,0.0,2.0,0.5833333333333334,0.4166666666666665,2,E764_2
E765,S3_C2_E765_V0425,30.25,animal_detection,S3/C2/S3_C2_E765_V0425.mp4,S3,C2,60.5,1,animal,red_deer,"courtship,foraging,marking,vigilance",1,train,29.75,30.75,0.0,0.0,29.25,31.25,0.0,0.0,28.75,31.75,0.0,0.0,0,E765_0
E765,S3_C2_E765_V0426,30.25,animal_detection,S3/C2/S3_C2_E765_V0426.mp4,S3,C2,60.5,1,animal,red_deer,"courtship,foraging,marking,vigilance",1,train,29.75,30.75,0.0,0.0,29.25,31.25,0.0,0.0,28.75,31.75,0.0,0.0,1,E765_1
E765,S3_C2_E765_V0428,14.166666666666666,animal_detection,S3/C2/S3_C2_E765_V0428.mp4,S3,C2,60.5,1,animal,red_deer,"courtship,foraging,marking,vigilance",1,train,13.666666666666666,14.666666666666666,0.0,0.0,13.166666666666666,15.166666666666666,0.0,0.0,12.666666666666666,15.666666666666666,0.0,0.0,2,E765_2
E766,S3_C2_E766_V0430,30.25,animal_detection,S3/C2/S3_C2_E766_V0430.mp4,S3,C2,60.5,1,animal,red_deer,"foraging,grooming,marking,unknown,vigilance",1,train,29.75,30.75,0.0,0.0,29.25,31.25,0.0,0.0,28.75,31.75,0.0,0.0,0,E766_0
E766,S3_C2_E766_V0431,30.25,animal_detection,S3/C2/S3_C2_E766_V0431.mp4,S3,C2,60.5,1,animal,red_deer,"foraging,grooming,marking,unknown,vigilance",1,train,29.75,30.75,0.0,0.0,29.25,31.25,0.0,0.0,28.75,31.75,0.0,0.0,1,E766_1
E766,S3_C2_E766_V0432,16.583333333333332,animal_detection,S3/C2/S3_C2_E766_V0432.mp4,S3,C2,60.5,1,animal,red_deer,"foraging,grooming,marking,unknown,vigilance",1,train,16.083333333333332,17.083333333333332,0.0,0.0,15.583333333333332,17.583333333333332,0.0,0.0,15.083333333333332,18.083333333333332,0.0,0.0,2,E766_2
E768,S3_C2_E768_V0433,30.25,animal_detection,S3/C2/S3_C2_E768_V0433.mp4,S3,C2,60.5,1,animal,red_deer,"foraging,marking,unknown",2,train,29.75,30.75,0.0,0.0,29.25,31.25,0.0,0.0,28.75,31.75,0.0,0.0,0,E768_0
E769,S3_C2_E769_V0434,30.25,animal_detection,S3/C2/S3_C2_E769_V0434.mp4,S3,C2,60.5,1,animal,red_deer,"camera_reaction,courtship,foraging,grooming,marking,unknown,vigilance",1,train,29.75,30.75,0.0,0.0,29.25,31.25,0.0,0.0,28.75,31.75,0.0,0.0,0,E769_0
E769,S3_C2_E769_V0435,30.25,animal_detection,S3/C2/S3_C2_E769_V0435.mp4,S3,C2,60.5,1,animal,red_deer,"camera_reaction,courtship,foraging,grooming,marking,unknown,vigilance",1,train,29.75,30.75,0.0,0.0,29.25,31.25,0.0,0.0,28.75,31.75,0.0,0.0,1,E769_1
E769,S3_C2_E769_V0441,20.683333333333334,animal_detection,S3/C2/S3_C2_E769_V0441.mp4,S3,C2,60.5,1,animal,red_deer,"camera_reaction,courtship,foraging,grooming,marking,unknown,vigilance",1,train,20.183333333333334,21.183333333333334,0.0,0.0,19.683333333333334,21.683333333333334,0.0,0.0,19.183333333333334,22.183333333333334,0.0,0.0,2,E769_2
E773,S3_C2_E773_V0455,0.9166666666666666,animal_detection,S3/C2/S3_C2_E773_V0455.mp4,S3,C2,2.0,1,animal,red_deer,vigilance,1,train,0.41666666666666663,1.4166666666666665,0.0,0.0,0.0,2.0,0.0,0.0,0.0,2.0,0.5833333333333334,0.4166666666666665,0,E773_0
E774,S3_C2_E774_V0456,0.8,animal_detection,S3/C2/S3_C2_E774_V0456.mp4,S3,C2,2.0,1,animal,red_deer,"courtship,unknown",3+,train,0.30000000000000004,1.3,0.0,0.0,0.0,2.0,0.0,0.0,0.0,2.0,0.7,0.2999999999999998,0,E774_0
E777,S3_C2_E777_V0463,5.5,animal_detection,S3/C2/S3_C2_E777_V0463.mp4,S3,C2,11.0,1,animal,red_deer,foraging,3+,train,5.0,6.0,0.0,0.0,4.5,6.5,0.0,0.0,4.0,7.0,0.0,0.0,0,E777_0
E778,S3_C2_E778_V0464,30.25,animal_detection,S3/C2/S3_C2_E778_V0464.mp4,S3,C2,60.5,1,animal,red_deer,"foraging,grooming,unknown",1,train,29.75,30.75,0.0,0.0,29.25,31.25,0.0,0.0,28.75,31.75,0.0,0.0,0,E778_0
E778,S3_C2_E778_V0465,4.366666666666666,animal_detection,S3/C2/S3_C2_E778_V0465.mp4,S3,C2,60.5,1,animal,red_deer,"foraging,grooming,unknown",1,train,3.8666666666666663,4.866666666666666,0.0,0.0,3.3666666666666663,5.366666666666666,0.0,0.0,2.8666666666666663,5.866666666666666,0.0,0.0,1,E778_1
E779,S3_C2_E779_V0466,15.125,background,S3/C2/S3_C2_E779_V0466.mp4,S3,C2,60.5,0,background,none,none,0,train,14.625,15.625,0.0,0.0,14.125,16.125,0.0,0.0,13.625,16.625,0.0,0.0,0,E779_0
E779,S3_C2_E779_V0466,30.25,background,S3/C2/S3_C2_E779_V0466.mp4,S3,C2,60.5,0,background,none,none,0,train,29.75,30.75,0.0,0.0,29.25,31.25,0.0,0.0,28.75,31.75,0.0,0.0,1,E779_1
E779,S3_C2_E779_V0466,45.375,background,S3/C2/S3_C2_E779_V0466.mp4,S3,C2,60.5,0,background,none,none,0,train,44.875,45.875,0.0,0.0,44.375,46.375,0.0,0.0,43.875,46.875,0.0,0.0,2,E779_2
E780,S3_C2_E780_V0467,30.25,animal_detection,S3/C2/S3_C2_E780_V0467.mp4,S3,C2,60.5,1,animal,red_deer,"courtship,foraging,grooming,marking,unknown,vigilance",1,train,29.75,30.75,0.0,0.0,29.25,31.25,0.0,0.0,28.75,31.75,0.0,0.0,0,E780_0
E780,S3_C2_E780_V0468,30.25,animal_detection,S3/C2/S3_C2_E780_V0468.mp4,S3,C2,60.5,1,animal,red_deer,"courtship,foraging,grooming,marking,unknown,vigilance",1,train,29.75,30.75,0.0,0.0,29.25,31.25,0.0,0.0,28.75,31.75,0.0,0.0,1,E780_1
E780,S3_C2_E780_V0469,30.25,animal_detection,S3/C2/S3_C2_E780_V0469.mp4,S3,C2,60.5,1,animal,red_deer,"courtship,foraging,grooming,marking,unknown,vigilance",1,train,29.75,30.75,0.0,0.0,29.25,31.25,0.0,0.0,28.75,31.75,0.0,0.0,2,E780_2
E781,S3_C2_E781_V0473,1.0333333333333334,animal_detection,S3/C2/S3_C2_E781_V0473.mp4,S3,C2,60.5,1,animal,red_deer,foraging,1,train,0.5333333333333334,1.5333333333333334,0.0,0.0,0.03333333333333344,2.033333333333333,0.0,0.0,0.0,3.0,0.0,0.0,0,E781_0
E782,S3_C2_E782_V0474,2.25,animal_detection,S3/C2/S3_C2_E782_V0474.mp4,S3,C2,4.5,1,animal,red_deer,"courtship,foraging,vigilance",1,train,1.75,2.75,0.0,0.0,1.25,3.25,0.0,0.0,0.75,3.75,0.0,0.0,0,E782_0
E782,S3_C2_E782_V0476,0.75,animal_detection,S3/C2/S3_C2_E782_V0476.mp4,S3,C2,1.5,1,animal,red_deer,"courtship,foraging,vigilance",1,train,0.25,1.25,0.0,0.0,0.0,1.5,0.25,0.25,0.0,1.5,0.75,0.75,1,E782_1
E782,S3_C2_E782_V0479,0.75,animal_detection,S3/C2/S3_C2_E782_V0479.mp4,S3,C2,1.5,1,animal,red_deer,"courtship,foraging,vigilance",1,train,0.25,1.25,0.0,0.0,0.0,1.5,0.25,0.25,0.0,1.5,0.75,0.75,2,E782_2
E783,S3_C2_E783_V0483,0.7833333333333333,animal_detection,S3/C2/S3_C2_E783_V0483.mp4,S3,C2,2.0,1,animal,red_deer,"foraging,grooming,resting",3+,train,0.2833333333333333,1.2833333333333332,0.0,0.0,0.0,2.0,0.0,0.0,0.0,2.0,0.7166666666666667,0.2833333333333332,0,E783_0
E783,S3_C2_E783_V0484,0.7166666666666667,animal_detection,S3/C2/S3_C2_E783_V0484.mp4,S3,C2,1.5,1,animal,red_deer,"foraging,grooming,resting",3+,train,0.21666666666666667,1.2166666666666668,0.0,0.0,0.0,1.5,0.2833333333333333,0.21666666666666679,0.0,1.5,0.7833333333333333,0.7166666666666668,1,E783_1
E783,S3_C2_E783_V0485,0.6666666666666666,animal_detection,S3/C2/S3_C2_E783_V0485.mp4,S3,C2,1.5,1,animal,red_deer,"foraging,grooming,resting",3+,train,0.16666666666666663,1.1666666666666665,0.0,0.0,0.0,1.5,0.33333333333333337,0.16666666666666652,0.0,1.5,0.8333333333333334,0.6666666666666665,2,E783_2
E785,S3_C2_E785_V0497,7.283333333333333,animal_detection,S3/C2/S3_C2_E785_V0497.mp4,S3,C2,15.0,1,animal,red_deer,foraging,1,train,6.783333333333333,7.783333333333333,0.0,0.0,6.283333333333333,8.283333333333333,0.0,0.0,5.783333333333333,8.783333333333333,0.0,0.0,0,E785_0
E785,S3_C2_E785_V0498,0.7833333333333333,animal_detection,S3/C2/S3_C2_E785_V0498.mp4,S3,C2,8.5,1,animal,red_deer,foraging,1,train,0.2833333333333333,1.2833333333333332,0.0,0.0,0.0,2.0,0.0,0.0,0.0,3.0,0.0,0.0,1,E785_1
E786,S3_C2_E786_V0499,4.483333333333333,animal_detection,S3/C2/S3_C2_E786_V0499.mp4,S3,C2,9.0,1,animal,red_deer,"courtship,escaping,foraging,grooming,vigilance",2,train,3.9833333333333334,4.983333333333333,0.0,0.0,3.4833333333333334,5.483333333333333,0.0,0.0,2.9833333333333334,5.983333333333333,0.0,0.0,0,E786_0
E786,S3_C2_E786_V0502,1.35,animal_detection,S3/C2/S3_C2_E786_V0502.mp4,S3,C2,3.0,1,animal,red_deer,"courtship,escaping,foraging,grooming,vigilance",2,train,0.8500000000000001,1.85,0.0,0.0,0.3500000000000001,2.35,0.0,0.0,0.0,3.0,0.0,0.0,1,E786_1
E786,S3_C2_E786_V0503,0.65,animal_detection,S3/C2/S3_C2_E786_V0503.mp4,S3,C2,1.5,1,animal,red_deer,"courtship,escaping,foraging,grooming,vigilance",2,train,0.15000000000000002,1.15,0.0,0.0,0.0,1.5,0.35,0.1499999999999999,0.0,1.5,0.85,0.6499999999999999,2,E786_2
E787,S3_C2_E787_V0506,13.833333333333334,animal_detection,S3/C2/S3_C2_E787_V0506.mp4,S3,C2,60.5,1,animal,red_deer,"courtship,foraging,vigilance",1,train,13.333333333333334,14.333333333333334,0.0,0.0,12.833333333333334,14.833333333333334,0.0,0.0,12.333333333333334,15.333333333333334,0.0,0.0,0,E787_0
E788,S3_C2_E788_V0511,0.6666666666666666,animal_detection,S3/C2/S3_C2_E788_V0511.mp4,S3,C2,1.5,1,animal,red_deer,"courtship,foraging",2,train,0.16666666666666663,1.1666666666666665,0.0,0.0,0.0,1.5,0.33333333333333337,0.16666666666666652,0.0,1.5,0.8333333333333334,0.6666666666666665,0,E788_0
E799,S3_C2_E799_V0535,30.25,animal_detection,S3/C2/S3_C2_E799_V0535.mp4,S3,C2,60.5,1,animal,red_deer,"courtship,foraging,resting,vigilance",1,train,29.75,30.75,0.0,0.0,29.25,31.25,0.0,0.0,28.75,31.75,0.0,0.0,0,E799_0
E8,S1_C1_E8_V0028,10.25,animal_detection,S1/C1/S1_C1_E8_V0028.mp4,S1,C1,20.5,1,animal,red_deer,"camera_reaction,foraging,unknown,vigilance",2,train,9.75,10.75,0.0,0.0,9.25,11.25,0.0,0.0,8.75,11.75,0.0,0.0,0,E8_0
E8,S1_C2_E8_V0022,10.25,animal_detection,S1/C2/S1_C2_E8_V0022.mp4,S1,C2,20.5,1,animal,red_deer,"camera_reaction,foraging,unknown,vigilance",2,train,9.75,10.75,0.0,0.0,9.25,11.25,0.0,0.0,8.75,11.75,0.0,0.0,1,E8_1
E8,S1_C2_E8_V0025,10.25,animal_detection,S1/C2/S1_C2_E8_V0025.mp4,S1,C2,20.5,1,animal,red_deer,"camera_reaction,foraging,unknown,vigilance",2,train,9.75,10.75,0.0,0.0,9.25,11.25,0.0,0.0,8.75,11.75,0.0,0.0,2,E8_2
E800,S3_C2_E800_V0536,30.25,animal_detection,S3/C2/S3_C2_E800_V0536.mp4,S3,C2,60.5,1,animal,red_deer,"courtship,foraging,marking,vigilance",1,train,29.75,30.75,0.0,0.0,29.25,31.25,0.0,0.0,28.75,31.75,0.0,0.0,0,E800_0
E801,S3_C2_E801_V0537,15.125,background,S3/C2/S3_C2_E801_V0537.mp4,S3,C2,60.5,0,background,none,none,0,train,14.625,15.625,0.0,0.0,14.125,16.125,0.0,0.0,13.625,16.625,0.0,0.0,0,E801_0
E801,S3_C2_E801_V0537,30.25,background,S3/C2/S3_C2_E801_V0537.mp4,S3,C2,60.5,0,background,none,none,0,train,29.75,30.75,0.0,0.0,29.25,31.25,0.0,0.0,28.75,31.75,0.0,0.0,1,E801_1
E801,S3_C2_E801_V0537,45.375,background,S3/C2/S3_C2_E801_V0537.mp4,S3,C2,60.5,0,background,none,none,0,train,44.875,45.875,0.0,0.0,44.375,46.375,0.0,0.0,43.875,46.875,0.0,0.0,2,E801_2
E802,S3_C2_E802_V0538,30.25,animal_detection,S3/C2/S3_C2_E802_V0538.mp4,S3,C2,60.5,1,animal,red_deer,"courtship,foraging,marking,resting,unknown",1,train,29.75,30.75,0.0,0.0,29.25,31.25,0.0,0.0,28.75,31.75,0.0,0.0,0,E802_0
E803,S3_C2_E803_V0539,5.083333333333333,animal_detection,S3/C2/S3_C2_E803_V0539.mp4,S3,C2,10.5,1,animal,red_deer,"foraging,grooming,marking,unknown,vigilance",2,train,4.583333333333333,5.583333333333333,0.0,0.0,4.083333333333333,6.083333333333333,0.0,0.0,3.583333333333333,6.583333333333333,0.0,0.0,0,E803_0
E803,S3_C2_E803_V0540,3.183333333333333,animal_detection,S3/C2/S3_C2_E803_V0540.mp4,S3,C2,6.5,1,animal,red_deer,"foraging,grooming,marking,unknown,vigilance",2,train,2.683333333333333,3.683333333333333,0.0,0.0,2.183333333333333,4.183333333333334,0.0,0.0,1.6833333333333331,4.683333333333334,0.0,0.0,1,E803_1
E803,S3_C2_E803_V0549,1.7833333333333334,animal_detection,S3/C2/S3_C2_E803_V0549.mp4,S3,C2,4.0,1,animal,red_deer,"foraging,grooming,marking,unknown,vigilance",2,train,1.2833333333333334,2.283333333333333,0.0,0.0,0.7833333333333334,2.783333333333333,0.0,0.0,0.2833333333333332,3.283333333333333,0.0,0.0,2,E803_2
E804,S3_C2_E804_V0550,2.4833333333333334,animal_detection,S3/C2/S3_C2_E804_V0550.mp4,S3,C2,5.0,1,animal,red_deer,"foraging,unknown,vigilance",1,train,1.9833333333333334,2.9833333333333334,0.0,0.0,1.4833333333333334,3.4833333333333334,0.0,0.0,0.9833333333333334,3.9833333333333334,0.0,0.0,0,E804_0
E804,S3_C2_E804_V0551,1.8833333333333333,animal_detection,S3/C2/S3_C2_E804_V0551.mp4,S3,C2,4.0,1,animal,red_deer,"foraging,unknown,vigilance",1,train,1.3833333333333333,2.3833333333333333,0.0,0.0,0.8833333333333333,2.8833333333333333,0.0,0.0,0.3833333333333333,3.3833333333333333,0.0,0.0,1,E804_1
E806,S3_C2_E806_V0553,7.283333333333333,animal_detection,S3/C2/S3_C2_E806_V0553.mp4,S3,C2,15.0,1,animal,red_deer,"courtship,foraging,vigilance",1,train,6.783333333333333,7.783333333333333,0.0,0.0,6.283333333333333,8.283333333333333,0.0,0.0,5.783333333333333,8.783333333333333,0.0,0.0,0,E806_0
E806,S3_C2_E806_V0554,2.5833333333333335,animal_detection,S3/C2/S3_C2_E806_V0554.mp4,S3,C2,5.5,1,animal,red_deer,"courtship,foraging,vigilance",1,train,2.0833333333333335,3.0833333333333335,0.0,0.0,1.5833333333333335,3.5833333333333335,0.0,0.0,1.0833333333333335,4.083333333333334,0.0,0.0,1,E806_1
E806,S3_C2_E806_V0555,0.7333333333333333,animal_detection,S3/C2/S3_C2_E806_V0555.mp4,S3,C2,1.5,1,animal,red_deer,"courtship,foraging,vigilance",1,train,0.23333333333333328,1.2333333333333334,0.0,0.0,0.0,1.5,0.2666666666666667,0.2333333333333334,0.0,1.5,0.7666666666666667,0.7333333333333334,2,E806_2
E807,S3_C2_E807_V0556,2.466666666666667,animal_detection,S3/C2/S3_C2_E807_V0556.mp4,S3,C2,5.0,1,animal,red_deer,foraging,1,train,1.9666666666666668,2.966666666666667,0.0,0.0,1.4666666666666668,3.466666666666667,0.0,0.0,0.9666666666666668,3.966666666666667,0.0,0.0,0,E807_0
E809,S3_C2_E809_V0558,15.125,background,S3/C2/S3_C2_E809_V0558.mp4,S3,C2,60.5,0,background,none,none,0,train,14.625,15.625,0.0,0.0,14.125,16.125,0.0,0.0,13.625,16.625,0.0,0.0,0,E809_0
E809,S3_C2_E809_V0558,30.25,background,S3/C2/S3_C2_E809_V0558.mp4,S3,C2,60.5,0,background,none,none,0,train,29.75,30.75,0.0,0.0,29.25,31.25,0.0,0.0,28.75,31.75,0.0,0.0,1,E809_1
E809,S3_C2_E809_V0558,45.375,background,S3/C2/S3_C2_E809_V0558.mp4,S3,C2,60.5,0,background,none,none,0,train,44.875,45.875,0.0,0.0,44.375,46.375,0.0,0.0,43.875,46.875,0.0,0.0,2,E809_2
E85,S1_C1_E85_V0195,8.9,animal_detection,S1/C1/S1_C1_E85_V0195.mp4,S1,C1,20.5,1,animal,red_deer,"foraging,vigilance",1,train,8.4,9.4,0.0,0.0,7.9,9.9,0.0,0.0,7.4,10.4,0.0,0.0,0,E85_0
E86,S1_C1_E86_V0196,10.283333333333333,animal_detection,S1/C1/S1_C1_E86_V0196.mp4,S1,C1,20.5,1,animal,red_deer,"escaping,foraging,grooming,resting,unknown,vigilance",2,train,9.783333333333333,10.783333333333333,0.0,0.0,9.283333333333333,11.283333333333333,0.0,0.0,8.783333333333333,11.783333333333333,0.0,0.0,0,E86_0
E86,S1_C1_E86_V0198,10.25,animal_detection,S1/C1/S1_C1_E86_V0198.mp4,S1,C1,20.5,1,animal,red_deer,"escaping,foraging,grooming,resting,unknown,vigilance",2,train,9.75,10.75,0.0,0.0,9.25,11.25,0.0,0.0,8.75,11.75,0.0,0.0,1,E86_1
E86,S1_C1_E86_V0203,10.25,animal_detection,S1/C1/S1_C1_E86_V0203.mp4,S1,C1,20.5,1,animal,red_deer,"escaping,foraging,grooming,resting,unknown,vigilance",2,train,9.75,10.75,0.0,0.0,9.25,11.25,0.0,0.0,8.75,11.75,0.0,0.0,2,E86_2
E9,S1_C1_E9_V0030,4.066666666666666,animal_detection,S1/C1/S1_C1_E9_V0030.mp4,S1,C1,20.5,1,animal,red_deer,"foraging,vigilance",1,train,3.5666666666666664,4.566666666666666,0.0,0.0,3.0666666666666664,5.066666666666666,0.0,0.0,2.5666666666666664,5.566666666666666,0.0,0.0,0,E9_0
E91,S1_C1_E91_V0207,10.966666666666667,animal_detection,S1/C1/S1_C1_E91_V0207.mp4,S1,C1,120.5,1,animal,red_deer,"unknown,vigilance",1,train,10.466666666666667,11.466666666666667,0.0,0.0,9.966666666666667,11.966666666666667,0.0,0.0,9.466666666666667,12.466666666666667,0.0,0.0,0,E91_0
E94,S1_C1_E94_V0212,10.25,animal_detection,S1/C1/S1_C1_E94_V0212.mp4,S1,C1,20.5,1,animal,red_deer,"foraging,unknown",1,train,9.75,10.75,0.0,0.0,9.25,11.25,0.0,0.0,8.75,11.75,0.0,0.0,0,E94_0
E94,S1_C1_E94_V0214,10.25,animal_detection,S1/C1/S1_C1_E94_V0214.mp4,S1,C1,20.5,1,animal,red_deer,"foraging,unknown",1,train,9.75,10.75,0.0,0.0,9.25,11.25,0.0,0.0,8.75,11.75,0.0,0.0,1,E94_1
E94,S1_C2_E94_V0099,10.25,animal_detection,S1/C2/S1_C2_E94_V0099.mp4,S1,C2,20.5,1,animal,red_deer,"foraging,unknown",1,train,9.75,10.75,0.0,0.0,9.25,11.25,0.0,0.0,8.75,11.75,0.0,0.0,2,E94_2
E98,S1_C1_E98_V0221,10.25,animal_detection,S1/C1/S1_C1_E98_V0221.mp4,S1,C1,20.5,1,animal,red_deer,"foraging,unknown",1,train,9.75,10.75,0.0,0.0,9.25,11.25,0.0,0.0,8.75,11.75,0.0,0.0,0,E98_0
E98,S1_C1_E98_V0234,1.0833333333333333,animal_detection,S1/C1/S1_C1_E98_V0234.mp4,S1,C1,2.5,1,animal,red_deer,"foraging,unknown",1,train,0.5833333333333333,1.5833333333333333,0.0,0.0,0.08333333333333326,2.083333333333333,0.0,0.0,0.0,2.5,0.41666666666666674,0.08333333333333304,1,E98_1
E98,S1_C1_E98_V0235,2.0833333333333335,animal_detection,S1/C1/S1_C1_E98_V0235.mp4,S1,C1,4.5,1,animal,red_deer,"foraging,unknown",1,train,1.5833333333333335,2.5833333333333335,0.0,0.0,1.0833333333333335,3.0833333333333335,0.0,0.0,0.5833333333333335,3.5833333333333335,0.0,0.0,2,E98_2
E99,S1_C1_E99_V0248,1.0,animal_detection,S1/C1/S1_C1_E99_V0248.mp4,S1,C1,2.0,1,animal,red_deer,"foraging,grooming,unknown,vigilance",2,train,0.5,1.5,0.0,0.0,0.0,2.0,0.0,0.0,0.0,2.0,0.5,0.5,0,E99_0
E99,S1_C1_E99_V0250,1.6333333333333333,animal_detection,S1/C1/S1_C1_E99_V0250.mp4,S1,C1,6.5,1,animal,red_deer,"foraging,grooming,unknown,vigilance",2,train,1.1333333333333333,2.1333333333333333,0.0,0.0,0.6333333333333333,2.6333333333333333,0.0,0.0,0.1333333333333333,3.1333333333333333,0.0,0.0,1,E99_1
E99,S1_C2_E99_V0117,5.8,animal_detection,S1/C2/S1_C2_E99_V0117.mp4,S1,C2,20.5,1,animal,red_deer,"foraging,grooming,unknown,vigilance",2,train,5.3,6.3,0.0,0.0,4.8,6.8,0.0,0.0,4.3,7.3,0.0,0.0,2,E99_2
