event_id,file_id,window_s,start_s,end_s,visible_overlap_s,visible_fraction,window_source,file_path,site_id,cam_id,duration,binary_label,label_name,species,activities,num_individuals,split
E130,S1_C1_E130_V0618,1,0.1333333333333333,1.1333333333333333,1.0,1.0,animal_detection,S1/C1/S1_C1_E130_V0618.mp4,S1,C1,1.5,1,animal,red_deer,"courtship,foraging,unknown,vigilance",1,test
E130,S1_C1_E130_V0583,1,0.44999999999999996,1.45,1.0,1.0,animal_detection,S1/C1/S1_C1_E130_V0583.mp4,S1,C1,2.0,1,animal,red_deer,"courtship,foraging,unknown,vigilance",1,test
E130,S1_C1_E130_V0591,1,0.4833333333333333,1.4833333333333334,1.0,1.0,animal_detection,S1/C1/S1_C1_E130_V0591.mp4,S1,C1,2.0,1,animal,red_deer,"courtship,foraging,unknown,vigilance",1,test
E130,S1_C1_E130_V0591,2,0.0,2.0,1.9666666666666666,0.9833333333333333,animal_detection,S1/C1/S1_C1_E130_V0591.mp4,S1,C1,2.0,1,animal,red_deer,"courtship,foraging,unknown,vigilance",1,test
E130,S1_C1_E130_V0589,2,0.1333333333333333,2.1333333333333333,2.0,1.0,animal_detection,S1/C1/S1_C1_E130_V0589.mp4,S1,C1,2.5,1,animal,red_deer,"courtship,foraging,unknown,vigilance",1,test
E130,S1_C1_E130_V0581,2,0.33333333333333326,2.333333333333333,1.9999999999999998,0.9999999999999999,animal_detection,S1/C1/S1_C1_E130_V0581.mp4,S1,C1,3.0,1,animal,red_deer,"courtship,foraging,unknown,vigilance",1,test
E130,S1_C1_E130_V0579,3,0.0,3.0,2.6,0.8666666666666667,animal_detection,S1/C1/S1_C1_E130_V0579.mp4,S1,C1,3.0,1,animal,red_deer,"courtship,foraging,unknown,vigilance",1,test
E130,S1_C1_E130_V0585,3,0.0,3.0,2.6333333333333333,0.8777777777777778,animal_detection,S1/C1/S1_C1_E130_V0585.mp4,S1,C1,3.0,1,animal,red_deer,"courtship,foraging,unknown,vigilance",1,test
E130,S1_C2_E130_V0284,3,8.383333333333333,11.383333333333333,3.0,1.0,animal_detection,S1/C2/S1_C2_E130_V0284.mp4,S1,C2,20.0,1,animal,red_deer,"courtship,foraging,unknown,vigilance",1,test
E131,S1_C1_E131_V0626,1,0.35,1.35,1.0,1.0,animal_detection,S1/C1/S1_C1_E131_V0626.mp4,S1,C1,2.0,1,animal,red_deer,"foraging,unknown",1,test
E131,S1_C2_E131_V0291,1,0.4,1.4,0.9999999999999999,0.9999999999999999,animal_detection,S1/C2/S1_C2_E131_V0291.mp4,S1,C2,2.0,1,animal,red_deer,"foraging,unknown",1,test
E131,S1_C2_E131_V0287,1,1.3833333333333333,2.3833333333333333,1.0,1.0,animal_detection,S1/C2/S1_C2_E131_V0287.mp4,S1,C2,4.0,1,animal,red_deer,"foraging,unknown",1,test
E131,S1_C2_E131_V0297,2,0.0,2.0,1.7,0.85,animal_detection,S1/C2/S1_C2_E131_V0297.mp4,S1,C2,2.0,1,animal,red_deer,"foraging,unknown",1,test
E131,S1_C1_E131_V0627,2,0.0,2.0,1.6333333333333333,0.8166666666666667,animal_detection,S1/C1/S1_C1_E131_V0627.mp4,S1,C1,2.0,1,animal,red_deer,"foraging,unknown",1,test
E131,S1_C2_E131_V0290,2,0.3666666666666667,2.3666666666666667,2.0,1.0,animal_detection,S1/C2/S1_C2_E131_V0290.mp4,S1,C2,3.0,1,animal,red_deer,"foraging,unknown",1,test
E131,S1_C2_E131_V0293,3,0.9833333333333334,3.9833333333333334,3.0,1.0,animal_detection,S1/C2/S1_C2_E131_V0293.mp4,S1,C2,5.0,1,animal,red_deer,"foraging,unknown",1,test
E131,S1_C2_E131_V0296,3,1.4833333333333334,4.483333333333333,3.0,1.0,animal_detection,S1/C2/S1_C2_E131_V0296.mp4,S1,C2,6.0,1,animal,red_deer,"foraging,unknown",1,test
E131,S1_C2_E131_V0286,3,8.75,11.75,3.0,1.0,animal_detection,S1/C2/S1_C2_E131_V0286.mp4,S1,C2,20.5,1,animal,red_deer,"foraging,unknown",1,test
E132,S1_C1_E132_V0630,1,0.4833333333333333,1.4833333333333334,1.0,1.0,animal_detection,S1/C1/S1_C1_E132_V0630.mp4,S1,C1,2.0,1,animal,red_deer,foraging,1,test
E132,S1_C1_E132_V0630,2,0.0,2.0,1.9666666666666666,0.9833333333333333,animal_detection,S1/C1/S1_C1_E132_V0630.mp4,S1,C1,2.0,1,animal,red_deer,foraging,1,test
E133,S1_C1_E133_V0639,1,0.16666666666666663,1.1666666666666665,0.9999999999999999,0.9999999999999999,animal_detection,S1/C1/S1_C1_E133_V0639.mp4,S1,C1,1.5,1,animal,red_deer,foraging,1,test
E133,S1_C1_E133_V0636,1,0.44999999999999996,1.45,1.0,1.0,animal_detection,S1/C1/S1_C1_E133_V0636.mp4,S1,C1,2.0,1,animal,red_deer,foraging,1,test
E133,S1_C1_E133_V0636,2,0.0,2.0,1.9,0.95,animal_detection,S1/C1/S1_C1_E133_V0636.mp4,S1,C1,2.0,1,animal,red_deer,foraging,1,test
E134,S1_C2_E134_V0304,1,0.9666666666666666,1.9666666666666666,1.0,1.0,animal_detection,S1/C2/S1_C2_E134_V0304.mp4,S1,C2,3.0,1,animal,red_deer,"foraging,unknown",1,test
E134,S1_C2_E134_V0303,1,1.6833333333333331,2.683333333333333,1.0,1.0,animal_detection,S1/C2/S1_C2_E134_V0303.mp4,S1,C2,4.5,1,animal,red_deer,"foraging,unknown",1,test
E134,S1_C2_E134_V0302,1,6.883333333333334,7.883333333333334,1.0,1.0,animal_detection,S1/C2/S1_C2_E134_V0302.mp4,S1,C2,15.0,1,animal,red_deer,"foraging,unknown",1,test
E134,S1_C2_E134_V0305,2,0.0,2.0,1.5333333333333334,0.7666666666666667,animal_detection,S1/C2/S1_C2_E134_V0305.mp4,S1,C2,2.0,1,animal,red_deer,"foraging,unknown",1,test
E134,S1_C2_E134_V0304,2,0.46666666666666656,2.466666666666667,2.0,1.0,animal_detection,S1/C2/S1_C2_E134_V0304.mp4,S1,C2,3.0,1,animal,red_deer,"foraging,unknown",1,test
E134,S1_C2_E134_V0302,2,6.383333333333334,8.383333333333333,1.9999999999999991,0.9999999999999996,animal_detection,S1/C2/S1_C2_E134_V0302.mp4,S1,C2,15.0,1,animal,red_deer,"foraging,unknown",1,test
E134,S1_C2_E134_V0304,3,0.0,3.0,2.933333333333333,0.9777777777777777,animal_detection,S1/C2/S1_C2_E134_V0304.mp4,S1,C2,3.0,1,animal,red_deer,"foraging,unknown",1,test
E134,S1_C2_E134_V0303,3,0.6833333333333331,3.683333333333333,3.0,1.0,animal_detection,S1/C2/S1_C2_E134_V0303.mp4,S1,C2,4.5,1,animal,red_deer,"foraging,unknown",1,test
E134,S1_C2_E134_V0302,3,5.883333333333334,8.883333333333333,2.999999999999999,0.9999999999999997,animal_detection,S1/C2/S1_C2_E134_V0302.mp4,S1,C2,15.0,1,animal,red_deer,"foraging,unknown",1,test
E135,S1_C1_E135_V0661,1,13.55,14.55,1.0,1.0,animal_detection,S1/C1/S1_C1_E135_V0661.mp4,S1,C1,120.5,1,animal,red_deer,foraging,1,test
E135,S1_C1_E135_V0661,2,13.05,15.05,2.0,1.0,animal_detection,S1/C1/S1_C1_E135_V0661.mp4,S1,C1,120.5,1,animal,red_deer,foraging,1,test
E135,S1_C1_E135_V0661,3,12.55,15.55,3.0,1.0,animal_detection,S1/C1/S1_C1_E135_V0661.mp4,S1,C1,120.5,1,animal,red_deer,foraging,1,test
E136,S1_C1_E136_V0670,1,0.25,1.25,1.0,1.0,animal_detection,S1/C1/S1_C1_E136_V0670.mp4,S1,C1,1.5,1,animal,red_deer,"foraging,unknown,vigilance",1,test
E136,S1_C2_E136_V0314,1,3.5,4.5,1.0,1.0,animal_detection,S1/C2/S1_C2_E136_V0314.mp4,S1,C2,8.0,1,animal,red_deer,"foraging,unknown,vigilance",1,test
E136,S1_C2_E136_V0307,1,7.0,8.0,1.0,1.0,animal_detection,S1/C2/S1_C2_E136_V0307.mp4,S1,C2,15.0,1,animal,red_deer,"foraging,unknown,vigilance",1,test
E136,S1_C2_E136_V0310,2,1.0,3.0,2.0,1.0,animal_detection,S1/C2/S1_C2_E136_V0310.mp4,S1,C2,4.0,1,animal,red_deer,"foraging,unknown,vigilance",1,test
E136,S1_C2_E136_V0309,2,4.0,6.0,2.0,1.0,animal_detection,S1/C2/S1_C2_E136_V0309.mp4,S1,C2,10.0,1,animal,red_deer,"foraging,unknown,vigilance",1,test
E136,S1_C2_E136_V0307,2,6.5,8.5,2.0,1.0,animal_detection,S1/C2/S1_C2_E136_V0307.mp4,S1,C2,15.0,1,animal,red_deer,"foraging,unknown,vigilance",1,test
E136,S1_C2_E136_V0312,3,1.0,4.0,3.0,1.0,animal_detection,S1/C2/S1_C2_E136_V0312.mp4,S1,C2,5.0,1,animal,red_deer,"foraging,unknown,vigilance",1,test
E136,S1_C2_E136_V0314,3,2.5,5.5,3.0,1.0,animal_detection,S1/C2/S1_C2_E136_V0314.mp4,S1,C2,8.0,1,animal,red_deer,"foraging,unknown,vigilance",1,test
E136,S1_C2_E136_V0306,3,8.75,11.75,3.0,1.0,animal_detection,S1/C2/S1_C2_E136_V0306.mp4,S1,C2,20.5,1,animal,red_deer,"foraging,unknown,vigilance",1,test
E137,S1_C2_E137_V0317,1,2.6666666666666665,3.6666666666666665,1.0,1.0,animal_detection,S1/C2/S1_C2_E137_V0317.mp4,S1,C2,8.0,1,animal,red_deer,"foraging,unknown",1,test
E137,S1_C2_E137_V0318,1,2.783333333333333,3.783333333333333,1.0,1.0,animal_detection,S1/C2/S1_C2_E137_V0318.mp4,S1,C2,7.0,1,animal,red_deer,"foraging,unknown",1,test
E137,S1_C2_E137_V0316,1,8.283333333333333,9.283333333333333,1.0,1.0,animal_detection,S1/C2/S1_C2_E137_V0316.mp4,S1,C2,18.0,1,animal,red_deer,"foraging,unknown",1,test
E137,S1_C1_E137_V0676,2,0.0,2.0,1.7333333333333334,0.8666666666666667,animal_detection,S1/C1/S1_C1_E137_V0676.mp4,S1,C1,2.0,1,animal,red_deer,"foraging,unknown",1,test
E137,S1_C1_E137_V0675,2,0.0,2.0,1.8666666666666665,0.9333333333333332,animal_detection,S1/C1/S1_C1_E137_V0675.mp4,S1,C1,2.0,1,animal,red_deer,"foraging,unknown",1,test
E137,S1_C2_E137_V0317,2,2.1666666666666665,4.166666666666666,1.9999999999999996,0.9999999999999998,animal_detection,S1/C2/S1_C2_E137_V0317.mp4,S1,C2,8.0,1,animal,red_deer,"foraging,unknown",1,test
E137,S1_C2_E137_V0317,3,1.6666666666666665,4.666666666666666,2.9999999999999996,0.9999999999999999,animal_detection,S1/C2/S1_C2_E137_V0317.mp4,S1,C2,8.0,1,animal,red_deer,"foraging,unknown",1,test
E137,S1_C2_E137_V0318,3,1.7833333333333332,4.783333333333333,3.0,1.0,animal_detection,S1/C2/S1_C2_E137_V0318.mp4,S1,C2,7.0,1,animal,red_deer,"foraging,unknown",1,test
E137,S1_C2_E137_V0316,3,7.283333333333333,10.283333333333333,3.0,1.0,animal_detection,S1/C2/S1_C2_E137_V0316.mp4,S1,C2,18.0,1,animal,red_deer,"foraging,unknown",1,test
E138,S1_C1_E138_V0701,1,0.15000000000000002,1.15,0.9999999999999999,0.9999999999999999,animal_detection,S1/C1/S1_C1_E138_V0701.mp4,S1,C1,1.5,1,animal,red_deer,"courtship,unknown,vigilance",1,test
E138,S1_C1_E138_V0699,1,0.15000000000000002,1.15,0.9999999999999999,0.9999999999999999,animal_detection,S1/C1/S1_C1_E138_V0699.mp4,S1,C1,1.5,1,animal,red_deer,"courtship,unknown,vigilance",1,test
E153,S1_C2_E153_V0383,1,2.4833333333333334,3.4833333333333334,1.0,1.0,animal_detection,S1/C2/S1_C2_E153_V0383.mp4,S1,C2,6.0,1,animal,red_deer,vigilance,1,test
E153,S1_C2_E153_V0383,2,1.9833333333333334,3.9833333333333334,2.0,1.0,animal_detection,S1/C2/S1_C2_E153_V0383.mp4,S1,C2,6.0,1,animal,red_deer,vigilance,1,test
E153,S1_C2_E153_V0383,3,1.4833333333333334,4.483333333333333,3.0,1.0,animal_detection,S1/C2/S1_C2_E153_V0383.mp4,S1,C2,6.0,1,animal,red_deer,vigilance,1,test
E154,S1_C3_E154_V0066,1,0.8166666666666667,1.8166666666666667,1.0,1.0,animal_detection,S1/C3/S1_C3_E154_V0066.mp4,S1,C3,20.5,1,animal,red_deer,"foraging,unknown",1,test
E154,S1_C2_E154_V0385,1,2.283333333333333,3.283333333333333,1.0,1.0,animal_detection,S1/C2/S1_C2_E154_V0385.mp4,S1,C2,6.0,1,animal,red_deer,"foraging,unknown",1,test
E154,S1_C3_E154_V0066,2,0.31666666666666665,2.3166666666666664,1.9999999999999998,0.9999999999999999,animal_detection,S1/C3/S1_C3_E154_V0066.mp4,S1,C3,20.5,1,animal,red_deer,"foraging,unknown",1,test
E154,S1_C2_E154_V0385,2,1.7833333333333332,3.783333333333333,2.0,1.0,animal_detection,S1/C2/S1_C2_E154_V0385.mp4,S1,C2,6.0,1,animal,red_deer,"foraging,unknown",1,test
E154,S1_C3_E154_V0066,3,0.0,3.0,2.6333333333333333,0.8777777777777778,animal_detection,S1/C3/S1_C3_E154_V0066.mp4,S1,C3,20.5,1,animal,red_deer,"foraging,unknown",1,test
E154,S1_C2_E154_V0385,3,1.2833333333333332,4.283333333333333,3.0,1.0,animal_detection,S1/C2/S1_C2_E154_V0385.mp4,S1,C2,6.0,1,animal,red_deer,"foraging,unknown",1,test
E155,S1_C2_E155_V0389,1,0.15000000000000002,1.15,0.9999999999999999,0.9999999999999999,animal_detection,S1/C2/S1_C2_E155_V0389.mp4,S1,C2,1.5,1,animal,red_deer,"foraging,vigilance",1,test
E155,S1_C2_E155_V0388,1,1.2833333333333334,2.283333333333333,0.9999999999999998,0.9999999999999998,animal_detection,S1/C2/S1_C2_E155_V0388.mp4,S1,C2,4.0,1,animal,red_deer,"foraging,vigilance",1,test
E155,S1_C2_E155_V0388,2,0.7833333333333334,2.783333333333333,1.9999999999999998,0.9999999999999999,animal_detection,S1/C2/S1_C2_E155_V0388.mp4,S1,C2,4.0,1,animal,red_deer,"foraging,vigilance",1,test
E155,S1_C2_E155_V0388,3,0.28333333333333344,3.283333333333333,3.0,1.0,animal_detection,S1/C2/S1_C2_E155_V0388.mp4,S1,C2,4.0,1,animal,red_deer,"foraging,vigilance",1,test
E162,S1_C1_E162_V0780,1,0.0,1.0,0.6,0.6,animal_detection,S1/C1/S1_C1_E162_V0780.mp4,S1,C1,120.5,1,animal,red_deer,"courtship,escaping,unknown",3+,test
E162,S1_C1_E162_V0780,1,3.55,4.55,1.0,1.0,animal_detection,S1/C1/S1_C1_E162_V0780.mp4,S1,C1,120.5,1,animal,red_deer,"courtship,escaping,unknown",3+,test
E162,S1_C1_E162_V0780,2,0.0,2.0,0.6,0.3,animal_detection,S1/C1/S1_C1_E162_V0780.mp4,S1,C1,120.5,1,animal,red_deer,"courtship,escaping,unknown",3+,test
E162,S1_C1_E162_V0780,2,3.05,5.05,1.6333333333333329,0.8166666666666664,animal_detection,S1/C1/S1_C1_E162_V0780.mp4,S1,C1,120.5,1,animal,red_deer,"courtship,escaping,unknown",3+,test
E162,S1_C1_E162_V0780,3,0.0,3.0,0.6,0.19999999999999998,animal_detection,S1/C1/S1_C1_E162_V0780.mp4,S1,C1,120.5,1,animal,red_deer,"courtship,escaping,unknown",3+,test
E162,S1_C1_E162_V0780,3,2.55,5.55,1.6333333333333329,0.5444444444444443,animal_detection,S1/C1/S1_C1_E162_V0780.mp4,S1,C1,120.5,1,animal,red_deer,"courtship,escaping,unknown",3+,test
E163,S1_C2_E163_V0392,1,8.066666666666666,9.066666666666666,1.0,1.0,animal_detection,S1/C2/S1_C2_E163_V0392.mp4,S1,C2,17.5,1,animal,red_deer,foraging,1,test
E163,S1_C2_E163_V0392,2,7.566666666666666,9.566666666666666,2.0,1.0,animal_detection,S1/C2/S1_C2_E163_V0392.mp4,S1,C2,17.5,1,animal,red_deer,foraging,1,test
E163,S1_C2_E163_V0392,3,7.066666666666666,10.066666666666666,3.0,1.0,animal_detection,S1/C2/S1_C2_E163_V0392.mp4,S1,C2,17.5,1,animal,red_deer,foraging,1,test
E268,S2_C3_E268_V0025,1,8.9,9.9,1.0,1.0,animal_detection,S2/C3/S2_C3_E268_V0025.mp4,S2,C3,20.5,1,animal,red_deer,"foraging,vigilance",1,test
E268,S2_C3_E268_V0025,2,8.4,10.4,2.0,1.0,animal_detection,S2/C3/S2_C3_E268_V0025.mp4,S2,C3,20.5,1,animal,red_deer,"foraging,vigilance",1,test
E268,S2_C3_E268_V0025,3,7.9,10.9,3.0,1.0,animal_detection,S2/C3/S2_C3_E268_V0025.mp4,S2,C3,20.5,1,animal,red_deer,"foraging,vigilance",1,test
E270,S2_C3_E270_V0031,1,2.25,3.25,1.0,1.0,animal_detection,S2/C3/S2_C3_E270_V0031.mp4,S2,C3,20.5,1,animal,red_deer,"foraging,unknown,vigilance",2,test
E270,S2_C2_E270_V0030,1,9.75,10.75,1.0,1.0,animal_detection,S2/C2/S2_C2_E270_V0030.mp4,S2,C2,20.5,1,animal,red_deer,"foraging,unknown,vigilance",2,test
E270,S2_C3_E270_V0027,1,9.75,10.75,1.0,1.0,animal_detection,S2/C3/S2_C3_E270_V0027.mp4,S2,C3,20.5,1,animal,red_deer,"foraging,unknown,vigilance",2,test
E270,S2_C1_E270_V0032,2,8.366666666666667,10.366666666666667,2.0,1.0,animal_detection,S2/C1/S2_C1_E270_V0032.mp4,S2,C1,20.5,1,animal,red_deer,"foraging,unknown,vigilance",2,test
E270,S2_C3_E270_V0028,2,9.25,11.25,2.0,1.0,animal_detection,S2/C3/S2_C3_E270_V0028.mp4,S2,C3,20.5,1,animal,red_deer,"foraging,unknown,vigilance",2,test
E270,S2_C3_E270_V0029,2,9.25,11.25,2.0,1.0,animal_detection,S2/C3/S2_C3_E270_V0029.mp4,S2,C3,20.5,1,animal,red_deer,"foraging,unknown,vigilance",2,test
E270,S2_C1_E270_V0032,3,7.866666666666667,10.866666666666667,3.0,1.0,animal_detection,S2/C1/S2_C1_E270_V0032.mp4,S2,C1,20.5,1,animal,red_deer,"foraging,unknown,vigilance",2,test
E270,S2_C3_E270_V0027,3,8.75,11.75,3.0,1.0,animal_detection,S2/C3/S2_C3_E270_V0027.mp4,S2,C3,20.5,1,animal,red_deer,"foraging,unknown,vigilance",2,test
E270,S2_C1_E270_V0031,3,8.75,11.75,3.0,1.0,animal_detection,S2/C1/S2_C1_E270_V0031.mp4,S2,C1,20.5,1,animal,red_deer,"foraging,unknown,vigilance",2,test
E288,S2_C3_E288_V0054,1,9.75,10.75,1.0,1.0,animal_detection,S2/C3/S2_C3_E288_V0054.mp4,S2,C3,20.5,1,animal,roe_deer,"foraging,unknown",1,test
E288,S2_C3_E288_V0054,2,9.25,11.25,2.0,1.0,animal_detection,S2/C3/S2_C3_E288_V0054.mp4,S2,C3,20.5,1,animal,roe_deer,"foraging,unknown",1,test
E288,S2_C3_E288_V0054,3,8.75,11.75,3.0,1.0,animal_detection,S2/C3/S2_C3_E288_V0054.mp4,S2,C3,20.5,1,animal,roe_deer,"foraging,unknown",1,test
E290,S2_C3_E290_V0058,1,4.233333333333333,5.233333333333333,1.0,1.0,animal_detection,S2/C3/S2_C3_E290_V0058.mp4,S2,C3,20.5,1,animal,red_deer,"foraging,vigilance",1,test
E290,S2_C2_E290_V0042,1,6.35,7.35,1.0,1.0,animal_detection,S2/C2/S2_C2_E290_V0042.mp4,S2,C2,20.5,1,animal,red_deer,"foraging,vigilance",1,test
E290,S2_C3_E290_V0057,1,9.766666666666667,10.766666666666667,1.0,1.0,animal_detection,S2/C3/S2_C3_E290_V0057.mp4,S2,C3,20.5,1,animal,red_deer,"foraging,vigilance",1,test
E290,S2_C1_E290_V0042,2,0.5333333333333334,2.533333333333333,1.9999999999999998,0.9999999999999999,animal_detection,S2/C1/S2_C1_E290_V0042.mp4,S2,C1,20.5,1,animal,red_deer,"foraging,vigilance",1,test
E290,S2_C3_E290_V0058,2,3.7333333333333334,5.733333333333333,2.0,1.0,animal_detection,S2/C3/S2_C3_E290_V0058.mp4,S2,C3,20.5,1,animal,red_deer,"foraging,vigilance",1,test
E290,S2_C3_E290_V0057,2,9.266666666666667,11.266666666666667,2.0,1.0,animal_detection,S2/C3/S2_C3_E290_V0057.mp4,S2,C3,20.5,1,animal,red_deer,"foraging,vigilance",1,test
E290,S2_C1_E290_V0042,3,0.03333333333333344,3.033333333333333,2.933333333333333,0.9777777777777777,animal_detection,S2/C1/S2_C1_E290_V0042.mp4,S2,C1,20.5,1,animal,red_deer,"foraging,vigilance",1,test
E290,S2_C2_E290_V0042,3,5.35,8.35,3.0,1.0,animal_detection,S2/C2/S2_C2_E290_V0042.mp4,S2,C2,20.5,1,animal,red_deer,"foraging,vigilance",1,test
E290,S2_C3_E290_V0057,3,8.766666666666667,11.766666666666667,3.0,1.0,animal_detection,S2/C3/S2_C3_E290_V0057.mp4,S2,C3,20.5,1,animal,red_deer,"foraging,vigilance",1,test
E291,S2_C1_E291_V0043,1,4.933333333333334,5.933333333333334,1.0,1.0,animal_detection,S2/C1/S2_C1_E291_V0043.mp4,S2,C1,20.5,1,animal,red_deer,"foraging,unknown",2,test
E291,S2_C3_E291_V0059,1,8.5,9.5,1.0,1.0,animal_detection,S2/C3/S2_C3_E291_V0059.mp4,S2,C3,20.5,1,animal,red_deer,"foraging,unknown",2,test
E291,S2_C2_E291_V0043,1,9.75,10.75,1.0,1.0,animal_detection,S2/C2/S2_C2_E291_V0043.mp4,S2,C2,20.5,1,animal,red_deer,"foraging,unknown",2,test
E291,S2_C1_E291_V0043,2,4.433333333333334,6.433333333333334,2.0,1.0,animal_detection,S2/C1/S2_C1_E291_V0043.mp4,S2,C1,20.5,1,animal,red_deer,"foraging,unknown",2,test
E291,S2_C3_E291_V0059,2,8.0,10.0,2.0,1.0,animal_detection,S2/C3/S2_C3_E291_V0059.mp4,S2,C3,20.5,1,animal,red_deer,"foraging,unknown",2,test
E291,S2_C2_E291_V0043,2,9.25,11.25,2.0,1.0,animal_detection,S2/C2/S2_C2_E291_V0043.mp4,S2,C2,20.5,1,animal,red_deer,"foraging,unknown",2,test
E291,S2_C1_E291_V0043,3,3.9333333333333336,6.933333333333334,3.0,1.0,animal_detection,S2/C1/S2_C1_E291_V0043.mp4,S2,C1,20.5,1,animal,red_deer,"foraging,unknown",2,test
E291,S2_C3_E291_V0059,3,7.5,10.5,3.0,1.0,animal_detection,S2/C3/S2_C3_E291_V0059.mp4,S2,C3,20.5,1,animal,red_deer,"foraging,unknown",2,test
E291,S2_C2_E291_V0043,3,8.75,11.75,3.0,1.0,animal_detection,S2/C2/S2_C2_E291_V0043.mp4,S2,C2,20.5,1,animal,red_deer,"foraging,unknown",2,test
E292,S2_C3_E292_V0061,1,0.19999999999999996,1.2,1.0,1.0,animal_detection,S2/C3/S2_C3_E292_V0061.mp4,S2,C3,20.5,1,animal,"red_deer,wolf",chasing,3+,test
E292,S2_C2_E292_V0045,1,8.333333333333332,9.333333333333332,1.0,1.0,animal_detection,S2/C2/S2_C2_E292_V0045.mp4,S2,C2,20.5,1,animal,"red_deer,wolf",chasing,3+,test
E292,S2_C3_E292_V0061,1,10.716666666666667,11.716666666666667,1.0,1.0,animal_detection,S2/C3/S2_C3_E292_V0061.mp4,S2,C3,20.5,1,animal,"red_deer,wolf",chasing,3+,test
E292,S2_C3_E292_V0061,2,0.0,2.0,1.4,0.7,animal_detection,S2/C3/S2_C3_E292_V0061.mp4,S2,C3,20.5,1,animal,"red_deer,wolf",chasing,3+,test
E292,S2_C2_E292_V0045,2,7.833333333333332,9.833333333333332,2.0,1.0,animal_detection,S2/C2/S2_C2_E292_V0045.mp4,S2,C2,20.5,1,animal,"red_deer,wolf",chasing,3+,test
E292,S2_C3_E292_V0061,2,10.216666666666667,12.216666666666667,2.0,1.0,animal_detection,S2/C3/S2_C3_E292_V0061.mp4,S2,C3,20.5,1,animal,"red_deer,wolf",chasing,3+,test
E292,S2_C3_E292_V0061,3,0.0,3.0,1.4,0.4666666666666666,animal_detection,S2/C3/S2_C3_E292_V0061.mp4,S2,C3,20.5,1,animal,"red_deer,wolf",chasing,3+,test
E292,S2_C2_E292_V0045,3,7.333333333333332,10.333333333333332,3.0,1.0,animal_detection,S2/C2/S2_C2_E292_V0045.mp4,S2,C2,20.5,1,animal,"red_deer,wolf",chasing,3+,test
E292,S2_C3_E292_V0061,3,9.716666666666667,12.716666666666667,2.2333333333333343,0.7444444444444448,animal_detection,S2/C3/S2_C3_E292_V0061.mp4,S2,C3,20.5,1,animal,"red_deer,wolf",chasing,3+,test
E293,S2_C3_E293_V0062,1,0.2833333333333333,1.2833333333333332,0.9999999999999999,0.9999999999999999,animal_detection,S2/C3/S2_C3_E293_V0062.mp4,S2,C3,20.5,1,animal,red_deer,unknown,1,test
E293,S2_C2_E293_V0046,1,0.9333333333333333,1.9333333333333333,1.0,1.0,animal_detection,S2/C2/S2_C2_E293_V0046.mp4,S2,C2,20.5,1,animal,red_deer,unknown,1,test
E293,S2_C3_E293_V0062,2,0.0,2.0,1.5666666666666667,0.7833333333333333,animal_detection,S2/C3/S2_C3_E293_V0062.mp4,S2,C3,20.5,1,animal,red_deer,unknown,1,test
E293,S2_C2_E293_V0046,2,0.43333333333333335,2.4333333333333336,2.0,1.0,animal_detection,S2/C2/S2_C2_E293_V0046.mp4,S2,C2,20.5,1,animal,red_deer,unknown,1,test
E293,S2_C2_E293_V0046,3,0.0,3.0,2.8666666666666667,0.9555555555555556,animal_detection,S2/C2/S2_C2_E293_V0046.mp4,S2,C2,20.5,1,animal,red_deer,unknown,1,test
E293,S2_C3_E293_V0062,3,0.0,3.0,1.5666666666666667,0.5222222222222223,animal_detection,S2/C3/S2_C3_E293_V0062.mp4,S2,C3,20.5,1,animal,red_deer,unknown,1,test
E297,S2_C2_E297_V0048,1,0.0,1.0,0.0,0.0,background,S2/C2/S2_C2_E297_V0048.mp4,S2,C2,120.5,0,background,none,none,0,test
E297,S2_C2_E297_V0048,1,59.75,60.75,0.0,0.0,background,S2/C2/S2_C2_E297_V0048.mp4,S2,C2,120.5,0,background,none,none,0,test
E297,S2_C2_E297_V0048,1,119.5,120.5,0.0,0.0,background,S2/C2/S2_C2_E297_V0048.mp4,S2,C2,120.5,0,background,none,none,0,test
E297,S2_C2_E297_V0048,2,0.0,2.0,0.0,0.0,background,S2/C2/S2_C2_E297_V0048.mp4,S2,C2,120.5,0,background,none,none,0,test
E297,S2_C2_E297_V0048,2,59.25,61.25,0.0,0.0,background,S2/C2/S2_C2_E297_V0048.mp4,S2,C2,120.5,0,background,none,none,0,test
E297,S2_C2_E297_V0048,2,118.5,120.5,0.0,0.0,background,S2/C2/S2_C2_E297_V0048.mp4,S2,C2,120.5,0,background,none,none,0,test
E297,S2_C2_E297_V0048,3,0.0,3.0,0.0,0.0,background,S2/C2/S2_C2_E297_V0048.mp4,S2,C2,120.5,0,background,none,none,0,test
E297,S2_C2_E297_V0048,3,58.75,61.75,0.0,0.0,background,S2/C2/S2_C2_E297_V0048.mp4,S2,C2,120.5,0,background,none,none,0,test
E297,S2_C2_E297_V0048,3,117.5,120.5,0.0,0.0,background,S2/C2/S2_C2_E297_V0048.mp4,S2,C2,120.5,0,background,none,none,0,test
E300,S2_C3_E300_V0068,1,4.916666666666667,5.916666666666667,1.0,1.0,animal_detection,S2/C3/S2_C3_E300_V0068.mp4,S2,C3,20.5,1,animal,red_deer,"camera_reaction,foraging,unknown,vigilance",2,test
E300,S2_C2_E300_V0051,1,5.55,6.55,1.0,1.0,animal_detection,S2/C2/S2_C2_E300_V0051.mp4,S2,C2,20.5,1,animal,red_deer,"camera_reaction,foraging,unknown,vigilance",2,test
E300,S2_C3_E300_V0067,1,9.75,10.75,1.0,1.0,animal_detection,S2/C3/S2_C3_E300_V0067.mp4,S2,C3,20.5,1,animal,red_deer,"camera_reaction,foraging,unknown,vigilance",2,test
E300,S2_C2_E300_V0051,2,5.05,7.05,2.0,1.0,animal_detection,S2/C2/S2_C2_E300_V0051.mp4,S2,C2,20.5,1,animal,red_deer,"camera_reaction,foraging,unknown,vigilance",2,test
E300,S2_C1_E300_V0047,2,9.25,11.25,2.0,1.0,animal_detection,S2/C1/S2_C1_E300_V0047.mp4,S2,C1,20.5,1,animal,red_deer,"camera_reaction,foraging,unknown,vigilance",2,test
E300,S2_C2_E300_V0050,2,9.283333333333333,11.283333333333333,2.0,1.0,animal_detection,S2/C2/S2_C2_E300_V0050.mp4,S2,C2,20.5,1,animal,red_deer,"camera_reaction,foraging,unknown,vigilance",2,test
E300,S2_C3_E300_V0068,3,3.916666666666667,6.916666666666667,3.0,1.0,animal_detection,S2/C3/S2_C3_E300_V0068.mp4,S2,C3,20.5,1,animal,red_deer,"camera_reaction,foraging,unknown,vigilance",2,test
E300,S2_C2_E300_V0051,3,4.55,7.55,3.0,1.0,animal_detection,S2/C2/S2_C2_E300_V0051.mp4,S2,C2,20.5,1,animal,red_deer,"camera_reaction,foraging,unknown,vigilance",2,test
E300,S2_C3_E300_V0067,3,8.75,11.75,3.0,1.0,animal_detection,S2/C3/S2_C3_E300_V0067.mp4,S2,C3,20.5,1,animal,red_deer,"camera_reaction,foraging,unknown,vigilance",2,test
E301,S2_C1_E301_V0049,1,29.933333333333334,30.933333333333334,1.0,1.0,animal_detection,S2/C1/S2_C1_E301_V0049.mp4,S2,C1,120.5,1,animal,red_deer,"camera_reaction,foraging,unknown,vigilance",3+,test
E301,S2_C3_E301_V0069,1,33.68333333333333,34.68333333333333,1.0,1.0,animal_detection,S2/C3/S2_C3_E301_V0069.mp4,S2,C3,120.5,1,animal,red_deer,"camera_reaction,foraging,unknown,vigilance",3+,test
E301,S2_C2_E301_V0052,1,36.483333333333334,37.483333333333334,1.0,1.0,animal_detection,S2/C2/S2_C2_E301_V0052.mp4,S2,C2,120.5,1,animal,red_deer,"camera_reaction,foraging,unknown,vigilance",3+,test
E301,S2_C1_E301_V0049,2,29.433333333333334,31.433333333333334,2.0,1.0,animal_detection,S2/C1/S2_C1_E301_V0049.mp4,S2,C1,120.5,1,animal,red_deer,"camera_reaction,foraging,unknown,vigilance",3+,test
E301,S2_C3_E301_V0069,2,33.18333333333333,35.18333333333333,2.0,1.0,animal_detection,S2/C3/S2_C3_E301_V0069.mp4,S2,C3,120.5,1,animal,red_deer,"camera_reaction,foraging,unknown,vigilance",3+,test
E301,S2_C2_E301_V0052,2,35.983333333333334,37.983333333333334,2.0,1.0,animal_detection,S2/C2/S2_C2_E301_V0052.mp4,S2,C2,120.5,1,animal,red_deer,"camera_reaction,foraging,unknown,vigilance",3+,test
E301,S2_C1_E301_V0049,3,28.933333333333334,31.933333333333334,3.0,1.0,animal_detection,S2/C1/S2_C1_E301_V0049.mp4,S2,C1,120.5,1,animal,red_deer,"camera_reaction,foraging,unknown,vigilance",3+,test
E301,S2_C3_E301_V0069,3,32.68333333333333,35.68333333333333,3.0,1.0,animal_detection,S2/C3/S2_C3_E301_V0069.mp4,S2,C3,120.5,1,animal,red_deer,"camera_reaction,foraging,unknown,vigilance",3+,test
E301,S2_C2_E301_V0052,3,35.483333333333334,38.483333333333334,3.0,1.0,animal_detection,S2/C2/S2_C2_E301_V0052.mp4,S2,C2,120.5,1,animal,red_deer,"camera_reaction,foraging,unknown,vigilance",3+,test
E304,S2_C2_E304_V0055,1,1.0833333333333333,2.083333333333333,0.9999999999999998,0.9999999999999998,animal_detection,S2/C2/S2_C2_E304_V0055.mp4,S2,C2,120.5,1,animal,red_deer,"foraging,unknown,vigilance",3+,test
E304,S2_C3_E304_V0070,1,1.5666666666666669,2.566666666666667,1.0,1.0,animal_detection,S2/C3/S2_C3_E304_V0070.mp4,S2,C3,120.5,1,animal,red_deer,"foraging,unknown,vigilance",3+,test
E304,S2_C1_E304_V0050,1,21.8,22.8,1.0,1.0,animal_detection,S2/C1/S2_C1_E304_V0050.mp4,S2,C1,120.5,1,animal,red_deer,"foraging,unknown,vigilance",3+,test
E304,S2_C2_E304_V0055,2,0.5833333333333333,2.583333333333333,1.9999999999999998,0.9999999999999999,animal_detection,S2/C2/S2_C2_E304_V0055.mp4,S2,C2,120.5,1,animal,red_deer,"foraging,unknown,vigilance",3+,test
E304,S2_C3_E304_V0070,2,1.0666666666666669,3.066666666666667,2.0,1.0,animal_detection,S2/C3/S2_C3_E304_V0070.mp4,S2,C3,120.5,1,animal,red_deer,"foraging,unknown,vigilance",3+,test
E304,S2_C1_E304_V0050,2,21.3,23.3,2.0,1.0,animal_detection,S2/C1/S2_C1_E304_V0050.mp4,S2,C1,120.5,1,animal,red_deer,"foraging,unknown,vigilance",3+,test
E304,S2_C2_E304_V0055,3,0.08333333333333326,3.083333333333333,3.0,1.0,animal_detection,S2/C2/S2_C2_E304_V0055.mp4,S2,C2,120.5,1,animal,red_deer,"foraging,unknown,vigilance",3+,test
E304,S2_C3_E304_V0070,3,0.5666666666666669,3.566666666666667,3.0,1.0,animal_detection,S2/C3/S2_C3_E304_V0070.mp4,S2,C3,120.5,1,animal,red_deer,"foraging,unknown,vigilance",3+,test
E304,S2_C1_E304_V0050,3,20.8,23.8,3.0,1.0,animal_detection,S2/C1/S2_C1_E304_V0050.mp4,S2,C1,120.5,1,animal,red_deer,"foraging,unknown,vigilance",3+,test
E305,S2_C1_E305_V0051,1,0.9666666666666666,1.9666666666666666,1.0,1.0,animal_detection,S2/C1/S2_C1_E305_V0051.mp4,S2,C1,120.5,1,animal,red_deer,"chasing,unknown,vigilance",2,test
E305,S2_C2_E305_V0056,1,1.9333333333333331,2.933333333333333,1.0,1.0,animal_detection,S2/C2/S2_C2_E305_V0056.mp4,S2,C2,120.5,1,animal,red_deer,"chasing,unknown,vigilance",2,test
E305,S2_C3_E305_V0071,1,3.3333333333333335,4.333333333333334,1.0000000000000004,1.0000000000000004,animal_detection,S2/C3/S2_C3_E305_V0071.mp4,S2,C3,120.5,1,animal,red_deer,"chasing,unknown,vigilance",2,test
E305,S2_C1_E305_V0051,2,0.46666666666666656,2.466666666666667,2.0,1.0,animal_detection,S2/C1/S2_C1_E305_V0051.mp4,S2,C1,120.5,1,animal,red_deer,"chasing,unknown,vigilance",2,test
E305,S2_C2_E305_V0056,2,1.4333333333333331,3.433333333333333,2.0,1.0,animal_detection,S2/C2/S2_C2_E305_V0056.mp4,S2,C2,120.5,1,animal,red_deer,"chasing,unknown,vigilance",2,test
E305,S2_C3_E305_V0071,2,2.8333333333333335,4.833333333333334,2.0000000000000004,1.0000000000000002,animal_detection,S2/C3/S2_C3_E305_V0071.mp4,S2,C3,120.5,1,animal,red_deer,"chasing,unknown,vigilance",2,test
E305,S2_C1_E305_V0051,3,0.0,3.0,2.933333333333333,0.9777777777777777,animal_detection,S2/C1/S2_C1_E305_V0051.mp4,S2,C1,120.5,1,animal,red_deer,"chasing,unknown,vigilance",2,test
E305,S2_C2_E305_V0056,3,0.9333333333333331,3.933333333333333,3.0,1.0,animal_detection,S2/C2/S2_C2_E305_V0056.mp4,S2,C2,120.5,1,animal,red_deer,"chasing,unknown,vigilance",2,test
E305,S2_C3_E305_V0071,3,2.3333333333333335,5.333333333333334,3.0000000000000004,1.0000000000000002,animal_detection,S2/C3/S2_C3_E305_V0071.mp4,S2,C3,120.5,1,animal,red_deer,"chasing,unknown,vigilance",2,test
E306,S2_C1_E306_V0053,1,2.966666666666667,3.966666666666667,1.0,1.0,animal_detection,S2/C1/S2_C1_E306_V0053.mp4,S2,C1,20.5,1,animal,red_deer,"foraging,unknown,vigilance",1,test
E306,S2_C1_E306_V0052,1,100.0,101.0,1.0,1.0,animal_detection,S2/C1/S2_C1_E306_V0052.mp4,S2,C1,120.5,1,animal,red_deer,"foraging,unknown,vigilance",1,test
E306,S2_C2_E306_V0057,1,109.53333333333333,110.53333333333333,1.0,1.0,animal_detection,S2/C2/S2_C2_E306_V0057.mp4,S2,C2,120.5,1,animal,red_deer,"foraging,unknown,vigilance",1,test
E306,S2_C1_E306_V0053,2,2.466666666666667,4.466666666666667,2.0,1.0,animal_detection,S2/C1/S2_C1_E306_V0053.mp4,S2,C1,20.5,1,animal,red_deer,"foraging,unknown,vigilance",1,test
E306,S2_C2_E306_V0058,2,8.733333333333333,10.733333333333333,2.0,1.0,animal_detection,S2/C2/S2_C2_E306_V0058.mp4,S2,C2,20.5,1,animal,red_deer,"foraging,unknown,vigilance",1,test
E306,S2_C2_E306_V0057,2,50.583333333333336,52.583333333333336,2.0,1.0,animal_detection,S2/C2/S2_C2_E306_V0057.mp4,S2,C2,120.5,1,animal,red_deer,"foraging,unknown,vigilance",1,test
E306,S2_C1_E306_V0052,3,5.85,8.85,3.0,1.0,animal_detection,S2/C1/S2_C1_E306_V0052.mp4,S2,C1,120.5,1,animal,red_deer,"foraging,unknown,vigilance",1,test
E306,S2_C3_E306_V0073,3,8.75,11.75,3.0,1.0,animal_detection,S2/C3/S2_C3_E306_V0073.mp4,S2,C3,20.5,1,animal,red_deer,"foraging,unknown,vigilance",1,test
E306,S2_C1_E306_V0052,3,99.0,102.0,3.0,1.0,animal_detection,S2/C1/S2_C1_E306_V0052.mp4,S2,C1,120.5,1,animal,red_deer,"foraging,unknown,vigilance",1,test
E319,S2_C3_E319_V0089,1,2.65,3.65,1.0,1.0,animal_detection,S2/C3/S2_C3_E319_V0089.mp4,S2,C3,20.5,1,animal,red_deer,foraging,1,test
E319,S2_C3_E319_V0089,2,2.15,4.15,2.0000000000000004,1.0000000000000002,animal_detection,S2/C3/S2_C3_E319_V0089.mp4,S2,C3,20.5,1,animal,red_deer,foraging,1,test
E319,S2_C3_E319_V0089,3,1.65,4.65,3.0000000000000004,1.0000000000000002,animal_detection,S2/C3/S2_C3_E319_V0089.mp4,S2,C3,20.5,1,animal,red_deer,foraging,1,test
E32,S1_C1_E32_V0068,1,10.416666666666666,11.416666666666666,1.0,1.0,animal_detection,S1/C1/S1_C1_E32_V0068.mp4,S1,C1,120.5,1,animal,red_deer,"foraging,vigilance",1,test
E32,S1_C1_E32_V0068,2,9.916666666666666,11.916666666666666,2.0,1.0,animal_detection,S1/C1/S1_C1_E32_V0068.mp4,S1,C1,120.5,1,animal,red_deer,"foraging,vigilance",1,test
E32,S1_C1_E32_V0068,3,9.416666666666666,12.416666666666666,3.0,1.0,animal_detection,S1/C1/S1_C1_E32_V0068.mp4,S1,C1,120.5,1,animal,red_deer,"foraging,vigilance",1,test
E321,S2_C1_E321_V0067,1,0.0,1.0,0.0,0.0,background,S2/C1/S2_C1_E321_V0067.mp4,S2,C1,120.5,0,background,none,none,0,test
E321,S2_C1_E321_V0067,1,59.75,60.75,0.0,0.0,background,S2/C1/S2_C1_E321_V0067.mp4,S2,C1,120.5,0,background,none,none,0,test
E321,S2_C1_E321_V0067,1,119.5,120.5,0.0,0.0,background,S2/C1/S2_C1_E321_V0067.mp4,S2,C1,120.5,0,background,none,none,0,test
E321,S2_C1_E321_V0067,2,0.0,2.0,0.0,0.0,background,S2/C1/S2_C1_E321_V0067.mp4,S2,C1,120.5,0,background,none,none,0,test
E321,S2_C1_E321_V0067,2,59.25,61.25,0.0,0.0,background,S2/C1/S2_C1_E321_V0067.mp4,S2,C1,120.5,0,background,none,none,0,test
E321,S2_C1_E321_V0067,2,118.5,120.5,0.0,0.0,background,S2/C1/S2_C1_E321_V0067.mp4,S2,C1,120.5,0,background,none,none,0,test
E321,S2_C1_E321_V0067,3,0.0,3.0,0.0,0.0,background,S2/C1/S2_C1_E321_V0067.mp4,S2,C1,120.5,0,background,none,none,0,test
E321,S2_C1_E321_V0067,3,58.75,61.75,0.0,0.0,background,S2/C1/S2_C1_E321_V0067.mp4,S2,C1,120.5,0,background,none,none,0,test
E321,S2_C1_E321_V0067,3,117.5,120.5,0.0,0.0,background,S2/C1/S2_C1_E321_V0067.mp4,S2,C1,120.5,0,background,none,none,0,test
E322,S2_C1_E322_V0071,1,0.0,1.0,0.0,0.0,background,S2/C1/S2_C1_E322_V0071.mp4,S2,C1,120.5,0,background,none,none,0,test
E322,S2_C1_E322_V0068,1,59.75,60.75,0.0,0.0,background,S2/C1/S2_C1_E322_V0068.mp4,S2,C1,120.5,0,background,none,none,0,test
E322,S2_C1_E322_V0070,1,119.5,120.5,0.0,0.0,background,S2/C1/S2_C1_E322_V0070.mp4,S2,C1,120.5,0,background,none,none,0,test
E322,S2_C1_E322_V0070,2,0.0,2.0,0.0,0.0,background,S2/C1/S2_C1_E322_V0070.mp4,S2,C1,120.5,0,background,none,none,0,test
E322,S2_C1_E322_V0070,2,59.25,61.25,0.0,0.0,background,S2/C1/S2_C1_E322_V0070.mp4,S2,C1,120.5,0,background,none,none,0,test
E322,S2_C1_E322_V0069,2,118.5,120.5,0.0,0.0,background,S2/C1/S2_C1_E322_V0069.mp4,S2,C1,120.5,0,background,none,none,0,test
E322,S2_C1_E322_V0071,3,0.0,3.0,0.0,0.0,background,S2/C1/S2_C1_E322_V0071.mp4,S2,C1,120.5,0,background,none,none,0,test
E322,S2_C1_E322_V0071,3,58.75,61.75,0.0,0.0,background,S2/C1/S2_C1_E322_V0071.mp4,S2,C1,120.5,0,background,none,none,0,test
E322,S2_C1_E322_V0070,3,117.5,120.5,0.0,0.0,background,S2/C1/S2_C1_E322_V0070.mp4,S2,C1,120.5,0,background,none,none,0,test
E333,S2_C3_E333_V0098,1,1.3166666666666667,2.3166666666666664,0.9999999999999998,0.9999999999999998,animal_detection,S2/C3/S2_C3_E333_V0098.mp4,S2,C3,120.5,1,animal,roe_deer,"foraging,unknown,vigilance",1,test
E333,S2_C3_E333_V0098,1,73.96666666666667,74.96666666666667,1.0,1.0,animal_detection,S2/C3/S2_C3_E333_V0098.mp4,S2,C3,120.5,1,animal,roe_deer,"foraging,unknown,vigilance",1,test
E333,S2_C3_E333_V0098,2,0.8166666666666667,2.8166666666666664,1.9999999999999998,0.9999999999999999,animal_detection,S2/C3/S2_C3_E333_V0098.mp4,S2,C3,120.5,1,animal,roe_deer,"foraging,unknown,vigilance",1,test
E333,S2_C3_E333_V0098,2,73.46666666666667,75.46666666666667,2.0,1.0,animal_detection,S2/C3/S2_C3_E333_V0098.mp4,S2,C3,120.5,1,animal,roe_deer,"foraging,unknown,vigilance",1,test
E333,S2_C3_E333_V0098,3,0.31666666666666665,3.3166666666666664,3.0,1.0,animal_detection,S2/C3/S2_C3_E333_V0098.mp4,S2,C3,120.5,1,animal,roe_deer,"foraging,unknown,vigilance",1,test
E333,S2_C3_E333_V0098,3,72.96666666666667,75.96666666666667,3.0,1.0,animal_detection,S2/C3/S2_C3_E333_V0098.mp4,S2,C3,120.5,1,animal,roe_deer,"foraging,unknown,vigilance",1,test
E384,S2_C1_E384_V0110,1,1.8166666666666669,2.816666666666667,1.0,1.0,animal_detection,S2/C1/S2_C1_E384_V0110.mp4,S2,C1,20.5,1,animal,red_deer,"foraging,vigilance",1,test
E384,S2_C3_E384_V0125,1,5.516666666666667,6.516666666666667,1.0,1.0,animal_detection,S2/C3/S2_C3_E384_V0125.mp4,S2,C3,20.5,1,animal,red_deer,"foraging,vigilance",1,test
E384,S2_C2_E384_V0127,1,9.75,10.75,1.0,1.0,animal_detection,S2/C2/S2_C2_E384_V0127.mp4,S2,C2,20.5,1,animal,red_deer,"foraging,vigilance",1,test
E384,S2_C1_E384_V0110,2,1.3166666666666669,3.316666666666667,2.0,1.0,animal_detection,S2/C1/S2_C1_E384_V0110.mp4,S2,C1,20.5,1,animal,red_deer,"foraging,vigilance",1,test
E384,S2_C3_E384_V0125,2,5.016666666666667,7.016666666666667,2.0,1.0,animal_detection,S2/C3/S2_C3_E384_V0125.mp4,S2,C3,20.5,1,animal,red_deer,"foraging,vigilance",1,test
E384,S2_C2_E384_V0127,2,9.25,11.25,2.0,1.0,animal_detection,S2/C2/S2_C2_E384_V0127.mp4,S2,C2,20.5,1,animal,red_deer,"foraging,vigilance",1,test
E384,S2_C1_E384_V0110,3,0.8166666666666669,3.816666666666667,3.0,1.0,animal_detection,S2/C1/S2_C1_E384_V0110.mp4,S2,C1,20.5,1,animal,red_deer,"foraging,vigilance",1,test
E384,S2_C3_E384_V0125,3,4.516666666666667,7.516666666666667,3.0,1.0,animal_detection,S2/C3/S2_C3_E384_V0125.mp4,S2,C3,20.5,1,animal,red_deer,"foraging,vigilance",1,test
E384,S2_C2_E384_V0127,3,8.75,11.75,3.0,1.0,animal_detection,S2/C2/S2_C2_E384_V0127.mp4,S2,C2,20.5,1,animal,red_deer,"foraging,vigilance",1,test
E385,S2_C3_E385_V0126,1,9.6,10.6,1.0,1.0,animal_detection,S2/C3/S2_C3_E385_V0126.mp4,S2,C3,20.5,1,animal,fox,"foraging,vigilance",1,test
E385,S2_C3_E385_V0126,2,9.1,11.1,2.0,1.0,animal_detection,S2/C3/S2_C3_E385_V0126.mp4,S2,C3,20.5,1,animal,fox,"foraging,vigilance",1,test
E385,S2_C3_E385_V0126,3,8.6,11.6,3.0,1.0,animal_detection,S2/C3/S2_C3_E385_V0126.mp4,S2,C3,20.5,1,animal,fox,"foraging,vigilance",1,test
E460,S3_C2_E460_V0065,1,9.75,10.75,1.0,1.0,animal_detection,S3/C2/S3_C2_E460_V0065.mp4,S3,C2,20.5,1,animal,red_deer,"foraging,vigilance",3+,test
E460,S3_C3_E460_V0174,1,9.75,10.75,1.0,1.0,animal_detection,S3/C3/S3_C3_E460_V0174.mp4,S3,C3,20.5,1,animal,red_deer,"foraging,vigilance",3+,test
E460,S3_C3_E460_V0173,1,13.116666666666667,14.116666666666667,1.0,1.0,animal_detection,S3/C3/S3_C3_E460_V0173.mp4,S3,C3,20.5,1,animal,red_deer,"foraging,vigilance",3+,test
E460,S3_C3_E460_V0172,2,7.083333333333334,9.083333333333334,2.0,1.0,animal_detection,S3/C3/S3_C3_E460_V0172.mp4,S3,C3,20.5,1,animal,red_deer,"foraging,vigilance",3+,test
E460,S3_C2_E460_V0066,2,9.25,11.25,2.0,1.0,animal_detection,S3/C2/S3_C2_E460_V0066.mp4,S3,C2,20.5,1,animal,red_deer,"foraging,vigilance",3+,test
E460,S3_C2_E460_V0063,2,9.25,11.25,2.0,1.0,animal_detection,S3/C2/S3_C2_E460_V0063.mp4,S3,C2,20.5,1,animal,red_deer,"foraging,vigilance",3+,test
E460,S3_C3_E460_V0177,3,5.35,8.35,3.0,1.0,animal_detection,S3/C3/S3_C3_E460_V0177.mp4,S3,C3,20.5,1,animal,red_deer,"foraging,vigilance",3+,test
E460,S3_C3_E460_V0175,3,8.75,11.75,3.0,1.0,animal_detection,S3/C3/S3_C3_E460_V0175.mp4,S3,C3,20.5,1,animal,red_deer,"foraging,vigilance",3+,test
E460,S3_C3_E460_V0176,3,8.75,11.75,3.0,1.0,animal_detection,S3/C3/S3_C3_E460_V0176.mp4,S3,C3,20.5,1,animal,red_deer,"foraging,vigilance",3+,test
E461,S3_C3_E461_V0178,1,2.066666666666667,3.066666666666667,1.0,1.0,animal_detection,S3/C3/S3_C3_E461_V0178.mp4,S3,C3,20.5,1,animal,red_deer,vigilance,1,test
E461,S3_C3_E461_V0178,2,1.5666666666666669,3.566666666666667,2.0,1.0,animal_detection,S3/C3/S3_C3_E461_V0178.mp4,S3,C3,20.5,1,animal,red_deer,vigilance,1,test
E461,S3_C3_E461_V0178,3,1.0666666666666669,4.066666666666666,2.9999999999999996,0.9999999999999999,animal_detection,S3/C3/S3_C3_E461_V0178.mp4,S3,C3,20.5,1,animal,red_deer,vigilance,1,test
E501,S3_C3_E501_V0280,1,5.9,6.9,1.0,1.0,animal_detection,S3/C3/S3_C3_E501_V0280.mp4,S3,C3,15.5,1,animal,red_deer,"foraging,vigilance",1,test
E501,S3_C3_E501_V0278,1,9.75,10.75,1.0,1.0,animal_detection,S3/C3/S3_C3_E501_V0278.mp4,S3,C3,20.5,1,animal,red_deer,"foraging,vigilance",1,test
E501,S3_C3_E501_V0279,1,9.75,10.75,1.0,1.0,animal_detection,S3/C3/S3_C3_E501_V0279.mp4,S3,C3,20.5,1,animal,red_deer,"foraging,vigilance",1,test
E501,S3_C3_E501_V0279,2,9.25,11.25,2.0,1.0,animal_detection,S3/C3/S3_C3_E501_V0279.mp4,S3,C3,20.5,1,animal,red_deer,"foraging,vigilance",1,test
E501,S3_C2_E501_V0082,2,9.25,11.25,2.0,1.0,animal_detection,S3/C2/S3_C2_E501_V0082.mp4,S3,C2,20.5,1,animal,red_deer,"foraging,vigilance",1,test
E501,S3_C3_E501_V0277,2,9.266666666666667,11.266666666666667,2.0,1.0,animal_detection,S3/C3/S3_C3_E501_V0277.mp4,S3,C3,20.5,1,animal,red_deer,"foraging,vigilance",1,test
E501,S3_C3_E501_V0278,3,8.75,11.75,3.0,1.0,animal_detection,S3/C3/S3_C3_E501_V0278.mp4,S3,C3,20.5,1,animal,red_deer,"foraging,vigilance",1,test
E501,S3_C3_E501_V0279,3,8.75,11.75,3.0,1.0,animal_detection,S3/C3/S3_C3_E501_V0279.mp4,S3,C3,20.5,1,animal,red_deer,"foraging,vigilance",1,test
E501,S3_C3_E501_V0277,3,8.766666666666667,11.766666666666667,3.0,1.0,animal_detection,S3/C3/S3_C3_E501_V0277.mp4,S3,C3,20.5,1,animal,red_deer,"foraging,vigilance",1,test
E503,S3_C3_E503_V0282,1,0.0,1.0,0.0,0.0,background,S3/C3/S3_C3_E503_V0282.mp4,S3,C3,60.5,0,background,none,none,0,test
E503,S3_C3_E503_V0282,1,29.75,30.75,0.0,0.0,background,S3/C3/S3_C3_E503_V0282.mp4,S3,C3,60.5,0,background,none,none,0,test
E503,S3_C3_E503_V0284,1,29.75,30.75,0.0,0.0,background,S3/C3/S3_C3_E503_V0284.mp4,S3,C3,60.5,0,background,none,none,0,test
E503,S3_C3_E503_V0282,2,0.0,2.0,0.0,0.0,background,S3/C3/S3_C3_E503_V0282.mp4,S3,C3,60.5,0,background,none,none,0,test
E503,S3_C3_E503_V0284,2,29.25,31.25,0.0,0.0,background,S3/C3/S3_C3_E503_V0284.mp4,S3,C3,60.5,0,background,none,none,0,test
E503,S3_C3_E503_V0282,2,58.5,60.5,0.0,0.0,background,S3/C3/S3_C3_E503_V0282.mp4,S3,C3,60.5,0,background,none,none,0,test
E503,S3_C3_E503_V0284,3,28.75,31.75,0.0,0.0,background,S3/C3/S3_C3_E503_V0284.mp4,S3,C3,60.5,0,background,none,none,0,test
E503,S3_C3_E503_V0286,3,28.75,31.75,0.0,0.0,background,S3/C3/S3_C3_E503_V0286.mp4,S3,C3,60.5,0,background,none,none,0,test
E503,S3_C3_E503_V0285,3,57.5,60.5,0.0,0.0,background,S3/C3/S3_C3_E503_V0285.mp4,S3,C3,60.5,0,background,none,none,0,test
E504,S3_C3_E504_V0288,1,0.0,1.0,0.0,0.0,background,S3/C3/S3_C3_E504_V0288.mp4,S3,C3,60.5,0,background,none,none,0,test
E504,S3_C3_E504_V0288,1,29.75,30.75,0.0,0.0,background,S3/C3/S3_C3_E504_V0288.mp4,S3,C3,60.5,0,background,none,none,0,test
E504,S3_C3_E504_V0288,1,59.5,60.5,0.0,0.0,background,S3/C3/S3_C3_E504_V0288.mp4,S3,C3,60.5,0,background,none,none,0,test
E504,S3_C3_E504_V0288,2,0.0,2.0,0.0,0.0,background,S3/C3/S3_C3_E504_V0288.mp4,S3,C3,60.5,0,background,none,none,0,test
E504,S3_C3_E504_V0288,2,29.25,31.25,0.0,0.0,background,S3/C3/S3_C3_E504_V0288.mp4,S3,C3,60.5,0,background,none,none,0,test
E504,S3_C3_E504_V0288,2,58.5,60.5,0.0,0.0,background,S3/C3/S3_C3_E504_V0288.mp4,S3,C3,60.5,0,background,none,none,0,test
E504,S3_C3_E504_V0288,3,0.0,3.0,0.0,0.0,background,S3/C3/S3_C3_E504_V0288.mp4,S3,C3,60.5,0,background,none,none,0,test
E504,S3_C3_E504_V0288,3,28.75,31.75,0.0,0.0,background,S3/C3/S3_C3_E504_V0288.mp4,S3,C3,60.5,0,background,none,none,0,test
E504,S3_C3_E504_V0288,3,57.5,60.5,0.0,0.0,background,S3/C3/S3_C3_E504_V0288.mp4,S3,C3,60.5,0,background,none,none,0,test
E505,S3_C3_E505_V0289,1,0.0,1.0,0.0,0.0,background,S3/C3/S3_C3_E505_V0289.mp4,S3,C3,60.5,0,background,none,none,0,test
E505,S3_C3_E505_V0290,1,0.0,1.0,0.0,0.0,background,S3/C3/S3_C3_E505_V0290.mp4,S3,C3,60.5,0,background,none,none,0,test
E505,S3_C3_E505_V0289,1,29.75,30.75,0.0,0.0,background,S3/C3/S3_C3_E505_V0289.mp4,S3,C3,60.5,0,background,none,none,0,test
E505,S3_C3_E505_V0290,2,0.0,2.0,0.0,0.0,background,S3/C3/S3_C3_E505_V0290.mp4,S3,C3,60.5,0,background,none,none,0,test
E505,S3_C3_E505_V0290,2,58.5,60.5,0.0,0.0,background,S3/C3/S3_C3_E505_V0290.mp4,S3,C3,60.5,0,background,none,none,0,test
E505,S3_C3_E505_V0289,2,58.5,60.5,0.0,0.0,background,S3/C3/S3_C3_E505_V0289.mp4,S3,C3,60.5,0,background,none,none,0,test
E505,S3_C3_E505_V0289,3,0.0,3.0,0.0,0.0,background,S3/C3/S3_C3_E505_V0289.mp4,S3,C3,60.5,0,background,none,none,0,test
E505,S3_C3_E505_V0290,3,0.0,3.0,0.0,0.0,background,S3/C3/S3_C3_E505_V0290.mp4,S3,C3,60.5,0,background,none,none,0,test
E505,S3_C3_E505_V0290,3,28.75,31.75,0.0,0.0,background,S3/C3/S3_C3_E505_V0290.mp4,S3,C3,60.5,0,background,none,none,0,test
E506,S3_C3_E506_V0291,1,0.0,1.0,0.0,0.0,background,S3/C3/S3_C3_E506_V0291.mp4,S3,C3,60.5,0,background,none,none,0,test
E506,S3_C3_E506_V0291,1,29.75,30.75,0.0,0.0,background,S3/C3/S3_C3_E506_V0291.mp4,S3,C3,60.5,0,background,none,none,0,test
E506,S3_C3_E506_V0291,1,59.5,60.5,0.0,0.0,background,S3/C3/S3_C3_E506_V0291.mp4,S3,C3,60.5,0,background,none,none,0,test
E506,S3_C3_E506_V0291,2,0.0,2.0,0.0,0.0,background,S3/C3/S3_C3_E506_V0291.mp4,S3,C3,60.5,0,background,none,none,0,test
E506,S3_C3_E506_V0291,2,29.25,31.25,0.0,0.0,background,S3/C3/S3_C3_E506_V0291.mp4,S3,C3,60.5,0,background,none,none,0,test
E506,S3_C3_E506_V0291,2,58.5,60.5,0.0,0.0,background,S3/C3/S3_C3_E506_V0291.mp4,S3,C3,60.5,0,background,none,none,0,test
E506,S3_C3_E506_V0291,3,0.0,3.0,0.0,0.0,background,S3/C3/S3_C3_E506_V0291.mp4,S3,C3,60.5,0,background,none,none,0,test
E506,S3_C3_E506_V0291,3,28.75,31.75,0.0,0.0,background,S3/C3/S3_C3_E506_V0291.mp4,S3,C3,60.5,0,background,none,none,0,test
E506,S3_C3_E506_V0291,3,57.5,60.5,0.0,0.0,background,S3/C3/S3_C3_E506_V0291.mp4,S3,C3,60.5,0,background,none,none,0,test
E507,S3_C3_E507_V0292,1,0.0,1.0,0.0,0.0,background,S3/C3/S3_C3_E507_V0292.mp4,S3,C3,60.5,0,background,none,none,0,test
E507,S3_C3_E507_V0292,1,29.75,30.75,0.0,0.0,background,S3/C3/S3_C3_E507_V0292.mp4,S3,C3,60.5,0,background,none,none,0,test
E507,S3_C3_E507_V0292,1,59.5,60.5,0.0,0.0,background,S3/C3/S3_C3_E507_V0292.mp4,S3,C3,60.5,0,background,none,none,0,test
E507,S3_C3_E507_V0292,2,0.0,2.0,0.0,0.0,background,S3/C3/S3_C3_E507_V0292.mp4,S3,C3,60.5,0,background,none,none,0,test
E507,S3_C3_E507_V0292,2,29.25,31.25,0.0,0.0,background,S3/C3/S3_C3_E507_V0292.mp4,S3,C3,60.5,0,background,none,none,0,test
E507,S3_C3_E507_V0292,2,58.5,60.5,0.0,0.0,background,S3/C3/S3_C3_E507_V0292.mp4,S3,C3,60.5,0,background,none,none,0,test
E507,S3_C3_E507_V0292,3,0.0,3.0,0.0,0.0,background,S3/C3/S3_C3_E507_V0292.mp4,S3,C3,60.5,0,background,none,none,0,test
E507,S3_C3_E507_V0292,3,28.75,31.75,0.0,0.0,background,S3/C3/S3_C3_E507_V0292.mp4,S3,C3,60.5,0,background,none,none,0,test
E507,S3_C3_E507_V0292,3,57.5,60.5,0.0,0.0,background,S3/C3/S3_C3_E507_V0292.mp4,S3,C3,60.5,0,background,none,none,0,test
E508,S3_C3_E508_V0293,1,0.0,1.0,0.0,0.0,background,S3/C3/S3_C3_E508_V0293.mp4,S3,C3,60.5,0,background,none,none,0,test
E508,S3_C3_E508_V0293,1,29.75,30.75,0.0,0.0,background,S3/C3/S3_C3_E508_V0293.mp4,S3,C3,60.5,0,background,none,none,0,test
E508,S3_C3_E508_V0293,1,59.5,60.5,0.0,0.0,background,S3/C3/S3_C3_E508_V0293.mp4,S3,C3,60.5,0,background,none,none,0,test
E508,S3_C3_E508_V0293,2,0.0,2.0,0.0,0.0,background,S3/C3/S3_C3_E508_V0293.mp4,S3,C3,60.5,0,background,none,none,0,test
E508,S3_C3_E508_V0293,2,29.25,31.25,0.0,0.0,background,S3/C3/S3_C3_E508_V0293.mp4,S3,C3,60.5,0,background,none,none,0,test
E508,S3_C3_E508_V0293,2,58.5,60.5,0.0,0.0,background,S3/C3/S3_C3_E508_V0293.mp4,S3,C3,60.5,0,background,none,none,0,test
E508,S3_C3_E508_V0293,3,0.0,3.0,0.0,0.0,background,S3/C3/S3_C3_E508_V0293.mp4,S3,C3,60.5,0,background,none,none,0,test
E508,S3_C3_E508_V0293,3,28.75,31.75,0.0,0.0,background,S3/C3/S3_C3_E508_V0293.mp4,S3,C3,60.5,0,background,none,none,0,test
E508,S3_C3_E508_V0293,3,57.5,60.5,0.0,0.0,background,S3/C3/S3_C3_E508_V0293.mp4,S3,C3,60.5,0,background,none,none,0,test
E509,S3_C2_E509_V0084,1,0.0,1.0,0.0,0.0,background,S3/C2/S3_C2_E509_V0084.mp4,S3,C2,60.5,0,background,none,none,0,test
E509,S3_C2_E509_V0084,1,29.75,30.75,0.0,0.0,background,S3/C2/S3_C2_E509_V0084.mp4,S3,C2,60.5,0,background,none,none,0,test
E509,S3_C2_E509_V0084,1,59.5,60.5,0.0,0.0,background,S3/C2/S3_C2_E509_V0084.mp4,S3,C2,60.5,0,background,none,none,0,test
E509,S3_C2_E509_V0084,2,0.0,2.0,0.0,0.0,background,S3/C2/S3_C2_E509_V0084.mp4,S3,C2,60.5,0,background,none,none,0,test
E509,S3_C2_E509_V0084,2,29.25,31.25,0.0,0.0,background,S3/C2/S3_C2_E509_V0084.mp4,S3,C2,60.5,0,background,none,none,0,test
E509,S3_C2_E509_V0084,2,58.5,60.5,0.0,0.0,background,S3/C2/S3_C2_E509_V0084.mp4,S3,C2,60.5,0,background,none,none,0,test
E509,S3_C2_E509_V0084,3,0.0,3.0,0.0,0.0,background,S3/C2/S3_C2_E509_V0084.mp4,S3,C2,60.5,0,background,none,none,0,test
E509,S3_C2_E509_V0084,3,28.75,31.75,0.0,0.0,background,S3/C2/S3_C2_E509_V0084.mp4,S3,C2,60.5,0,background,none,none,0,test
E509,S3_C2_E509_V0084,3,57.5,60.5,0.0,0.0,background,S3/C2/S3_C2_E509_V0084.mp4,S3,C2,60.5,0,background,none,none,0,test
E515,S3_C3_E515_V0316,1,2.566666666666667,3.566666666666667,1.0,1.0,animal_detection,S3/C3/S3_C3_E515_V0316.mp4,S3,C3,60.5,1,animal,red_deer,"foraging,grooming,unknown,vigilance",2,test
E515,S3_C2_E515_V0086,1,29.75,30.75,1.0,1.0,animal_detection,S3/C2/S3_C2_E515_V0086.mp4,S3,C2,60.5,1,animal,red_deer,"foraging,grooming,unknown,vigilance",2,test
E515,S3_C3_E515_V0313,1,29.75,30.75,1.0,1.0,animal_detection,S3/C3/S3_C3_E515_V0313.mp4,S3,C3,60.5,1,animal,red_deer,"foraging,grooming,unknown,vigilance",2,test
E515,S3_C3_E515_V0316,2,2.066666666666667,4.066666666666666,1.9999999999999996,0.9999999999999998,animal_detection,S3/C3/S3_C3_E515_V0316.mp4,S3,C3,60.5,1,animal,red_deer,"foraging,grooming,unknown,vigilance",2,test
E515,S3_C3_E515_V0313,2,29.25,31.25,2.0,1.0,animal_detection,S3/C3/S3_C3_E515_V0313.mp4,S3,C3,60.5,1,animal,red_deer,"foraging,grooming,unknown,vigilance",2,test
E515,S3_C2_E515_V0086,2,29.25,31.25,2.0,1.0,animal_detection,S3/C2/S3_C2_E515_V0086.mp4,S3,C2,60.5,1,animal,red_deer,"foraging,grooming,unknown,vigilance",2,test
E515,S3_C3_E515_V0316,3,1.5666666666666669,4.566666666666666,2.9999999999999996,0.9999999999999999,animal_detection,S3/C3/S3_C3_E515_V0316.mp4,S3,C3,60.5,1,animal,red_deer,"foraging,grooming,unknown,vigilance",2,test
E515,S3_C2_E515_V0086,3,28.75,31.75,3.0,1.0,animal_detection,S3/C2/S3_C2_E515_V0086.mp4,S3,C2,60.5,1,animal,red_deer,"foraging,grooming,unknown,vigilance",2,test
E515,S3_C3_E515_V0315,3,28.75,31.75,3.0,1.0,animal_detection,S3/C3/S3_C3_E515_V0315.mp4,S3,C3,60.5,1,animal,red_deer,"foraging,grooming,unknown,vigilance",2,test
E523,S3_C3_E523_V0324,1,0.0,1.0,0.0,0.0,background,S3/C3/S3_C3_E523_V0324.mp4,S3,C3,60.5,0,background,none,none,0,test
E523,S3_C3_E523_V0324,1,29.75,30.75,0.0,0.0,background,S3/C3/S3_C3_E523_V0324.mp4,S3,C3,60.5,0,background,none,none,0,test
E523,S3_C3_E523_V0324,1,59.5,60.5,0.0,0.0,background,S3/C3/S3_C3_E523_V0324.mp4,S3,C3,60.5,0,background,none,none,0,test
E523,S3_C3_E523_V0324,2,0.0,2.0,0.0,0.0,background,S3/C3/S3_C3_E523_V0324.mp4,S3,C3,60.5,0,background,none,none,0,test
E523,S3_C3_E523_V0324,2,29.25,31.25,0.0,0.0,background,S3/C3/S3_C3_E523_V0324.mp4,S3,C3,60.5,0,background,none,none,0,test
E523,S3_C3_E523_V0324,2,58.5,60.5,0.0,0.0,background,S3/C3/S3_C3_E523_V0324.mp4,S3,C3,60.5,0,background,none,none,0,test
E523,S3_C3_E523_V0324,3,0.0,3.0,0.0,0.0,background,S3/C3/S3_C3_E523_V0324.mp4,S3,C3,60.5,0,background,none,none,0,test
E523,S3_C3_E523_V0324,3,28.75,31.75,0.0,0.0,background,S3/C3/S3_C3_E523_V0324.mp4,S3,C3,60.5,0,background,none,none,0,test
E523,S3_C3_E523_V0324,3,57.5,60.5,0.0,0.0,background,S3/C3/S3_C3_E523_V0324.mp4,S3,C3,60.5,0,background,none,none,0,test
E524,S3_C3_E524_V0331,1,0.41666666666666663,1.4166666666666665,0.9999999999999999,0.9999999999999999,animal_detection,S3/C3/S3_C3_E524_V0331.mp4,S3,C3,6.0,1,animal,red_deer,"foraging,grooming,marking,resting,unknown,vigilance",1,test
E524,S3_C3_E524_V0332,1,6.583333333333333,7.583333333333333,1.0,1.0,animal_detection,S3/C3/S3_C3_E524_V0332.mp4,S3,C3,14.5,1,animal,red_deer,"foraging,grooming,marking,resting,unknown,vigilance",1,test
E524,S3_C3_E524_V0327,1,8.416666666666666,9.416666666666666,1.0,1.0,animal_detection,S3/C3/S3_C3_E524_V0327.mp4,S3,C3,20.5,1,animal,red_deer,"foraging,grooming,marking,resting,unknown,vigilance",1,test
E524,S3_C3_E524_V0331,2,0.0,2.0,1.8333333333333333,0.9166666666666666,animal_detection,S3/C3/S3_C3_E524_V0331.mp4,S3,C3,6.0,1,animal,red_deer,"foraging,grooming,marking,resting,unknown,vigilance",1,test
E524,S3_C3_E524_V0328,2,2.783333333333333,4.783333333333333,2.0,1.0,animal_detection,S3/C3/S3_C3_E524_V0328.mp4,S3,C3,8.0,1,animal,red_deer,"foraging,grooming,marking,resting,unknown,vigilance",1,test
E524,S3_C2_E524_V0087,2,9.25,11.25,2.0,1.0,animal_detection,S3/C2/S3_C2_E524_V0087.mp4,S3,C2,20.5,1,animal,red_deer,"foraging,grooming,marking,resting,unknown,vigilance",1,test
E524,S3_C3_E524_V0329,3,3.916666666666667,6.916666666666667,3.0,1.0,animal_detection,S3/C3/S3_C3_E524_V0329.mp4,S3,C3,10.5,1,animal,red_deer,"foraging,grooming,marking,resting,unknown,vigilance",1,test
E524,S3_C3_E524_V0332,3,5.583333333333333,8.583333333333332,2.999999999999999,0.9999999999999997,animal_detection,S3/C3/S3_C3_E524_V0332.mp4,S3,C3,14.5,1,animal,red_deer,"foraging,grooming,marking,resting,unknown,vigilance",1,test
E524,S3_C2_E524_V0087,3,8.75,11.75,3.0,1.0,animal_detection,S3/C2/S3_C2_E524_V0087.mp4,S3,C2,20.5,1,animal,red_deer,"foraging,grooming,marking,resting,unknown,vigilance",1,test
E525,S3_C3_E525_V0343,1,0.25,1.25,1.0,1.0,animal_detection,S3/C3/S3_C3_E525_V0343.mp4,S3,C3,1.5,1,animal,red_deer,"foraging,grooming,marking,unknown,vigilance",1,test
E525,S3_C3_E525_V0344,1,1.0,2.0,1.0,1.0,animal_detection,S3/C3/S3_C3_E525_V0344.mp4,S3,C3,3.0,1,animal,red_deer,"foraging,grooming,marking,unknown,vigilance",1,test
E525,S3_C2_E525_V0089,1,9.75,10.75,1.0,1.0,animal_detection,S3/C2/S3_C2_E525_V0089.mp4,S3,C2,20.5,1,animal,red_deer,"foraging,grooming,marking,unknown,vigilance",1,test
E525,S3_C3_E525_V0344,2,0.5,2.5,2.0,1.0,animal_detection,S3/C3/S3_C3_E525_V0344.mp4,S3,C3,3.0,1,animal,red_deer,"foraging,grooming,marking,unknown,vigilance",1,test
E525,S3_C3_E525_V0337,2,1.0833333333333335,3.0833333333333335,2.0,1.0,animal_detection,S3/C3/S3_C3_E525_V0337.mp4,S3,C3,4.5,1,animal,red_deer,"foraging,grooming,marking,unknown,vigilance",1,test
E525,S3_C2_E525_V0089,2,9.25,11.25,2.0,1.0,animal_detection,S3/C2/S3_C2_E525_V0089.mp4,S3,C2,20.5,1,animal,red_deer,"foraging,grooming,marking,unknown,vigilance",1,test
E525,S3_C3_E525_V0337,3,0.5833333333333335,3.5833333333333335,3.0,1.0,animal_detection,S3/C3/S3_C3_E525_V0337.mp4,S3,C3,4.5,1,animal,red_deer,"foraging,grooming,marking,unknown,vigilance",1,test
E525,S3_C3_E525_V0340,3,1.0,4.0,3.0,1.0,animal_detection,S3/C3/S3_C3_E525_V0340.mp4,S3,C3,5.0,1,animal,red_deer,"foraging,grooming,marking,unknown,vigilance",1,test
E525,S3_C2_E525_V0091,3,6.0,9.0,3.0,1.0,animal_detection,S3/C2/S3_C2_E525_V0091.mp4,S3,C2,20.5,1,animal,red_deer,"foraging,grooming,marking,unknown,vigilance",1,test
E526,S3_C3_E526_V0345,1,29.75,30.75,1.0,1.0,animal_detection,S3/C3/S3_C3_E526_V0345.mp4,S3,C3,60.5,1,animal,red_deer,foraging,1,test
E526,S3_C3_E526_V0345,2,29.25,31.25,2.0,1.0,animal_detection,S3/C3/S3_C3_E526_V0345.mp4,S3,C3,60.5,1,animal,red_deer,foraging,1,test
E526,S3_C3_E526_V0345,3,28.75,31.75,3.0,1.0,animal_detection,S3/C3/S3_C3_E526_V0345.mp4,S3,C3,60.5,1,animal,red_deer,foraging,1,test
E529,S3_C3_E529_V0348,1,0.0,1.0,0.0,0.0,background,S3/C3/S3_C3_E529_V0348.mp4,S3,C3,60.5,0,background,none,none,0,test
E529,S3_C3_E529_V0351,1,0.0,1.0,0.0,0.0,background,S3/C3/S3_C3_E529_V0351.mp4,S3,C3,60.5,0,background,none,none,0,test
E529,S3_C3_E529_V0348,1,29.75,30.75,0.0,0.0,background,S3/C3/S3_C3_E529_V0348.mp4,S3,C3,60.5,0,background,none,none,0,test
E529,S3_C3_E529_V0348,2,0.0,2.0,0.0,0.0,background,S3/C3/S3_C3_E529_V0348.mp4,S3,C3,60.5,0,background,none,none,0,test
E529,S3_C3_E529_V0349,2,29.25,31.25,0.0,0.0,background,S3/C3/S3_C3_E529_V0349.mp4,S3,C3,60.5,0,background,none,none,0,test
E529,S3_C3_E529_V0351,2,58.5,60.5,0.0,0.0,background,S3/C3/S3_C3_E529_V0351.mp4,S3,C3,60.5,0,background,none,none,0,test
E529,S3_C3_E529_V0348,3,28.75,31.75,0.0,0.0,background,S3/C3/S3_C3_E529_V0348.mp4,S3,C3,60.5,0,background,none,none,0,test
E529,S3_C3_E529_V0351,3,28.75,31.75,0.0,0.0,background,S3/C3/S3_C3_E529_V0351.mp4,S3,C3,60.5,0,background,none,none,0,test
E529,S3_C3_E529_V0351,3,57.5,60.5,0.0,0.0,background,S3/C3/S3_C3_E529_V0351.mp4,S3,C3,60.5,0,background,none,none,0,test
E532,S3_C3_E532_V0354,1,0.0,1.0,0.0,0.0,background,S3/C3/S3_C3_E532_V0354.mp4,S3,C3,60.5,0,background,none,none,0,test
E532,S3_C3_E532_V0358,1,29.75,30.75,0.0,0.0,background,S3/C3/S3_C3_E532_V0358.mp4,S3,C3,60.5,0,background,none,none,0,test
E532,S3_C3_E532_V0359,1,59.5,60.5,0.0,0.0,background,S3/C3/S3_C3_E532_V0359.mp4,S3,C3,60.5,0,background,none,none,0,test
E532,S3_C3_E532_V0358,2,0.0,2.0,0.0,0.0,background,S3/C3/S3_C3_E532_V0358.mp4,S3,C3,60.5,0,background,none,none,0,test
E532,S3_C3_E532_V0354,2,0.0,2.0,0.0,0.0,background,S3/C3/S3_C3_E532_V0354.mp4,S3,C3,60.5,0,background,none,none,0,test
E532,S3_C3_E532_V0355,2,29.25,31.25,0.0,0.0,background,S3/C3/S3_C3_E532_V0355.mp4,S3,C3,60.5,0,background,none,none,0,test
E532,S3_C3_E532_V0354,3,0.0,3.0,0.0,0.0,background,S3/C3/S3_C3_E532_V0354.mp4,S3,C3,60.5,0,background,none,none,0,test
E532,S3_C3_E532_V0357,3,28.75,31.75,0.0,0.0,background,S3/C3/S3_C3_E532_V0357.mp4,S3,C3,60.5,0,background,none,none,0,test
E532,S3_C3_E532_V0356,3,57.5,60.5,0.0,0.0,background,S3/C3/S3_C3_E532_V0356.mp4,S3,C3,60.5,0,background,none,none,0,test
E534,S3_C3_E534_V0362,1,0.0,1.0,0.0,0.0,background,S3/C3/S3_C3_E534_V0362.mp4,S3,C3,60.5,0,background,none,none,0,test
E534,S3_C3_E534_V0363,1,0.0,1.0,0.0,0.0,background,S3/C3/S3_C3_E534_V0363.mp4,S3,C3,60.5,0,background,none,none,0,test
E534,S3_C3_E534_V0363,1,59.5,60.5,0.0,0.0,background,S3/C3/S3_C3_E534_V0363.mp4,S3,C3,60.5,0,background,none,none,0,test
E534,S3_C3_E534_V0362,2,0.0,2.0,0.0,0.0,background,S3/C3/S3_C3_E534_V0362.mp4,S3,C3,60.5,0,background,none,none,0,test
E534,S3_C3_E534_V0363,2,0.0,2.0,0.0,0.0,background,S3/C3/S3_C3_E534_V0363.mp4,S3,C3,60.5,0,background,none,none,0,test
E534,S3_C3_E534_V0361,2,29.25,31.25,0.0,0.0,background,S3/C3/S3_C3_E534_V0361.mp4,S3,C3,60.5,0,background,none,none,0,test
E534,S3_C3_E534_V0363,3,0.0,3.0,0.0,0.0,background,S3/C3/S3_C3_E534_V0363.mp4,S3,C3,60.5,0,background,none,none,0,test
E534,S3_C3_E534_V0364,3,28.75,31.75,0.0,0.0,background,S3/C3/S3_C3_E534_V0364.mp4,S3,C3,60.5,0,background,none,none,0,test
E534,S3_C3_E534_V0363,3,57.5,60.5,0.0,0.0,background,S3/C3/S3_C3_E534_V0363.mp4,S3,C3,60.5,0,background,none,none,0,test
E535,S3_C3_E535_V0366,1,29.75,30.75,0.0,0.0,background,S3/C3/S3_C3_E535_V0366.mp4,S3,C3,60.5,0,background,none,none,0,test
E535,S3_C3_E535_V0366,1,59.5,60.5,0.0,0.0,background,S3/C3/S3_C3_E535_V0366.mp4,S3,C3,60.5,0,background,none,none,0,test
E535,S3_C3_E535_V0365,1,59.5,60.5,0.0,0.0,background,S3/C3/S3_C3_E535_V0365.mp4,S3,C3,60.5,0,background,none,none,0,test
E535,S3_C3_E535_V0365,2,0.0,2.0,0.0,0.0,background,S3/C3/S3_C3_E535_V0365.mp4,S3,C3,60.5,0,background,none,none,0,test
E535,S3_C3_E535_V0366,2,29.25,31.25,0.0,0.0,background,S3/C3/S3_C3_E535_V0366.mp4,S3,C3,60.5,0,background,none,none,0,test
E535,S3_C3_E535_V0365,2,29.25,31.25,0.0,0.0,background,S3/C3/S3_C3_E535_V0365.mp4,S3,C3,60.5,0,background,none,none,0,test
E535,S3_C3_E535_V0366,3,0.0,3.0,0.0,0.0,background,S3/C3/S3_C3_E535_V0366.mp4,S3,C3,60.5,0,background,none,none,0,test
E535,S3_C3_E535_V0367,3,28.75,31.75,0.0,0.0,background,S3/C3/S3_C3_E535_V0367.mp4,S3,C3,60.5,0,background,none,none,0,test
E535,S3_C3_E535_V0365,3,57.5,60.5,0.0,0.0,background,S3/C3/S3_C3_E535_V0365.mp4,S3,C3,60.5,0,background,none,none,0,test
E536,S3_C3_E536_V0368,1,0.0,1.0,0.0,0.0,background,S3/C3/S3_C3_E536_V0368.mp4,S3,C3,60.5,0,background,none,none,0,test
E536,S3_C2_E536_V0092,1,29.75,30.75,0.0,0.0,background,S3/C2/S3_C2_E536_V0092.mp4,S3,C2,60.5,0,background,none,none,0,test
E536,S3_C3_E536_V0368,1,59.5,60.5,0.0,0.0,background,S3/C3/S3_C3_E536_V0368.mp4,S3,C3,60.5,0,background,none,none,0,test
E536,S3_C3_E536_V0368,2,0.0,2.0,0.0,0.0,background,S3/C3/S3_C3_E536_V0368.mp4,S3,C3,60.5,0,background,none,none,0,test
E536,S3_C2_E536_V0092,2,29.25,31.25,0.0,0.0,background,S3/C2/S3_C2_E536_V0092.mp4,S3,C2,60.5,0,background,none,none,0,test
E536,S3_C3_E536_V0368,2,29.25,31.25,0.0,0.0,background,S3/C3/S3_C3_E536_V0368.mp4,S3,C3,60.5,0,background,none,none,0,test
E536,S3_C3_E536_V0368,3,0.0,3.0,0.0,0.0,background,S3/C3/S3_C3_E536_V0368.mp4,S3,C3,60.5,0,background,none,none,0,test
E536,S3_C3_E536_V0368,3,28.75,31.75,0.0,0.0,background,S3/C3/S3_C3_E536_V0368.mp4,S3,C3,60.5,0,background,none,none,0,test
E536,S3_C2_E536_V0092,3,57.5,60.5,0.0,0.0,background,S3/C2/S3_C2_E536_V0092.mp4,S3,C2,60.5,0,background,none,none,0,test
E540,S3_C3_E540_V0374,1,0.0,1.0,0.0,0.0,background,S3/C3/S3_C3_E540_V0374.mp4,S3,C3,60.5,0,background,none,none,0,test
E540,S3_C3_E540_V0373,1,29.75,30.75,0.0,0.0,background,S3/C3/S3_C3_E540_V0373.mp4,S3,C3,60.5,0,background,none,none,0,test
E540,S3_C3_E540_V0374,1,59.5,60.5,0.0,0.0,background,S3/C3/S3_C3_E540_V0374.mp4,S3,C3,60.5,0,background,none,none,0,test
E540,S3_C3_E540_V0374,2,0.0,2.0,0.0,0.0,background,S3/C3/S3_C3_E540_V0374.mp4,S3,C3,60.5,0,background,none,none,0,test
E540,S3_C3_E540_V0373,2,0.0,2.0,0.0,0.0,background,S3/C3/S3_C3_E540_V0373.mp4,S3,C3,60.5,0,background,none,none,0,test
E540,S3_C3_E540_V0374,2,29.25,31.25,0.0,0.0,background,S3/C3/S3_C3_E540_V0374.mp4,S3,C3,60.5,0,background,none,none,0,test
E540,S3_C3_E540_V0373,3,0.0,3.0,0.0,0.0,background,S3/C3/S3_C3_E540_V0373.mp4,S3,C3,60.5,0,background,none,none,0,test
E540,S3_C3_E540_V0373,3,57.5,60.5,0.0,0.0,background,S3/C3/S3_C3_E540_V0373.mp4,S3,C3,60.5,0,background,none,none,0,test
E540,S3_C3_E540_V0374,3,57.5,60.5,0.0,0.0,background,S3/C3/S3_C3_E540_V0374.mp4,S3,C3,60.5,0,background,none,none,0,test
E541,S3_C3_E541_V0376,1,0.0,1.0,0.0,0.0,background,S3/C3/S3_C3_E541_V0376.mp4,S3,C3,60.5,0,background,none,none,0,test
E541,S3_C3_E541_V0375,1,29.75,30.75,0.0,0.0,background,S3/C3/S3_C3_E541_V0375.mp4,S3,C3,60.5,0,background,none,none,0,test
E541,S3_C3_E541_V0376,1,29.75,30.75,0.0,0.0,background,S3/C3/S3_C3_E541_V0376.mp4,S3,C3,60.5,0,background,none,none,0,test
E541,S3_C3_E541_V0376,2,29.25,31.25,0.0,0.0,background,S3/C3/S3_C3_E541_V0376.mp4,S3,C3,60.5,0,background,none,none,0,test
E541,S3_C3_E541_V0375,2,29.25,31.25,0.0,0.0,background,S3/C3/S3_C3_E541_V0375.mp4,S3,C3,60.5,0,background,none,none,0,test
E541,S3_C3_E541_V0375,2,58.5,60.5,0.0,0.0,background,S3/C3/S3_C3_E541_V0375.mp4,S3,C3,60.5,0,background,none,none,0,test
E541,S3_C3_E541_V0376,3,0.0,3.0,0.0,0.0,background,S3/C3/S3_C3_E541_V0376.mp4,S3,C3,60.5,0,background,none,none,0,test
E541,S3_C3_E541_V0375,3,57.5,60.5,0.0,0.0,background,S3/C3/S3_C3_E541_V0375.mp4,S3,C3,60.5,0,background,none,none,0,test
E541,S3_C3_E541_V0376,3,57.5,60.5,0.0,0.0,background,S3/C3/S3_C3_E541_V0376.mp4,S3,C3,60.5,0,background,none,none,0,test
E545,S3_C3_E545_V0397,1,0.25,1.25,1.0,1.0,animal_detection,S3/C3/S3_C3_E545_V0397.mp4,S3,C3,1.5,1,animal,red_deer,"camera_reaction,courtship,foraging,grooming,marking,playing,resting,unknown,vigilance",2,test
E545,S3_C3_E545_V0395,1,0.75,1.75,1.0,1.0,animal_detection,S3/C3/S3_C3_E545_V0395.mp4,S3,C3,2.5,1,animal,red_deer,"camera_reaction,courtship,foraging,grooming,marking,playing,resting,unknown,vigilance",2,test
E545,S3_C3_E545_V0419,1,0.75,1.75,1.0,1.0,animal_detection,S3/C3/S3_C3_E545_V0419.mp4,S3,C3,2.5,1,animal,red_deer,"camera_reaction,courtship,foraging,grooming,marking,playing,resting,unknown,vigilance",2,test
E545,S3_C3_E545_V0423,2,0.0,2.0,2.0,1.0,animal_detection,S3/C3/S3_C3_E545_V0423.mp4,S3,C3,2.0,1,animal,red_deer,"camera_reaction,courtship,foraging,grooming,marking,playing,resting,unknown,vigilance",2,test
E545,S3_C2_E545_V0095,2,9.25,11.25,2.0,1.0,animal_detection,S3/C2/S3_C2_E545_V0095.mp4,S3,C2,20.5,1,animal,red_deer,"camera_reaction,courtship,foraging,grooming,marking,playing,resting,unknown,vigilance",2,test
E545,S3_C3_E545_V0383,2,9.8,11.8,1.9333333333333336,0.9666666666666668,animal_detection,S3/C3/S3_C3_E545_V0383.mp4,S3,C3,12.0,1,animal,red_deer,"camera_reaction,courtship,foraging,grooming,marking,playing,resting,unknown,vigilance",2,test
E545,S3_C3_E545_V0398,3,0.0,3.0,3.0,1.0,animal_detection,S3/C3/S3_C3_E545_V0398.mp4,S3,C3,3.0,1,animal,red_deer,"camera_reaction,courtship,foraging,grooming,marking,playing,resting,unknown,vigilance",2,test
E545,S3_C2_E545_V0093,3,8.75,11.75,3.0,1.0,animal_detection,S3/C2/S3_C2_E545_V0093.mp4,S3,C2,20.5,1,animal,red_deer,"camera_reaction,courtship,foraging,grooming,marking,playing,resting,unknown,vigilance",2,test
E545,S3_C2_E545_V0094,3,8.75,11.75,3.0,1.0,animal_detection,S3/C2/S3_C2_E545_V0094.mp4,S3,C2,20.5,1,animal,red_deer,"camera_reaction,courtship,foraging,grooming,marking,playing,resting,unknown,vigilance",2,test
E546,S3_C2_E546_V0099,1,7.883333333333333,8.883333333333333,1.0,1.0,animal_detection,S3/C2/S3_C2_E546_V0099.mp4,S3,C2,20.5,1,animal,red_deer,"foraging,vigilance",1,test
E546,S3_C2_E546_V0099,2,7.383333333333333,9.383333333333333,2.0,1.0,animal_detection,S3/C2/S3_C2_E546_V0099.mp4,S3,C2,20.5,1,animal,red_deer,"foraging,vigilance",1,test
E546,S3_C2_E546_V0099,3,6.883333333333333,9.883333333333333,3.0,1.0,animal_detection,S3/C2/S3_C2_E546_V0099.mp4,S3,C2,20.5,1,animal,red_deer,"foraging,vigilance",1,test
E548,S3_C3_E548_V0443,1,0.0,1.0,0.0,0.0,background,S3/C3/S3_C3_E548_V0443.mp4,S3,C3,60.5,0,background,none,none,0,test
E548,S3_C3_E548_V0443,1,29.75,30.75,0.0,0.0,background,S3/C3/S3_C3_E548_V0443.mp4,S3,C3,60.5,0,background,none,none,0,test
E548,S3_C3_E548_V0443,1,59.5,60.5,0.0,0.0,background,S3/C3/S3_C3_E548_V0443.mp4,S3,C3,60.5,0,background,none,none,0,test
E548,S3_C3_E548_V0443,2,0.0,2.0,0.0,0.0,background,S3/C3/S3_C3_E548_V0443.mp4,S3,C3,60.5,0,background,none,none,0,test
E548,S3_C3_E548_V0443,2,29.25,31.25,0.0,0.0,background,S3/C3/S3_C3_E548_V0443.mp4,S3,C3,60.5,0,background,none,none,0,test
E548,S3_C3_E548_V0443,2,58.5,60.5,0.0,0.0,background,S3/C3/S3_C3_E548_V0443.mp4,S3,C3,60.5,0,background,none,none,0,test
E548,S3_C3_E548_V0443,3,0.0,3.0,0.0,0.0,background,S3/C3/S3_C3_E548_V0443.mp4,S3,C3,60.5,0,background,none,none,0,test
E548,S3_C3_E548_V0443,3,28.75,31.75,0.0,0.0,background,S3/C3/S3_C3_E548_V0443.mp4,S3,C3,60.5,0,background,none,none,0,test
E548,S3_C3_E548_V0443,3,57.5,60.5,0.0,0.0,background,S3/C3/S3_C3_E548_V0443.mp4,S3,C3,60.5,0,background,none,none,0,test
E549,S3_C3_E549_V0444,1,0.0,1.0,0.0,0.0,background,S3/C3/S3_C3_E549_V0444.mp4,S3,C3,60.5,0,background,none,none,0,test
E549,S3_C3_E549_V0445,1,29.75,30.75,0.0,0.0,background,S3/C3/S3_C3_E549_V0445.mp4,S3,C3,60.5,0,background,none,none,0,test
E549,S3_C3_E549_V0444,1,59.5,60.5,0.0,0.0,background,S3/C3/S3_C3_E549_V0444.mp4,S3,C3,60.5,0,background,none,none,0,test
E549,S3_C3_E549_V0445,2,0.0,2.0,0.0,0.0,background,S3/C3/S3_C3_E549_V0445.mp4,S3,C3,60.5,0,background,none,none,0,test
E549,S3_C3_E549_V0444,2,58.5,60.5,0.0,0.0,background,S3/C3/S3_C3_E549_V0444.mp4,S3,C3,60.5,0,background,none,none,0,test
E549,S3_C3_E549_V0445,2,58.5,60.5,0.0,0.0,background,S3/C3/S3_C3_E549_V0445.mp4,S3,C3,60.5,0,background,none,none,0,test
E549,S3_C3_E549_V0445,3,0.0,3.0,0.0,0.0,background,S3/C3/S3_C3_E549_V0445.mp4,S3,C3,60.5,0,background,none,none,0,test
E549,S3_C3_E549_V0444,3,0.0,3.0,0.0,0.0,background,S3/C3/S3_C3_E549_V0444.mp4,S3,C3,60.5,0,background,none,none,0,test
E549,S3_C3_E549_V0444,3,57.5,60.5,0.0,0.0,background,S3/C3/S3_C3_E549_V0444.mp4,S3,C3,60.5,0,background,none,none,0,test
E552,S3_C3_E552_V0449,1,0.0,1.0,0.0,0.0,background,S3/C3/S3_C3_E552_V0449.mp4,S3,C3,60.5,0,background,none,none,0,test
E552,S3_C3_E552_V0449,1,29.75,30.75,0.0,0.0,background,S3/C3/S3_C3_E552_V0449.mp4,S3,C3,60.5,0,background,none,none,0,test
E552,S3_C3_E552_V0449,1,59.5,60.5,0.0,0.0,background,S3/C3/S3_C3_E552_V0449.mp4,S3,C3,60.5,0,background,none,none,0,test
E552,S3_C3_E552_V0449,2,0.0,2.0,0.0,0.0,background,S3/C3/S3_C3_E552_V0449.mp4,S3,C3,60.5,0,background,none,none,0,test
E552,S3_C3_E552_V0448,2,0.0,2.0,0.0,0.0,background,S3/C3/S3_C3_E552_V0448.mp4,S3,C3,60.5,0,background,none,none,0,test
E552,S3_C3_E552_V0450,2,58.5,60.5,0.0,0.0,background,S3/C3/S3_C3_E552_V0450.mp4,S3,C3,60.5,0,background,none,none,0,test
E552,S3_C3_E552_V0448,3,0.0,3.0,0.0,0.0,background,S3/C3/S3_C3_E552_V0448.mp4,S3,C3,60.5,0,background,none,none,0,test
E552,S3_C3_E552_V0449,3,28.75,31.75,0.0,0.0,background,S3/C3/S3_C3_E552_V0449.mp4,S3,C3,60.5,0,background,none,none,0,test
E552,S3_C3_E552_V0449,3,57.5,60.5,0.0,0.0,background,S3/C3/S3_C3_E552_V0449.mp4,S3,C3,60.5,0,background,none,none,0,test
E554,S3_C2_E554_V0100,1,0.0,1.0,0.0,0.0,background,S3/C2/S3_C2_E554_V0100.mp4,S3,C2,60.5,0,background,none,none,0,test
E554,S3_C2_E554_V0100,1,29.75,30.75,0.0,0.0,background,S3/C2/S3_C2_E554_V0100.mp4,S3,C2,60.5,0,background,none,none,0,test
E554,S3_C2_E554_V0100,1,59.5,60.5,0.0,0.0,background,S3/C2/S3_C2_E554_V0100.mp4,S3,C2,60.5,0,background,none,none,0,test
E554,S3_C2_E554_V0100,2,0.0,2.0,0.0,0.0,background,S3/C2/S3_C2_E554_V0100.mp4,S3,C2,60.5,0,background,none,none,0,test
E554,S3_C2_E554_V0100,2,29.25,31.25,0.0,0.0,background,S3/C2/S3_C2_E554_V0100.mp4,S3,C2,60.5,0,background,none,none,0,test
E554,S3_C2_E554_V0100,2,58.5,60.5,0.0,0.0,background,S3/C2/S3_C2_E554_V0100.mp4,S3,C2,60.5,0,background,none,none,0,test
E554,S3_C2_E554_V0100,3,0.0,3.0,0.0,0.0,background,S3/C2/S3_C2_E554_V0100.mp4,S3,C2,60.5,0,background,none,none,0,test
E554,S3_C2_E554_V0100,3,28.75,31.75,0.0,0.0,background,S3/C2/S3_C2_E554_V0100.mp4,S3,C2,60.5,0,background,none,none,0,test
E554,S3_C2_E554_V0100,3,57.5,60.5,0.0,0.0,background,S3/C2/S3_C2_E554_V0100.mp4,S3,C2,60.5,0,background,none,none,0,test
E560,S3_C3_E560_V0458,1,0.7666666666666666,1.7666666666666666,1.0,1.0,animal_detection,S3/C3/S3_C3_E560_V0458.mp4,S3,C3,5.0,1,animal,red_deer,unknown,2,test
E560,S3_C3_E560_V0458,2,0.2666666666666666,2.2666666666666666,2.0,1.0,animal_detection,S3/C3/S3_C3_E560_V0458.mp4,S3,C3,5.0,1,animal,red_deer,unknown,2,test
E560,S3_C3_E560_V0458,3,0.0,3.0,2.466666666666667,0.8222222222222223,animal_detection,S3/C3/S3_C3_E560_V0458.mp4,S3,C3,5.0,1,animal,red_deer,unknown,2,test
E598,S3_C3_E598_V0553,1,0.0,1.0,0.0,0.0,background,S3/C3/S3_C3_E598_V0553.mp4,S3,C3,60.5,0,background,none,none,0,test
E598,S3_C3_E598_V0555,1,29.75,30.75,0.0,0.0,background,S3/C3/S3_C3_E598_V0555.mp4,S3,C3,60.5,0,background,none,none,0,test
E598,S3_C3_E598_V0553,1,59.5,60.5,0.0,0.0,background,S3/C3/S3_C3_E598_V0553.mp4,S3,C3,60.5,0,background,none,none,0,test
E598,S3_C3_E598_V0555,2,0.0,2.0,0.0,0.0,background,S3/C3/S3_C3_E598_V0555.mp4,S3,C3,60.5,0,background,none,none,0,test
E598,S3_C3_E598_V0554,2,29.25,31.25,0.0,0.0,background,S3/C3/S3_C3_E598_V0554.mp4,S3,C3,60.5,0,background,none,none,0,test
E598,S3_C3_E598_V0554,2,58.5,60.5,0.0,0.0,background,S3/C3/S3_C3_E598_V0554.mp4,S3,C3,60.5,0,background,none,none,0,test
E598,S3_C3_E598_V0554,3,0.0,3.0,0.0,0.0,background,S3/C3/S3_C3_E598_V0554.mp4,S3,C3,60.5,0,background,none,none,0,test
E598,S3_C3_E598_V0555,3,28.75,31.75,0.0,0.0,background,S3/C3/S3_C3_E598_V0555.mp4,S3,C3,60.5,0,background,none,none,0,test
E598,S3_C3_E598_V0555,3,57.5,60.5,0.0,0.0,background,S3/C3/S3_C3_E598_V0555.mp4,S3,C3,60.5,0,background,none,none,0,test
E60,S1_C1_E60_V0144,1,0.1333333333333333,1.1333333333333333,1.0,1.0,animal_detection,S1/C1/S1_C1_E60_V0144.mp4,S1,C1,20.5,1,animal,roe_deer,"foraging,unknown,vigilance",3+,test
E60,S1_C1_E60_V0144,1,4.133333333333333,5.133333333333333,1.0,1.0,animal_detection,S1/C1/S1_C1_E60_V0144.mp4,S1,C1,20.5,1,animal,roe_deer,"foraging,unknown,vigilance",3+,test
E60,S1_C2_E60_V0090,1,5.766666666666667,6.766666666666667,1.0,1.0,animal_detection,S1/C2/S1_C2_E60_V0090.mp4,S1,C2,20.5,1,animal,roe_deer,"foraging,unknown,vigilance",3+,test
E60,S1_C1_E60_V0144,2,0.0,2.0,1.2666666666666666,0.6333333333333333,animal_detection,S1/C1/S1_C1_E60_V0144.mp4,S1,C1,20.5,1,animal,roe_deer,"foraging,unknown,vigilance",3+,test
E60,S1_C2_E60_V0090,2,5.266666666666667,7.266666666666667,2.0,1.0,animal_detection,S1/C2/S1_C2_E60_V0090.mp4,S1,C2,20.5,1,animal,roe_deer,"foraging,unknown,vigilance",3+,test
E60,S1_C1_E60_V0143,2,12.533333333333333,14.533333333333333,2.0,1.0,animal_detection,S1/C1/S1_C1_E60_V0143.mp4,S1,C1,20.5,1,animal,roe_deer,"foraging,unknown,vigilance",3+,test
E60,S1_C1_E60_V0144,3,0.0,3.0,1.2666666666666666,0.4222222222222222,animal_detection,S1/C1/S1_C1_E60_V0144.mp4,S1,C1,20.5,1,animal,roe_deer,"foraging,unknown,vigilance",3+,test
E60,S1_C1_E60_V0143,3,1.35,4.35,2.9999999999999996,0.9999999999999999,animal_detection,S1/C1/S1_C1_E60_V0143.mp4,S1,C1,20.5,1,animal,roe_deer,"foraging,unknown,vigilance",3+,test
E60,S1_C1_E60_V0144,3,3.133333333333333,6.133333333333333,1.2666666666666666,0.4222222222222222,animal_detection,S1/C1/S1_C1_E60_V0144.mp4,S1,C1,20.5,1,animal,roe_deer,"foraging,unknown,vigilance",3+,test
E604,S3_C3_E604_V0564,1,0.0,1.0,0.0,0.0,background,S3/C3/S3_C3_E604_V0564.mp4,S3,C3,60.5,0,background,none,none,0,test
E604,S3_C3_E604_V0564,1,29.75,30.75,0.0,0.0,background,S3/C3/S3_C3_E604_V0564.mp4,S3,C3,60.5,0,background,none,none,0,test
E604,S3_C3_E604_V0564,1,59.5,60.5,0.0,0.0,background,S3/C3/S3_C3_E604_V0564.mp4,S3,C3,60.5,0,background,none,none,0,test
E604,S3_C3_E604_V0564,2,0.0,2.0,0.0,0.0,background,S3/C3/S3_C3_E604_V0564.mp4,S3,C3,60.5,0,background,none,none,0,test
E604,S3_C3_E604_V0564,2,29.25,31.25,0.0,0.0,background,S3/C3/S3_C3_E604_V0564.mp4,S3,C3,60.5,0,background,none,none,0,test
E604,S3_C3_E604_V0564,2,58.5,60.5,0.0,0.0,background,S3/C3/S3_C3_E604_V0564.mp4,S3,C3,60.5,0,background,none,none,0,test
E604,S3_C3_E604_V0564,3,0.0,3.0,0.0,0.0,background,S3/C3/S3_C3_E604_V0564.mp4,S3,C3,60.5,0,background,none,none,0,test
E604,S3_C3_E604_V0564,3,28.75,31.75,0.0,0.0,background,S3/C3/S3_C3_E604_V0564.mp4,S3,C3,60.5,0,background,none,none,0,test
E604,S3_C3_E604_V0564,3,57.5,60.5,0.0,0.0,background,S3/C3/S3_C3_E604_V0564.mp4,S3,C3,60.5,0,background,none,none,0,test
E607,S3_C2_E607_V0118,1,0.0,1.0,0.0,0.0,background,S3/C2/S3_C2_E607_V0118.mp4,S3,C2,60.5,0,background,none,none,0,test
E607,S3_C3_E607_V0570,1,29.75,30.75,0.0,0.0,background,S3/C3/S3_C3_E607_V0570.mp4,S3,C3,60.5,0,background,none,none,0,test
E607,S3_C3_E607_V0568,1,29.75,30.75,0.0,0.0,background,S3/C3/S3_C3_E607_V0568.mp4,S3,C3,60.5,0,background,none,none,0,test
E607,S3_C3_E607_V0569,2,0.0,2.0,0.0,0.0,background,S3/C3/S3_C3_E607_V0569.mp4,S3,C3,60.5,0,background,none,none,0,test
E607,S3_C3_E607_V0568,2,0.0,2.0,0.0,0.0,background,S3/C3/S3_C3_E607_V0568.mp4,S3,C3,60.5,0,background,none,none,0,test
E607,S3_C2_E607_V0119,2,29.25,31.25,0.0,0.0,background,S3/C2/S3_C2_E607_V0119.mp4,S3,C2,60.5,0,background,none,none,0,test
E607,S3_C2_E607_V0119,3,0.0,3.0,0.0,0.0,background,S3/C2/S3_C2_E607_V0119.mp4,S3,C2,60.5,0,background,none,none,0,test
E607,S3_C3_E607_V0570,3,28.75,31.75,0.0,0.0,background,S3/C3/S3_C3_E607_V0570.mp4,S3,C3,60.5,0,background,none,none,0,test
E607,S3_C2_E607_V0119,3,57.5,60.5,0.0,0.0,background,S3/C2/S3_C2_E607_V0119.mp4,S3,C2,60.5,0,background,none,none,0,test
E608,S3_C3_E608_V0572,1,0.0,1.0,0.0,0.0,background,S3/C3/S3_C3_E608_V0572.mp4,S3,C3,60.5,0,background,none,none,0,test
E608,S3_C3_E608_V0574,1,29.75,30.75,0.0,0.0,background,S3/C3/S3_C3_E608_V0574.mp4,S3,C3,60.5,0,background,none,none,0,test
E608,S3_C3_E608_V0572,1,59.5,60.5,0.0,0.0,background,S3/C3/S3_C3_E608_V0572.mp4,S3,C3,60.5,0,background,none,none,0,test
E608,S3_C3_E608_V0574,2,29.25,31.25,0.0,0.0,background,S3/C3/S3_C3_E608_V0574.mp4,S3,C3,60.5,0,background,none,none,0,test
E608,S3_C3_E608_V0571,2,29.25,31.25,0.0,0.0,background,S3/C3/S3_C3_E608_V0571.mp4,S3,C3,60.5,0,background,none,none,0,test
E608,S3_C3_E608_V0576,2,58.5,60.5,0.0,0.0,background,S3/C3/S3_C3_E608_V0576.mp4,S3,C3,60.5,0,background,none,none,0,test
E608,S3_C3_E608_V0573,3,0.0,3.0,0.0,0.0,background,S3/C3/S3_C3_E608_V0573.mp4,S3,C3,60.5,0,background,none,none,0,test
E608,S3_C3_E608_V0574,3,28.75,31.75,0.0,0.0,background,S3/C3/S3_C3_E608_V0574.mp4,S3,C3,60.5,0,background,none,none,0,test
E608,S3_C3_E608_V0575,3,28.75,31.75,0.0,0.0,background,S3/C3/S3_C3_E608_V0575.mp4,S3,C3,60.5,0,background,none,none,0,test
E61,S1_C3_E61_V0029,1,8.966666666666667,9.966666666666667,1.0,1.0,animal_detection,S1/C3/S1_C3_E61_V0029.mp4,S1,C3,20.5,1,animal,hare,camera_reaction,1,test
E61,S1_C3_E61_V0029,2,8.466666666666667,10.466666666666667,2.0,1.0,animal_detection,S1/C3/S1_C3_E61_V0029.mp4,S1,C3,20.5,1,animal,hare,camera_reaction,1,test
E61,S1_C3_E61_V0029,3,7.966666666666667,10.966666666666667,3.0,1.0,animal_detection,S1/C3/S1_C3_E61_V0029.mp4,S1,C3,20.5,1,animal,hare,camera_reaction,1,test
E614,S3_C2_E614_V0123,1,9.75,10.75,1.0,1.0,animal_detection,S3/C2/S3_C2_E614_V0123.mp4,S3,C2,20.5,1,animal,red_deer,"foraging,vigilance",1,test
E614,S3_C2_E614_V0123,2,9.25,11.25,2.0,1.0,animal_detection,S3/C2/S3_C2_E614_V0123.mp4,S3,C2,20.5,1,animal,red_deer,"foraging,vigilance",1,test
E614,S3_C2_E614_V0123,3,8.75,11.75,3.0,1.0,animal_detection,S3/C2/S3_C2_E614_V0123.mp4,S3,C2,20.5,1,animal,red_deer,"foraging,vigilance",1,test
E615,S3_C2_E615_V0125,1,9.75,10.75,1.0,1.0,animal_detection,S3/C2/S3_C2_E615_V0125.mp4,S3,C2,20.5,1,animal,red_deer,"foraging,vigilance",2,test
E615,S3_C2_E615_V0124,1,9.75,10.75,1.0,1.0,animal_detection,S3/C2/S3_C2_E615_V0124.mp4,S3,C2,20.5,1,animal,red_deer,"foraging,vigilance",2,test
E615,S3_C2_E615_V0125,2,9.25,11.25,2.0,1.0,animal_detection,S3/C2/S3_C2_E615_V0125.mp4,S3,C2,20.5,1,animal,red_deer,"foraging,vigilance",2,test
E615,S3_C2_E615_V0124,2,9.25,11.25,2.0,1.0,animal_detection,S3/C2/S3_C2_E615_V0124.mp4,S3,C2,20.5,1,animal,red_deer,"foraging,vigilance",2,test
E615,S3_C2_E615_V0125,3,8.75,11.75,3.0,1.0,animal_detection,S3/C2/S3_C2_E615_V0125.mp4,S3,C2,20.5,1,animal,red_deer,"foraging,vigilance",2,test
E615,S3_C2_E615_V0124,3,8.75,11.75,3.0,1.0,animal_detection,S3/C2/S3_C2_E615_V0124.mp4,S3,C2,20.5,1,animal,red_deer,"foraging,vigilance",2,test
E66,S1_C2_E66_V0092,1,2.8333333333333335,3.8333333333333335,1.0,1.0,animal_detection,S1/C2/S1_C2_E66_V0092.mp4,S1,C2,120.5,1,animal,red_deer,"foraging,unknown,vigilance",2,test
E66,S1_C1_E66_V0152,1,23.25,24.25,1.0,1.0,animal_detection,S1/C1/S1_C1_E66_V0152.mp4,S1,C1,120.5,1,animal,red_deer,"foraging,unknown,vigilance",2,test
E66,S1_C1_E66_V0152,1,107.78333333333333,108.78333333333333,1.0,1.0,animal_detection,S1/C1/S1_C1_E66_V0152.mp4,S1,C1,120.5,1,animal,red_deer,"foraging,unknown,vigilance",2,test
E66,S1_C2_E66_V0092,2,2.3333333333333335,4.333333333333334,2.0000000000000004,1.0000000000000002,animal_detection,S1/C2/S1_C2_E66_V0092.mp4,S1,C2,120.5,1,animal,red_deer,"foraging,unknown,vigilance",2,test
E66,S1_C1_E66_V0152,2,22.75,24.75,2.0,1.0,animal_detection,S1/C1/S1_C1_E66_V0152.mp4,S1,C1,120.5,1,animal,red_deer,"foraging,unknown,vigilance",2,test
E66,S1_C1_E66_V0152,2,107.28333333333333,109.28333333333333,2.0,1.0,animal_detection,S1/C1/S1_C1_E66_V0152.mp4,S1,C1,120.5,1,animal,red_deer,"foraging,unknown,vigilance",2,test
E66,S1_C2_E66_V0092,3,1.8333333333333335,4.833333333333334,3.0000000000000004,1.0000000000000002,animal_detection,S1/C2/S1_C2_E66_V0092.mp4,S1,C2,120.5,1,animal,red_deer,"foraging,unknown,vigilance",2,test
E66,S1_C1_E66_V0152,3,22.25,25.25,3.0,1.0,animal_detection,S1/C1/S1_C1_E66_V0152.mp4,S1,C1,120.5,1,animal,red_deer,"foraging,unknown,vigilance",2,test
E66,S1_C1_E66_V0152,3,106.78333333333333,109.78333333333333,3.0,1.0,animal_detection,S1/C1/S1_C1_E66_V0152.mp4,S1,C1,120.5,1,animal,red_deer,"foraging,unknown,vigilance",2,test
E67,S1_C3_E67_V0030,1,9.75,10.75,1.0,1.0,animal_detection,S1/C3/S1_C3_E67_V0030.mp4,S1,C3,20.5,1,animal,red_deer,"camera_reaction,foraging,unknown",1,test
E67,S1_C3_E67_V0031,1,9.75,10.75,1.0,1.0,animal_detection,S1/C3/S1_C3_E67_V0031.mp4,S1,C3,20.5,1,animal,red_deer,"camera_reaction,foraging,unknown",1,test
E67,S1_C3_E67_V0032,1,9.75,10.75,1.0,1.0,animal_detection,S1/C3/S1_C3_E67_V0032.mp4,S1,C3,20.5,1,animal,red_deer,"camera_reaction,foraging,unknown",1,test
E67,S1_C3_E67_V0032,2,9.25,11.25,2.0,1.0,animal_detection,S1/C3/S1_C3_E67_V0032.mp4,S1,C3,20.5,1,animal,red_deer,"camera_reaction,foraging,unknown",1,test
E67,S1_C3_E67_V0030,2,9.25,11.25,2.0,1.0,animal_detection,S1/C3/S1_C3_E67_V0030.mp4,S1,C3,20.5,1,animal,red_deer,"camera_reaction,foraging,unknown",1,test
E67,S1_C3_E67_V0031,2,9.25,11.25,2.0,1.0,animal_detection,S1/C3/S1_C3_E67_V0031.mp4,S1,C3,20.5,1,animal,red_deer,"camera_reaction,foraging,unknown",1,test
E67,S1_C3_E67_V0031,3,8.75,11.75,3.0,1.0,animal_detection,S1/C3/S1_C3_E67_V0031.mp4,S1,C3,20.5,1,animal,red_deer,"camera_reaction,foraging,unknown",1,test
E67,S1_C3_E67_V0030,3,8.75,11.75,3.0,1.0,animal_detection,S1/C3/S1_C3_E67_V0030.mp4,S1,C3,20.5,1,animal,red_deer,"camera_reaction,foraging,unknown",1,test
E67,S1_C3_E67_V0032,3,8.75,11.75,3.0,1.0,animal_detection,S1/C3/S1_C3_E67_V0032.mp4,S1,C3,20.5,1,animal,red_deer,"camera_reaction,foraging,unknown",1,test
E68,S1_C1_E68_V0177,1,2.3833333333333333,3.3833333333333333,1.0,1.0,animal_detection,S1/C1/S1_C1_E68_V0177.mp4,S1,C1,6.0,1,animal,red_deer,"foraging,unknown,vigilance",1,test
E68,S1_C1_E68_V0179,1,5.883333333333334,6.883333333333334,1.0,1.0,animal_detection,S1/C1/S1_C1_E68_V0179.mp4,S1,C1,13.0,1,animal,red_deer,"foraging,unknown,vigilance",1,test
E68,S1_C1_E68_V0180,1,6.483333333333333,7.483333333333333,1.0,1.0,animal_detection,S1/C1/S1_C1_E68_V0180.mp4,S1,C1,14.0,1,animal,red_deer,"foraging,unknown,vigilance",1,test
E68,S1_C1_E68_V0178,2,3.6833333333333336,5.683333333333334,2.0,1.0,animal_detection,S1/C1/S1_C1_E68_V0178.mp4,S1,C1,9.5,1,animal,red_deer,"foraging,unknown,vigilance",1,test
E68,S1_C1_E68_V0181,2,4.183333333333334,6.183333333333334,2.0,1.0,animal_detection,S1/C1/S1_C1_E68_V0181.mp4,S1,C1,10.5,1,animal,red_deer,"foraging,unknown,vigilance",1,test
E68,S1_C1_E68_V0154,2,9.25,11.25,2.0,1.0,animal_detection,S1/C1/S1_C1_E68_V0154.mp4,S1,C1,20.5,1,animal,red_deer,"foraging,unknown,vigilance",1,test
E68,S1_C1_E68_V0162,3,4.283333333333333,7.283333333333333,3.0,1.0,animal_detection,S1/C1/S1_C1_E68_V0162.mp4,S1,C1,12.0,1,animal,red_deer,"foraging,unknown,vigilance",1,test
E68,S1_C1_E68_V0156,3,8.75,11.75,3.0,1.0,animal_detection,S1/C1/S1_C1_E68_V0156.mp4,S1,C1,20.5,1,animal,red_deer,"foraging,unknown,vigilance",1,test
E68,S1_C1_E68_V0153,3,8.983333333333333,11.983333333333333,3.0,1.0,animal_detection,S1/C1/S1_C1_E68_V0153.mp4,S1,C1,20.5,1,animal,red_deer,"foraging,unknown,vigilance",1,test
E685,S3_C2_E685_V0174,1,3.5999999999999996,4.6,1.0,1.0,animal_detection,S3/C2/S3_C2_E685_V0174.mp4,S3,C2,20.5,1,animal,red_deer,"foraging,marking,vigilance",1,test
E685,S3_C2_E685_V0173,1,9.75,10.75,1.0,1.0,animal_detection,S3/C2/S3_C2_E685_V0173.mp4,S3,C2,20.5,1,animal,red_deer,"foraging,marking,vigilance",1,test
E685,S3_C2_E685_V0172,1,9.75,10.75,1.0,1.0,animal_detection,S3/C2/S3_C2_E685_V0172.mp4,S3,C2,20.5,1,animal,red_deer,"foraging,marking,vigilance",1,test
E685,S3_C2_E685_V0174,2,3.0999999999999996,5.1,2.0,1.0,animal_detection,S3/C2/S3_C2_E685_V0174.mp4,S3,C2,20.5,1,animal,red_deer,"foraging,marking,vigilance",1,test
E685,S3_C2_E685_V0173,2,9.25,11.25,2.0,1.0,animal_detection,S3/C2/S3_C2_E685_V0173.mp4,S3,C2,20.5,1,animal,red_deer,"foraging,marking,vigilance",1,test
E685,S3_C2_E685_V0172,2,9.25,11.25,2.0,1.0,animal_detection,S3/C2/S3_C2_E685_V0172.mp4,S3,C2,20.5,1,animal,red_deer,"foraging,marking,vigilance",1,test
E685,S3_C2_E685_V0174,3,2.5999999999999996,5.6,3.0,1.0,animal_detection,S3/C2/S3_C2_E685_V0174.mp4,S3,C2,20.5,1,animal,red_deer,"foraging,marking,vigilance",1,test
E685,S3_C2_E685_V0173,3,8.75,11.75,3.0,1.0,animal_detection,S3/C2/S3_C2_E685_V0173.mp4,S3,C2,20.5,1,animal,red_deer,"foraging,marking,vigilance",1,test
E685,S3_C2_E685_V0172,3,8.75,11.75,3.0,1.0,animal_detection,S3/C2/S3_C2_E685_V0172.mp4,S3,C2,20.5,1,animal,red_deer,"foraging,marking,vigilance",1,test
E686,S3_C2_E686_V0176,1,0.21666666666666667,1.2166666666666668,1.0,1.0,animal_detection,S3/C2/S3_C2_E686_V0176.mp4,S3,C2,20.5,1,animal,red_deer,"escaping,foraging,unknown,vigilance",2,test
E686,S3_C2_E686_V0175,1,9.75,10.75,1.0,1.0,animal_detection,S3/C2/S3_C2_E686_V0175.mp4,S3,C2,20.5,1,animal,red_deer,"escaping,foraging,unknown,vigilance",2,test
E686,S3_C2_E686_V0176,1,19.383333333333333,20.383333333333333,1.0,1.0,animal_detection,S3/C2/S3_C2_E686_V0176.mp4,S3,C2,20.5,1,animal,red_deer,"escaping,foraging,unknown,vigilance",2,test
E686,S3_C2_E686_V0176,2,0.0,2.0,1.4333333333333333,0.7166666666666667,animal_detection,S3/C2/S3_C2_E686_V0176.mp4,S3,C2,20.5,1,animal,red_deer,"escaping,foraging,unknown,vigilance",2,test
E686,S3_C2_E686_V0175,2,9.25,11.25,2.0,1.0,animal_detection,S3/C2/S3_C2_E686_V0175.mp4,S3,C2,20.5,1,animal,red_deer,"escaping,foraging,unknown,vigilance",2,test
E686,S3_C2_E686_V0176,2,18.5,20.5,1.2333333333333343,0.6166666666666671,animal_detection,S3/C2/S3_C2_E686_V0176.mp4,S3,C2,20.5,1,animal,red_deer,"escaping,foraging,unknown,vigilance",2,test
E686,S3_C2_E686_V0177,3,0.8166666666666669,3.816666666666667,3.0,1.0,animal_detection,S3/C2/S3_C2_E686_V0177.mp4,S3,C2,20.5,1,animal,red_deer,"escaping,foraging,unknown,vigilance",2,test
E686,S3_C2_E686_V0175,3,8.75,11.75,3.0,1.0,animal_detection,S3/C2/S3_C2_E686_V0175.mp4,S3,C2,20.5,1,animal,red_deer,"escaping,foraging,unknown,vigilance",2,test
E686,S3_C2_E686_V0176,3,17.5,20.5,1.2333333333333343,0.4111111111111114,animal_detection,S3/C2/S3_C2_E686_V0176.mp4,S3,C2,20.5,1,animal,red_deer,"escaping,foraging,unknown,vigilance",2,test
E699,S3_C2_E699_V0187,1,0.7166666666666666,1.7166666666666666,1.0,1.0,animal_detection,S3/C2/S3_C2_E699_V0187.mp4,S3,C2,60.5,1,animal,red_deer,"foraging,vigilance",1,test
E699,S3_C2_E699_V0186,1,29.75,30.75,1.0,1.0,animal_detection,S3/C2/S3_C2_E699_V0186.mp4,S3,C2,60.5,1,animal,red_deer,"foraging,vigilance",1,test
E699,S3_C2_E699_V0187,2,0.21666666666666656,2.216666666666667,2.0,1.0,animal_detection,S3/C2/S3_C2_E699_V0187.mp4,S3,C2,60.5,1,animal,red_deer,"foraging,vigilance",1,test
E699,S3_C2_E699_V0186,2,29.25,31.25,2.0,1.0,animal_detection,S3/C2/S3_C2_E699_V0186.mp4,S3,C2,60.5,1,animal,red_deer,"foraging,vigilance",1,test
E699,S3_C2_E699_V0187,3,0.0,3.0,2.433333333333333,0.811111111111111,animal_detection,S3/C2/S3_C2_E699_V0187.mp4,S3,C2,60.5,1,animal,red_deer,"foraging,vigilance",1,test
E699,S3_C2_E699_V0186,3,28.75,31.75,3.0,1.0,animal_detection,S3/C2/S3_C2_E699_V0186.mp4,S3,C2,60.5,1,animal,red_deer,"foraging,vigilance",1,test
E701,S3_C2_E701_V0189,1,9.75,10.75,1.0,1.0,animal_detection,S3/C2/S3_C2_E701_V0189.mp4,S3,C2,20.5,1,animal,red_deer,foraging,1,test
E701,S3_C2_E701_V0189,2,9.25,11.25,2.0,1.0,animal_detection,S3/C2/S3_C2_E701_V0189.mp4,S3,C2,20.5,1,animal,red_deer,foraging,1,test
E701,S3_C2_E701_V0189,3,8.75,11.75,3.0,1.0,animal_detection,S3/C2/S3_C2_E701_V0189.mp4,S3,C2,20.5,1,animal,red_deer,foraging,1,test
E702,S3_C2_E702_V0190,1,7.5166666666666675,8.516666666666667,1.0,1.0,animal_detection,S3/C2/S3_C2_E702_V0190.mp4,S3,C2,20.5,1,animal,red_deer,foraging,1,test
E702,S3_C2_E702_V0190,2,7.0166666666666675,9.016666666666667,2.0,1.0,animal_detection,S3/C2/S3_C2_E702_V0190.mp4,S3,C2,20.5,1,animal,red_deer,foraging,1,test
E702,S3_C2_E702_V0190,3,6.5166666666666675,9.516666666666667,3.0,1.0,animal_detection,S3/C2/S3_C2_E702_V0190.mp4,S3,C2,20.5,1,animal,red_deer,foraging,1,test
E75,S1_C1_E75_V0185,1,0.0,1.0,0.0,0.0,background,S1/C1/S1_C1_E75_V0185.mp4,S1,C1,120.5,0,background,none,none,0,test
E75,S1_C1_E75_V0185,1,59.75,60.75,0.0,0.0,background,S1/C1/S1_C1_E75_V0185.mp4,S1,C1,120.5,0,background,none,none,0,test
E75,S1_C1_E75_V0185,1,119.5,120.5,0.0,0.0,background,S1/C1/S1_C1_E75_V0185.mp4,S1,C1,120.5,0,background,none,none,0,test
E75,S1_C1_E75_V0185,2,0.0,2.0,0.0,0.0,background,S1/C1/S1_C1_E75_V0185.mp4,S1,C1,120.5,0,background,none,none,0,test
E75,S1_C1_E75_V0185,2,59.25,61.25,0.0,0.0,background,S1/C1/S1_C1_E75_V0185.mp4,S1,C1,120.5,0,background,none,none,0,test
E75,S1_C1_E75_V0185,2,118.5,120.5,0.0,0.0,background,S1/C1/S1_C1_E75_V0185.mp4,S1,C1,120.5,0,background,none,none,0,test
E75,S1_C1_E75_V0185,3,0.0,3.0,0.0,0.0,background,S1/C1/S1_C1_E75_V0185.mp4,S1,C1,120.5,0,background,none,none,0,test
E75,S1_C1_E75_V0185,3,58.75,61.75,0.0,0.0,background,S1/C1/S1_C1_E75_V0185.mp4,S1,C1,120.5,0,background,none,none,0,test
E75,S1_C1_E75_V0185,3,117.5,120.5,0.0,0.0,background,S1/C1/S1_C1_E75_V0185.mp4,S1,C1,120.5,0,background,none,none,0,test
E78,S1_C1_E78_V0188,1,0.0,1.0,0.0,0.0,background,S1/C1/S1_C1_E78_V0188.mp4,S1,C1,120.5,0,background,none,none,0,test
E78,S1_C1_E78_V0188,1,59.75,60.75,0.0,0.0,background,S1/C1/S1_C1_E78_V0188.mp4,S1,C1,120.5,0,background,none,none,0,test
E78,S1_C1_E78_V0188,1,119.5,120.5,0.0,0.0,background,S1/C1/S1_C1_E78_V0188.mp4,S1,C1,120.5,0,background,none,none,0,test
E78,S1_C1_E78_V0188,2,0.0,2.0,0.0,0.0,background,S1/C1/S1_C1_E78_V0188.mp4,S1,C1,120.5,0,background,none,none,0,test
E78,S1_C1_E78_V0188,2,59.25,61.25,0.0,0.0,background,S1/C1/S1_C1_E78_V0188.mp4,S1,C1,120.5,0,background,none,none,0,test
E78,S1_C1_E78_V0188,2,118.5,120.5,0.0,0.0,background,S1/C1/S1_C1_E78_V0188.mp4,S1,C1,120.5,0,background,none,none,0,test
E78,S1_C1_E78_V0188,3,0.0,3.0,0.0,0.0,background,S1/C1/S1_C1_E78_V0188.mp4,S1,C1,120.5,0,background,none,none,0,test
E78,S1_C1_E78_V0188,3,58.75,61.75,0.0,0.0,background,S1/C1/S1_C1_E78_V0188.mp4,S1,C1,120.5,0,background,none,none,0,test
E78,S1_C1_E78_V0188,3,117.5,120.5,0.0,0.0,background,S1/C1/S1_C1_E78_V0188.mp4,S1,C1,120.5,0,background,none,none,0,test
E789,S3_C2_E789_V0513,1,3.6833333333333336,4.683333333333334,1.0,1.0,animal_detection,S3/C2/S3_C2_E789_V0513.mp4,S3,C2,8.5,1,animal,red_deer,foraging,1,test
E789,S3_C2_E789_V0513,2,3.1833333333333336,5.183333333333334,2.0,1.0,animal_detection,S3/C2/S3_C2_E789_V0513.mp4,S3,C2,8.5,1,animal,red_deer,foraging,1,test
E789,S3_C2_E789_V0513,3,2.6833333333333336,5.683333333333334,3.0,1.0,animal_detection,S3/C2/S3_C2_E789_V0513.mp4,S3,C2,8.5,1,animal,red_deer,foraging,1,test
E790,S3_C2_E790_V0514,1,3.283333333333333,4.283333333333333,1.0,1.0,animal_detection,S3/C2/S3_C2_E790_V0514.mp4,S3,C2,8.0,1,animal,red_deer,foraging,1,test
E790,S3_C2_E790_V0514,2,2.783333333333333,4.783333333333333,2.0,1.0,animal_detection,S3/C2/S3_C2_E790_V0514.mp4,S3,C2,8.0,1,animal,red_deer,foraging,1,test
E790,S3_C2_E790_V0514,3,2.283333333333333,5.283333333333333,3.0,1.0,animal_detection,S3/C2/S3_C2_E790_V0514.mp4,S3,C2,8.0,1,animal,red_deer,foraging,1,test
E791,S3_C2_E791_V0515,1,1.3333333333333333,2.333333333333333,0.9999999999999998,0.9999999999999998,animal_detection,S3/C2/S3_C2_E791_V0515.mp4,S3,C2,6.5,1,animal,red_deer,foraging,1,test
E791,S3_C2_E791_V0517,1,1.8833333333333333,2.8833333333333333,1.0,1.0,animal_detection,S3/C2/S3_C2_E791_V0517.mp4,S3,C2,5.0,1,animal,red_deer,foraging,1,test
E791,S3_C2_E791_V0516,1,1.9833333333333334,2.9833333333333334,1.0,1.0,animal_detection,S3/C2/S3_C2_E791_V0516.mp4,S3,C2,5.0,1,animal,red_deer,foraging,1,test
E791,S3_C2_E791_V0515,2,0.8333333333333333,2.833333333333333,1.9999999999999998,0.9999999999999999,animal_detection,S3/C2/S3_C2_E791_V0515.mp4,S3,C2,6.5,1,animal,red_deer,foraging,1,test
E791,S3_C2_E791_V0517,2,1.3833333333333333,3.3833333333333333,2.0,1.0,animal_detection,S3/C2/S3_C2_E791_V0517.mp4,S3,C2,5.0,1,animal,red_deer,foraging,1,test
E791,S3_C2_E791_V0516,2,1.4833333333333334,3.4833333333333334,2.0,1.0,animal_detection,S3/C2/S3_C2_E791_V0516.mp4,S3,C2,5.0,1,animal,red_deer,foraging,1,test
E791,S3_C2_E791_V0515,3,0.33333333333333326,3.333333333333333,3.0,1.0,animal_detection,S3/C2/S3_C2_E791_V0515.mp4,S3,C2,6.5,1,animal,red_deer,foraging,1,test
E791,S3_C2_E791_V0517,3,0.8833333333333333,3.8833333333333333,3.0,1.0,animal_detection,S3/C2/S3_C2_E791_V0517.mp4,S3,C2,5.0,1,animal,red_deer,foraging,1,test
E791,S3_C2_E791_V0516,3,0.9833333333333334,3.9833333333333334,3.0,1.0,animal_detection,S3/C2/S3_C2_E791_V0516.mp4,S3,C2,5.0,1,animal,red_deer,foraging,1,test
E792,S3_C2_E792_V0526,1,6.15,7.15,1.0,1.0,animal_detection,S3/C2/S3_C2_E792_V0526.mp4,S3,C2,60.5,1,animal,red_deer,"courtship,foraging,grooming,marking,resting,unknown,vigilance",1,test
E792,S3_C2_E792_V0521,1,29.75,30.75,1.0,1.0,animal_detection,S3/C2/S3_C2_E792_V0521.mp4,S3,C2,60.5,1,animal,red_deer,"courtship,foraging,grooming,marking,resting,unknown,vigilance",1,test
E792,S3_C2_E792_V0525,1,29.75,30.75,1.0,1.0,animal_detection,S3/C2/S3_C2_E792_V0525.mp4,S3,C2,60.5,1,animal,red_deer,"courtship,foraging,grooming,marking,resting,unknown,vigilance",1,test
E792,S3_C2_E792_V0525,2,29.25,31.25,2.0,1.0,animal_detection,S3/C2/S3_C2_E792_V0525.mp4,S3,C2,60.5,1,animal,red_deer,"courtship,foraging,grooming,marking,resting,unknown,vigilance",1,test
E792,S3_C2_E792_V0524,2,29.25,31.25,2.0,1.0,animal_detection,S3/C2/S3_C2_E792_V0524.mp4,S3,C2,60.5,1,animal,red_deer,"courtship,foraging,grooming,marking,resting,unknown,vigilance",1,test
E792,S3_C2_E792_V0532,2,29.25,31.25,2.0,1.0,animal_detection,S3/C2/S3_C2_E792_V0532.mp4,S3,C2,60.5,1,animal,red_deer,"courtship,foraging,grooming,marking,resting,unknown,vigilance",1,test
E792,S3_C2_E792_V0526,3,5.15,8.15,3.0,1.0,animal_detection,S3/C2/S3_C2_E792_V0526.mp4,S3,C2,60.5,1,animal,red_deer,"courtship,foraging,grooming,marking,resting,unknown,vigilance",1,test
E792,S3_C2_E792_V0530,3,28.75,31.75,3.0,1.0,animal_detection,S3/C2/S3_C2_E792_V0530.mp4,S3,C2,60.5,1,animal,red_deer,"courtship,foraging,grooming,marking,resting,unknown,vigilance",1,test
E792,S3_C2_E792_V0525,3,28.75,31.75,3.0,1.0,animal_detection,S3/C2/S3_C2_E792_V0525.mp4,S3,C2,60.5,1,animal,red_deer,"courtship,foraging,grooming,marking,resting,unknown,vigilance",1,test
E84,S1_C3_E84_V0038,1,5.666666666666667,6.666666666666667,1.0,1.0,animal_detection,S1/C3/S1_C3_E84_V0038.mp4,S1,C3,20.5,1,animal,red_deer,"foraging,unknown,vigilance",1,test
E84,S1_C2_E84_V0093,1,5.933333333333334,6.933333333333334,1.0,1.0,animal_detection,S1/C2/S1_C2_E84_V0093.mp4,S1,C2,20.5,1,animal,red_deer,"foraging,unknown,vigilance",1,test
E84,S1_C1_E84_V0194,1,6.5,7.5,1.0,1.0,animal_detection,S1/C1/S1_C1_E84_V0194.mp4,S1,C1,20.5,1,animal,red_deer,"foraging,unknown,vigilance",1,test
E84,S1_C3_E84_V0038,2,5.166666666666667,7.166666666666667,2.0,1.0,animal_detection,S1/C3/S1_C3_E84_V0038.mp4,S1,C3,20.5,1,animal,red_deer,"foraging,unknown,vigilance",1,test
E84,S1_C2_E84_V0093,2,5.433333333333334,7.433333333333334,2.0,1.0,animal_detection,S1/C2/S1_C2_E84_V0093.mp4,S1,C2,20.5,1,animal,red_deer,"foraging,unknown,vigilance",1,test
E84,S1_C1_E84_V0194,2,6.0,8.0,2.0,1.0,animal_detection,S1/C1/S1_C1_E84_V0194.mp4,S1,C1,20.5,1,animal,red_deer,"foraging,unknown,vigilance",1,test
E84,S1_C3_E84_V0038,3,4.666666666666667,7.666666666666667,3.0,1.0,animal_detection,S1/C3/S1_C3_E84_V0038.mp4,S1,C3,20.5,1,animal,red_deer,"foraging,unknown,vigilance",1,test
E84,S1_C2_E84_V0093,3,4.933333333333334,7.933333333333334,3.0,1.0,animal_detection,S1/C2/S1_C2_E84_V0093.mp4,S1,C2,20.5,1,animal,red_deer,"foraging,unknown,vigilance",1,test
E84,S1_C1_E84_V0194,3,5.5,8.5,3.0,1.0,animal_detection,S1/C1/S1_C1_E84_V0194.mp4,S1,C1,20.5,1,animal,red_deer,"foraging,unknown,vigilance",1,test
E10,S1_C1_E10_V0031,1,18.599999999999998,19.599999999999998,1.0,1.0,animal_detection,S1/C1/S1_C1_E10_V0031.mp4,S1,C1,120.5,1,animal,roe_deer,"foraging,unknown,vigilance",3+,train
E10,S1_C1_E10_V0031,2,18.099999999999998,20.099999999999998,2.0,1.0,animal_detection,S1/C1/S1_C1_E10_V0031.mp4,S1,C1,120.5,1,animal,roe_deer,"foraging,unknown,vigilance",3+,train
E10,S1_C1_E10_V0031,3,17.599999999999998,20.599999999999998,3.0,1.0,animal_detection,S1/C1/S1_C1_E10_V0031.mp4,S1,C1,120.5,1,animal,roe_deer,"foraging,unknown,vigilance",3+,train
E103,S1_C1_E103_V0260,1,1.3833333333333333,2.3833333333333333,1.0,1.0,animal_detection,S1/C1/S1_C1_E103_V0260.mp4,S1,C1,4.0,1,animal,red_deer,"foraging,unknown,vigilance",1,train
E103,S1_C1_E103_V0255,1,5.083333333333333,6.083333333333333,1.0,1.0,animal_detection,S1/C1/S1_C1_E103_V0255.mp4,S1,C1,11.5,1,animal,red_deer,"foraging,unknown,vigilance",1,train
E103,S1_C1_E103_V0254,1,9.75,10.75,1.0,1.0,animal_detection,S1/C1/S1_C1_E103_V0254.mp4,S1,C1,20.5,1,animal,red_deer,"foraging,unknown,vigilance",1,train
E103,S1_C1_E103_V0260,2,0.8833333333333333,2.8833333333333333,2.0,1.0,animal_detection,S1/C1/S1_C1_E103_V0260.mp4,S1,C1,4.0,1,animal,red_deer,"foraging,unknown,vigilance",1,train
E103,S1_C1_E103_V0259,2,1.3833333333333333,3.3833333333333333,2.0,1.0,animal_detection,S1/C1/S1_C1_E103_V0259.mp4,S1,C1,5.0,1,animal,red_deer,"foraging,unknown,vigilance",1,train
E103,S1_C1_E103_V0254,2,9.25,11.25,2.0,1.0,animal_detection,S1/C1/S1_C1_E103_V0254.mp4,S1,C1,20.5,1,animal,red_deer,"foraging,unknown,vigilance",1,train
E103,S1_C1_E103_V0257,3,2.3,5.3,3.0,1.0,animal_detection,S1/C1/S1_C1_E103_V0257.mp4,S1,C1,8.0,1,animal,red_deer,"foraging,unknown,vigilance",1,train
E103,S1_C1_E103_V0255,3,4.083333333333333,7.083333333333333,3.0,1.0,animal_detection,S1/C1/S1_C1_E103_V0255.mp4,S1,C1,11.5,1,animal,red_deer,"foraging,unknown,vigilance",1,train
E103,S1_C1_E103_V0254,3,8.75,11.75,3.0,1.0,animal_detection,S1/C1/S1_C1_E103_V0254.mp4,S1,C1,20.5,1,animal,red_deer,"foraging,unknown,vigilance",1,train
E104,S1_C1_E104_V0265,1,0.25,1.25,1.0,1.0,animal_detection,S1/C1/S1_C1_E104_V0265.mp4,S1,C1,1.5,1,animal,red_deer,"courtship,foraging,grooming,vigilance",1,train
E104,S1_C1_E104_V0273,1,0.25,1.25,1.0,1.0,animal_detection,S1/C1/S1_C1_E104_V0273.mp4,S1,C1,1.5,1,animal,red_deer,"courtship,foraging,grooming,vigilance",1,train
E104,S1_C2_E104_V0119,1,9.75,10.75,1.0,1.0,animal_detection,S1/C2/S1_C2_E104_V0119.mp4,S1,C2,20.5,1,animal,red_deer,"courtship,foraging,grooming,vigilance",1,train
E104,S1_C1_E104_V0274,2,0.10000000000000009,2.1,2.0,1.0,animal_detection,S1/C1/S1_C1_E104_V0274.mp4,S1,C1,2.5,1,animal,red_deer,"courtship,foraging,grooming,vigilance",1,train
E104,S1_C1_E104_V0281,2,0.8833333333333333,2.8833333333333333,2.0,1.0,animal_detection,S1/C1/S1_C1_E104_V0281.mp4,S1,C1,4.0,1,animal,red_deer,"courtship,foraging,grooming,vigilance",1,train
E104,S1_C2_E104_V0120,2,9.25,11.25,2.0,1.0,animal_detection,S1/C2/S1_C2_E104_V0120.mp4,S1,C2,20.5,1,animal,red_deer,"courtship,foraging,grooming,vigilance",1,train
E104,S1_C1_E104_V0282,3,0.43333333333333335,3.4333333333333336,3.0,1.0,animal_detection,S1/C1/S1_C1_E104_V0282.mp4,S1,C1,4.0,1,animal,red_deer,"courtship,foraging,grooming,vigilance",1,train
E104,S1_C1_E104_V0284,3,1.4833333333333334,4.483333333333333,3.0,1.0,animal_detection,S1/C1/S1_C1_E104_V0284.mp4,S1,C1,6.0,1,animal,red_deer,"courtship,foraging,grooming,vigilance",1,train
E104,S1_C2_E104_V0119,3,8.75,11.75,3.0,1.0,animal_detection,S1/C2/S1_C2_E104_V0119.mp4,S1,C2,20.5,1,animal,red_deer,"courtship,foraging,grooming,vigilance",1,train
E105,S1_C1_E105_V0303,1,0.8999999999999999,1.9,1.0,1.0,animal_detection,S1/C1/S1_C1_E105_V0303.mp4,S1,C1,3.0,1,animal,red_deer,"courtship,foraging,marking,unknown,vigilance",1,train
E105,S1_C1_E105_V0285,1,4.683333333333334,5.683333333333334,1.0,1.0,animal_detection,S1/C1/S1_C1_E105_V0285.mp4,S1,C1,10.5,1,animal,red_deer,"courtship,foraging,marking,unknown,vigilance",1,train
E105,S1_C2_E105_V0145,1,9.75,10.75,1.0,1.0,animal_detection,S1/C2/S1_C2_E105_V0145.mp4,S1,C2,20.5,1,animal,red_deer,"courtship,foraging,marking,unknown,vigilance",1,train
E105,S1_C1_E105_V0307,2,0.25,2.25,2.0,1.0,animal_detection,S1/C1/S1_C1_E105_V0307.mp4,S1,C1,2.5,1,animal,red_deer,"courtship,foraging,marking,unknown,vigilance",1,train
E105,S1_C1_E105_V0288,2,1.75,3.75,2.0,1.0,animal_detection,S1/C1/S1_C1_E105_V0288.mp4,S1,C1,5.5,1,animal,red_deer,"courtship,foraging,marking,unknown,vigilance",1,train
E105,S1_C2_E105_V0126,2,9.25,11.25,2.0,1.0,animal_detection,S1/C2/S1_C2_E105_V0126.mp4,S1,C2,20.5,1,animal,red_deer,"courtship,foraging,marking,unknown,vigilance",1,train
E105,S1_C1_E105_V0287,3,2.583333333333333,5.583333333333333,3.0,1.0,animal_detection,S1/C1/S1_C1_E105_V0287.mp4,S1,C1,8.5,1,animal,red_deer,"courtship,foraging,marking,unknown,vigilance",1,train
E105,S1_C1_E105_V0286,3,3.0,6.0,3.0,1.0,animal_detection,S1/C1/S1_C1_E105_V0286.mp4,S1,C1,9.0,1,animal,red_deer,"courtship,foraging,marking,unknown,vigilance",1,train
E105,S1_C2_E105_V0134,3,8.75,11.75,3.0,1.0,animal_detection,S1/C2/S1_C2_E105_V0134.mp4,S1,C2,20.5,1,animal,red_deer,"courtship,foraging,marking,unknown,vigilance",1,train
E106,S1_C1_E106_V0323,1,0.25,1.25,1.0,1.0,animal_detection,S1/C1/S1_C1_E106_V0323.mp4,S1,C1,1.5,1,animal,red_deer,"foraging,unknown,vigilance",1,train
E106,S1_C2_E106_V0154,1,9.75,10.75,1.0,1.0,animal_detection,S1/C2/S1_C2_E106_V0154.mp4,S1,C2,20.5,1,animal,red_deer,"foraging,unknown,vigilance",1,train
E106,S1_C2_E106_V0153,1,9.75,10.75,1.0,1.0,animal_detection,S1/C2/S1_C2_E106_V0153.mp4,S1,C2,20.5,1,animal,red_deer,"foraging,unknown,vigilance",1,train
E106,S1_C1_E106_V0326,2,0.08333333333333326,2.083333333333333,1.9999999999999998,0.9999999999999999,animal_detection,S1/C1/S1_C1_E106_V0326.mp4,S1,C1,2.5,1,animal,red_deer,"foraging,unknown,vigilance",1,train
E106,S1_C1_E106_V0324,2,0.5,2.5,2.0,1.0,animal_detection,S1/C1/S1_C1_E106_V0324.mp4,S1,C1,3.0,1,animal,red_deer,"foraging,unknown,vigilance",1,train
E106,S1_C1_E106_V0311,2,0.8166666666666667,2.8166666666666664,1.9999999999999998,0.9999999999999999,animal_detection,S1/C1/S1_C1_E106_V0311.mp4,S1,C1,6.0,1,animal,red_deer,"foraging,unknown,vigilance",1,train
E106,S1_C1_E106_V0322,3,0.0,3.0,3.0,1.0,animal_detection,S1/C1/S1_C1_E106_V0322.mp4,S1,C1,3.0,1,animal,red_deer,"foraging,unknown,vigilance",1,train
E106,S1_C2_E106_V0153,3,8.75,11.75,3.0,1.0,animal_detection,S1/C2/S1_C2_E106_V0153.mp4,S1,C2,20.5,1,animal,red_deer,"foraging,unknown,vigilance",1,train
E106,S1_C2_E106_V0154,3,8.75,11.75,3.0,1.0,animal_detection,S1/C2/S1_C2_E106_V0154.mp4,S1,C2,20.5,1,animal,red_deer,"foraging,unknown,vigilance",1,train
E107,S1_C1_E107_V0331,1,0.16666666666666663,1.1666666666666665,0.9999999999999999,0.9999999999999999,animal_detection,S1/C1/S1_C1_E107_V0331.mp4,S1,C1,1.5,1,animal,red_deer,foraging,1,train
E107,S1_C1_E107_V0337,1,0.5,1.5,1.0,1.0,animal_detection,S1/C1/S1_C1_E107_V0337.mp4,S1,C1,2.0,1,animal,red_deer,foraging,1,train
E107,S1_C2_E107_V0156,1,9.75,10.75,1.0,1.0,animal_detection,S1/C2/S1_C2_E107_V0156.mp4,S1,C2,20.5,1,animal,red_deer,foraging,1,train
E107,S1_C1_E107_V0334,2,0.1499999999999999,2.15,2.0,1.0,animal_detection,S1/C1/S1_C1_E107_V0334.mp4,S1,C1,2.5,1,animal,red_deer,foraging,1,train
E107,S1_C1_E107_V0336,2,0.5,2.5,2.0,1.0,animal_detection,S1/C1/S1_C1_E107_V0336.mp4,S1,C1,3.0,1,animal,red_deer,foraging,1,train
E107,S1_C2_E107_V0156,2,9.25,11.25,2.0,1.0,animal_detection,S1/C2/S1_C2_E107_V0156.mp4,S1,C2,20.5,1,animal,red_deer,foraging,1,train
E107,S1_C1_E107_V0329,3,0.6833333333333331,3.683333333333333,3.0,1.0,animal_detection,S1/C1/S1_C1_E107_V0329.mp4,S1,C1,4.5,1,animal,red_deer,foraging,1,train
E107,S1_C2_E107_V0158,3,8.75,11.75,3.0,1.0,animal_detection,S1/C2/S1_C2_E107_V0158.mp4,S1,C2,20.5,1,animal,red_deer,foraging,1,train
E107,S1_C2_E107_V0157,3,8.75,11.75,3.0,1.0,animal_detection,S1/C2/S1_C2_E107_V0157.mp4,S1,C2,20.5,1,animal,red_deer,foraging,1,train
E108,S1_C2_E108_V0160,1,9.75,10.75,1.0,1.0,animal_detection,S1/C2/S1_C2_E108_V0160.mp4,S1,C2,20.5,1,animal,red_deer,foraging,1,train
E108,S1_C2_E108_V0160,2,9.25,11.25,2.0,1.0,animal_detection,S1/C2/S1_C2_E108_V0160.mp4,S1,C2,20.5,1,animal,red_deer,foraging,1,train
E108,S1_C2_E108_V0160,3,8.75,11.75,3.0,1.0,animal_detection,S1/C2/S1_C2_E108_V0160.mp4,S1,C2,20.5,1,animal,red_deer,foraging,1,train
E109,S1_C1_E109_V0339,1,1.6833333333333331,2.683333333333333,1.0,1.0,animal_detection,S1/C1/S1_C1_E109_V0339.mp4,S1,C1,4.5,1,animal,red_deer,"foraging,unknown",1,train
E109,S1_C2_E109_V0162,1,5.833333333333333,6.833333333333333,1.0,1.0,animal_detection,S1/C2/S1_C2_E109_V0162.mp4,S1,C2,20.5,1,animal,red_deer,"foraging,unknown",1,train
E109,S1_C2_E109_V0161,1,9.75,10.75,1.0,1.0,animal_detection,S1/C2/S1_C2_E109_V0161.mp4,S1,C2,20.5,1,animal,red_deer,"foraging,unknown",1,train
E109,S1_C1_E109_V0339,2,1.1833333333333331,3.183333333333333,2.0,1.0,animal_detection,S1/C1/S1_C1_E109_V0339.mp4,S1,C1,4.5,1,animal,red_deer,"foraging,unknown",1,train
E109,S1_C2_E109_V0162,2,5.333333333333333,7.333333333333333,2.0,1.0,animal_detection,S1/C2/S1_C2_E109_V0162.mp4,S1,C2,20.5,1,animal,red_deer,"foraging,unknown",1,train
E109,S1_C2_E109_V0161,2,9.25,11.25,2.0,1.0,animal_detection,S1/C2/S1_C2_E109_V0161.mp4,S1,C2,20.5,1,animal,red_deer,"foraging,unknown",1,train
E109,S1_C1_E109_V0339,3,0.6833333333333331,3.683333333333333,3.0,1.0,animal_detection,S1/C1/S1_C1_E109_V0339.mp4,S1,C1,4.5,1,animal,red_deer,"foraging,unknown",1,train
E109,S1_C2_E109_V0162,3,4.833333333333333,7.833333333333333,3.0,1.0,animal_detection,S1/C2/S1_C2_E109_V0162.mp4,S1,C2,20.5,1,animal,red_deer,"foraging,unknown",1,train
E109,S1_C2_E109_V0161,3,8.75,11.75,3.0,1.0,animal_detection,S1/C2/S1_C2_E109_V0161.mp4,S1,C2,20.5,1,animal,red_deer,"foraging,unknown",1,train
E115,S1_C1_E115_V0346,1,0.5833333333333333,1.5833333333333333,1.0,1.0,animal_detection,S1/C1/S1_C1_E115_V0346.mp4,S1,C1,2.5,1,animal,red_deer,"foraging,unknown,vigilance",1,train
E115,S1_C1_E115_V0343,1,6.25,7.25,1.0,1.0,animal_detection,S1/C1/S1_C1_E115_V0343.mp4,S1,C1,13.5,1,animal,red_deer,"foraging,unknown,vigilance",1,train
E115,S1_C2_E115_V0165,1,9.783333333333333,10.783333333333333,1.0,1.0,animal_detection,S1/C2/S1_C2_E115_V0165.mp4,S1,C2,20.5,1,animal,red_deer,"foraging,unknown,vigilance",1,train
E115,S1_C1_E115_V0350,2,0.10000000000000009,2.1,2.0,1.0,animal_detection,S1/C1/S1_C1_E115_V0350.mp4,S1,C1,2.5,1,animal,red_deer,"foraging,unknown,vigilance",1,train
E115,S1_C1_E115_V0344,2,0.3833333333333333,2.3833333333333333,2.0,1.0,animal_detection,S1/C1/S1_C1_E115_V0344.mp4,S1,C1,3.0,1,animal,red_deer,"foraging,unknown,vigilance",1,train
E115,S1_C1_E115_V0343,2,5.75,7.75,2.0,1.0,animal_detection,S1/C1/S1_C1_E115_V0343.mp4,S1,C1,13.5,1,animal,red_deer,"foraging,unknown,vigilance",1,train
E115,S1_C1_E115_V0343,3,5.25,8.25,3.0,1.0,animal_detection,S1/C1/S1_C1_E115_V0343.mp4,S1,C1,13.5,1,animal,red_deer,"foraging,unknown,vigilance",1,train
E115,S1_C2_E115_V0166,3,6.05,9.05,3.000000000000001,1.0000000000000002,animal_detection,S1/C2/S1_C2_E115_V0166.mp4,S1,C2,20.5,1,animal,red_deer,"foraging,unknown,vigilance",1,train
E115,S1_C2_E115_V0169,3,7.416666666666666,10.416666666666666,3.0,1.0,animal_detection,S1/C2/S1_C2_E115_V0169.mp4,S1,C2,20.5,1,animal,red_deer,"foraging,unknown,vigilance",1,train
E116,S1_C1_E116_V0358,1,0.41666666666666663,1.4166666666666665,0.9999999999999999,0.9999999999999999,animal_detection,S1/C1/S1_C1_E116_V0358.mp4,S1,C1,15.0,1,animal,red_deer,foraging,2,train
E116,S1_C1_E116_V0357,1,4.166666666666667,5.166666666666667,1.0,1.0,animal_detection,S1/C1/S1_C1_E116_V0357.mp4,S1,C1,19.5,1,animal,red_deer,foraging,2,train
E116,S1_C1_E116_V0358,2,0.0,2.0,1.8333333333333333,0.9166666666666666,animal_detection,S1/C1/S1_C1_E116_V0358.mp4,S1,C1,15.0,1,animal,red_deer,foraging,2,train
E116,S1_C1_E116_V0357,2,3.666666666666667,5.666666666666667,2.0,1.0,animal_detection,S1/C1/S1_C1_E116_V0357.mp4,S1,C1,19.5,1,animal,red_deer,foraging,2,train
E116,S1_C1_E116_V0358,3,0.0,3.0,1.8333333333333333,0.611111111111111,animal_detection,S1/C1/S1_C1_E116_V0358.mp4,S1,C1,15.0,1,animal,red_deer,foraging,2,train
E116,S1_C1_E116_V0357,3,3.166666666666667,6.166666666666667,3.0,1.0,animal_detection,S1/C1/S1_C1_E116_V0357.mp4,S1,C1,19.5,1,animal,red_deer,foraging,2,train
E117,S1_C1_E117_V0368,1,0.6666666666666667,1.6666666666666667,1.0,1.0,animal_detection,S1/C1/S1_C1_E117_V0368.mp4,S1,C1,2.5,1,animal,red_deer,"foraging,unknown",1,train
E117,S1_C1_E117_V0365,1,1.6833333333333331,2.683333333333333,1.0,1.0,animal_detection,S1/C1/S1_C1_E117_V0365.mp4,S1,C1,4.5,1,animal,red_deer,"foraging,unknown",1,train
E117,S1_C2_E117_V0170,1,9.75,10.75,1.0,1.0,animal_detection,S1/C2/S1_C2_E117_V0170.mp4,S1,C2,20.5,1,animal,red_deer,"foraging,unknown",1,train
E117,S1_C1_E117_V0362,2,1.5833333333333335,3.5833333333333335,2.0,1.0,animal_detection,S1/C1/S1_C1_E117_V0362.mp4,S1,C1,5.5,1,animal,red_deer,"foraging,unknown",1,train
E117,S1_C1_E117_V0359,2,3.9833333333333334,5.983333333333333,2.0,1.0,animal_detection,S1/C1/S1_C1_E117_V0359.mp4,S1,C1,10.0,1,animal,red_deer,"foraging,unknown",1,train
E117,S1_C2_E117_V0174,2,9.25,11.25,2.0,1.0,animal_detection,S1/C2/S1_C2_E117_V0174.mp4,S1,C2,20.5,1,animal,red_deer,"foraging,unknown",1,train
E117,S1_C1_E117_V0371,3,1.0,4.0,3.0,1.0,animal_detection,S1/C1/S1_C1_E117_V0371.mp4,S1,C1,5.0,1,animal,red_deer,"foraging,unknown",1,train
E117,S1_C1_E117_V0360,3,1.9833333333333334,4.983333333333333,3.0,1.0,animal_detection,S1/C1/S1_C1_E117_V0360.mp4,S1,C1,7.0,1,animal,red_deer,"foraging,unknown",1,train
E117,S1_C2_E117_V0177,3,8.083333333333334,11.083333333333334,3.0,1.0,animal_detection,S1/C2/S1_C2_E117_V0177.mp4,S1,C2,19.5,1,animal,red_deer,"foraging,unknown",1,train
E118,S1_C1_E118_V0388,1,0.4,1.4,0.9999999999999999,0.9999999999999999,animal_detection,S1/C1/S1_C1_E118_V0388.mp4,S1,C1,2.0,1,animal,red_deer,"foraging,marking,unknown,vigilance",1,train
E118,S1_C2_E118_V0181,1,0.8666666666666667,1.8666666666666667,1.0,1.0,animal_detection,S1/C2/S1_C2_E118_V0181.mp4,S1,C2,3.0,1,animal,red_deer,"foraging,marking,unknown,vigilance",1,train
E118,S1_C2_E118_V0178,1,9.75,10.75,1.0,1.0,animal_detection,S1/C2/S1_C2_E118_V0178.mp4,S1,C2,20.5,1,animal,red_deer,"foraging,marking,unknown,vigilance",1,train
E118,S1_C2_E118_V0181,2,0.3666666666666667,2.3666666666666667,2.0,1.0,animal_detection,S1/C2/S1_C2_E118_V0181.mp4,S1,C2,3.0,1,animal,red_deer,"foraging,marking,unknown,vigilance",1,train
E118,S1_C2_E118_V0179,2,8.683333333333334,10.683333333333334,2.0,1.0,animal_detection,S1/C2/S1_C2_E118_V0179.mp4,S1,C2,19.5,1,animal,red_deer,"foraging,marking,unknown,vigilance",1,train
E118,S1_C2_E118_V0178,2,9.25,11.25,2.0,1.0,animal_detection,S1/C2/S1_C2_E118_V0178.mp4,S1,C2,20.5,1,animal,red_deer,"foraging,marking,unknown,vigilance",1,train
E118,S1_C1_E118_V0375,3,0.7833333333333332,3.783333333333333,3.0,1.0,animal_detection,S1/C1/S1_C1_E118_V0375.mp4,S1,C1,5.0,1,animal,red_deer,"foraging,marking,unknown,vigilance",1,train
E118,S1_C2_E118_V0179,3,8.183333333333334,11.183333333333334,3.0,1.0,animal_detection,S1/C2/S1_C2_E118_V0179.mp4,S1,C2,19.5,1,animal,red_deer,"foraging,marking,unknown,vigilance",1,train
E118,S1_C2_E118_V0178,3,8.75,11.75,3.0,1.0,animal_detection,S1/C2/S1_C2_E118_V0178.mp4,S1,C2,20.5,1,animal,red_deer,"foraging,marking,unknown,vigilance",1,train
E121,S1_C1_E121_V0419,1,0.19999999999999996,1.2,1.0,1.0,animal_detection,S1/C1/S1_C1_E121_V0419.mp4,S1,C1,1.5,1,animal,red_deer,"foraging,unknown,vigilance",1,train
E121,S1_C1_E121_V0408,1,2.183333333333333,3.183333333333333,1.0,1.0,animal_detection,S1/C1/S1_C1_E121_V0408.mp4,S1,C1,5.5,1,animal,red_deer,"foraging,unknown,vigilance",1,train
E121,S1_C2_E121_V0184,1,9.75,10.75,1.0,1.0,animal_detection,S1/C2/S1_C2_E121_V0184.mp4,S1,C2,20.5,1,animal,red_deer,"foraging,unknown,vigilance",1,train
E121,S1_C1_E121_V0408,2,1.6833333333333331,3.683333333333333,2.0,1.0,animal_detection,S1/C1/S1_C1_E121_V0408.mp4,S1,C1,5.5,1,animal,red_deer,"foraging,unknown,vigilance",1,train
E121,S1_C2_E121_V0186,2,9.25,11.25,2.0,1.0,animal_detection,S1/C2/S1_C2_E121_V0186.mp4,S1,C2,20.5,1,animal,red_deer,"foraging,unknown,vigilance",1,train
E121,S1_C2_E121_V0187,2,9.25,11.25,2.0,1.0,animal_detection,S1/C2/S1_C2_E121_V0187.mp4,S1,C2,20.5,1,animal,red_deer,"foraging,unknown,vigilance",1,train
E121,S1_C1_E121_V0409,3,0.6833333333333331,3.683333333333333,3.0,1.0,animal_detection,S1/C1/S1_C1_E121_V0409.mp4,S1,C1,4.5,1,animal,red_deer,"foraging,unknown,vigilance",1,train
E121,S1_C2_E121_V0188,3,8.75,11.75,3.0,1.0,animal_detection,S1/C2/S1_C2_E121_V0188.mp4,S1,C2,20.5,1,animal,red_deer,"foraging,unknown,vigilance",1,train
E121,S1_C2_E121_V0192,3,8.75,11.75,3.0,1.0,animal_detection,S1/C2/S1_C2_E121_V0192.mp4,S1,C2,20.5,1,animal,red_deer,"foraging,unknown,vigilance",1,train
E122,S1_C1_E122_V0456,1,0.25,1.25,1.0,1.0,animal_detection,S1/C1/S1_C1_E122_V0456.mp4,S1,C1,1.5,1,animal,red_deer,"courtship,foraging,unknown,vigilance",1,train
E122,S1_C1_E122_V0477,1,0.44999999999999996,1.45,1.0,1.0,animal_detection,S1/C1/S1_C1_E122_V0477.mp4,S1,C1,2.0,1,animal,red_deer,"courtship,foraging,unknown,vigilance",1,train
E122,S1_C2_E122_V0204,1,0.7,1.7,1.0,1.0,animal_detection,S1/C2/S1_C2_E122_V0204.mp4,S1,C2,2.5,1,animal,red_deer,"courtship,foraging,unknown,vigilance",1,train
E122,S1_C2_E122_V0213,2,0.2333333333333334,2.2333333333333334,2.0,1.0,animal_detection,S1/C2/S1_C2_E122_V0213.mp4,S1,C2,2.5,1,animal,red_deer,"courtship,foraging,unknown,vigilance",1,train
E122,S1_C2_E122_V0203,2,0.3999999999999999,2.4,2.0,1.0,animal_detection,S1/C2/S1_C2_E122_V0203.mp4,S1,C2,3.0,1,animal,red_deer,"courtship,foraging,unknown,vigilance",1,train
E122,S1_C2_E122_V0205,2,1.9833333333333334,3.9833333333333334,2.0,1.0,animal_detection,S1/C2/S1_C2_E122_V0205.mp4,S1,C2,6.0,1,animal,red_deer,"courtship,foraging,unknown,vigilance",1,train
E122,S1_C1_E122_V0451,3,0.0,3.0,3.0,1.0,animal_detection,S1/C1/S1_C1_E122_V0451.mp4,S1,C1,3.5,1,animal,red_deer,"courtship,foraging,unknown,vigilance",1,train
E122,S1_C2_E122_V0233,3,0.0,3.0,2.933333333333333,0.9777777777777777,animal_detection,S1/C2/S1_C2_E122_V0233.mp4,S1,C2,3.0,1,animal,red_deer,"courtship,foraging,unknown,vigilance",1,train
E122,S1_C2_E122_V0263,3,1.1833333333333331,4.183333333333334,3.0000000000000004,1.0000000000000002,animal_detection,S1/C2/S1_C2_E122_V0263.mp4,S1,C2,5.5,1,animal,red_deer,"courtship,foraging,unknown,vigilance",1,train
E123,S1_C2_E123_V0272,1,1.3666666666666667,2.3666666666666667,1.0,1.0,animal_detection,S1/C2/S1_C2_E123_V0272.mp4,S1,C2,9.0,1,animal,red_deer,"foraging,marking,unknown,vigilance",1,train
E123,S1_C2_E123_V0269,1,1.6833333333333331,2.683333333333333,1.0,1.0,animal_detection,S1/C2/S1_C2_E123_V0269.mp4,S1,C2,4.5,1,animal,red_deer,"foraging,marking,unknown,vigilance",1,train
E123,S1_C2_E123_V0266,1,6.583333333333333,7.583333333333333,1.0,1.0,animal_detection,S1/C2/S1_C2_E123_V0266.mp4,S1,C2,14.5,1,animal,red_deer,"foraging,marking,unknown,vigilance",1,train
E123,S1_C2_E123_V0273,2,2.283333333333333,4.283333333333333,2.0,1.0,animal_detection,S1/C2/S1_C2_E123_V0273.mp4,S1,C2,7.0,1,animal,red_deer,"foraging,marking,unknown,vigilance",1,train
E123,S1_C2_E123_V0267,2,4.933333333333334,6.933333333333334,2.0,1.0,animal_detection,S1/C2/S1_C2_E123_V0267.mp4,S1,C2,12.0,1,animal,red_deer,"foraging,marking,unknown,vigilance",1,train
E123,S1_C2_E123_V0266,2,6.083333333333333,8.083333333333332,1.9999999999999991,0.9999999999999996,animal_detection,S1/C2/S1_C2_E123_V0266.mp4,S1,C2,14.5,1,animal,red_deer,"foraging,marking,unknown,vigilance",1,train
E123,S1_C2_E123_V0269,3,0.6833333333333331,3.683333333333333,3.0,1.0,animal_detection,S1/C2/S1_C2_E123_V0269.mp4,S1,C2,4.5,1,animal,red_deer,"foraging,marking,unknown,vigilance",1,train
E123,S1_C2_E123_V0268,3,1.4833333333333334,4.483333333333333,3.0,1.0,animal_detection,S1/C2/S1_C2_E123_V0268.mp4,S1,C2,6.0,1,animal,red_deer,"foraging,marking,unknown,vigilance",1,train
E123,S1_C2_E123_V0267,3,4.433333333333334,7.433333333333334,3.0,1.0,animal_detection,S1/C2/S1_C2_E123_V0267.mp4,S1,C2,12.0,1,animal,red_deer,"foraging,marking,unknown,vigilance",1,train
E125,S1_C2_E125_V0275,1,0.15000000000000002,1.15,0.9999999999999999,0.9999999999999999,animal_detection,S1/C2/S1_C2_E125_V0275.mp4,S1,C2,1.5,1,animal,red_deer,"foraging,unknown",1,train
E125,S1_C2_E125_V0278,1,1.4833333333333334,2.4833333333333334,1.0,1.0,animal_detection,S1/C2/S1_C2_E125_V0278.mp4,S1,C2,4.0,1,animal,red_deer,"foraging,unknown",1,train
E125,S1_C2_E125_V0274,1,3.3833333333333333,4.383333333333333,0.9999999999999996,0.9999999999999996,animal_detection,S1/C2/S1_C2_E125_V0274.mp4,S1,C2,8.0,1,animal,red_deer,"foraging,unknown",1,train
E125,S1_C2_E125_V0280,2,0.21666666666666656,2.216666666666667,2.0,1.0,animal_detection,S1/C2/S1_C2_E125_V0280.mp4,S1,C2,2.5,1,animal,red_deer,"foraging,unknown",1,train
E125,S1_C2_E125_V0278,2,0.9833333333333334,2.9833333333333334,2.0,1.0,animal_detection,S1/C2/S1_C2_E125_V0278.mp4,S1,C2,4.0,1,animal,red_deer,"foraging,unknown",1,train
E125,S1_C2_E125_V0277,2,0.9833333333333334,2.9833333333333334,2.0,1.0,animal_detection,S1/C2/S1_C2_E125_V0277.mp4,S1,C2,4.0,1,animal,red_deer,"foraging,unknown",1,train
E125,S1_C2_E125_V0277,3,0.4833333333333334,3.4833333333333334,3.0,1.0,animal_detection,S1/C2/S1_C2_E125_V0277.mp4,S1,C2,4.0,1,animal,red_deer,"foraging,unknown",1,train
E125,S1_C2_E125_V0278,3,0.4833333333333334,3.4833333333333334,3.0,1.0,animal_detection,S1/C2/S1_C2_E125_V0278.mp4,S1,C2,4.0,1,animal,red_deer,"foraging,unknown",1,train
E125,S1_C2_E125_V0274,3,2.3833333333333333,5.383333333333333,2.9999999999999996,0.9999999999999999,animal_detection,S1/C2/S1_C2_E125_V0274.mp4,S1,C2,8.0,1,animal,red_deer,"foraging,unknown",1,train
E126,S1_C1_E126_V0576,1,10.316666666666668,11.316666666666668,1.0,1.0,animal_detection,S1/C1/S1_C1_E126_V0576.mp4,S1,C1,120.5,1,animal,red_deer,"foraging,vigilance",1,train
E126,S1_C1_E126_V0576,2,9.816666666666668,11.816666666666668,2.0,1.0,animal_detection,S1/C1/S1_C1_E126_V0576.mp4,S1,C1,120.5,1,animal,red_deer,"foraging,vigilance",1,train
E126,S1_C1_E126_V0576,3,9.316666666666668,12.316666666666668,3.0,1.0,animal_detection,S1/C1/S1_C1_E126_V0576.mp4,S1,C1,120.5,1,animal,red_deer,"foraging,vigilance",1,train
E139,S1_C1_E139_V0706,1,7.2,8.2,0.9999999999999991,0.9999999999999991,animal_detection,S1/C1/S1_C1_E139_V0706.mp4,S1,C1,120.5,1,animal,red_deer,foraging,1,train
E139,S1_C1_E139_V0706,2,6.7,8.7,1.9999999999999991,0.9999999999999996,animal_detection,S1/C1/S1_C1_E139_V0706.mp4,S1,C1,120.5,1,animal,red_deer,foraging,1,train
E139,S1_C1_E139_V0706,3,6.2,9.2,2.999999999999999,0.9999999999999997,animal_detection,S1/C1/S1_C1_E139_V0706.mp4,S1,C1,120.5,1,animal,red_deer,foraging,1,train
E140,S1_C3_E140_V0057,1,0.0,1.0,0.0,0.0,background,S1/C3/S1_C3_E140_V0057.mp4,S1,C3,120.5,0,background,none,none,0,train
E140,S1_C3_E140_V0058,1,0.0,1.0,0.0,0.0,background,S1/C3/S1_C3_E140_V0058.mp4,S1,C3,120.5,0,background,none,none,0,train
E140,S1_C3_E140_V0057,1,59.75,60.75,0.0,0.0,background,S1/C3/S1_C3_E140_V0057.mp4,S1,C3,120.5,0,background,none,none,0,train
E140,S1_C3_E140_V0057,2,59.25,61.25,0.0,0.0,background,S1/C3/S1_C3_E140_V0057.mp4,S1,C3,120.5,0,background,none,none,0,train
E140,S1_C3_E140_V0058,2,59.25,61.25,0.0,0.0,background,S1/C3/S1_C3_E140_V0058.mp4,S1,C3,120.5,0,background,none,none,0,train
E140,S1_C3_E140_V0058,2,118.5,120.5,0.0,0.0,background,S1/C3/S1_C3_E140_V0058.mp4,S1,C3,120.5,0,background,none,none,0,train
E140,S1_C3_E140_V0057,3,58.75,61.75,0.0,0.0,background,S1/C3/S1_C3_E140_V0057.mp4,S1,C3,120.5,0,background,none,none,0,train
E140,S1_C3_E140_V0058,3,58.75,61.75,0.0,0.0,background,S1/C3/S1_C3_E140_V0058.mp4,S1,C3,120.5,0,background,none,none,0,train
E140,S1_C3_E140_V0058,3,117.5,120.5,0.0,0.0,background,S1/C3/S1_C3_E140_V0058.mp4,S1,C3,120.5,0,background,none,none,0,train
E142,S1_C1_E142_V0708,1,0.33333333333333337,1.3333333333333335,1.0,1.0,animal_detection,S1/C1/S1_C1_E142_V0708.mp4,S1,C1,2.0,1,animal,red_deer,foraging,1,train
E142,S1_C1_E142_V0707,1,1.4666666666666666,2.466666666666667,1.0000000000000002,1.0000000000000002,animal_detection,S1/C1/S1_C1_E142_V0707.mp4,S1,C1,4.0,1,animal,red_deer,foraging,1,train
E142,S1_C1_E142_V0708,2,0.0,2.0,1.6666666666666667,0.8333333333333334,animal_detection,S1/C1/S1_C1_E142_V0708.mp4,S1,C1,2.0,1,animal,red_deer,foraging,1,train
E142,S1_C1_E142_V0707,2,0.9666666666666666,2.966666666666667,2.0,1.0,animal_detection,S1/C1/S1_C1_E142_V0707.mp4,S1,C1,4.0,1,animal,red_deer,foraging,1,train
E142,S1_C1_E142_V0707,3,0.46666666666666656,3.466666666666667,3.0,1.0,animal_detection,S1/C1/S1_C1_E142_V0707.mp4,S1,C1,4.0,1,animal,red_deer,foraging,1,train
E143,S1_C1_E143_V0722,1,0.25,1.25,1.0,1.0,animal_detection,S1/C1/S1_C1_E143_V0722.mp4,S1,C1,1.5,1,animal,red_deer,"foraging,vigilance",1,train
E143,S1_C1_E143_V0717,1,0.31666666666666665,1.3166666666666667,1.0,1.0,animal_detection,S1/C1/S1_C1_E143_V0717.mp4,S1,C1,2.0,1,animal,red_deer,"foraging,vigilance",1,train
E143,S1_C2_E143_V0320,1,9.75,10.75,1.0,1.0,animal_detection,S1/C2/S1_C2_E143_V0320.mp4,S1,C2,20.5,1,animal,red_deer,"foraging,vigilance",1,train
E143,S1_C2_E143_V0326,2,0.31666666666666665,2.3166666666666664,1.9999999999999998,0.9999999999999999,animal_detection,S1/C2/S1_C2_E143_V0326.mp4,S1,C2,3.0,1,animal,red_deer,"foraging,vigilance",1,train
E143,S1_C2_E143_V0323,2,3.3833333333333337,5.383333333333334,2.0,1.0,animal_detection,S1/C2/S1_C2_E143_V0323.mp4,S1,C2,9.0,1,animal,red_deer,"foraging,vigilance",1,train
E143,S1_C2_E143_V0322,2,5.783333333333333,7.783333333333333,2.0,1.0,animal_detection,S1/C2/S1_C2_E143_V0322.mp4,S1,C2,14.0,1,animal,red_deer,"foraging,vigilance",1,train
E143,S1_C2_E143_V0326,3,0.0,3.0,2.6333333333333333,0.8777777777777778,animal_detection,S1/C2/S1_C2_E143_V0326.mp4,S1,C2,3.0,1,animal,red_deer,"foraging,vigilance",1,train
E143,S1_C2_E143_V0324,3,1.6833333333333331,4.683333333333334,3.0000000000000004,1.0000000000000002,animal_detection,S1/C2/S1_C2_E143_V0324.mp4,S1,C2,6.5,1,animal,red_deer,"foraging,vigilance",1,train
E143,S1_C2_E143_V0322,3,5.283333333333333,8.283333333333333,3.0,1.0,animal_detection,S1/C2/S1_C2_E143_V0322.mp4,S1,C2,14.0,1,animal,red_deer,"foraging,vigilance",1,train
E144,S1_C2_E144_V0328,1,2.95,3.95,1.0,1.0,animal_detection,S1/C2/S1_C2_E144_V0328.mp4,S1,C2,20.5,1,animal,red_deer,"camera_reaction,vigilance",1,train
E144,S1_C3_E144_V0060,1,4.366666666666666,5.366666666666666,1.0,1.0,animal_detection,S1/C3/S1_C3_E144_V0060.mp4,S1,C3,20.5,1,animal,red_deer,"camera_reaction,vigilance",1,train
E144,S1_C2_E144_V0328,2,2.45,4.45,2.0,1.0,animal_detection,S1/C2/S1_C2_E144_V0328.mp4,S1,C2,20.5,1,animal,red_deer,"camera_reaction,vigilance",1,train
E144,S1_C3_E144_V0060,2,3.8666666666666663,5.866666666666666,2.0,1.0,animal_detection,S1/C3/S1_C3_E144_V0060.mp4,S1,C3,20.5,1,animal,red_deer,"camera_reaction,vigilance",1,train
E144,S1_C2_E144_V0328,3,1.9500000000000002,4.95,3.0,1.0,animal_detection,S1/C2/S1_C2_E144_V0328.mp4,S1,C2,20.5,1,animal,red_deer,"camera_reaction,vigilance",1,train
E144,S1_C3_E144_V0060,3,3.3666666666666663,6.366666666666666,3.0,1.0,animal_detection,S1/C3/S1_C3_E144_V0060.mp4,S1,C3,20.5,1,animal,red_deer,"camera_reaction,vigilance",1,train
E145,S1_C1_E145_V0733,1,0.18333333333333335,1.1833333333333333,1.0,1.0,animal_detection,S1/C1/S1_C1_E145_V0733.mp4,S1,C1,1.5,1,animal,red_deer,"camera_reaction,foraging,unknown",1,train
E145,S1_C2_E145_V0335,1,0.25,1.25,1.0,1.0,animal_detection,S1/C2/S1_C2_E145_V0335.mp4,S1,C2,1.5,1,animal,red_deer,"camera_reaction,foraging,unknown",1,train
E145,S1_C2_E145_V0334,1,2.8833333333333333,3.8833333333333333,1.0,1.0,animal_detection,S1/C2/S1_C2_E145_V0334.mp4,S1,C2,7.0,1,animal,red_deer,"camera_reaction,foraging,unknown",1,train
E145,S1_C2_E145_V0336,2,0.0,2.0,1.8,0.9,animal_detection,S1/C2/S1_C2_E145_V0336.mp4,S1,C2,2.0,1,animal,red_deer,"camera_reaction,foraging,unknown",1,train
E145,S1_C2_E145_V0334,2,2.3833333333333333,4.383333333333333,1.9999999999999996,0.9999999999999998,animal_detection,S1/C2/S1_C2_E145_V0334.mp4,S1,C2,7.0,1,animal,red_deer,"camera_reaction,foraging,unknown",1,train
E145,S1_C2_E145_V0329,2,4.816666666666666,6.816666666666666,2.0,1.0,animal_detection,S1/C2/S1_C2_E145_V0329.mp4,S1,C2,13.5,1,animal,red_deer,"camera_reaction,foraging,unknown",1,train
E145,S1_C2_E145_V0333,3,0.0,3.0,2.9,0.9666666666666667,animal_detection,S1/C2/S1_C2_E145_V0333.mp4,S1,C2,3.0,1,animal,red_deer,"camera_reaction,foraging,unknown",1,train
E145,S1_C2_E145_V0334,3,1.8833333333333333,4.883333333333333,2.9999999999999996,0.9999999999999999,animal_detection,S1/C2/S1_C2_E145_V0334.mp4,S1,C2,7.0,1,animal,red_deer,"camera_reaction,foraging,unknown",1,train
E145,S1_C3_E145_V0061,3,7.833333333333334,10.833333333333334,3.0,1.0,animal_detection,S1/C3/S1_C3_E145_V0061.mp4,S1,C3,20.5,1,animal,red_deer,"camera_reaction,foraging,unknown",1,train
E146,S1_C1_E146_V0738,1,59.75,60.75,1.0,1.0,animal_detection,S1/C1/S1_C1_E146_V0738.mp4,S1,C1,120.5,1,animal,red_deer,"foraging,grooming,unknown,vigilance",1,train
E146,S1_C2_E146_V0345,1,59.766666666666666,60.766666666666666,1.0,1.0,animal_detection,S1/C2/S1_C2_E146_V0345.mp4,S1,C2,120.5,1,animal,red_deer,"foraging,grooming,unknown,vigilance",1,train
E146,S1_C1_E146_V0739,1,94.80000000000001,95.80000000000001,1.0,1.0,animal_detection,S1/C1/S1_C1_E146_V0739.mp4,S1,C1,120.5,1,animal,red_deer,"foraging,grooming,unknown,vigilance",1,train
E146,S1_C1_E146_V0738,2,59.25,61.25,2.0,1.0,animal_detection,S1/C1/S1_C1_E146_V0738.mp4,S1,C1,120.5,1,animal,red_deer,"foraging,grooming,unknown,vigilance",1,train
E146,S1_C2_E146_V0345,2,59.266666666666666,61.266666666666666,2.0,1.0,animal_detection,S1/C2/S1_C2_E146_V0345.mp4,S1,C2,120.5,1,animal,red_deer,"foraging,grooming,unknown,vigilance",1,train
E146,S1_C1_E146_V0739,2,94.30000000000001,96.30000000000001,2.0,1.0,animal_detection,S1/C1/S1_C1_E146_V0739.mp4,S1,C1,120.5,1,animal,red_deer,"foraging,grooming,unknown,vigilance",1,train
E146,S1_C1_E146_V0738,3,58.75,61.75,3.0,1.0,animal_detection,S1/C1/S1_C1_E146_V0738.mp4,S1,C1,120.5,1,animal,red_deer,"foraging,grooming,unknown,vigilance",1,train
E146,S1_C2_E146_V0345,3,58.766666666666666,61.766666666666666,3.0,1.0,animal_detection,S1/C2/S1_C2_E146_V0345.mp4,S1,C2,120.5,1,animal,red_deer,"foraging,grooming,unknown,vigilance",1,train
E146,S1_C1_E146_V0739,3,93.80000000000001,96.80000000000001,3.0,1.0,animal_detection,S1/C1/S1_C1_E146_V0739.mp4,S1,C1,120.5,1,animal,red_deer,"foraging,grooming,unknown,vigilance",1,train
E15,S1_C1_E15_V0036,1,10.7,11.7,1.0,1.0,animal_detection,S1/C1/S1_C1_E15_V0036.mp4,S1,C1,120.5,1,animal,roe_deer,"camera_reaction,foraging,unknown,vigilance",1,train
E15,S1_C2_E15_V0026,1,27.0,28.0,1.0,1.0,animal_detection,S1/C2/S1_C2_E15_V0026.mp4,S1,C2,120.5,1,animal,roe_deer,"camera_reaction,foraging,unknown,vigilance",1,train
E15,S1_C1_E15_V0036,1,54.16666666666667,55.16666666666667,1.0,1.0,animal_detection,S1/C1/S1_C1_E15_V0036.mp4,S1,C1,120.5,1,animal,roe_deer,"camera_reaction,foraging,unknown,vigilance",1,train
E15,S1_C1_E15_V0036,2,10.2,12.2,2.0,1.0,animal_detection,S1/C1/S1_C1_E15_V0036.mp4,S1,C1,120.5,1,animal,roe_deer,"camera_reaction,foraging,unknown,vigilance",1,train
E15,S1_C2_E15_V0026,2,26.5,28.5,2.0,1.0,animal_detection,S1/C2/S1_C2_E15_V0026.mp4,S1,C2,120.5,1,animal,roe_deer,"camera_reaction,foraging,unknown,vigilance",1,train
E15,S1_C1_E15_V0036,2,53.66666666666667,55.66666666666667,2.0,1.0,animal_detection,S1/C1/S1_C1_E15_V0036.mp4,S1,C1,120.5,1,animal,roe_deer,"camera_reaction,foraging,unknown,vigilance",1,train
E15,S1_C2_E15_V0026,3,8.033333333333335,11.033333333333335,3.0,1.0,animal_detection,S1/C2/S1_C2_E15_V0026.mp4,S1,C2,120.5,1,animal,roe_deer,"camera_reaction,foraging,unknown,vigilance",1,train
E15,S1_C2_E15_V0026,3,26.0,29.0,3.0,1.0,animal_detection,S1/C2/S1_C2_E15_V0026.mp4,S1,C2,120.5,1,animal,roe_deer,"camera_reaction,foraging,unknown,vigilance",1,train
E15,S1_C1_E15_V0036,3,53.16666666666667,56.16666666666667,3.0,1.0,animal_detection,S1/C1/S1_C1_E15_V0036.mp4,S1,C1,120.5,1,animal,roe_deer,"camera_reaction,foraging,unknown,vigilance",1,train
E150,S1_C2_E150_V0353,1,0.25,1.25,1.0,1.0,animal_detection,S1/C2/S1_C2_E150_V0353.mp4,S1,C2,1.5,1,animal,red_deer,"foraging,unknown,vigilance",2,train
E150,S1_C2_E150_V0362,1,0.3833333333333333,1.3833333333333333,1.0,1.0,animal_detection,S1/C2/S1_C2_E150_V0362.mp4,S1,C2,2.0,1,animal,red_deer,"foraging,unknown,vigilance",2,train
E150,S1_C2_E150_V0367,1,0.44999999999999996,1.45,1.0,1.0,animal_detection,S1/C2/S1_C2_E150_V0367.mp4,S1,C2,2.0,1,animal,red_deer,"foraging,unknown,vigilance",2,train
E150,S1_C2_E150_V0350,2,0.06666666666666665,2.0666666666666664,1.9999999999999998,0.9999999999999999,animal_detection,S1/C2/S1_C2_E150_V0350.mp4,S1,C2,2.5,1,animal,red_deer,"foraging,unknown,vigilance",2,train
E150,S1_C2_E150_V0357,2,0.06666666666666665,2.0666666666666664,1.9999999999999998,0.9999999999999999,animal_detection,S1/C2/S1_C2_E150_V0357.mp4,S1,C2,2.5,1,animal,red_deer,"foraging,unknown,vigilance",2,train
E150,S1_C2_E150_V0364,2,1.1833333333333331,3.183333333333333,2.0,1.0,animal_detection,S1/C2/S1_C2_E150_V0364.mp4,S1,C2,4.5,1,animal,red_deer,"foraging,unknown,vigilance",2,train
E150,S1_C2_E150_V0348,3,1.2833333333333332,4.283333333333333,3.0,1.0,animal_detection,S1/C2/S1_C2_E150_V0348.mp4,S1,C2,6.0,1,animal,red_deer,"foraging,unknown,vigilance",2,train
E150,S1_C2_E150_V0355,3,2.833333333333333,5.833333333333333,3.0,1.0,animal_detection,S1/C2/S1_C2_E150_V0355.mp4,S1,C2,9.0,1,animal,red_deer,"foraging,unknown,vigilance",2,train
E150,S1_C2_E150_V0347,3,8.75,11.75,3.0,1.0,animal_detection,S1/C2/S1_C2_E150_V0347.mp4,S1,C2,20.5,1,animal,red_deer,"foraging,unknown,vigilance",2,train
E151,S1_C1_E151_V0768,1,0.1333333333333333,1.1333333333333333,1.0,1.0,animal_detection,S1/C1/S1_C1_E151_V0768.mp4,S1,C1,1.5,1,animal,red_deer,"foraging,vigilance",1,train
E151,S1_C2_E151_V0379,1,0.2666666666666667,1.2666666666666666,0.9999999999999999,0.9999999999999999,animal_detection,S1/C2/S1_C2_E151_V0379.mp4,S1,C2,2.0,1,animal,red_deer,"foraging,vigilance",1,train
E151,S1_C2_E151_V0376,1,0.31666666666666665,1.3166666666666667,1.0,1.0,animal_detection,S1/C2/S1_C2_E151_V0376.mp4,S1,C2,2.0,1,animal,red_deer,"foraging,vigilance",1,train
E151,S1_C2_E151_V0379,2,0.0,2.0,1.5333333333333334,0.7666666666666667,animal_detection,S1/C2/S1_C2_E151_V0379.mp4,S1,C2,2.0,1,animal,red_deer,"foraging,vigilance",1,train
E151,S1_C2_E151_V0376,2,0.0,2.0,1.6333333333333333,0.8166666666666667,animal_detection,S1/C2/S1_C2_E151_V0376.mp4,S1,C2,2.0,1,animal,red_deer,"foraging,vigilance",1,train
E151,S1_C2_E151_V0374,2,1.4833333333333334,3.4833333333333334,2.0,1.0,animal_detection,S1/C2/S1_C2_E151_V0374.mp4,S1,C2,5.0,1,animal,red_deer,"foraging,vigilance",1,train
E151,S1_C2_E151_V0375,3,0.0,3.0,2.7666666666666666,0.9222222222222222,animal_detection,S1/C2/S1_C2_E151_V0375.mp4,S1,C2,3.0,1,animal,red_deer,"foraging,vigilance",1,train
E151,S1_C3_E151_V0065,3,1.1833333333333331,4.183333333333334,3.0000000000000004,1.0000000000000002,animal_detection,S1/C3/S1_C3_E151_V0065.mp4,S1,C3,20.5,1,animal,red_deer,"foraging,vigilance",1,train
E151,S1_C2_E151_V0373,3,3.9833333333333334,6.983333333333333,3.0,1.0,animal_detection,S1/C2/S1_C2_E151_V0373.mp4,S1,C2,11.0,1,animal,red_deer,"foraging,vigilance",1,train
E16,S1_C2_E16_V0027,1,9.75,10.75,1.0,1.0,animal_detection,S1/C2/S1_C2_E16_V0027.mp4,S1,C2,20.5,1,animal,red_deer,"camera_reaction,foraging,unknown,vigilance",1,train
E16,S1_C1_E16_V0040,1,9.75,10.75,1.0,1.0,animal_detection,S1/C1/S1_C1_E16_V0040.mp4,S1,C1,20.5,1,animal,red_deer,"camera_reaction,foraging,unknown,vigilance",1,train
E16,S1_C2_E16_V0028,1,9.75,10.75,1.0,1.0,animal_detection,S1/C2/S1_C2_E16_V0028.mp4,S1,C2,20.5,1,animal,red_deer,"camera_reaction,foraging,unknown,vigilance",1,train
E16,S1_C1_E16_V0037,2,0.0,2.0,1.4666666666666666,0.7333333333333333,animal_detection,S1/C1/S1_C1_E16_V0037.mp4,S1,C1,20.5,1,animal,red_deer,"camera_reaction,foraging,unknown,vigilance",1,train
E16,S1_C2_E16_V0028,2,9.25,11.25,2.0,1.0,animal_detection,S1/C2/S1_C2_E16_V0028.mp4,S1,C2,20.5,1,animal,red_deer,"camera_reaction,foraging,unknown,vigilance",1,train
E16,S1_C1_E16_V0038,2,9.283333333333333,11.283333333333333,2.0,1.0,animal_detection,S1/C1/S1_C1_E16_V0038.mp4,S1,C1,20.5,1,animal,red_deer,"camera_reaction,foraging,unknown,vigilance",1,train
E16,S1_C2_E16_V0029,3,3.583333333333333,6.583333333333333,3.0,1.0,animal_detection,S1/C2/S1_C2_E16_V0029.mp4,S1,C2,20.5,1,animal,red_deer,"camera_reaction,foraging,unknown,vigilance",1,train
E16,S1_C2_E16_V0028,3,8.75,11.75,3.0,1.0,animal_detection,S1/C2/S1_C2_E16_V0028.mp4,S1,C2,20.5,1,animal,red_deer,"camera_reaction,foraging,unknown,vigilance",1,train
E16,S1_C1_E16_V0038,3,8.783333333333333,11.783333333333333,3.0,1.0,animal_detection,S1/C1/S1_C1_E16_V0038.mp4,S1,C1,20.5,1,animal,red_deer,"camera_reaction,foraging,unknown,vigilance",1,train
E166,S1_C1_E166_V0781,1,0.0,1.0,0.0,0.0,background,S1/C1/S1_C1_E166_V0781.mp4,S1,C1,120.5,0,background,none,none,0,train
E166,S1_C1_E166_V0781,1,59.75,60.75,0.0,0.0,background,S1/C1/S1_C1_E166_V0781.mp4,S1,C1,120.5,0,background,none,none,0,train
E166,S1_C1_E166_V0781,1,119.5,120.5,0.0,0.0,background,S1/C1/S1_C1_E166_V0781.mp4,S1,C1,120.5,0,background,none,none,0,train
E166,S1_C1_E166_V0781,2,0.0,2.0,0.0,0.0,background,S1/C1/S1_C1_E166_V0781.mp4,S1,C1,120.5,0,background,none,none,0,train
E166,S1_C1_E166_V0781,2,59.25,61.25,0.0,0.0,background,S1/C1/S1_C1_E166_V0781.mp4,S1,C1,120.5,0,background,none,none,0,train
E166,S1_C1_E166_V0781,2,118.5,120.5,0.0,0.0,background,S1/C1/S1_C1_E166_V0781.mp4,S1,C1,120.5,0,background,none,none,0,train
E166,S1_C1_E166_V0781,3,0.0,3.0,0.0,0.0,background,S1/C1/S1_C1_E166_V0781.mp4,S1,C1,120.5,0,background,none,none,0,train
E166,S1_C1_E166_V0781,3,58.75,61.75,0.0,0.0,background,S1/C1/S1_C1_E166_V0781.mp4,S1,C1,120.5,0,background,none,none,0,train
E166,S1_C1_E166_V0781,3,117.5,120.5,0.0,0.0,background,S1/C1/S1_C1_E166_V0781.mp4,S1,C1,120.5,0,background,none,none,0,train
E168,S1_C1_E168_V0783,1,0.0,1.0,0.0,0.0,background,S1/C1/S1_C1_E168_V0783.mp4,S1,C1,120.5,0,background,none,none,0,train
E168,S1_C1_E168_V0783,1,59.75,60.75,0.0,0.0,background,S1/C1/S1_C1_E168_V0783.mp4,S1,C1,120.5,0,background,none,none,0,train
E168,S1_C1_E168_V0783,1,119.5,120.5,0.0,0.0,background,S1/C1/S1_C1_E168_V0783.mp4,S1,C1,120.5,0,background,none,none,0,train
E168,S1_C1_E168_V0783,2,0.0,2.0,0.0,0.0,background,S1/C1/S1_C1_E168_V0783.mp4,S1,C1,120.5,0,background,none,none,0,train
E168,S1_C1_E168_V0783,2,59.25,61.25,0.0,0.0,background,S1/C1/S1_C1_E168_V0783.mp4,S1,C1,120.5,0,background,none,none,0,train
E168,S1_C1_E168_V0783,2,118.5,120.5,0.0,0.0,background,S1/C1/S1_C1_E168_V0783.mp4,S1,C1,120.5,0,background,none,none,0,train
E168,S1_C1_E168_V0783,3,0.0,3.0,0.0,0.0,background,S1/C1/S1_C1_E168_V0783.mp4,S1,C1,120.5,0,background,none,none,0,train
E168,S1_C1_E168_V0783,3,58.75,61.75,0.0,0.0,background,S1/C1/S1_C1_E168_V0783.mp4,S1,C1,120.5,0,background,none,none,0,train
E168,S1_C1_E168_V0783,3,117.5,120.5,0.0,0.0,background,S1/C1/S1_C1_E168_V0783.mp4,S1,C1,120.5,0,background,none,none,0,train
E169,S1_C1_E169_V0785,1,0.5,1.5,1.0,1.0,animal_detection,S1/C1/S1_C1_E169_V0785.mp4,S1,C1,2.0,1,animal,roe_deer,"foraging,unknown,vigilance",1,train
E169,S1_C1_E169_V0784,1,0.5,1.5,1.0,1.0,animal_detection,S1/C1/S1_C1_E169_V0784.mp4,S1,C1,2.0,1,animal,roe_deer,"foraging,unknown,vigilance",1,train
E169,S1_C3_E169_V0075,1,12.966666666666667,13.966666666666667,1.0,1.0,animal_detection,S1/C3/S1_C3_E169_V0075.mp4,S1,C3,120.5,1,animal,roe_deer,"foraging,unknown,vigilance",1,train
E169,S1_C1_E169_V0784,2,0.0,2.0,2.0,1.0,animal_detection,S1/C1/S1_C1_E169_V0784.mp4,S1,C1,2.0,1,animal,roe_deer,"foraging,unknown,vigilance",1,train
E169,S1_C2_E169_V0393,2,8.683333333333334,10.683333333333334,2.0,1.0,animal_detection,S1/C2/S1_C2_E169_V0393.mp4,S1,C2,20.5,1,animal,roe_deer,"foraging,unknown,vigilance",1,train
E169,S1_C3_E169_V0075,2,12.466666666666667,14.466666666666667,2.0,1.0,animal_detection,S1/C3/S1_C3_E169_V0075.mp4,S1,C3,120.5,1,animal,roe_deer,"foraging,unknown,vigilance",1,train
E169,S1_C2_E169_V0393,3,8.183333333333334,11.183333333333334,3.0,1.0,animal_detection,S1/C2/S1_C2_E169_V0393.mp4,S1,C2,20.5,1,animal,roe_deer,"foraging,unknown,vigilance",1,train
E169,S1_C3_E169_V0075,3,11.966666666666667,14.966666666666667,3.0,1.0,animal_detection,S1/C3/S1_C3_E169_V0075.mp4,S1,C3,120.5,1,animal,roe_deer,"foraging,unknown,vigilance",1,train
E17,S1_C2_E17_V0032,1,9.566666666666668,10.566666666666668,1.0,1.0,animal_detection,S1/C2/S1_C2_E17_V0032.mp4,S1,C2,20.5,1,animal,red_deer,"camera_reaction,foraging,unknown,vigilance",1,train
E17,S1_C1_E17_V0045,1,9.75,10.75,1.0,1.0,animal_detection,S1/C1/S1_C1_E17_V0045.mp4,S1,C1,20.5,1,animal,red_deer,"camera_reaction,foraging,unknown,vigilance",1,train
E17,S1_C1_E17_V0043,1,9.75,10.75,1.0,1.0,animal_detection,S1/C1/S1_C1_E17_V0043.mp4,S1,C1,20.5,1,animal,red_deer,"camera_reaction,foraging,unknown,vigilance",1,train
E17,S1_C1_E17_V0046,2,2.15,4.15,2.0000000000000004,1.0000000000000002,animal_detection,S1/C1/S1_C1_E17_V0046.mp4,S1,C1,20.5,1,animal,red_deer,"camera_reaction,foraging,unknown,vigilance",1,train
E17,S1_C1_E17_V0044,2,9.25,11.25,2.0,1.0,animal_detection,S1/C1/S1_C1_E17_V0044.mp4,S1,C1,20.5,1,animal,red_deer,"camera_reaction,foraging,unknown,vigilance",1,train
E17,S1_C1_E17_V0043,2,9.25,11.25,2.0,1.0,animal_detection,S1/C1/S1_C1_E17_V0043.mp4,S1,C1,20.5,1,animal,red_deer,"camera_reaction,foraging,unknown,vigilance",1,train
E17,S1_C1_E17_V0045,3,8.75,11.75,3.0,1.0,animal_detection,S1/C1/S1_C1_E17_V0045.mp4,S1,C1,20.5,1,animal,red_deer,"camera_reaction,foraging,unknown,vigilance",1,train
E17,S1_C1_E17_V0043,3,8.75,11.75,3.0,1.0,animal_detection,S1/C1/S1_C1_E17_V0043.mp4,S1,C1,20.5,1,animal,red_deer,"camera_reaction,foraging,unknown,vigilance",1,train
E17,S1_C2_E17_V0031,3,8.75,11.75,3.0,1.0,animal_detection,S1/C2/S1_C2_E17_V0031.mp4,S1,C2,20.5,1,animal,red_deer,"camera_reaction,foraging,unknown,vigilance",1,train
E170,S1_C2_E170_V0398,1,0.4,1.4,0.9999999999999999,0.9999999999999999,animal_detection,S1/C2/S1_C2_E170_V0398.mp4,S1,C2,2.0,1,animal,red_deer,"foraging,grooming,vigilance",1,train
E170,S1_C1_E170_V0790,1,0.5,1.5,1.0,1.0,animal_detection,S1/C1/S1_C1_E170_V0790.mp4,S1,C1,2.0,1,animal,red_deer,"foraging,grooming,vigilance",1,train
E170,S1_C1_E170_V0789,1,0.5,1.5,1.0,1.0,animal_detection,S1/C1/S1_C1_E170_V0789.mp4,S1,C1,2.0,1,animal,red_deer,"foraging,grooming,vigilance",1,train
E170,S1_C1_E170_V0789,2,0.0,2.0,2.0,1.0,animal_detection,S1/C1/S1_C1_E170_V0789.mp4,S1,C1,2.0,1,animal,red_deer,"foraging,grooming,vigilance",1,train
E170,S1_C1_E170_V0795,2,0.0,2.0,1.6,0.8,animal_detection,S1/C1/S1_C1_E170_V0795.mp4,S1,C1,2.0,1,animal,red_deer,"foraging,grooming,vigilance",1,train
E170,S1_C2_E170_V0399,2,0.46666666666666656,2.466666666666667,2.0,1.0,animal_detection,S1/C2/S1_C2_E170_V0399.mp4,S1,C2,13.5,1,animal,red_deer,"foraging,grooming,vigilance",1,train
E170,S1_C2_E170_V0396,3,2.3833333333333333,5.383333333333333,2.9999999999999996,0.9999999999999999,animal_detection,S1/C2/S1_C2_E170_V0396.mp4,S1,C2,8.0,1,animal,red_deer,"foraging,grooming,vigilance",1,train
E170,S1_C2_E170_V0395,3,3.083333333333333,6.083333333333333,3.0,1.0,animal_detection,S1/C2/S1_C2_E170_V0395.mp4,S1,C2,9.5,1,animal,red_deer,"foraging,grooming,vigilance",1,train
E170,S1_C2_E170_V0394,3,8.75,11.75,3.0,1.0,animal_detection,S1/C2/S1_C2_E170_V0394.mp4,S1,C2,20.5,1,animal,red_deer,"foraging,grooming,vigilance",1,train
E171,S1_C1_E171_V0801,1,0.19999999999999996,1.2,1.0,1.0,animal_detection,S1/C1/S1_C1_E171_V0801.mp4,S1,C1,1.5,1,animal,red_deer,"foraging,unknown",1,train
E171,S1_C1_E171_V0800,1,0.43333333333333335,1.4333333333333333,1.0,1.0,animal_detection,S1/C1/S1_C1_E171_V0800.mp4,S1,C1,2.0,1,animal,red_deer,"foraging,unknown",1,train
E171,S1_C2_E171_V0400,1,3.283333333333333,4.283333333333333,1.0,1.0,animal_detection,S1/C2/S1_C2_E171_V0400.mp4,S1,C2,14.0,1,animal,red_deer,"foraging,unknown",1,train
E171,S1_C1_E171_V0800,2,0.0,2.0,1.4666666666666668,0.7333333333333334,animal_detection,S1/C1/S1_C1_E171_V0800.mp4,S1,C1,2.0,1,animal,red_deer,"foraging,unknown",1,train
E171,S1_C2_E171_V0400,2,2.783333333333333,4.783333333333333,2.0,1.0,animal_detection,S1/C2/S1_C2_E171_V0400.mp4,S1,C2,14.0,1,animal,red_deer,"foraging,unknown",1,train
E171,S1_C2_E171_V0400,3,2.283333333333333,5.283333333333333,3.0,1.0,animal_detection,S1/C2/S1_C2_E171_V0400.mp4,S1,C2,14.0,1,animal,red_deer,"foraging,unknown",1,train
E172,S1_C1_E172_V0805,1,0.25,1.25,1.0,1.0,animal_detection,S1/C1/S1_C1_E172_V0805.mp4,S1,C1,1.5,1,animal,red_deer,foraging,1,train
E173,S1_C1_E173_V0810,1,0.25,1.25,1.0,1.0,animal_detection,S1/C1/S1_C1_E173_V0810.mp4,S1,C1,1.5,1,animal,red_deer,"foraging,vigilance",1,train
E173,S1_C2_E173_V0401,1,3.2,4.2,1.0,1.0,animal_detection,S1/C2/S1_C2_E173_V0401.mp4,S1,C2,10.5,1,animal,red_deer,"foraging,vigilance",1,train
E173,S1_C2_E173_V0401,2,2.7,4.7,2.0,1.0,animal_detection,S1/C2/S1_C2_E173_V0401.mp4,S1,C2,10.5,1,animal,red_deer,"foraging,vigilance",1,train
E173,S1_C2_E173_V0401,3,2.2,5.2,3.0,1.0,animal_detection,S1/C2/S1_C2_E173_V0401.mp4,S1,C2,10.5,1,animal,red_deer,"foraging,vigilance",1,train
E174,S1_C2_E174_V0402,1,1.5666666666666669,2.566666666666667,1.0,1.0,animal_detection,S1/C2/S1_C2_E174_V0402.mp4,S1,C2,8.5,1,animal,red_deer,vigilance,1,train
E174,S1_C2_E174_V0402,2,1.0666666666666669,3.066666666666667,2.0,1.0,animal_detection,S1/C2/S1_C2_E174_V0402.mp4,S1,C2,8.5,1,animal,red_deer,vigilance,1,train
E174,S1_C2_E174_V0402,3,0.5666666666666669,3.566666666666667,3.0,1.0,animal_detection,S1/C2/S1_C2_E174_V0402.mp4,S1,C2,8.5,1,animal,red_deer,vigilance,1,train
E175,S1_C2_E175_V0404,1,0.95,1.95,1.0,1.0,animal_detection,S1/C2/S1_C2_E175_V0404.mp4,S1,C2,3.0,1,animal,red_deer,vigilance,1,train
E175,S1_C2_E175_V0403,1,2.3833333333333333,3.3833333333333333,1.0,1.0,animal_detection,S1/C2/S1_C2_E175_V0403.mp4,S1,C2,6.0,1,animal,red_deer,vigilance,1,train
E175,S1_C2_E175_V0404,2,0.44999999999999996,2.45,2.0,1.0,animal_detection,S1/C2/S1_C2_E175_V0404.mp4,S1,C2,3.0,1,animal,red_deer,vigilance,1,train
E175,S1_C2_E175_V0403,2,1.8833333333333333,3.8833333333333333,2.0,1.0,animal_detection,S1/C2/S1_C2_E175_V0403.mp4,S1,C2,6.0,1,animal,red_deer,vigilance,1,train
E175,S1_C2_E175_V0404,3,0.0,3.0,2.9,0.9666666666666667,animal_detection,S1/C2/S1_C2_E175_V0404.mp4,S1,C2,3.0,1,animal,red_deer,vigilance,1,train
E175,S1_C2_E175_V0403,3,1.3833333333333333,4.383333333333333,2.9999999999999996,0.9999999999999999,animal_detection,S1/C2/S1_C2_E175_V0403.mp4,S1,C2,6.0,1,animal,red_deer,vigilance,1,train
E176,S1_C2_E176_V0407,1,2.9166666666666665,3.9166666666666665,1.0,1.0,animal_detection,S1/C2/S1_C2_E176_V0407.mp4,S1,C2,8.5,1,animal,red_deer,foraging,1,train
E176,S1_C2_E176_V0407,2,2.4166666666666665,4.416666666666666,1.9999999999999996,0.9999999999999998,animal_detection,S1/C2/S1_C2_E176_V0407.mp4,S1,C2,8.5,1,animal,red_deer,foraging,1,train
E176,S1_C2_E176_V0407,3,1.9166666666666665,4.916666666666666,2.9999999999999996,0.9999999999999999,animal_detection,S1/C2/S1_C2_E176_V0407.mp4,S1,C2,8.5,1,animal,red_deer,foraging,1,train
E177,S1_C1_E177_V0823,1,41.166666666666664,42.166666666666664,1.0,1.0,animal_detection,S1/C1/S1_C1_E177_V0823.mp4,S1,C1,120.5,1,animal,red_deer,"courtship,foraging,vigilance",1,train
E177,S1_C2_E177_V0408,1,42.85,43.85,1.0,1.0,animal_detection,S1/C2/S1_C2_E177_V0408.mp4,S1,C2,120.5,1,animal,red_deer,"courtship,foraging,vigilance",1,train
E177,S1_C1_E177_V0821,1,59.766666666666666,60.766666666666666,1.0,1.0,animal_detection,S1/C1/S1_C1_E177_V0821.mp4,S1,C1,120.5,1,animal,red_deer,"courtship,foraging,vigilance",1,train
E177,S1_C1_E177_V0823,2,40.666666666666664,42.666666666666664,2.0,1.0,animal_detection,S1/C1/S1_C1_E177_V0823.mp4,S1,C1,120.5,1,animal,red_deer,"courtship,foraging,vigilance",1,train
E177,S1_C2_E177_V0408,2,42.35,44.35,2.0,1.0,animal_detection,S1/C2/S1_C2_E177_V0408.mp4,S1,C2,120.5,1,animal,red_deer,"courtship,foraging,vigilance",1,train
E177,S1_C1_E177_V0822,2,59.25,61.25,2.0,1.0,animal_detection,S1/C1/S1_C1_E177_V0822.mp4,S1,C1,120.5,1,animal,red_deer,"courtship,foraging,vigilance",1,train
E177,S1_C1_E177_V0823,3,40.166666666666664,43.166666666666664,3.0,1.0,animal_detection,S1/C1/S1_C1_E177_V0823.mp4,S1,C1,120.5,1,animal,red_deer,"courtship,foraging,vigilance",1,train
E177,S1_C2_E177_V0408,3,41.85,44.85,3.0,1.0,animal_detection,S1/C2/S1_C2_E177_V0408.mp4,S1,C2,120.5,1,animal,red_deer,"courtship,foraging,vigilance",1,train
E177,S1_C1_E177_V0821,3,58.766666666666666,61.766666666666666,3.0,1.0,animal_detection,S1/C1/S1_C1_E177_V0821.mp4,S1,C1,120.5,1,animal,red_deer,"courtship,foraging,vigilance",1,train
E178,S1_C1_E178_V0824,1,3.3333333333333335,4.333333333333334,1.0000000000000004,1.0000000000000004,animal_detection,S1/C1/S1_C1_E178_V0824.mp4,S1,C1,120.5,1,animal,red_deer,foraging,1,train
E178,S1_C1_E178_V0824,2,2.8333333333333335,4.833333333333334,2.0000000000000004,1.0000000000000002,animal_detection,S1/C1/S1_C1_E178_V0824.mp4,S1,C1,120.5,1,animal,red_deer,foraging,1,train
E178,S1_C1_E178_V0824,3,2.3333333333333335,5.333333333333334,3.0000000000000004,1.0000000000000002,animal_detection,S1/C1/S1_C1_E178_V0824.mp4,S1,C1,120.5,1,animal,red_deer,foraging,1,train
E179,S1_C2_E179_V0409,1,0.9833333333333334,1.9833333333333334,1.0,1.0,animal_detection,S1/C2/S1_C2_E179_V0409.mp4,S1,C2,11.5,1,animal,red_deer,unknown,2,train
E179,S1_C2_E179_V0409,2,0.4833333333333334,2.4833333333333334,2.0,1.0,animal_detection,S1/C2/S1_C2_E179_V0409.mp4,S1,C2,11.5,1,animal,red_deer,unknown,2,train
E179,S1_C2_E179_V0409,3,0.0,3.0,2.966666666666667,0.9888888888888889,animal_detection,S1/C2/S1_C2_E179_V0409.mp4,S1,C2,11.5,1,animal,red_deer,unknown,2,train
E18,S1_C2_E18_V0033,1,3.7,4.7,1.0,1.0,animal_detection,S1/C2/S1_C2_E18_V0033.mp4,S1,C2,20.5,1,animal,red_deer,foraging,1,train
E18,S1_C1_E18_V0047,1,11.283333333333333,12.283333333333333,1.0,1.0,animal_detection,S1/C1/S1_C1_E18_V0047.mp4,S1,C1,20.5,1,animal,red_deer,foraging,1,train
E18,S1_C2_E18_V0033,2,3.2,5.2,2.0,1.0,animal_detection,S1/C2/S1_C2_E18_V0033.mp4,S1,C2,20.5,1,animal,red_deer,foraging,1,train
E18,S1_C1_E18_V0047,2,10.783333333333333,12.783333333333333,2.0,1.0,animal_detection,S1/C1/S1_C1_E18_V0047.mp4,S1,C1,20.5,1,animal,red_deer,foraging,1,train
E18,S1_C2_E18_V0033,3,2.7,5.7,3.0,1.0,animal_detection,S1/C2/S1_C2_E18_V0033.mp4,S1,C2,20.5,1,animal,red_deer,foraging,1,train
E18,S1_C1_E18_V0047,3,10.283333333333333,13.283333333333333,3.0,1.0,animal_detection,S1/C1/S1_C1_E18_V0047.mp4,S1,C1,20.5,1,animal,red_deer,foraging,1,train
E180,S1_C2_E180_V0410,1,2.9833333333333334,3.9833333333333334,1.0,1.0,animal_detection,S1/C2/S1_C2_E180_V0410.mp4,S1,C2,7.0,1,animal,red_deer,vigilance,1,train
E180,S1_C2_E180_V0410,2,2.4833333333333334,4.483333333333333,2.0,1.0,animal_detection,S1/C2/S1_C2_E180_V0410.mp4,S1,C2,7.0,1,animal,red_deer,vigilance,1,train
E180,S1_C2_E180_V0410,3,1.9833333333333334,4.983333333333333,3.0,1.0,animal_detection,S1/C2/S1_C2_E180_V0410.mp4,S1,C2,7.0,1,animal,red_deer,vigilance,1,train
E181,S1_C2_E181_V0412,1,0.16666666666666663,1.1666666666666665,0.9999999999999999,0.9999999999999999,animal_detection,S1/C2/S1_C2_E181_V0412.mp4,S1,C2,1.5,1,animal,red_deer,"chasing,foraging,vigilance",2,train
E181,S1_C2_E181_V0416,1,0.4666666666666667,1.4666666666666668,1.0,1.0,animal_detection,S1/C2/S1_C2_E181_V0416.mp4,S1,C2,2.0,1,animal,red_deer,"chasing,foraging,vigilance",2,train
E181,S1_C2_E181_V0411,1,2.4833333333333334,3.4833333333333334,1.0,1.0,animal_detection,S1/C2/S1_C2_E181_V0411.mp4,S1,C2,6.0,1,animal,red_deer,"chasing,foraging,vigilance",2,train
E181,S1_C2_E181_V0414,2,0.0,2.0,2.0,1.0,animal_detection,S1/C2/S1_C2_E181_V0414.mp4,S1,C2,2.0,1,animal,red_deer,"chasing,foraging,vigilance",2,train
E181,S1_C2_E181_V0416,2,0.0,2.0,1.4000000000000001,0.7000000000000001,animal_detection,S1/C2/S1_C2_E181_V0416.mp4,S1,C2,2.0,1,animal,red_deer,"chasing,foraging,vigilance",2,train
E181,S1_C2_E181_V0411,2,1.9833333333333334,3.9833333333333334,2.0,1.0,animal_detection,S1/C2/S1_C2_E181_V0411.mp4,S1,C2,6.0,1,animal,red_deer,"chasing,foraging,vigilance",2,train
E181,S1_C2_E181_V0411,3,1.4833333333333334,4.483333333333333,3.0,1.0,animal_detection,S1/C2/S1_C2_E181_V0411.mp4,S1,C2,6.0,1,animal,red_deer,"chasing,foraging,vigilance",2,train
E182,S1_C2_E182_V0418,1,2.0833333333333335,3.0833333333333335,1.0,1.0,animal_detection,S1/C2/S1_C2_E182_V0418.mp4,S1,C2,5.5,1,animal,red_deer,vigilance,1,train
E182,S1_C2_E182_V0418,2,1.5833333333333335,3.5833333333333335,2.0,1.0,animal_detection,S1/C2/S1_C2_E182_V0418.mp4,S1,C2,5.5,1,animal,red_deer,vigilance,1,train
E182,S1_C2_E182_V0418,3,1.0833333333333335,4.083333333333334,3.0000000000000004,1.0000000000000002,animal_detection,S1/C2/S1_C2_E182_V0418.mp4,S1,C2,5.5,1,animal,red_deer,vigilance,1,train
E188,S1_C2_E188_V0423,1,1.8166666666666669,2.816666666666667,1.0,1.0,animal_detection,S1/C2/S1_C2_E188_V0423.mp4,S1,C2,5.0,1,animal,red_deer,foraging,1,train
E188,S1_C2_E188_V0423,2,1.3166666666666669,3.316666666666667,2.0,1.0,animal_detection,S1/C2/S1_C2_E188_V0423.mp4,S1,C2,5.0,1,animal,red_deer,foraging,1,train
E188,S1_C2_E188_V0423,3,0.8166666666666669,3.816666666666667,3.0,1.0,animal_detection,S1/C2/S1_C2_E188_V0423.mp4,S1,C2,5.0,1,animal,red_deer,foraging,1,train
E189,S1_C2_E189_V0425,1,40.666666666666664,41.666666666666664,1.0,1.0,animal_detection,S1/C2/S1_C2_E189_V0425.mp4,S1,C2,120.5,1,animal,red_deer,"foraging,grooming,unknown,vigilance",1,train
E189,S1_C2_E189_V0424,1,59.766666666666666,60.766666666666666,1.0,1.0,animal_detection,S1/C2/S1_C2_E189_V0424.mp4,S1,C2,120.5,1,animal,red_deer,"foraging,grooming,unknown,vigilance",1,train
E189,S1_C1_E189_V0825,1,59.766666666666666,60.766666666666666,1.0,1.0,animal_detection,S1/C1/S1_C1_E189_V0825.mp4,S1,C1,120.5,1,animal,red_deer,"foraging,grooming,unknown,vigilance",1,train
E189,S1_C1_E189_V0826,2,29.716666666666665,31.716666666666665,2.0,1.0,animal_detection,S1/C1/S1_C1_E189_V0826.mp4,S1,C1,120.5,1,animal,red_deer,"foraging,grooming,unknown,vigilance",1,train
E189,S1_C2_E189_V0424,2,59.266666666666666,61.266666666666666,2.0,1.0,animal_detection,S1/C2/S1_C2_E189_V0424.mp4,S1,C2,120.5,1,animal,red_deer,"foraging,grooming,unknown,vigilance",1,train
E189,S1_C1_E189_V0825,2,59.266666666666666,61.266666666666666,2.0,1.0,animal_detection,S1/C1/S1_C1_E189_V0825.mp4,S1,C1,120.5,1,animal,red_deer,"foraging,grooming,unknown,vigilance",1,train
E189,S1_C1_E189_V0826,3,29.216666666666665,32.21666666666667,3.0000000000000036,1.000000000000001,animal_detection,S1/C1/S1_C1_E189_V0826.mp4,S1,C1,120.5,1,animal,red_deer,"foraging,grooming,unknown,vigilance",1,train
E189,S1_C2_E189_V0425,3,39.666666666666664,42.666666666666664,3.0,1.0,animal_detection,S1/C2/S1_C2_E189_V0425.mp4,S1,C2,120.5,1,animal,red_deer,"foraging,grooming,unknown,vigilance",1,train
E189,S1_C2_E189_V0424,3,58.766666666666666,61.766666666666666,3.0,1.0,animal_detection,S1/C2/S1_C2_E189_V0424.mp4,S1,C2,120.5,1,animal,red_deer,"foraging,grooming,unknown,vigilance",1,train
E190,S1_C3_E190_V0079,1,0.6666666666666667,1.6666666666666667,1.0,1.0,animal_detection,S1/C3/S1_C3_E190_V0079.mp4,S1,C3,120.5,1,animal,red_deer,"foraging,unknown,vigilance",1,train
E190,S1_C1_E190_V0827,1,4.566666666666666,5.566666666666666,1.0,1.0,animal_detection,S1/C1/S1_C1_E190_V0827.mp4,S1,C1,120.5,1,animal,red_deer,"foraging,unknown,vigilance",1,train
E190,S1_C2_E190_V0426,1,7.416666666666667,8.416666666666668,1.0000000000000009,1.0000000000000009,animal_detection,S1/C2/S1_C2_E190_V0426.mp4,S1,C2,120.5,1,animal,red_deer,"foraging,unknown,vigilance",1,train
E190,S1_C3_E190_V0079,2,0.16666666666666674,2.166666666666667,2.0,1.0,animal_detection,S1/C3/S1_C3_E190_V0079.mp4,S1,C3,120.5,1,animal,red_deer,"foraging,unknown,vigilance",1,train
E190,S1_C1_E190_V0827,2,4.066666666666666,6.066666666666666,2.0,1.0,animal_detection,S1/C1/S1_C1_E190_V0827.mp4,S1,C1,120.5,1,animal,red_deer,"foraging,unknown,vigilance",1,train
E190,S1_C2_E190_V0426,2,6.916666666666667,8.916666666666668,2.000000000000001,1.0000000000000004,animal_detection,S1/C2/S1_C2_E190_V0426.mp4,S1,C2,120.5,1,animal,red_deer,"foraging,unknown,vigilance",1,train
E190,S1_C3_E190_V0079,3,0.0,3.0,2.3333333333333335,0.7777777777777778,animal_detection,S1/C3/S1_C3_E190_V0079.mp4,S1,C3,120.5,1,animal,red_deer,"foraging,unknown,vigilance",1,train
E190,S1_C1_E190_V0827,3,3.5666666666666664,6.566666666666666,3.0,1.0,animal_detection,S1/C1/S1_C1_E190_V0827.mp4,S1,C1,120.5,1,animal,red_deer,"foraging,unknown,vigilance",1,train
E190,S1_C2_E190_V0426,3,6.416666666666667,9.416666666666668,3.000000000000001,1.0000000000000002,animal_detection,S1/C2/S1_C2_E190_V0426.mp4,S1,C2,120.5,1,animal,red_deer,"foraging,unknown,vigilance",1,train
E191,S1_C2_E191_V0432,1,0.2833333333333333,1.2833333333333332,0.9999999999999999,0.9999999999999999,animal_detection,S1/C2/S1_C2_E191_V0432.mp4,S1,C2,2.0,1,animal,red_deer,"courtship,foraging",1,train
E191,S1_C2_E191_V0428,1,0.3833333333333333,1.3833333333333333,1.0,1.0,animal_detection,S1/C2/S1_C2_E191_V0428.mp4,S1,C2,2.0,1,animal,red_deer,"courtship,foraging",1,train
E191,S1_C3_E191_V0080,1,8.216666666666667,9.216666666666667,1.0,1.0,animal_detection,S1/C3/S1_C3_E191_V0080.mp4,S1,C3,20.5,1,animal,red_deer,"courtship,foraging",1,train
E191,S1_C2_E191_V0431,2,0.0,2.0,1.5333333333333334,0.7666666666666667,animal_detection,S1/C2/S1_C2_E191_V0431.mp4,S1,C2,2.0,1,animal,red_deer,"courtship,foraging",1,train
E191,S1_C2_E191_V0432,2,0.0,2.0,1.5666666666666667,0.7833333333333333,animal_detection,S1/C2/S1_C2_E191_V0432.mp4,S1,C2,2.0,1,animal,red_deer,"courtship,foraging",1,train
E191,S1_C2_E191_V0428,2,0.0,2.0,1.7666666666666666,0.8833333333333333,animal_detection,S1/C2/S1_C2_E191_V0428.mp4,S1,C2,2.0,1,animal,red_deer,"courtship,foraging",1,train
E191,S1_C2_E191_V0429,3,0.0,3.0,2.7333333333333334,0.9111111111111111,animal_detection,S1/C2/S1_C2_E191_V0429.mp4,S1,C2,3.0,1,animal,red_deer,"courtship,foraging",1,train
E191,S1_C2_E191_V0427,3,2.6833333333333336,5.683333333333334,3.0,1.0,animal_detection,S1/C2/S1_C2_E191_V0427.mp4,S1,C2,8.5,1,animal,red_deer,"courtship,foraging",1,train
E191,S1_C3_E191_V0080,3,7.216666666666667,10.216666666666667,3.0,1.0,animal_detection,S1/C3/S1_C3_E191_V0080.mp4,S1,C3,20.5,1,animal,red_deer,"courtship,foraging",1,train
E193,S1_C1_E193_V0832,1,3.0166666666666666,4.016666666666667,1.0,1.0,animal_detection,S1/C1/S1_C1_E193_V0832.mp4,S1,C1,120.5,1,animal,red_deer,foraging,1,train
E193,S1_C1_E193_V0832,2,2.5166666666666666,4.516666666666667,2.0,1.0,animal_detection,S1/C1/S1_C1_E193_V0832.mp4,S1,C1,120.5,1,animal,red_deer,foraging,1,train
E193,S1_C1_E193_V0832,3,2.0166666666666666,5.016666666666667,3.0,1.0,animal_detection,S1/C1/S1_C1_E193_V0832.mp4,S1,C1,120.5,1,animal,red_deer,foraging,1,train
E194,S1_C1_E194_V0835,1,0.55,1.55,1.0,1.0,animal_detection,S1/C1/S1_C1_E194_V0835.mp4,S1,C1,120.5,1,animal,red_deer,"courtship,foraging,grooming,unknown,vigilance",1,train
E194,S1_C1_E194_V0834,1,59.75,60.75,1.0,1.0,animal_detection,S1/C1/S1_C1_E194_V0834.mp4,S1,C1,120.5,1,animal,red_deer,"courtship,foraging,grooming,unknown,vigilance",1,train
E194,S1_C1_E194_V0833,1,59.75,60.75,1.0,1.0,animal_detection,S1/C1/S1_C1_E194_V0833.mp4,S1,C1,120.5,1,animal,red_deer,"courtship,foraging,grooming,unknown,vigilance",1,train
E194,S1_C1_E194_V0835,2,0.050000000000000044,2.05,1.9999999999999998,0.9999999999999999,animal_detection,S1/C1/S1_C1_E194_V0835.mp4,S1,C1,120.5,1,animal,red_deer,"courtship,foraging,grooming,unknown,vigilance",1,train
E194,S1_C1_E194_V0833,2,59.25,61.25,2.0,1.0,animal_detection,S1/C1/S1_C1_E194_V0833.mp4,S1,C1,120.5,1,animal,red_deer,"courtship,foraging,grooming,unknown,vigilance",1,train
E194,S1_C1_E194_V0834,2,59.25,61.25,2.0,1.0,animal_detection,S1/C1/S1_C1_E194_V0834.mp4,S1,C1,120.5,1,animal,red_deer,"courtship,foraging,grooming,unknown,vigilance",1,train
E194,S1_C1_E194_V0835,3,0.0,3.0,2.1,0.7000000000000001,animal_detection,S1/C1/S1_C1_E194_V0835.mp4,S1,C1,120.5,1,animal,red_deer,"courtship,foraging,grooming,unknown,vigilance",1,train
E194,S1_C1_E194_V0833,3,58.75,61.75,3.0,1.0,animal_detection,S1/C1/S1_C1_E194_V0833.mp4,S1,C1,120.5,1,animal,red_deer,"courtship,foraging,grooming,unknown,vigilance",1,train
E194,S1_C1_E194_V0834,3,58.75,61.75,3.0,1.0,animal_detection,S1/C1/S1_C1_E194_V0834.mp4,S1,C1,120.5,1,animal,red_deer,"courtship,foraging,grooming,unknown,vigilance",1,train
E196,S1_C2_E196_V0449,1,0.16666666666666663,1.1666666666666665,0.9999999999999999,0.9999999999999999,animal_detection,S1/C2/S1_C2_E196_V0449.mp4,S1,C2,1.5,1,animal,red_deer,"foraging,vigilance",1,train
E196,S1_C2_E196_V0445,1,0.6666666666666667,1.6666666666666667,1.0,1.0,animal_detection,S1/C2/S1_C2_E196_V0445.mp4,S1,C2,2.5,1,animal,red_deer,"foraging,vigilance",1,train
E196,S1_C2_E196_V0447,1,0.6666666666666667,1.6666666666666667,1.0,1.0,animal_detection,S1/C2/S1_C2_E196_V0447.mp4,S1,C2,2.5,1,animal,red_deer,"foraging,vigilance",1,train
E196,S1_C2_E196_V0444,2,0.0,2.0,1.8333333333333333,0.9166666666666666,animal_detection,S1/C2/S1_C2_E196_V0444.mp4,S1,C2,2.0,1,animal,red_deer,"foraging,vigilance",1,train
E196,S1_C2_E196_V0447,2,0.16666666666666674,2.166666666666667,2.0,1.0,animal_detection,S1/C2/S1_C2_E196_V0447.mp4,S1,C2,2.5,1,animal,red_deer,"foraging,vigilance",1,train
E196,S1_C2_E196_V0448,2,0.9833333333333334,2.9833333333333334,2.0,1.0,animal_detection,S1/C2/S1_C2_E196_V0448.mp4,S1,C2,4.0,1,animal,red_deer,"foraging,vigilance",1,train
E196,S1_C2_E196_V0448,3,0.4833333333333334,3.4833333333333334,3.0,1.0,animal_detection,S1/C2/S1_C2_E196_V0448.mp4,S1,C2,4.0,1,animal,red_deer,"foraging,vigilance",1,train
E196,S1_C2_E196_V0443,3,1.6666666666666665,4.666666666666666,2.9999999999999996,0.9999999999999999,animal_detection,S1/C2/S1_C2_E196_V0443.mp4,S1,C2,6.5,1,animal,red_deer,"foraging,vigilance",1,train
E197,S1_C2_E197_V0462,1,0.09999999999999998,1.1,1.0,1.0,animal_detection,S1/C2/S1_C2_E197_V0462.mp4,S1,C2,1.5,1,animal,red_deer,"courtship,foraging,vigilance",1,train
E197,S1_C2_E197_V0459,1,0.5,1.5,1.0,1.0,animal_detection,S1/C2/S1_C2_E197_V0459.mp4,S1,C2,2.0,1,animal,red_deer,"courtship,foraging,vigilance",1,train
E197,S1_C2_E197_V0456,1,1.3833333333333333,2.3833333333333333,1.0,1.0,animal_detection,S1/C2/S1_C2_E197_V0456.mp4,S1,C2,4.0,1,animal,red_deer,"courtship,foraging,vigilance",1,train
E197,S1_C2_E197_V0459,2,0.0,2.0,2.0,1.0,animal_detection,S1/C2/S1_C2_E197_V0459.mp4,S1,C2,2.0,1,animal,red_deer,"courtship,foraging,vigilance",1,train
E197,S1_C2_E197_V0458,2,0.3999999999999999,2.4,2.0,1.0,animal_detection,S1/C2/S1_C2_E197_V0458.mp4,S1,C2,3.0,1,animal,red_deer,"courtship,foraging,vigilance",1,train
E197,S1_C2_E197_V0452,2,2.1,4.1,1.9999999999999996,0.9999999999999998,animal_detection,S1/C2/S1_C2_E197_V0452.mp4,S1,C2,6.5,1,animal,red_deer,"courtship,foraging,vigilance",1,train
E197,S1_C2_E197_V0454,3,0.0,3.0,2.566666666666667,0.8555555555555556,animal_detection,S1/C2/S1_C2_E197_V0454.mp4,S1,C2,3.0,1,animal,red_deer,"courtship,foraging,vigilance",1,train
E197,S1_C2_E197_V0458,3,0.0,3.0,2.8,0.9333333333333332,animal_detection,S1/C2/S1_C2_E197_V0458.mp4,S1,C2,3.0,1,animal,red_deer,"courtship,foraging,vigilance",1,train
E197,S1_C2_E197_V0456,3,0.3833333333333333,3.3833333333333333,3.0,1.0,animal_detection,S1/C2/S1_C2_E197_V0456.mp4,S1,C2,4.0,1,animal,red_deer,"courtship,foraging,vigilance",1,train
E198,S1_C2_E198_V0470,1,0.3833333333333333,1.3833333333333333,1.0,1.0,animal_detection,S1/C2/S1_C2_E198_V0470.mp4,S1,C2,2.0,1,animal,red_deer,"foraging,vigilance",1,train
E198,S1_C2_E198_V0469,1,1.2833333333333334,2.283333333333333,0.9999999999999998,0.9999999999999998,animal_detection,S1/C2/S1_C2_E198_V0469.mp4,S1,C2,4.0,1,animal,red_deer,"foraging,vigilance",1,train
E198,S1_C3_E198_V0082,1,9.75,10.75,1.0,1.0,animal_detection,S1/C3/S1_C3_E198_V0082.mp4,S1,C3,20.5,1,animal,red_deer,"foraging,vigilance",1,train
E198,S1_C2_E198_V0470,2,0.0,2.0,1.7666666666666666,0.8833333333333333,animal_detection,S1/C2/S1_C2_E198_V0470.mp4,S1,C2,2.0,1,animal,red_deer,"foraging,vigilance",1,train
E198,S1_C2_E198_V0469,2,0.7833333333333334,2.783333333333333,1.9999999999999998,0.9999999999999999,animal_detection,S1/C2/S1_C2_E198_V0469.mp4,S1,C2,4.0,1,animal,red_deer,"foraging,vigilance",1,train
E198,S1_C3_E198_V0082,2,9.25,11.25,2.0,1.0,animal_detection,S1/C3/S1_C3_E198_V0082.mp4,S1,C3,20.5,1,animal,red_deer,"foraging,vigilance",1,train
E198,S1_C2_E198_V0469,3,0.28333333333333344,3.283333333333333,3.0,1.0,animal_detection,S1/C2/S1_C2_E198_V0469.mp4,S1,C2,4.0,1,animal,red_deer,"foraging,vigilance",1,train
E198,S1_C3_E198_V0082,3,8.75,11.75,3.0,1.0,animal_detection,S1/C3/S1_C3_E198_V0082.mp4,S1,C3,20.5,1,animal,red_deer,"foraging,vigilance",1,train
E200,S1_C3_E200_V0084,1,9.25,10.25,1.0,1.0,animal_detection,S1/C3/S1_C3_E200_V0084.mp4,S1,C3,20.5,1,animal,red_deer,"foraging,vigilance",1,train
E200,S1_C3_E200_V0084,2,8.75,10.75,2.0,1.0,animal_detection,S1/C3/S1_C3_E200_V0084.mp4,S1,C3,20.5,1,animal,red_deer,"foraging,vigilance",1,train
E200,S1_C3_E200_V0084,3,8.25,11.25,3.0,1.0,animal_detection,S1/C3/S1_C3_E200_V0084.mp4,S1,C3,20.5,1,animal,red_deer,"foraging,vigilance",1,train
E202,S1_C2_E202_V0517,1,8.766666666666667,9.766666666666667,1.0,1.0,animal_detection,S1/C2/S1_C2_E202_V0517.mp4,S1,C2,120.5,1,animal,red_deer,"unknown,vigilance",1,train
E202,S1_C2_E202_V0517,2,8.266666666666667,10.266666666666667,2.0,1.0,animal_detection,S1/C2/S1_C2_E202_V0517.mp4,S1,C2,120.5,1,animal,red_deer,"unknown,vigilance",1,train
E202,S1_C2_E202_V0517,3,7.7666666666666675,10.766666666666667,3.0,1.0,animal_detection,S1/C2/S1_C2_E202_V0517.mp4,S1,C2,120.5,1,animal,red_deer,"unknown,vigilance",1,train
E204,S1_C1_E204_V0841,1,59.75,60.75,0.0,0.0,background,S1/C1/S1_C1_E204_V0841.mp4,S1,C1,120.5,0,background,none,none,0,train
E204,S1_C1_E204_V0840,1,59.75,60.75,0.0,0.0,background,S1/C1/S1_C1_E204_V0840.mp4,S1,C1,120.5,0,background,none,none,0,train
E204,S1_C1_E204_V0840,1,119.5,120.5,0.0,0.0,background,S1/C1/S1_C1_E204_V0840.mp4,S1,C1,120.5,0,background,none,none,0,train
E204,S1_C1_E204_V0841,2,0.0,2.0,0.0,0.0,background,S1/C1/S1_C1_E204_V0841.mp4,S1,C1,120.5,0,background,none,none,0,train
E204,S1_C1_E204_V0841,2,59.25,61.25,0.0,0.0,background,S1/C1/S1_C1_E204_V0841.mp4,S1,C1,120.5,0,background,none,none,0,train
E204,S1_C1_E204_V0840,2,59.25,61.25,0.0,0.0,background,S1/C1/S1_C1_E204_V0840.mp4,S1,C1,120.5,0,background,none,none,0,train
E204,S1_C1_E204_V0840,3,0.0,3.0,0.0,0.0,background,S1/C1/S1_C1_E204_V0840.mp4,S1,C1,120.5,0,background,none,none,0,train
E204,S1_C1_E204_V0840,3,117.5,120.5,0.0,0.0,background,S1/C1/S1_C1_E204_V0840.mp4,S1,C1,120.5,0,background,none,none,0,train
E204,S1_C1_E204_V0841,3,117.5,120.5,0.0,0.0,background,S1/C1/S1_C1_E204_V0841.mp4,S1,C1,120.5,0,background,none,none,0,train
E205,S1_C1_E205_V0842,1,0.0,1.0,0.0,0.0,background,S1/C1/S1_C1_E205_V0842.mp4,S1,C1,120.5,0,background,none,none,0,train
E205,S1_C1_E205_V0843,1,59.75,60.75,0.0,0.0,background,S1/C1/S1_C1_E205_V0843.mp4,S1,C1,120.5,0,background,none,none,0,train
E205,S1_C1_E205_V0842,1,119.5,120.5,0.0,0.0,background,S1/C1/S1_C1_E205_V0842.mp4,S1,C1,120.5,0,background,none,none,0,train
E205,S1_C1_E205_V0842,2,0.0,2.0,0.0,0.0,background,S1/C1/S1_C1_E205_V0842.mp4,S1,C1,120.5,0,background,none,none,0,train
E205,S1_C1_E205_V0843,2,118.5,120.5,0.0,0.0,background,S1/C1/S1_C1_E205_V0843.mp4,S1,C1,120.5,0,background,none,none,0,train
E205,S1_C1_E205_V0842,2,118.5,120.5,0.0,0.0,background,S1/C1/S1_C1_E205_V0842.mp4,S1,C1,120.5,0,background,none,none,0,train
E205,S1_C1_E205_V0842,3,0.0,3.0,0.0,0.0,background,S1/C1/S1_C1_E205_V0842.mp4,S1,C1,120.5,0,background,none,none,0,train
E205,S1_C1_E205_V0843,3,0.0,3.0,0.0,0.0,background,S1/C1/S1_C1_E205_V0843.mp4,S1,C1,120.5,0,background,none,none,0,train
E205,S1_C1_E205_V0843,3,117.5,120.5,0.0,0.0,background,S1/C1/S1_C1_E205_V0843.mp4,S1,C1,120.5,0,background,none,none,0,train
E208,S1_C1_E208_V0847,1,0.0,1.0,0.0,0.0,background,S1/C1/S1_C1_E208_V0847.mp4,S1,C1,120.5,0,background,none,none,0,train
E208,S1_C1_E208_V0848,1,59.75,60.75,0.0,0.0,background,S1/C1/S1_C1_E208_V0848.mp4,S1,C1,120.5,0,background,none,none,0,train
E208,S1_C1_E208_V0847,1,119.5,120.5,0.0,0.0,background,S1/C1/S1_C1_E208_V0847.mp4,S1,C1,120.5,0,background,none,none,0,train
E208,S1_C1_E208_V0848,2,59.25,61.25,0.0,0.0,background,S1/C1/S1_C1_E208_V0848.mp4,S1,C1,120.5,0,background,none,none,0,train
E208,S1_C1_E208_V0847,2,59.25,61.25,0.0,0.0,background,S1/C1/S1_C1_E208_V0847.mp4,S1,C1,120.5,0,background,none,none,0,train
E208,S1_C1_E208_V0848,2,118.5,120.5,0.0,0.0,background,S1/C1/S1_C1_E208_V0848.mp4,S1,C1,120.5,0,background,none,none,0,train
E208,S1_C1_E208_V0848,3,0.0,3.0,0.0,0.0,background,S1/C1/S1_C1_E208_V0848.mp4,S1,C1,120.5,0,background,none,none,0,train
E208,S1_C1_E208_V0847,3,0.0,3.0,0.0,0.0,background,S1/C1/S1_C1_E208_V0847.mp4,S1,C1,120.5,0,background,none,none,0,train
E208,S1_C1_E208_V0847,3,117.5,120.5,0.0,0.0,background,S1/C1/S1_C1_E208_V0847.mp4,S1,C1,120.5,0,background,none,none,0,train
E21,S1_C1_E21_V0051,1,0.0,1.0,0.0,0.0,background,S1/C1/S1_C1_E21_V0051.mp4,S1,C1,120.5,0,background,none,none,0,train
E21,S1_C2_E21_V0035,1,0.0,1.0,0.0,0.0,background,S1/C2/S1_C2_E21_V0035.mp4,S1,C2,120.5,0,background,none,none,0,train
E21,S1_C2_E21_V0035,1,59.75,60.75,0.0,0.0,background,S1/C2/S1_C2_E21_V0035.mp4,S1,C2,120.5,0,background,none,none,0,train
E21,S1_C2_E21_V0035,2,59.25,61.25,0.0,0.0,background,S1/C2/S1_C2_E21_V0035.mp4,S1,C2,120.5,0,background,none,none,0,train
E21,S1_C1_E21_V0051,2,118.5,120.5,0.0,0.0,background,S1/C1/S1_C1_E21_V0051.mp4,S1,C1,120.5,0,background,none,none,0,train
E21,S1_C2_E21_V0035,2,118.5,120.5,0.0,0.0,background,S1/C2/S1_C2_E21_V0035.mp4,S1,C2,120.5,0,background,none,none,0,train
E21,S1_C2_E21_V0035,3,0.0,3.0,0.0,0.0,background,S1/C2/S1_C2_E21_V0035.mp4,S1,C2,120.5,0,background,none,none,0,train
E21,S1_C1_E21_V0051,3,0.0,3.0,0.0,0.0,background,S1/C1/S1_C1_E21_V0051.mp4,S1,C1,120.5,0,background,none,none,0,train
E21,S1_C2_E21_V0035,3,58.75,61.75,0.0,0.0,background,S1/C2/S1_C2_E21_V0035.mp4,S1,C2,120.5,0,background,none,none,0,train
E210,S1_C1_E210_V0852,1,0.0,1.0,0.0,0.0,background,S1/C1/S1_C1_E210_V0852.mp4,S1,C1,120.5,0,background,none,none,0,train
E210,S1_C1_E210_V0852,1,119.5,120.5,0.0,0.0,background,S1/C1/S1_C1_E210_V0852.mp4,S1,C1,120.5,0,background,none,none,0,train
E210,S1_C1_E210_V0850,1,119.5,120.5,0.0,0.0,background,S1/C1/S1_C1_E210_V0850.mp4,S1,C1,120.5,0,background,none,none,0,train
E210,S1_C1_E210_V0853,2,0.0,2.0,0.0,0.0,background,S1/C1/S1_C1_E210_V0853.mp4,S1,C1,120.5,0,background,none,none,0,train
E210,S1_C1_E210_V0850,2,118.5,120.5,0.0,0.0,background,S1/C1/S1_C1_E210_V0850.mp4,S1,C1,120.5,0,background,none,none,0,train
E210,S1_C1_E210_V0851,2,118.5,120.5,0.0,0.0,background,S1/C1/S1_C1_E210_V0851.mp4,S1,C1,120.5,0,background,none,none,0,train
E210,S1_C1_E210_V0850,3,0.0,3.0,0.0,0.0,background,S1/C1/S1_C1_E210_V0850.mp4,S1,C1,120.5,0,background,none,none,0,train
E210,S1_C1_E210_V0852,3,58.75,61.75,0.0,0.0,background,S1/C1/S1_C1_E210_V0852.mp4,S1,C1,120.5,0,background,none,none,0,train
E210,S1_C1_E210_V0850,3,117.5,120.5,0.0,0.0,background,S1/C1/S1_C1_E210_V0850.mp4,S1,C1,120.5,0,background,none,none,0,train
E216,S1_C1_E216_V0857,1,0.4833333333333334,1.4833333333333334,1.0,1.0,animal_detection,S1/C1/S1_C1_E216_V0857.mp4,S1,C1,120.5,1,animal,red_deer,foraging,1,train
E216,S1_C1_E216_V0857,2,0.0,2.0,1.9,0.95,animal_detection,S1/C1/S1_C1_E216_V0857.mp4,S1,C1,120.5,1,animal,red_deer,foraging,1,train
E216,S1_C1_E216_V0857,3,0.0,3.0,1.9,0.6333333333333333,animal_detection,S1/C1/S1_C1_E216_V0857.mp4,S1,C1,120.5,1,animal,red_deer,foraging,1,train
E217,S1_C1_E217_V0858,1,0.44999999999999996,1.45,1.0,1.0,animal_detection,S1/C1/S1_C1_E217_V0858.mp4,S1,C1,120.5,1,animal,red_deer,unknown,1,train
E217,S1_C1_E217_V0858,2,0.0,2.0,1.9,0.95,animal_detection,S1/C1/S1_C1_E217_V0858.mp4,S1,C1,120.5,1,animal,red_deer,unknown,1,train
E217,S1_C1_E217_V0858,3,0.0,3.0,1.9,0.6333333333333333,animal_detection,S1/C1/S1_C1_E217_V0858.mp4,S1,C1,120.5,1,animal,red_deer,unknown,1,train
E218,S1_C1_E218_V0859,1,0.0,1.0,0.0,0.0,background,S1/C1/S1_C1_E218_V0859.mp4,S1,C1,120.5,0,background,none,none,0,train
E218,S1_C1_E218_V0859,1,59.75,60.75,0.0,0.0,background,S1/C1/S1_C1_E218_V0859.mp4,S1,C1,120.5,0,background,none,none,0,train
E218,S1_C1_E218_V0859,1,119.5,120.5,0.0,0.0,background,S1/C1/S1_C1_E218_V0859.mp4,S1,C1,120.5,0,background,none,none,0,train
E218,S1_C1_E218_V0859,2,0.0,2.0,0.0,0.0,background,S1/C1/S1_C1_E218_V0859.mp4,S1,C1,120.5,0,background,none,none,0,train
E218,S1_C1_E218_V0859,2,59.25,61.25,0.0,0.0,background,S1/C1/S1_C1_E218_V0859.mp4,S1,C1,120.5,0,background,none,none,0,train
E218,S1_C1_E218_V0859,2,118.5,120.5,0.0,0.0,background,S1/C1/S1_C1_E218_V0859.mp4,S1,C1,120.5,0,background,none,none,0,train
E218,S1_C1_E218_V0859,3,0.0,3.0,0.0,0.0,background,S1/C1/S1_C1_E218_V0859.mp4,S1,C1,120.5,0,background,none,none,0,train
E218,S1_C1_E218_V0859,3,58.75,61.75,0.0,0.0,background,S1/C1/S1_C1_E218_V0859.mp4,S1,C1,120.5,0,background,none,none,0,train
E218,S1_C1_E218_V0859,3,117.5,120.5,0.0,0.0,background,S1/C1/S1_C1_E218_V0859.mp4,S1,C1,120.5,0,background,none,none,0,train
E219,S1_C2_E219_V0521,1,0.25,1.25,1.0,1.0,animal_detection,S1/C2/S1_C2_E219_V0521.mp4,S1,C2,1.5,1,animal,red_deer,"foraging,vigilance",1,train
E219,S1_C2_E219_V0520,1,0.5,1.5,1.0,1.0,animal_detection,S1/C2/S1_C2_E219_V0520.mp4,S1,C2,2.0,1,animal,red_deer,"foraging,vigilance",1,train
E219,S1_C2_E219_V0519,1,2.1666666666666665,3.1666666666666665,1.0,1.0,animal_detection,S1/C2/S1_C2_E219_V0519.mp4,S1,C2,8.0,1,animal,red_deer,"foraging,vigilance",1,train
E219,S1_C2_E219_V0520,2,0.0,2.0,2.0,1.0,animal_detection,S1/C2/S1_C2_E219_V0520.mp4,S1,C2,2.0,1,animal,red_deer,"foraging,vigilance",1,train
E219,S1_C2_E219_V0519,2,1.6666666666666665,3.6666666666666665,2.0,1.0,animal_detection,S1/C2/S1_C2_E219_V0519.mp4,S1,C2,8.0,1,animal,red_deer,"foraging,vigilance",1,train
E219,S1_C3_E219_V0088,2,9.25,11.25,2.0,1.0,animal_detection,S1/C3/S1_C3_E219_V0088.mp4,S1,C3,20.5,1,animal,red_deer,"foraging,vigilance",1,train
E219,S1_C2_E219_V0519,3,1.1666666666666665,4.166666666666666,2.9999999999999996,0.9999999999999999,animal_detection,S1/C2/S1_C2_E219_V0519.mp4,S1,C2,8.0,1,animal,red_deer,"foraging,vigilance",1,train
E219,S1_C3_E219_V0088,3,8.75,11.75,3.0,1.0,animal_detection,S1/C3/S1_C3_E219_V0088.mp4,S1,C3,20.5,1,animal,red_deer,"foraging,vigilance",1,train
E221,S1_C1_E221_V0861,1,0.0,1.0,0.0,0.0,background,S1/C1/S1_C1_E221_V0861.mp4,S1,C1,120.5,0,background,none,none,0,train
E221,S1_C1_E221_V0861,1,59.75,60.75,0.0,0.0,background,S1/C1/S1_C1_E221_V0861.mp4,S1,C1,120.5,0,background,none,none,0,train
E221,S1_C1_E221_V0861,1,119.5,120.5,0.0,0.0,background,S1/C1/S1_C1_E221_V0861.mp4,S1,C1,120.5,0,background,none,none,0,train
E221,S1_C1_E221_V0861,2,0.0,2.0,0.0,0.0,background,S1/C1/S1_C1_E221_V0861.mp4,S1,C1,120.5,0,background,none,none,0,train
E221,S1_C1_E221_V0861,2,59.25,61.25,0.0,0.0,background,S1/C1/S1_C1_E221_V0861.mp4,S1,C1,120.5,0,background,none,none,0,train
E221,S1_C1_E221_V0861,2,118.5,120.5,0.0,0.0,background,S1/C1/S1_C1_E221_V0861.mp4,S1,C1,120.5,0,background,none,none,0,train
E221,S1_C1_E221_V0861,3,0.0,3.0,0.0,0.0,background,S1/C1/S1_C1_E221_V0861.mp4,S1,C1,120.5,0,background,none,none,0,train
E221,S1_C1_E221_V0861,3,58.75,61.75,0.0,0.0,background,S1/C1/S1_C1_E221_V0861.mp4,S1,C1,120.5,0,background,none,none,0,train
E221,S1_C1_E221_V0861,3,117.5,120.5,0.0,0.0,background,S1/C1/S1_C1_E221_V0861.mp4,S1,C1,120.5,0,background,none,none,0,train
E222,S1_C1_E222_V0862,1,1.5333333333333332,2.533333333333333,1.0,1.0,animal_detection,S1/C1/S1_C1_E222_V0862.mp4,S1,C1,120.5,1,animal,red_deer,foraging,1,train
E222,S1_C1_E222_V0862,2,1.0333333333333332,3.033333333333333,2.0,1.0,animal_detection,S1/C1/S1_C1_E222_V0862.mp4,S1,C1,120.5,1,animal,red_deer,foraging,1,train
E222,S1_C1_E222_V0862,3,0.5333333333333332,3.533333333333333,3.0,1.0,animal_detection,S1/C1/S1_C1_E222_V0862.mp4,S1,C1,120.5,1,animal,red_deer,foraging,1,train
E224,S1_C3_E224_V0089,1,0.41666666666666663,1.4166666666666665,0.9999999999999999,0.9999999999999999,animal_detection,S1/C3/S1_C3_E224_V0089.mp4,S1,C3,20.5,1,animal,red_deer,foraging,1,train
E224,S1_C3_E224_V0089,2,0.0,2.0,1.8333333333333333,0.9166666666666666,animal_detection,S1/C3/S1_C3_E224_V0089.mp4,S1,C3,20.5,1,animal,red_deer,foraging,1,train
E224,S1_C3_E224_V0089,3,0.0,3.0,1.8333333333333333,0.611111111111111,animal_detection,S1/C3/S1_C3_E224_V0089.mp4,S1,C3,20.5,1,animal,red_deer,foraging,1,train
E227,S1_C1_E227_V0864,1,0.0,1.0,0.0,0.0,background,S1/C1/S1_C1_E227_V0864.mp4,S1,C1,120.5,0,background,none,none,0,train
E227,S1_C1_E227_V0864,1,59.75,60.75,0.0,0.0,background,S1/C1/S1_C1_E227_V0864.mp4,S1,C1,120.5,0,background,none,none,0,train
E227,S1_C1_E227_V0864,1,119.5,120.5,0.0,0.0,background,S1/C1/S1_C1_E227_V0864.mp4,S1,C1,120.5,0,background,none,none,0,train
E227,S1_C1_E227_V0864,2,0.0,2.0,0.0,0.0,background,S1/C1/S1_C1_E227_V0864.mp4,S1,C1,120.5,0,background,none,none,0,train
E227,S1_C1_E227_V0864,2,59.25,61.25,0.0,0.0,background,S1/C1/S1_C1_E227_V0864.mp4,S1,C1,120.5,0,background,none,none,0,train
E227,S1_C1_E227_V0864,2,118.5,120.5,0.0,0.0,background,S1/C1/S1_C1_E227_V0864.mp4,S1,C1,120.5,0,background,none,none,0,train
E227,S1_C1_E227_V0864,3,0.0,3.0,0.0,0.0,background,S1/C1/S1_C1_E227_V0864.mp4,S1,C1,120.5,0,background,none,none,0,train
E227,S1_C1_E227_V0864,3,58.75,61.75,0.0,0.0,background,S1/C1/S1_C1_E227_V0864.mp4,S1,C1,120.5,0,background,none,none,0,train
E227,S1_C1_E227_V0864,3,117.5,120.5,0.0,0.0,background,S1/C1/S1_C1_E227_V0864.mp4,S1,C1,120.5,0,background,none,none,0,train
E228,S1_C3_E228_V0090,1,0.0,1.0,0.0,0.0,background,S1/C3/S1_C3_E228_V0090.mp4,S1,C3,120.5,0,background,none,none,0,train
E228,S1_C3_E228_V0090,1,59.75,60.75,0.0,0.0,background,S1/C3/S1_C3_E228_V0090.mp4,S1,C3,120.5,0,background,none,none,0,train
E228,S1_C3_E228_V0090,1,119.5,120.5,0.0,0.0,background,S1/C3/S1_C3_E228_V0090.mp4,S1,C3,120.5,0,background,none,none,0,train
E228,S1_C1_E228_V0865,2,0.0,2.0,0.0,0.0,background,S1/C1/S1_C1_E228_V0865.mp4,S1,C1,120.5,0,background,none,none,0,train
E228,S1_C1_E228_V0865,2,59.25,61.25,0.0,0.0,background,S1/C1/S1_C1_E228_V0865.mp4,S1,C1,120.5,0,background,none,none,0,train
E228,S1_C3_E228_V0090,2,118.5,120.5,0.0,0.0,background,S1/C3/S1_C3_E228_V0090.mp4,S1,C3,120.5,0,background,none,none,0,train
E228,S1_C3_E228_V0090,3,0.0,3.0,0.0,0.0,background,S1/C3/S1_C3_E228_V0090.mp4,S1,C3,120.5,0,background,none,none,0,train
E228,S1_C1_E228_V0865,3,117.5,120.5,0.0,0.0,background,S1/C1/S1_C1_E228_V0865.mp4,S1,C1,120.5,0,background,none,none,0,train
E228,S1_C3_E228_V0090,3,117.5,120.5,0.0,0.0,background,S1/C3/S1_C3_E228_V0090.mp4,S1,C3,120.5,0,background,none,none,0,train
E230,S1_C1_E230_V0867,1,0.0,1.0,0.0,0.0,background,S1/C1/S1_C1_E230_V0867.mp4,S1,C1,120.5,0,background,none,none,0,train
E230,S1_C1_E230_V0867,1,59.75,60.75,0.0,0.0,background,S1/C1/S1_C1_E230_V0867.mp4,S1,C1,120.5,0,background,none,none,0,train
E230,S1_C1_E230_V0867,1,119.5,120.5,0.0,0.0,background,S1/C1/S1_C1_E230_V0867.mp4,S1,C1,120.5,0,background,none,none,0,train
E230,S1_C1_E230_V0867,2,0.0,2.0,0.0,0.0,background,S1/C1/S1_C1_E230_V0867.mp4,S1,C1,120.5,0,background,none,none,0,train
E230,S1_C1_E230_V0867,2,59.25,61.25,0.0,0.0,background,S1/C1/S1_C1_E230_V0867.mp4,S1,C1,120.5,0,background,none,none,0,train
E230,S1_C1_E230_V0867,2,118.5,120.5,0.0,0.0,background,S1/C1/S1_C1_E230_V0867.mp4,S1,C1,120.5,0,background,none,none,0,train
E230,S1_C1_E230_V0867,3,0.0,3.0,0.0,0.0,background,S1/C1/S1_C1_E230_V0867.mp4,S1,C1,120.5,0,background,none,none,0,train
E230,S1_C1_E230_V0867,3,58.75,61.75,0.0,0.0,background,S1/C1/S1_C1_E230_V0867.mp4,S1,C1,120.5,0,background,none,none,0,train
E230,S1_C1_E230_V0867,3,117.5,120.5,0.0,0.0,background,S1/C1/S1_C1_E230_V0867.mp4,S1,C1,120.5,0,background,none,none,0,train
E231,S1_C2_E231_V0526,1,0.09999999999999998,1.1,1.0,1.0,animal_detection,S1/C2/S1_C2_E231_V0526.mp4,S1,C2,1.5,1,animal,red_deer,foraging,1,train
E237,S1_C2_E237_V0532,1,0.16666666666666663,1.1666666666666665,0.9999999999999999,0.9999999999999999,animal_detection,S1/C2/S1_C2_E237_V0532.mp4,S1,C2,1.5,1,animal,red_deer,"camera_reaction,courtship,foraging",1,train
E237,S1_C3_E237_V0092,1,2.1666666666666665,3.1666666666666665,1.0,1.0,animal_detection,S1/C3/S1_C3_E237_V0092.mp4,S1,C3,20.5,1,animal,red_deer,"camera_reaction,courtship,foraging",1,train
E237,S1_C2_E237_V0529,1,2.283333333333333,3.283333333333333,1.0,1.0,animal_detection,S1/C2/S1_C2_E237_V0529.mp4,S1,C2,6.0,1,animal,red_deer,"camera_reaction,courtship,foraging",1,train
E237,S1_C3_E237_V0092,2,1.6666666666666665,3.6666666666666665,2.0,1.0,animal_detection,S1/C3/S1_C3_E237_V0092.mp4,S1,C3,20.5,1,animal,red_deer,"camera_reaction,courtship,foraging",1,train
E237,S1_C2_E237_V0529,2,1.7833333333333332,3.783333333333333,2.0,1.0,animal_detection,S1/C2/S1_C2_E237_V0529.mp4,S1,C2,6.0,1,animal,red_deer,"camera_reaction,courtship,foraging",1,train
E237,S1_C3_E237_V0092,3,1.1666666666666665,4.166666666666666,2.9999999999999996,0.9999999999999999,animal_detection,S1/C3/S1_C3_E237_V0092.mp4,S1,C3,20.5,1,animal,red_deer,"camera_reaction,courtship,foraging",1,train
E237,S1_C2_E237_V0529,3,1.2833333333333332,4.283333333333333,3.0,1.0,animal_detection,S1/C2/S1_C2_E237_V0529.mp4,S1,C2,6.0,1,animal,red_deer,"camera_reaction,courtship,foraging",1,train
E238,S1_C2_E238_V0534,1,0.1166666666666667,1.1166666666666667,1.0,1.0,animal_detection,S1/C2/S1_C2_E238_V0534.mp4,S1,C2,1.5,1,animal,red_deer,vigilance,1,train
E238,S1_C2_E238_V0533,1,0.21666666666666667,1.2166666666666668,1.0,1.0,animal_detection,S1/C2/S1_C2_E238_V0533.mp4,S1,C2,1.5,1,animal,red_deer,vigilance,1,train
E24,S1_C1_E24_V0057,1,0.0,1.0,0.0,0.0,background,S1/C1/S1_C1_E24_V0057.mp4,S1,C1,120.5,0,background,none,none,0,train
E24,S1_C1_E24_V0056,1,0.0,1.0,0.0,0.0,background,S1/C1/S1_C1_E24_V0056.mp4,S1,C1,120.5,0,background,none,none,0,train
E24,S1_C1_E24_V0057,1,59.75,60.75,0.0,0.0,background,S1/C1/S1_C1_E24_V0057.mp4,S1,C1,120.5,0,background,none,none,0,train
E24,S1_C1_E24_V0057,2,0.0,2.0,0.0,0.0,background,S1/C1/S1_C1_E24_V0057.mp4,S1,C1,120.5,0,background,none,none,0,train
E24,S1_C1_E24_V0056,2,0.0,2.0,0.0,0.0,background,S1/C1/S1_C1_E24_V0056.mp4,S1,C1,120.5,0,background,none,none,0,train
E24,S1_C1_E24_V0056,2,118.5,120.5,0.0,0.0,background,S1/C1/S1_C1_E24_V0056.mp4,S1,C1,120.5,0,background,none,none,0,train
E24,S1_C1_E24_V0056,3,58.75,61.75,0.0,0.0,background,S1/C1/S1_C1_E24_V0056.mp4,S1,C1,120.5,0,background,none,none,0,train
E24,S1_C1_E24_V0057,3,58.75,61.75,0.0,0.0,background,S1/C1/S1_C1_E24_V0057.mp4,S1,C1,120.5,0,background,none,none,0,train
E24,S1_C1_E24_V0056,3,117.5,120.5,0.0,0.0,background,S1/C1/S1_C1_E24_V0056.mp4,S1,C1,120.5,0,background,none,none,0,train
E242,S1_C1_E242_V0873,1,0.0,1.0,0.0,0.0,background,S1/C1/S1_C1_E242_V0873.mp4,S1,C1,120.5,0,background,none,none,0,train
E242,S1_C1_E242_V0873,1,59.75,60.75,0.0,0.0,background,S1/C1/S1_C1_E242_V0873.mp4,S1,C1,120.5,0,background,none,none,0,train
E242,S1_C1_E242_V0874,1,119.5,120.5,0.0,0.0,background,S1/C1/S1_C1_E242_V0874.mp4,S1,C1,120.5,0,background,none,none,0,train
E242,S1_C1_E242_V0873,2,0.0,2.0,0.0,0.0,background,S1/C1/S1_C1_E242_V0873.mp4,S1,C1,120.5,0,background,none,none,0,train
E242,S1_C1_E242_V0873,2,59.25,61.25,0.0,0.0,background,S1/C1/S1_C1_E242_V0873.mp4,S1,C1,120.5,0,background,none,none,0,train
E242,S1_C1_E242_V0874,2,118.5,120.5,0.0,0.0,background,S1/C1/S1_C1_E242_V0874.mp4,S1,C1,120.5,0,background,none,none,0,train
E242,S1_C1_E242_V0874,3,0.0,3.0,0.0,0.0,background,S1/C1/S1_C1_E242_V0874.mp4,S1,C1,120.5,0,background,none,none,0,train
E242,S1_C1_E242_V0873,3,0.0,3.0,0.0,0.0,background,S1/C1/S1_C1_E242_V0873.mp4,S1,C1,120.5,0,background,none,none,0,train
E242,S1_C1_E242_V0874,3,58.75,61.75,0.0,0.0,background,S1/C1/S1_C1_E242_V0874.mp4,S1,C1,120.5,0,background,none,none,0,train
E243,S1_C2_E243_V0543,1,0.55,1.55,1.0,1.0,animal_detection,S1/C2/S1_C2_E243_V0543.mp4,S1,C2,2.0,1,animal,red_deer,"foraging,unknown",1,train
E243,S1_C2_E243_V0542,1,1.2666666666666666,2.2666666666666666,0.5333333333333332,0.5333333333333332,animal_detection,S1/C2/S1_C2_E243_V0542.mp4,S1,C2,2.5,1,animal,red_deer,"foraging,unknown",1,train
E243,S1_C3_E243_V0093,1,9.75,10.75,1.0,1.0,animal_detection,S1/C3/S1_C3_E243_V0093.mp4,S1,C3,20.5,1,animal,red_deer,"foraging,unknown",1,train
E243,S1_C2_E243_V0543,2,0.0,2.0,1.8333333333333333,0.9166666666666666,animal_detection,S1/C2/S1_C2_E243_V0543.mp4,S1,C2,2.0,1,animal,red_deer,"foraging,unknown",1,train
E243,S1_C2_E243_V0542,2,0.5,2.5,0.5333333333333332,0.2666666666666666,animal_detection,S1/C2/S1_C2_E243_V0542.mp4,S1,C2,2.5,1,animal,red_deer,"foraging,unknown",1,train
E243,S1_C3_E243_V0093,2,9.25,11.25,2.0,1.0,animal_detection,S1/C3/S1_C3_E243_V0093.mp4,S1,C3,20.5,1,animal,red_deer,"foraging,unknown",1,train
E243,S1_C3_E243_V0093,3,8.75,11.75,3.0,1.0,animal_detection,S1/C3/S1_C3_E243_V0093.mp4,S1,C3,20.5,1,animal,red_deer,"foraging,unknown",1,train
E244,S1_C2_E244_V0554,1,0.31666666666666665,1.3166666666666667,1.0,1.0,animal_detection,S1/C2/S1_C2_E244_V0554.mp4,S1,C2,2.0,1,animal,red_deer,foraging,1,train
E244,S1_C2_E244_V0553,1,0.5,1.5,1.0,1.0,animal_detection,S1/C2/S1_C2_E244_V0553.mp4,S1,C2,2.0,1,animal,red_deer,foraging,1,train
E244,S1_C2_E244_V0553,2,0.0,2.0,2.0,1.0,animal_detection,S1/C2/S1_C2_E244_V0553.mp4,S1,C2,2.0,1,animal,red_deer,foraging,1,train
E244,S1_C2_E244_V0554,2,0.0,2.0,1.6333333333333333,0.8166666666666667,animal_detection,S1/C2/S1_C2_E244_V0554.mp4,S1,C2,2.0,1,animal,red_deer,foraging,1,train
E248,S1_C1_E248_V0877,1,0.0,1.0,0.0,0.0,background,S1/C1/S1_C1_E248_V0877.mp4,S1,C1,120.5,0,background,none,none,0,train
E248,S1_C1_E248_V0877,1,59.75,60.75,0.0,0.0,background,S1/C1/S1_C1_E248_V0877.mp4,S1,C1,120.5,0,background,none,none,0,train
E248,S1_C1_E248_V0877,1,119.5,120.5,0.0,0.0,background,S1/C1/S1_C1_E248_V0877.mp4,S1,C1,120.5,0,background,none,none,0,train
E248,S1_C1_E248_V0877,2,0.0,2.0,0.0,0.0,background,S1/C1/S1_C1_E248_V0877.mp4,S1,C1,120.5,0,background,none,none,0,train
E248,S1_C1_E248_V0877,2,59.25,61.25,0.0,0.0,background,S1/C1/S1_C1_E248_V0877.mp4,S1,C1,120.5,0,background,none,none,0,train
E248,S1_C1_E248_V0877,2,118.5,120.5,0.0,0.0,background,S1/C1/S1_C1_E248_V0877.mp4,S1,C1,120.5,0,background,none,none,0,train
E248,S1_C1_E248_V0877,3,0.0,3.0,0.0,0.0,background,S1/C1/S1_C1_E248_V0877.mp4,S1,C1,120.5,0,background,none,none,0,train
E248,S1_C1_E248_V0877,3,58.75,61.75,0.0,0.0,background,S1/C1/S1_C1_E248_V0877.mp4,S1,C1,120.5,0,background,none,none,0,train
E248,S1_C1_E248_V0877,3,117.5,120.5,0.0,0.0,background,S1/C1/S1_C1_E248_V0877.mp4,S1,C1,120.5,0,background,none,none,0,train
E25,S1_C2_E25_V0036,1,8.283333333333333,9.283333333333333,1.0,1.0,animal_detection,S1/C2/S1_C2_E25_V0036.mp4,S1,C2,120.5,1,animal,roe_deer,"escaping,unknown,vigilance",1,train
E25,S1_C2_E25_V0036,2,7.783333333333333,9.783333333333333,2.0,1.0,animal_detection,S1/C2/S1_C2_E25_V0036.mp4,S1,C2,120.5,1,animal,roe_deer,"escaping,unknown,vigilance",1,train
E25,S1_C2_E25_V0036,3,7.283333333333333,10.283333333333333,3.0,1.0,animal_detection,S1/C2/S1_C2_E25_V0036.mp4,S1,C2,120.5,1,animal,roe_deer,"escaping,unknown,vigilance",1,train
E251,S1_C2_E251_V0565,1,0.23333333333333328,1.2333333333333334,1.0,1.0,animal_detection,S1/C2/S1_C2_E251_V0565.mp4,S1,C2,1.5,1,animal,red_deer,foraging,1,train
E252,S1_C2_E252_V0573,1,0.2833333333333333,1.2833333333333332,0.9999999999999999,0.9999999999999999,animal_detection,S1/C2/S1_C2_E252_V0573.mp4,S1,C2,2.0,1,animal,red_deer,foraging,1,train
E252,S1_C2_E252_V0573,2,0.0,2.0,1.5666666666666667,0.7833333333333333,animal_detection,S1/C2/S1_C2_E252_V0573.mp4,S1,C2,2.0,1,animal,red_deer,foraging,1,train
E260,S2_C2_E260_V0018,1,7.699999999999999,8.7,1.0,1.0,animal_detection,S2/C2/S2_C2_E260_V0018.mp4,S2,C2,20.5,1,animal,red_deer,"camera_reaction,foraging,vigilance",1,train
E260,S2_C1_E260_V0021,1,9.75,10.75,1.0,1.0,animal_detection,S2/C1/S2_C1_E260_V0021.mp4,S2,C1,20.5,1,animal,red_deer,"camera_reaction,foraging,vigilance",1,train
E260,S2_C1_E260_V0017,1,9.783333333333333,10.783333333333333,1.0,1.0,animal_detection,S2/C1/S2_C1_E260_V0017.mp4,S2,C1,20.5,1,animal,red_deer,"camera_reaction,foraging,vigilance",1,train
E260,S2_C2_E260_V0018,2,7.199999999999999,9.2,2.0,1.0,animal_detection,S2/C2/S2_C2_E260_V0018.mp4,S2,C2,20.5,1,animal,red_deer,"camera_reaction,foraging,vigilance",1,train
E260,S2_C1_E260_V0020,2,9.25,11.25,2.0,1.0,animal_detection,S2/C1/S2_C1_E260_V0020.mp4,S2,C1,20.5,1,animal,red_deer,"camera_reaction,foraging,vigilance",1,train
E260,S2_C2_E260_V0019,2,9.733333333333333,11.733333333333333,2.0,1.0,animal_detection,S2/C2/S2_C2_E260_V0019.mp4,S2,C2,20.5,1,animal,red_deer,"camera_reaction,foraging,vigilance",1,train
E260,S2_C2_E260_V0018,3,6.699999999999999,9.7,3.0,1.0,animal_detection,S2/C2/S2_C2_E260_V0018.mp4,S2,C2,20.5,1,animal,red_deer,"camera_reaction,foraging,vigilance",1,train
E260,S2_C1_E260_V0020,3,8.75,11.75,3.0,1.0,animal_detection,S2/C1/S2_C1_E260_V0020.mp4,S2,C1,20.5,1,animal,red_deer,"camera_reaction,foraging,vigilance",1,train
E260,S2_C2_E260_V0019,3,9.233333333333333,12.233333333333333,3.0,1.0,animal_detection,S2/C2/S2_C2_E260_V0019.mp4,S2,C2,20.5,1,animal,red_deer,"camera_reaction,foraging,vigilance",1,train
E263,S2_C2_E263_V0023,1,0.4666666666666667,1.4666666666666668,1.0,1.0,animal_detection,S2/C2/S2_C2_E263_V0023.mp4,S2,C2,120.5,1,animal,red_deer,"foraging,grooming,unknown,vigilance",1,train
E263,S2_C1_E263_V0023,1,2.15,3.15,1.0,1.0,animal_detection,S2/C1/S2_C1_E263_V0023.mp4,S2,C1,120.5,1,animal,red_deer,"foraging,grooming,unknown,vigilance",1,train
E263,S2_C3_E263_V0018,1,20.566666666666666,21.566666666666666,1.0,1.0,animal_detection,S2/C3/S2_C3_E263_V0018.mp4,S2,C3,120.5,1,animal,red_deer,"foraging,grooming,unknown,vigilance",1,train
E263,S2_C2_E263_V0023,2,0.0,2.0,1.9333333333333333,0.9666666666666667,animal_detection,S2/C2/S2_C2_E263_V0023.mp4,S2,C2,120.5,1,animal,red_deer,"foraging,grooming,unknown,vigilance",1,train
E263,S2_C1_E263_V0023,2,1.65,3.65,2.0,1.0,animal_detection,S2/C1/S2_C1_E263_V0023.mp4,S2,C1,120.5,1,animal,red_deer,"foraging,grooming,unknown,vigilance",1,train
E263,S2_C3_E263_V0018,2,20.066666666666666,22.066666666666666,2.0,1.0,animal_detection,S2/C3/S2_C3_E263_V0018.mp4,S2,C3,120.5,1,animal,red_deer,"foraging,grooming,unknown,vigilance",1,train
E263,S2_C2_E263_V0023,3,0.0,3.0,1.9333333333333333,0.6444444444444445,animal_detection,S2/C2/S2_C2_E263_V0023.mp4,S2,C2,120.5,1,animal,red_deer,"foraging,grooming,unknown,vigilance",1,train
E263,S2_C1_E263_V0023,3,1.15,4.15,3.0000000000000004,1.0000000000000002,animal_detection,S2/C1/S2_C1_E263_V0023.mp4,S2,C1,120.5,1,animal,red_deer,"foraging,grooming,unknown,vigilance",1,train
E263,S2_C3_E263_V0018,3,19.566666666666666,22.566666666666666,3.0,1.0,animal_detection,S2/C3/S2_C3_E263_V0018.mp4,S2,C3,120.5,1,animal,red_deer,"foraging,grooming,unknown,vigilance",1,train
E264,S2_C3_E264_V0019,1,0.3833333333333333,1.3833333333333333,1.0,1.0,animal_detection,S2/C3/S2_C3_E264_V0019.mp4,S2,C3,120.5,1,animal,red_deer,unknown,1,train
E264,S2_C3_E264_V0019,2,0.0,2.0,1.7666666666666666,0.8833333333333333,animal_detection,S2/C3/S2_C3_E264_V0019.mp4,S2,C3,120.5,1,animal,red_deer,unknown,1,train
E264,S2_C3_E264_V0019,3,0.0,3.0,1.7666666666666666,0.5888888888888889,animal_detection,S2/C3/S2_C3_E264_V0019.mp4,S2,C3,120.5,1,animal,red_deer,unknown,1,train
E265,S2_C2_E265_V0025,1,9.583333333333334,10.583333333333334,1.0,1.0,animal_detection,S2/C2/S2_C2_E265_V0025.mp4,S2,C2,20.5,1,animal,red_deer,"camera_reaction,foraging,unknown,vigilance",3+,train
E265,S2_C3_E265_V0021,1,9.75,10.75,1.0,1.0,animal_detection,S2/C3/S2_C3_E265_V0021.mp4,S2,C3,20.5,1,animal,red_deer,"camera_reaction,foraging,unknown,vigilance",3+,train
E265,S2_C3_E265_V0020,1,9.783333333333333,10.783333333333333,1.0,1.0,animal_detection,S2/C3/S2_C3_E265_V0020.mp4,S2,C3,20.5,1,animal,red_deer,"camera_reaction,foraging,unknown,vigilance",3+,train
E265,S2_C1_E265_V0028,2,2.5833333333333335,4.583333333333334,2.0000000000000004,1.0000000000000002,animal_detection,S2/C1/S2_C1_E265_V0028.mp4,S2,C1,20.5,1,animal,red_deer,"camera_reaction,foraging,unknown,vigilance",3+,train
E265,S2_C3_E265_V0020,2,9.283333333333333,11.283333333333333,2.0,1.0,animal_detection,S2/C3/S2_C3_E265_V0020.mp4,S2,C3,20.5,1,animal,red_deer,"camera_reaction,foraging,unknown,vigilance",3+,train
E265,S2_C1_E265_V0026,2,13.666666666666668,15.666666666666668,2.0,1.0,animal_detection,S2/C1/S2_C1_E265_V0026.mp4,S2,C1,20.5,1,animal,red_deer,"camera_reaction,foraging,unknown,vigilance",3+,train
E265,S2_C1_E265_V0029,3,0.0,3.0,2.3333333333333335,0.7777777777777778,animal_detection,S2/C1/S2_C1_E265_V0029.mp4,S2,C1,20.5,1,animal,red_deer,"camera_reaction,foraging,unknown,vigilance",3+,train
E265,S2_C1_E265_V0027,3,7.300000000000001,10.3,3.0,1.0,animal_detection,S2/C1/S2_C1_E265_V0027.mp4,S2,C1,20.5,1,animal,red_deer,"camera_reaction,foraging,unknown,vigilance",3+,train
E265,S2_C2_E265_V0024,3,8.783333333333333,11.783333333333333,3.0,1.0,animal_detection,S2/C2/S2_C2_E265_V0024.mp4,S2,C2,20.5,1,animal,red_deer,"camera_reaction,foraging,unknown,vigilance",3+,train
E266,S2_C3_E266_V0023,1,5.666666666666667,6.666666666666667,1.0,1.0,animal_detection,S2/C3/S2_C3_E266_V0023.mp4,S2,C3,20.5,1,animal,red_deer,foraging,1,train
E266,S2_C3_E266_V0023,2,5.166666666666667,7.166666666666667,2.0,1.0,animal_detection,S2/C3/S2_C3_E266_V0023.mp4,S2,C3,20.5,1,animal,red_deer,foraging,1,train
E266,S2_C3_E266_V0023,3,4.666666666666667,7.666666666666667,3.0,1.0,animal_detection,S2/C3/S2_C3_E266_V0023.mp4,S2,C3,20.5,1,animal,red_deer,foraging,1,train
E27,S1_C2_E27_V0037,1,9.683333333333334,10.683333333333334,1.0,1.0,animal_detection,S1/C2/S1_C2_E27_V0037.mp4,S1,C2,20.5,1,animal,red_deer,"camera_reaction,foraging,unknown,vigilance",1,train
E27,S1_C3_E27_V0016,1,9.75,10.75,1.0,1.0,animal_detection,S1/C3/S1_C3_E27_V0016.mp4,S1,C3,20.5,1,animal,red_deer,"camera_reaction,foraging,unknown,vigilance",1,train
E27,S1_C3_E27_V0017,1,9.75,10.75,1.0,1.0,animal_detection,S1/C3/S1_C3_E27_V0017.mp4,S1,C3,20.5,1,animal,red_deer,"camera_reaction,foraging,unknown,vigilance",1,train
E27,S1_C1_E27_V0061,2,8.333333333333334,10.333333333333334,2.0,1.0,animal_detection,S1/C1/S1_C1_E27_V0061.mp4,S1,C1,20.5,1,animal,red_deer,"camera_reaction,foraging,unknown,vigilance",1,train
E27,S1_C2_E27_V0037,2,9.183333333333334,11.183333333333334,2.0,1.0,animal_detection,S1/C2/S1_C2_E27_V0037.mp4,S1,C2,20.5,1,animal,red_deer,"camera_reaction,foraging,unknown,vigilance",1,train
E27,S1_C2_E27_V0038,2,9.25,11.25,2.0,1.0,animal_detection,S1/C2/S1_C2_E27_V0038.mp4,S1,C2,20.5,1,animal,red_deer,"camera_reaction,foraging,unknown,vigilance",1,train
E27,S1_C1_E27_V0061,3,7.833333333333334,10.833333333333334,3.0,1.0,animal_detection,S1/C1/S1_C1_E27_V0061.mp4,S1,C1,20.5,1,animal,red_deer,"camera_reaction,foraging,unknown,vigilance",1,train
E27,S1_C2_E27_V0037,3,8.683333333333334,11.683333333333334,3.0,1.0,animal_detection,S1/C2/S1_C2_E27_V0037.mp4,S1,C2,20.5,1,animal,red_deer,"camera_reaction,foraging,unknown,vigilance",1,train
E27,S1_C3_E27_V0016,3,8.75,11.75,3.0,1.0,animal_detection,S1/C3/S1_C3_E27_V0016.mp4,S1,C3,20.5,1,animal,red_deer,"camera_reaction,foraging,unknown,vigilance",1,train
E274,S2_C1_E274_V0033,1,15.516666666666666,16.516666666666666,1.0,1.0,animal_detection,S2/C1/S2_C1_E274_V0033.mp4,S2,C1,120.5,1,animal,red_deer,"camera_reaction,foraging,vigilance",1,train
E274,S2_C1_E274_V0033,2,15.016666666666666,17.016666666666666,2.0,1.0,animal_detection,S2/C1/S2_C1_E274_V0033.mp4,S2,C1,120.5,1,animal,red_deer,"camera_reaction,foraging,vigilance",1,train
E274,S2_C1_E274_V0033,3,14.516666666666666,17.516666666666666,3.0,1.0,animal_detection,S2/C1/S2_C1_E274_V0033.mp4,S2,C1,120.5,1,animal,red_deer,"camera_reaction,foraging,vigilance",1,train
E276,S2_C1_E276_V0035,1,0.7166666666666666,1.7166666666666666,1.0,1.0,animal_detection,S2/C1/S2_C1_E276_V0035.mp4,S2,C1,20.5,1,animal,red_deer,foraging,1,train
E276,S2_C1_E276_V0035,2,0.21666666666666656,2.216666666666667,2.0,1.0,animal_detection,S2/C1/S2_C1_E276_V0035.mp4,S2,C1,20.5,1,animal,red_deer,foraging,1,train
E276,S2_C1_E276_V0035,3,0.0,3.0,2.433333333333333,0.811111111111111,animal_detection,S2/C1/S2_C1_E276_V0035.mp4,S2,C1,20.5,1,animal,red_deer,foraging,1,train
E277,S2_C3_E277_V0038,1,9.75,10.75,1.0,1.0,animal_detection,S2/C3/S2_C3_E277_V0038.mp4,S2,C3,20.5,1,animal,roe_deer,"foraging,vigilance",1,train
E277,S2_C3_E277_V0038,2,9.25,11.25,2.0,1.0,animal_detection,S2/C3/S2_C3_E277_V0038.mp4,S2,C3,20.5,1,animal,roe_deer,"foraging,vigilance",1,train
E277,S2_C3_E277_V0038,3,8.75,11.75,3.0,1.0,animal_detection,S2/C3/S2_C3_E277_V0038.mp4,S2,C3,20.5,1,animal,roe_deer,"foraging,vigilance",1,train
E28,S1_C2_E28_V0039,1,9.75,10.75,1.0,1.0,animal_detection,S1/C2/S1_C2_E28_V0039.mp4,S1,C2,20.5,1,animal,red_deer,"foraging,unknown,vigilance",1,train
E28,S1_C2_E28_V0039,2,9.25,11.25,2.0,1.0,animal_detection,S1/C2/S1_C2_E28_V0039.mp4,S1,C2,20.5,1,animal,red_deer,"foraging,unknown,vigilance",1,train
E28,S1_C2_E28_V0039,3,8.75,11.75,3.0,1.0,animal_detection,S1/C2/S1_C2_E28_V0039.mp4,S1,C2,20.5,1,animal,red_deer,"foraging,unknown,vigilance",1,train
E281,S2_C3_E281_V0047,1,20.883333333333333,21.883333333333333,1.0,1.0,animal_detection,S2/C3/S2_C3_E281_V0047.mp4,S2,C3,120.5,1,animal,red_deer,"foraging,unknown,vigilance",1,train
E281,S2_C2_E281_V0038,1,28.216666666666665,29.216666666666665,1.0,1.0,animal_detection,S2/C2/S2_C2_E281_V0038.mp4,S2,C2,120.5,1,animal,red_deer,"foraging,unknown,vigilance",1,train
E281,S2_C1_E281_V0038,1,44.46666666666667,45.46666666666667,1.0,1.0,animal_detection,S2/C1/S2_C1_E281_V0038.mp4,S2,C1,120.5,1,animal,red_deer,"foraging,unknown,vigilance",1,train
E281,S2_C3_E281_V0047,2,20.383333333333333,22.383333333333333,2.0,1.0,animal_detection,S2/C3/S2_C3_E281_V0047.mp4,S2,C3,120.5,1,animal,red_deer,"foraging,unknown,vigilance",1,train
E281,S2_C2_E281_V0038,2,27.716666666666665,29.716666666666665,2.0,1.0,animal_detection,S2/C2/S2_C2_E281_V0038.mp4,S2,C2,120.5,1,animal,red_deer,"foraging,unknown,vigilance",1,train
E281,S2_C1_E281_V0038,2,43.96666666666667,45.96666666666667,2.0,1.0,animal_detection,S2/C1/S2_C1_E281_V0038.mp4,S2,C1,120.5,1,animal,red_deer,"foraging,unknown,vigilance",1,train
E281,S2_C3_E281_V0047,3,19.883333333333333,22.883333333333333,3.0,1.0,animal_detection,S2/C3/S2_C3_E281_V0047.mp4,S2,C3,120.5,1,animal,red_deer,"foraging,unknown,vigilance",1,train
E281,S2_C2_E281_V0038,3,27.216666666666665,30.216666666666665,3.0,1.0,animal_detection,S2/C2/S2_C2_E281_V0038.mp4,S2,C2,120.5,1,animal,red_deer,"foraging,unknown,vigilance",1,train
E281,S2_C1_E281_V0038,3,43.46666666666667,46.46666666666667,3.0,1.0,animal_detection,S2/C1/S2_C1_E281_V0038.mp4,S2,C1,120.5,1,animal,red_deer,"foraging,unknown,vigilance",1,train
E284,S2_C1_E284_V0039,1,2.1,3.1,1.0,1.0,animal_detection,S2/C1/S2_C1_E284_V0039.mp4,S2,C1,20.5,1,animal,red_deer,"camera_reaction,foraging,unknown,vigilance",1,train
E284,S2_C2_E284_V0040,1,4.283333333333333,5.283333333333333,1.0,1.0,animal_detection,S2/C2/S2_C2_E284_V0040.mp4,S2,C2,20.5,1,animal,red_deer,"camera_reaction,foraging,unknown,vigilance",1,train
E284,S2_C3_E284_V0049,1,9.75,10.75,1.0,1.0,animal_detection,S2/C3/S2_C3_E284_V0049.mp4,S2,C3,20.5,1,animal,red_deer,"camera_reaction,foraging,unknown,vigilance",1,train
E284,S2_C1_E284_V0039,2,1.6,3.6,2.0,1.0,animal_detection,S2/C1/S2_C1_E284_V0039.mp4,S2,C1,20.5,1,animal,red_deer,"camera_reaction,foraging,unknown,vigilance",1,train
E284,S2_C1_E284_V0040,2,7.416666666666666,9.416666666666666,2.0,1.0,animal_detection,S2/C1/S2_C1_E284_V0040.mp4,S2,C1,20.5,1,animal,red_deer,"camera_reaction,foraging,unknown,vigilance",1,train
E284,S2_C3_E284_V0049,2,9.25,11.25,2.0,1.0,animal_detection,S2/C3/S2_C3_E284_V0049.mp4,S2,C3,20.5,1,animal,red_deer,"camera_reaction,foraging,unknown,vigilance",1,train
E284,S2_C2_E284_V0040,3,3.283333333333333,6.283333333333333,3.0,1.0,animal_detection,S2/C2/S2_C2_E284_V0040.mp4,S2,C2,20.5,1,animal,red_deer,"camera_reaction,foraging,unknown,vigilance",1,train
E284,S2_C3_E284_V0050,3,7.783333333333333,10.783333333333333,3.0,1.0,animal_detection,S2/C3/S2_C3_E284_V0050.mp4,S2,C3,20.5,1,animal,red_deer,"camera_reaction,foraging,unknown,vigilance",1,train
E284,S2_C3_E284_V0049,3,8.75,11.75,3.0,1.0,animal_detection,S2/C3/S2_C3_E284_V0049.mp4,S2,C3,20.5,1,animal,red_deer,"camera_reaction,foraging,unknown,vigilance",1,train
E285,S2_C1_E285_V0041,1,1.4666666666666666,2.466666666666667,1.0000000000000002,1.0000000000000002,animal_detection,S2/C1/S2_C1_E285_V0041.mp4,S2,C1,120.5,1,animal,red_deer,"camera_reaction,foraging,unknown,vigilance",3+,train
E285,S2_C1_E285_V0041,1,4.75,5.75,1.0,1.0,animal_detection,S2/C1/S2_C1_E285_V0041.mp4,S2,C1,120.5,1,animal,red_deer,"camera_reaction,foraging,unknown,vigilance",3+,train
E285,S2_C3_E285_V0051,1,16.349999999999998,17.349999999999998,1.0,1.0,animal_detection,S2/C3/S2_C3_E285_V0051.mp4,S2,C3,120.5,1,animal,red_deer,"camera_reaction,foraging,unknown,vigilance",3+,train
E285,S2_C1_E285_V0041,2,0.9666666666666666,2.966666666666667,2.0,1.0,animal_detection,S2/C1/S2_C1_E285_V0041.mp4,S2,C1,120.5,1,animal,red_deer,"camera_reaction,foraging,unknown,vigilance",3+,train
E285,S2_C1_E285_V0041,2,4.25,6.25,1.166666666666666,0.583333333333333,animal_detection,S2/C1/S2_C1_E285_V0041.mp4,S2,C1,120.5,1,animal,red_deer,"camera_reaction,foraging,unknown,vigilance",3+,train
E285,S2_C3_E285_V0051,2,15.849999999999998,17.849999999999998,2.0,1.0,animal_detection,S2/C3/S2_C3_E285_V0051.mp4,S2,C3,120.5,1,animal,red_deer,"camera_reaction,foraging,unknown,vigilance",3+,train
E285,S2_C1_E285_V0041,3,0.46666666666666656,3.466666666666667,3.0,1.0,animal_detection,S2/C1/S2_C1_E285_V0041.mp4,S2,C1,120.5,1,animal,red_deer,"camera_reaction,foraging,unknown,vigilance",3+,train
E285,S2_C1_E285_V0041,3,3.75,6.75,1.166666666666666,0.3888888888888887,animal_detection,S2/C1/S2_C1_E285_V0041.mp4,S2,C1,120.5,1,animal,red_deer,"camera_reaction,foraging,unknown,vigilance",3+,train
E285,S2_C3_E285_V0051,3,15.349999999999998,18.349999999999998,3.0,1.0,animal_detection,S2/C3/S2_C3_E285_V0051.mp4,S2,C3,120.5,1,animal,red_deer,"camera_reaction,foraging,unknown,vigilance",3+,train
E29,S1_C2_E29_V0040,1,6.366666666666666,7.366666666666666,1.0,1.0,animal_detection,S1/C2/S1_C2_E29_V0040.mp4,S1,C2,120.5,1,animal,red_deer,"camera_reaction,foraging,grooming,unknown,vigilance",1,train
E29,S1_C2_E29_V0040,1,39.06666666666666,40.06666666666666,1.0,1.0,animal_detection,S1/C2/S1_C2_E29_V0040.mp4,S1,C2,120.5,1,animal,red_deer,"camera_reaction,foraging,grooming,unknown,vigilance",1,train
E29,S1_C1_E29_V0064,1,45.68333333333333,46.68333333333333,1.0,1.0,animal_detection,S1/C1/S1_C1_E29_V0064.mp4,S1,C1,120.5,1,animal,red_deer,"camera_reaction,foraging,grooming,unknown,vigilance",1,train
E29,S1_C2_E29_V0040,2,5.866666666666666,7.866666666666666,2.0,1.0,animal_detection,S1/C2/S1_C2_E29_V0040.mp4,S1,C2,120.5,1,animal,red_deer,"camera_reaction,foraging,grooming,unknown,vigilance",1,train
E29,S1_C2_E29_V0040,2,38.56666666666666,40.56666666666666,2.0,1.0,animal_detection,S1/C2/S1_C2_E29_V0040.mp4,S1,C2,120.5,1,animal,red_deer,"camera_reaction,foraging,grooming,unknown,vigilance",1,train
E29,S1_C1_E29_V0064,2,45.18333333333333,47.18333333333333,2.0,1.0,animal_detection,S1/C1/S1_C1_E29_V0064.mp4,S1,C1,120.5,1,animal,red_deer,"camera_reaction,foraging,grooming,unknown,vigilance",1,train
E29,S1_C2_E29_V0040,3,5.366666666666666,8.366666666666667,3.000000000000001,1.0000000000000002,animal_detection,S1/C2/S1_C2_E29_V0040.mp4,S1,C2,120.5,1,animal,red_deer,"camera_reaction,foraging,grooming,unknown,vigilance",1,train
E29,S1_C2_E29_V0040,3,38.06666666666666,41.06666666666666,3.0,1.0,animal_detection,S1/C2/S1_C2_E29_V0040.mp4,S1,C2,120.5,1,animal,red_deer,"camera_reaction,foraging,grooming,unknown,vigilance",1,train
E29,S1_C1_E29_V0064,3,44.68333333333333,47.68333333333333,3.0,1.0,animal_detection,S1/C1/S1_C1_E29_V0064.mp4,S1,C1,120.5,1,animal,red_deer,"camera_reaction,foraging,grooming,unknown,vigilance",1,train
E30,S1_C1_E30_V0066,1,4.366666666666666,5.366666666666666,1.0,1.0,animal_detection,S1/C1/S1_C1_E30_V0066.mp4,S1,C1,20.5,1,animal,red_deer,"foraging,unknown",1,train
E30,S1_C2_E30_V0041,1,9.75,10.75,1.0,1.0,animal_detection,S1/C2/S1_C2_E30_V0041.mp4,S1,C2,20.5,1,animal,red_deer,"foraging,unknown",1,train
E30,S1_C1_E30_V0066,2,3.8666666666666663,5.866666666666666,2.0,1.0,animal_detection,S1/C1/S1_C1_E30_V0066.mp4,S1,C1,20.5,1,animal,red_deer,"foraging,unknown",1,train
E30,S1_C2_E30_V0041,2,9.25,11.25,2.0,1.0,animal_detection,S1/C2/S1_C2_E30_V0041.mp4,S1,C2,20.5,1,animal,red_deer,"foraging,unknown",1,train
E30,S1_C1_E30_V0066,3,3.3666666666666663,6.366666666666666,3.0,1.0,animal_detection,S1/C1/S1_C1_E30_V0066.mp4,S1,C1,20.5,1,animal,red_deer,"foraging,unknown",1,train
E30,S1_C2_E30_V0041,3,8.75,11.75,3.0,1.0,animal_detection,S1/C2/S1_C2_E30_V0041.mp4,S1,C2,20.5,1,animal,red_deer,"foraging,unknown",1,train
E307,S2_C1_E307_V0055,1,0.7833333333333334,1.7833333333333334,1.0,1.0,animal_detection,S2/C1/S2_C1_E307_V0055.mp4,S2,C1,20.5,1,animal,red_deer,"foraging,unknown,vigilance",2,train
E307,S2_C2_E307_V0060,1,0.9166666666666667,1.9166666666666667,1.0,1.0,animal_detection,S2/C2/S2_C2_E307_V0060.mp4,S2,C2,20.5,1,animal,red_deer,"foraging,unknown,vigilance",2,train
E307,S2_C3_E307_V0077,1,4.5,5.5,1.0,1.0,animal_detection,S2/C3/S2_C3_E307_V0077.mp4,S2,C3,20.5,1,animal,red_deer,"foraging,unknown,vigilance",2,train
E307,S2_C1_E307_V0055,2,0.28333333333333344,2.283333333333333,1.9999999999999998,0.9999999999999999,animal_detection,S2/C1/S2_C1_E307_V0055.mp4,S2,C1,20.5,1,animal,red_deer,"foraging,unknown,vigilance",2,train
E307,S2_C2_E307_V0060,2,0.41666666666666674,2.416666666666667,2.0,1.0,animal_detection,S2/C2/S2_C2_E307_V0060.mp4,S2,C2,20.5,1,animal,red_deer,"foraging,unknown,vigilance",2,train
E307,S2_C1_E307_V0054,2,9.25,11.25,2.0,1.0,animal_detection,S2/C1/S2_C1_E307_V0054.mp4,S2,C1,20.5,1,animal,red_deer,"foraging,unknown,vigilance",2,train
E307,S2_C1_E307_V0055,3,0.0,3.0,2.566666666666667,0.8555555555555556,animal_detection,S2/C1/S2_C1_E307_V0055.mp4,S2,C1,20.5,1,animal,red_deer,"foraging,unknown,vigilance",2,train
E307,S2_C1_E307_V0054,3,8.75,11.75,3.0,1.0,animal_detection,S2/C1/S2_C1_E307_V0054.mp4,S2,C1,20.5,1,animal,red_deer,"foraging,unknown,vigilance",2,train
E307,S2_C2_E307_V0059,3,8.75,11.75,3.0,1.0,animal_detection,S2/C2/S2_C2_E307_V0059.mp4,S2,C2,20.5,1,animal,red_deer,"foraging,unknown,vigilance",2,train
E308,S2_C3_E308_V0081,1,4.5,5.5,1.0,1.0,animal_detection,S2/C3/S2_C3_E308_V0081.mp4,S2,C3,20.5,1,animal,red_deer,"foraging,unknown,vigilance",3+,train
E308,S2_C3_E308_V0082,1,7.333333333333333,8.333333333333332,0.9999999999999991,0.9999999999999991,animal_detection,S2/C3/S2_C3_E308_V0082.mp4,S2,C3,20.5,1,animal,red_deer,"foraging,unknown,vigilance",3+,train
E308,S2_C3_E308_V0078,1,9.75,10.75,1.0,1.0,animal_detection,S2/C3/S2_C3_E308_V0078.mp4,S2,C3,20.5,1,animal,red_deer,"foraging,unknown,vigilance",3+,train
E308,S2_C1_E308_V0059,2,8.95,10.95,2.0,1.0,animal_detection,S2/C1/S2_C1_E308_V0059.mp4,S2,C1,20.5,1,animal,red_deer,"foraging,unknown,vigilance",3+,train
E308,S2_C3_E308_V0079,2,9.25,11.25,2.0,1.0,animal_detection,S2/C3/S2_C3_E308_V0079.mp4,S2,C3,20.5,1,animal,red_deer,"foraging,unknown,vigilance",3+,train
E308,S2_C1_E308_V0057,2,9.266666666666667,11.266666666666667,2.0,1.0,animal_detection,S2/C1/S2_C1_E308_V0057.mp4,S2,C1,20.5,1,animal,red_deer,"foraging,unknown,vigilance",3+,train
E308,S2_C1_E308_V0056,3,0.21666666666666679,3.216666666666667,3.0,1.0,animal_detection,S2/C1/S2_C1_E308_V0056.mp4,S2,C1,20.5,1,animal,red_deer,"foraging,unknown,vigilance",3+,train
E308,S2_C1_E308_V0059,3,8.45,11.45,3.0,1.0,animal_detection,S2/C1/S2_C1_E308_V0059.mp4,S2,C1,20.5,1,animal,red_deer,"foraging,unknown,vigilance",3+,train
E308,S2_C3_E308_V0078,3,8.75,11.75,3.0,1.0,animal_detection,S2/C3/S2_C3_E308_V0078.mp4,S2,C3,20.5,1,animal,red_deer,"foraging,unknown,vigilance",3+,train
E311,S2_C3_E311_V0084,1,9.75,10.75,1.0,1.0,animal_detection,S2/C3/S2_C3_E311_V0084.mp4,S2,C3,20.5,1,animal,red_deer,"foraging,grooming,unknown,vigilance",1,train
E311,S2_C3_E311_V0084,2,9.25,11.25,2.0,1.0,animal_detection,S2/C3/S2_C3_E311_V0084.mp4,S2,C3,20.5,1,animal,red_deer,"foraging,grooming,unknown,vigilance",1,train
E311,S2_C3_E311_V0084,3,8.75,11.75,3.0,1.0,animal_detection,S2/C3/S2_C3_E311_V0084.mp4,S2,C3,20.5,1,animal,red_deer,"foraging,grooming,unknown,vigilance",1,train
E312,S2_C3_E312_V0085,1,0.6333333333333333,1.6333333333333333,1.0,1.0,animal_detection,S2/C3/S2_C3_E312_V0085.mp4,S2,C3,120.5,1,animal,red_deer,unknown,1,train
E312,S2_C2_E312_V0064,1,2.0833333333333335,3.0833333333333335,1.0,1.0,animal_detection,S2/C2/S2_C2_E312_V0064.mp4,S2,C2,120.5,1,animal,red_deer,unknown,1,train
E312,S2_C3_E312_V0085,2,0.1333333333333333,2.1333333333333333,2.0,1.0,animal_detection,S2/C3/S2_C3_E312_V0085.mp4,S2,C3,120.5,1,animal,red_deer,unknown,1,train
E312,S2_C2_E312_V0064,2,1.5833333333333335,3.5833333333333335,2.0,1.0,animal_detection,S2/C2/S2_C2_E312_V0064.mp4,S2,C2,120.5,1,animal,red_deer,unknown,1,train
E312,S2_C3_E312_V0085,3,0.0,3.0,2.2,0.7333333333333334,animal_detection,S2/C3/S2_C3_E312_V0085.mp4,S2,C3,120.5,1,animal,red_deer,unknown,1,train
E312,S2_C2_E312_V0064,3,1.0833333333333335,4.083333333333334,3.0000000000000004,1.0000000000000002,animal_detection,S2/C2/S2_C2_E312_V0064.mp4,S2,C2,120.5,1,animal,red_deer,unknown,1,train
E313,S2_C3_E313_V0086,1,2.216666666666667,3.216666666666667,1.0,1.0,animal_detection,S2/C3/S2_C3_E313_V0086.mp4,S2,C3,120.5,1,animal,red_deer,"foraging,unknown,vigilance",3+,train
E313,S2_C2_E313_V0065,1,5.716666666666667,6.716666666666667,1.0,1.0,animal_detection,S2/C2/S2_C2_E313_V0065.mp4,S2,C2,120.5,1,animal,red_deer,"foraging,unknown,vigilance",3+,train
E313,S2_C3_E313_V0086,1,54.333333333333336,55.333333333333336,1.0,1.0,animal_detection,S2/C3/S2_C3_E313_V0086.mp4,S2,C3,120.5,1,animal,red_deer,"foraging,unknown,vigilance",3+,train
E313,S2_C3_E313_V0086,2,1.7166666666666668,3.716666666666667,2.0,1.0,animal_detection,S2/C3/S2_C3_E313_V0086.mp4,S2,C3,120.5,1,animal,red_deer,"foraging,unknown,vigilance",3+,train
E313,S2_C3_E313_V0086,2,53.833333333333336,55.833333333333336,2.0,1.0,animal_detection,S2/C3/S2_C3_E313_V0086.mp4,S2,C3,120.5,1,animal,red_deer,"foraging,unknown,vigilance",3+,train
E313,S2_C2_E313_V0065,2,68.71666666666667,70.71666666666667,2.0,1.0,animal_detection,S2/C2/S2_C2_E313_V0065.mp4,S2,C2,120.5,1,animal,red_deer,"foraging,unknown,vigilance",3+,train
E313,S2_C3_E313_V0086,3,1.2166666666666668,4.216666666666667,3.0,1.0,animal_detection,S2/C3/S2_C3_E313_V0086.mp4,S2,C3,120.5,1,animal,red_deer,"foraging,unknown,vigilance",3+,train
E313,S2_C2_E313_V0065,3,4.716666666666667,7.716666666666667,3.0,1.0,animal_detection,S2/C2/S2_C2_E313_V0065.mp4,S2,C2,120.5,1,animal,red_deer,"foraging,unknown,vigilance",3+,train
E313,S2_C2_E313_V0065,3,68.21666666666667,71.21666666666667,3.0,1.0,animal_detection,S2/C2/S2_C2_E313_V0065.mp4,S2,C2,120.5,1,animal,red_deer,"foraging,unknown,vigilance",3+,train
E323,S2_C1_E323_V0074,1,0.7,1.7,1.0,1.0,animal_detection,S2/C1/S2_C1_E323_V0074.mp4,S2,C1,20.5,1,animal,red_deer,"camera_reaction,foraging,unknown,vigilance",1,train
E323,S2_C3_E323_V0091,1,5.583333333333333,6.583333333333333,1.0,1.0,animal_detection,S2/C3/S2_C3_E323_V0091.mp4,S2,C3,20.5,1,animal,red_deer,"camera_reaction,foraging,unknown,vigilance",1,train
E323,S2_C1_E323_V0072,1,9.783333333333333,10.783333333333333,1.0,1.0,animal_detection,S2/C1/S2_C1_E323_V0072.mp4,S2,C1,20.5,1,animal,red_deer,"camera_reaction,foraging,unknown,vigilance",1,train
E323,S2_C3_E323_V0091,2,5.083333333333333,7.083333333333333,2.0,1.0,animal_detection,S2/C3/S2_C3_E323_V0091.mp4,S2,C3,20.5,1,animal,red_deer,"camera_reaction,foraging,unknown,vigilance",1,train
E323,S2_C2_E323_V0072,2,9.25,11.25,2.0,1.0,animal_detection,S2/C2/S2_C2_E323_V0072.mp4,S2,C2,20.5,1,animal,red_deer,"camera_reaction,foraging,unknown,vigilance",1,train
E323,S2_C2_E323_V0071,2,9.25,11.25,2.0,1.0,animal_detection,S2/C2/S2_C2_E323_V0071.mp4,S2,C2,20.5,1,animal,red_deer,"camera_reaction,foraging,unknown,vigilance",1,train
E323,S2_C1_E323_V0074,3,0.0,3.0,2.4,0.7999999999999999,animal_detection,S2/C1/S2_C1_E323_V0074.mp4,S2,C1,20.5,1,animal,red_deer,"camera_reaction,foraging,unknown,vigilance",1,train
E323,S2_C3_E323_V0091,3,4.583333333333333,7.583333333333333,3.0,1.0,animal_detection,S2/C3/S2_C3_E323_V0091.mp4,S2,C3,20.5,1,animal,red_deer,"camera_reaction,foraging,unknown,vigilance",1,train
E323,S2_C1_E323_V0073,3,7.15,10.15,3.0,1.0,animal_detection,S2/C1/S2_C1_E323_V0073.mp4,S2,C1,20.5,1,animal,red_deer,"camera_reaction,foraging,unknown,vigilance",1,train
E324,S2_C3_E324_V0092,1,1.4666666666666666,2.466666666666667,1.0000000000000002,1.0000000000000002,animal_detection,S2/C3/S2_C3_E324_V0092.mp4,S2,C3,20.5,1,animal,fox,"foraging,vigilance",1,train
E324,S2_C3_E324_V0092,2,0.9666666666666666,2.966666666666667,2.0,1.0,animal_detection,S2/C3/S2_C3_E324_V0092.mp4,S2,C3,20.5,1,animal,fox,"foraging,vigilance",1,train
E324,S2_C3_E324_V0092,3,0.46666666666666656,3.466666666666667,3.0,1.0,animal_detection,S2/C3/S2_C3_E324_V0092.mp4,S2,C3,20.5,1,animal,fox,"foraging,vigilance",1,train
E327,S2_C3_E327_V0095,1,6.433333333333334,7.433333333333334,1.0,1.0,animal_detection,S2/C3/S2_C3_E327_V0095.mp4,S2,C3,20.5,1,animal,fox,"foraging,vigilance",1,train
E327,S2_C3_E327_V0095,2,5.933333333333334,7.933333333333334,2.0,1.0,animal_detection,S2/C3/S2_C3_E327_V0095.mp4,S2,C3,20.5,1,animal,fox,"foraging,vigilance",1,train
E327,S2_C3_E327_V0095,3,5.433333333333334,8.433333333333334,3.0,1.0,animal_detection,S2/C3/S2_C3_E327_V0095.mp4,S2,C3,20.5,1,animal,fox,"foraging,vigilance",1,train
E33,S1_C1_E33_V0070,1,3.55,4.55,1.0,1.0,animal_detection,S1/C1/S1_C1_E33_V0070.mp4,S1,C1,120.5,1,animal,red_deer,"foraging,unknown,vigilance",2,train
E33,S1_C2_E33_V0042,1,4.95,5.95,1.0,1.0,animal_detection,S1/C2/S1_C2_E33_V0042.mp4,S1,C2,120.5,1,animal,red_deer,"foraging,unknown,vigilance",2,train
E33,S1_C2_E33_V0043,1,5.65,6.65,1.0,1.0,animal_detection,S1/C2/S1_C2_E33_V0043.mp4,S1,C2,120.5,1,animal,red_deer,"foraging,unknown,vigilance",2,train
E33,S1_C1_E33_V0070,2,3.05,5.05,2.0,1.0,animal_detection,S1/C1/S1_C1_E33_V0070.mp4,S1,C1,120.5,1,animal,red_deer,"foraging,unknown,vigilance",2,train
E33,S1_C2_E33_V0043,2,5.15,7.15,2.0,1.0,animal_detection,S1/C2/S1_C2_E33_V0043.mp4,S1,C2,120.5,1,animal,red_deer,"foraging,unknown,vigilance",2,train
E33,S1_C1_E33_V0069,2,55.416666666666664,57.416666666666664,2.0,1.0,animal_detection,S1/C1/S1_C1_E33_V0069.mp4,S1,C1,120.5,1,animal,red_deer,"foraging,unknown,vigilance",2,train
E33,S1_C2_E33_V0042,3,3.95,6.95,3.0,1.0,animal_detection,S1/C2/S1_C2_E33_V0042.mp4,S1,C2,120.5,1,animal,red_deer,"foraging,unknown,vigilance",2,train
E33,S1_C2_E33_V0043,3,4.65,7.65,3.0,1.0,animal_detection,S1/C2/S1_C2_E33_V0043.mp4,S1,C2,120.5,1,animal,red_deer,"foraging,unknown,vigilance",2,train
E33,S1_C1_E33_V0069,3,54.916666666666664,57.916666666666664,3.0,1.0,animal_detection,S1/C1/S1_C1_E33_V0069.mp4,S1,C1,120.5,1,animal,red_deer,"foraging,unknown,vigilance",2,train
E330,S2_C3_E330_V0096,1,0.41666666666666674,1.4166666666666667,1.0,1.0,animal_detection,S2/C3/S2_C3_E330_V0096.mp4,S2,C3,120.5,1,animal,red_deer,unknown,1,train
E330,S2_C3_E330_V0096,2,0.0,2.0,1.7666666666666666,0.8833333333333333,animal_detection,S2/C3/S2_C3_E330_V0096.mp4,S2,C3,120.5,1,animal,red_deer,unknown,1,train
E330,S2_C3_E330_V0096,3,0.0,3.0,1.7666666666666666,0.5888888888888889,animal_detection,S2/C3/S2_C3_E330_V0096.mp4,S2,C3,120.5,1,animal,red_deer,unknown,1,train
E332,S2_C1_E332_V0076,1,1.35,2.35,1.0,1.0,animal_detection,S2/C1/S2_C1_E332_V0076.mp4,S2,C1,120.5,1,animal,roe_deer,"foraging,unknown,vigilance",1,train
E332,S2_C3_E332_V0097,1,3.033333333333333,4.033333333333333,1.0,1.0,animal_detection,S2/C3/S2_C3_E332_V0097.mp4,S2,C3,120.5,1,animal,roe_deer,"foraging,unknown,vigilance",1,train
E332,S2_C1_E332_V0076,1,14.65,15.65,1.0,1.0,animal_detection,S2/C1/S2_C1_E332_V0076.mp4,S2,C1,120.5,1,animal,roe_deer,"foraging,unknown,vigilance",1,train
E332,S2_C1_E332_V0076,2,0.0,2.0,0.26666666666666666,0.13333333333333333,animal_detection,S2/C1/S2_C1_E332_V0076.mp4,S2,C1,120.5,1,animal,roe_deer,"foraging,unknown,vigilance",1,train
E332,S2_C1_E332_V0076,2,0.8500000000000001,2.85,1.0333333333333334,0.5166666666666667,animal_detection,S2/C1/S2_C1_E332_V0076.mp4,S2,C1,120.5,1,animal,roe_deer,"foraging,unknown,vigilance",1,train
E332,S2_C3_E332_V0097,2,2.533333333333333,4.533333333333333,2.0,1.0,animal_detection,S2/C3/S2_C3_E332_V0097.mp4,S2,C3,120.5,1,animal,roe_deer,"foraging,unknown,vigilance",1,train
E332,S2_C3_E332_V0097,3,2.033333333333333,5.033333333333333,3.0,1.0,animal_detection,S2/C3/S2_C3_E332_V0097.mp4,S2,C3,120.5,1,animal,roe_deer,"foraging,unknown,vigilance",1,train
E332,S2_C2_E332_V0079,3,2.35,5.35,2.9999999999999996,0.9999999999999999,animal_detection,S2/C2/S2_C2_E332_V0079.mp4,S2,C2,120.5,1,animal,roe_deer,"foraging,unknown,vigilance",1,train
E332,S2_C1_E332_V0076,3,13.65,16.65,2.9999999999999982,0.9999999999999994,animal_detection,S2/C1/S2_C1_E332_V0076.mp4,S2,C1,120.5,1,animal,roe_deer,"foraging,unknown,vigilance",1,train
E334,S2_C2_E334_V0080,1,0.5,1.5,1.0,1.0,animal_detection,S2/C2/S2_C2_E334_V0080.mp4,S2,C2,20.5,1,animal,red_deer,"foraging,unknown,vigilance",1,train
E334,S2_C1_E334_V0077,1,8.95,9.95,1.0,1.0,animal_detection,S2/C1/S2_C1_E334_V0077.mp4,S2,C1,20.5,1,animal,red_deer,"foraging,unknown,vigilance",1,train
E334,S2_C3_E334_V0099,1,9.75,10.75,1.0,1.0,animal_detection,S2/C3/S2_C3_E334_V0099.mp4,S2,C3,20.5,1,animal,red_deer,"foraging,unknown,vigilance",1,train
E334,S2_C2_E334_V0080,2,0.0,2.0,2.0,1.0,animal_detection,S2/C2/S2_C2_E334_V0080.mp4,S2,C2,20.5,1,animal,red_deer,"foraging,unknown,vigilance",1,train
E334,S2_C1_E334_V0077,2,8.45,10.45,2.0,1.0,animal_detection,S2/C1/S2_C1_E334_V0077.mp4,S2,C1,20.5,1,animal,red_deer,"foraging,unknown,vigilance",1,train
E334,S2_C3_E334_V0099,2,9.25,11.25,2.0,1.0,animal_detection,S2/C3/S2_C3_E334_V0099.mp4,S2,C3,20.5,1,animal,red_deer,"foraging,unknown,vigilance",1,train
E334,S2_C2_E334_V0080,3,0.0,3.0,2.0,0.6666666666666666,animal_detection,S2/C2/S2_C2_E334_V0080.mp4,S2,C2,20.5,1,animal,red_deer,"foraging,unknown,vigilance",1,train
E334,S2_C1_E334_V0077,3,7.949999999999999,10.95,3.0,1.0,animal_detection,S2/C1/S2_C1_E334_V0077.mp4,S2,C1,20.5,1,animal,red_deer,"foraging,unknown,vigilance",1,train
E334,S2_C3_E334_V0099,3,8.75,11.75,3.0,1.0,animal_detection,S2/C3/S2_C3_E334_V0099.mp4,S2,C3,20.5,1,animal,red_deer,"foraging,unknown,vigilance",1,train
E336,S2_C2_E336_V0081,1,59.766666666666666,60.766666666666666,1.0,1.0,animal_detection,S2/C2/S2_C2_E336_V0081.mp4,S2,C2,120.5,1,animal,roe_deer,"foraging,unknown,vigilance",1,train
E336,S2_C2_E336_V0081,2,59.266666666666666,61.266666666666666,2.0,1.0,animal_detection,S2/C2/S2_C2_E336_V0081.mp4,S2,C2,120.5,1,animal,roe_deer,"foraging,unknown,vigilance",1,train
E336,S2_C2_E336_V0081,3,58.766666666666666,61.766666666666666,3.0,1.0,animal_detection,S2/C2/S2_C2_E336_V0081.mp4,S2,C2,120.5,1,animal,roe_deer,"foraging,unknown,vigilance",1,train
E339,S2_C1_E339_V0080,1,1.3,2.3,0.9999999999999998,0.9999999999999998,animal_detection,S2/C1/S2_C1_E339_V0080.mp4,S2,C1,20.5,1,animal,red_deer,"chasing,foraging,unknown,vigilance",3+,train
E339,S2_C2_E339_V0084,1,1.9166666666666665,2.9166666666666665,1.0,1.0,animal_detection,S2/C2/S2_C2_E339_V0084.mp4,S2,C2,20.5,1,animal,red_deer,"chasing,foraging,unknown,vigilance",3+,train
E339,S2_C2_E339_V0085,1,9.083333333333334,10.083333333333334,1.0,1.0,animal_detection,S2/C2/S2_C2_E339_V0085.mp4,S2,C2,20.5,1,animal,red_deer,"chasing,foraging,unknown,vigilance",3+,train
E339,S2_C1_E339_V0081,2,2.4833333333333334,4.483333333333333,2.0,1.0,animal_detection,S2/C1/S2_C1_E339_V0081.mp4,S2,C1,20.5,1,animal,red_deer,"chasing,foraging,unknown,vigilance",3+,train
E339,S2_C2_E339_V0083,2,4.533333333333333,6.533333333333333,2.0,1.0,animal_detection,S2/C2/S2_C2_E339_V0083.mp4,S2,C2,20.5,1,animal,red_deer,"chasing,foraging,unknown,vigilance",3+,train
E339,S2_C1_E339_V0079,2,5.183333333333334,7.183333333333334,2.0,1.0,animal_detection,S2/C1/S2_C1_E339_V0079.mp4,S2,C1,20.5,1,animal,red_deer,"chasing,foraging,unknown,vigilance",3+,train
E339,S2_C3_E339_V0103,3,0.30000000000000004,3.3,3.0,1.0,animal_detection,S2/C3/S2_C3_E339_V0103.mp4,S2,C3,20.5,1,animal,red_deer,"chasing,foraging,unknown,vigilance",3+,train
E339,S2_C1_E339_V0081,3,1.9833333333333334,4.983333333333333,3.0,1.0,animal_detection,S2/C1/S2_C1_E339_V0081.mp4,S2,C1,20.5,1,animal,red_deer,"chasing,foraging,unknown,vigilance",3+,train
E339,S2_C2_E339_V0085,3,8.083333333333334,11.083333333333334,3.0,1.0,animal_detection,S2/C2/S2_C2_E339_V0085.mp4,S2,C2,20.5,1,animal,red_deer,"chasing,foraging,unknown,vigilance",3+,train
E34,S1_C2_E34_V0044,1,7.75,8.75,1.0,1.0,animal_detection,S1/C2/S1_C2_E34_V0044.mp4,S1,C2,120.5,1,animal,red_deer,"foraging,unknown,vigilance",2,train
E34,S1_C1_E34_V0071,1,23.45,24.45,1.0,1.0,animal_detection,S1/C1/S1_C1_E34_V0071.mp4,S1,C1,120.5,1,animal,red_deer,"foraging,unknown,vigilance",2,train
E34,S1_C2_E34_V0044,2,7.25,9.25,2.0,1.0,animal_detection,S1/C2/S1_C2_E34_V0044.mp4,S1,C2,120.5,1,animal,red_deer,"foraging,unknown,vigilance",2,train
E34,S1_C1_E34_V0071,2,22.95,24.95,2.0,1.0,animal_detection,S1/C1/S1_C1_E34_V0071.mp4,S1,C1,120.5,1,animal,red_deer,"foraging,unknown,vigilance",2,train
E34,S1_C2_E34_V0044,3,6.75,9.75,3.0,1.0,animal_detection,S1/C2/S1_C2_E34_V0044.mp4,S1,C2,120.5,1,animal,red_deer,"foraging,unknown,vigilance",2,train
E34,S1_C1_E34_V0071,3,22.45,25.45,3.0,1.0,animal_detection,S1/C1/S1_C1_E34_V0071.mp4,S1,C1,120.5,1,animal,red_deer,"foraging,unknown,vigilance",2,train
E340,S2_C3_E340_V0104,1,5.766666666666667,6.766666666666667,1.0,1.0,animal_detection,S2/C3/S2_C3_E340_V0104.mp4,S2,C3,20.5,1,animal,red_deer,"foraging,unknown",2,train
E340,S2_C3_E340_V0104,2,5.266666666666667,7.266666666666667,2.0,1.0,animal_detection,S2/C3/S2_C3_E340_V0104.mp4,S2,C3,20.5,1,animal,red_deer,"foraging,unknown",2,train
E340,S2_C3_E340_V0104,3,4.766666666666667,7.766666666666667,3.0,1.0,animal_detection,S2/C3/S2_C3_E340_V0104.mp4,S2,C3,20.5,1,animal,red_deer,"foraging,unknown",2,train
E341,S2_C2_E341_V0086,1,2.4166666666666665,3.4166666666666665,1.0,1.0,animal_detection,S2/C2/S2_C2_E341_V0086.mp4,S2,C2,20.5,1,animal,red_deer,"foraging,vigilance",1,train
E341,S2_C3_E341_V0105,1,4.883333333333334,5.883333333333334,1.0,1.0,animal_detection,S2/C3/S2_C3_E341_V0105.mp4,S2,C3,20.5,1,animal,red_deer,"foraging,vigilance",1,train
E341,S2_C1_E341_V0082,1,5.816666666666666,6.816666666666666,1.0,1.0,animal_detection,S2/C1/S2_C1_E341_V0082.mp4,S2,C1,20.5,1,animal,red_deer,"foraging,vigilance",1,train
E341,S2_C2_E341_V0086,2,1.9166666666666665,3.9166666666666665,2.0,1.0,animal_detection,S2/C2/S2_C2_E341_V0086.mp4,S2,C2,20.5,1,animal,red_deer,"foraging,vigilance",1,train
E341,S2_C3_E341_V0105,2,4.383333333333334,6.383333333333334,2.0,1.0,animal_detection,S2/C3/S2_C3_E341_V0105.mp4,S2,C3,20.5,1,animal,red_deer,"foraging,vigilance",1,train
E341,S2_C1_E341_V0082,2,5.316666666666666,7.316666666666666,2.0,1.0,animal_detection,S2/C1/S2_C1_E341_V0082.mp4,S2,C1,20.5,1,animal,red_deer,"foraging,vigilance",1,train
E341,S2_C2_E341_V0086,3,1.4166666666666665,4.416666666666666,2.9999999999999996,0.9999999999999999,animal_detection,S2/C2/S2_C2_E341_V0086.mp4,S2,C2,20.5,1,animal,red_deer,"foraging,vigilance",1,train
E341,S2_C3_E341_V0105,3,3.8833333333333337,6.883333333333334,3.0,1.0,animal_detection,S2/C3/S2_C3_E341_V0105.mp4,S2,C3,20.5,1,animal,red_deer,"foraging,vigilance",1,train
E341,S2_C1_E341_V0082,3,4.816666666666666,7.816666666666666,3.0,1.0,animal_detection,S2/C1/S2_C1_E341_V0082.mp4,S2,C1,20.5,1,animal,red_deer,"foraging,vigilance",1,train
E343,S2_C2_E343_V0087,1,2.1166666666666667,3.1166666666666667,1.0,1.0,animal_detection,S2/C2/S2_C2_E343_V0087.mp4,S2,C2,20.5,1,animal,red_deer,"escaping,foraging,unknown,vigilance",1,train
E343,S2_C1_E343_V0083,1,4.816666666666666,5.816666666666666,1.0,1.0,animal_detection,S2/C1/S2_C1_E343_V0083.mp4,S2,C1,20.5,1,animal,red_deer,"escaping,foraging,unknown,vigilance",1,train
E343,S2_C3_E343_V0107,1,8.916666666666666,9.916666666666666,1.0,1.0,animal_detection,S2/C3/S2_C3_E343_V0107.mp4,S2,C3,20.5,1,animal,red_deer,"escaping,foraging,unknown,vigilance",1,train
E343,S2_C2_E343_V0087,2,1.6166666666666667,3.6166666666666667,2.0,1.0,animal_detection,S2/C2/S2_C2_E343_V0087.mp4,S2,C2,20.5,1,animal,red_deer,"escaping,foraging,unknown,vigilance",1,train
E343,S2_C1_E343_V0083,2,4.316666666666666,6.316666666666666,2.0,1.0,animal_detection,S2/C1/S2_C1_E343_V0083.mp4,S2,C1,20.5,1,animal,red_deer,"escaping,foraging,unknown,vigilance",1,train
E343,S2_C3_E343_V0107,2,8.416666666666666,10.416666666666666,2.0,1.0,animal_detection,S2/C3/S2_C3_E343_V0107.mp4,S2,C3,20.5,1,animal,red_deer,"escaping,foraging,unknown,vigilance",1,train
E343,S2_C2_E343_V0087,3,1.1166666666666667,4.116666666666667,3.0000000000000004,1.0000000000000002,animal_detection,S2/C2/S2_C2_E343_V0087.mp4,S2,C2,20.5,1,animal,red_deer,"escaping,foraging,unknown,vigilance",1,train
E343,S2_C1_E343_V0083,3,3.8166666666666664,6.816666666666666,3.0,1.0,animal_detection,S2/C1/S2_C1_E343_V0083.mp4,S2,C1,20.5,1,animal,red_deer,"escaping,foraging,unknown,vigilance",1,train
E343,S2_C3_E343_V0107,3,7.916666666666666,10.916666666666666,3.0,1.0,animal_detection,S2/C3/S2_C3_E343_V0107.mp4,S2,C3,20.5,1,animal,red_deer,"escaping,foraging,unknown,vigilance",1,train
E344,S2_C2_E344_V0089,1,2.1166666666666667,3.1166666666666667,1.0,1.0,animal_detection,S2/C2/S2_C2_E344_V0089.mp4,S2,C2,20.5,1,animal,red_deer,"foraging,vigilance",1,train
E344,S2_C3_E344_V0109,1,5.333333333333333,6.333333333333333,1.0,1.0,animal_detection,S2/C3/S2_C3_E344_V0109.mp4,S2,C3,20.5,1,animal,red_deer,"foraging,vigilance",1,train
E344,S2_C3_E344_V0108,1,9.75,10.75,1.0,1.0,animal_detection,S2/C3/S2_C3_E344_V0108.mp4,S2,C3,20.5,1,animal,red_deer,"foraging,vigilance",1,train
E344,S2_C2_E344_V0089,2,1.6166666666666667,3.6166666666666667,2.0,1.0,animal_detection,S2/C2/S2_C2_E344_V0089.mp4,S2,C2,20.5,1,animal,red_deer,"foraging,vigilance",1,train
E344,S2_C2_E344_V0088,2,1.65,3.65,2.0,1.0,animal_detection,S2/C2/S2_C2_E344_V0088.mp4,S2,C2,20.5,1,animal,red_deer,"foraging,vigilance",1,train
E344,S2_C3_E344_V0109,2,4.833333333333333,6.833333333333333,2.0,1.0,animal_detection,S2/C3/S2_C3_E344_V0109.mp4,S2,C3,20.5,1,animal,red_deer,"foraging,vigilance",1,train
E344,S2_C2_E344_V0089,3,1.1166666666666667,4.116666666666667,3.0000000000000004,1.0000000000000002,animal_detection,S2/C2/S2_C2_E344_V0089.mp4,S2,C2,20.5,1,animal,red_deer,"foraging,vigilance",1,train
E344,S2_C3_E344_V0109,3,4.333333333333333,7.333333333333333,3.0,1.0,animal_detection,S2/C3/S2_C3_E344_V0109.mp4,S2,C3,20.5,1,animal,red_deer,"foraging,vigilance",1,train
E344,S2_C3_E344_V0108,3,8.75,11.75,3.0,1.0,animal_detection,S2/C3/S2_C3_E344_V0108.mp4,S2,C3,20.5,1,animal,red_deer,"foraging,vigilance",1,train
E347,S2_C1_E347_V0084,1,4.983333333333333,5.983333333333333,1.0,1.0,animal_detection,S2/C1/S2_C1_E347_V0084.mp4,S2,C1,20.5,1,animal,red_deer,"foraging,vigilance",1,train
E347,S2_C3_E347_V0110,1,8.95,9.95,1.0,1.0,animal_detection,S2/C3/S2_C3_E347_V0110.mp4,S2,C3,20.5,1,animal,red_deer,"foraging,vigilance",1,train
E347,S2_C2_E347_V0092,1,9.516666666666666,10.516666666666666,1.0,1.0,animal_detection,S2/C2/S2_C2_E347_V0092.mp4,S2,C2,20.5,1,animal,red_deer,"foraging,vigilance",1,train
E347,S2_C1_E347_V0084,2,4.483333333333333,6.483333333333333,2.0,1.0,animal_detection,S2/C1/S2_C1_E347_V0084.mp4,S2,C1,20.5,1,animal,red_deer,"foraging,vigilance",1,train
E347,S2_C3_E347_V0110,2,8.45,10.45,2.0,1.0,animal_detection,S2/C3/S2_C3_E347_V0110.mp4,S2,C3,20.5,1,animal,red_deer,"foraging,vigilance",1,train
E347,S2_C2_E347_V0092,2,9.016666666666666,11.016666666666666,2.0,1.0,animal_detection,S2/C2/S2_C2_E347_V0092.mp4,S2,C2,20.5,1,animal,red_deer,"foraging,vigilance",1,train
E347,S2_C1_E347_V0084,3,3.9833333333333334,6.983333333333333,3.0,1.0,animal_detection,S2/C1/S2_C1_E347_V0084.mp4,S2,C1,20.5,1,animal,red_deer,"foraging,vigilance",1,train
E347,S2_C3_E347_V0110,3,7.949999999999999,10.95,3.0,1.0,animal_detection,S2/C3/S2_C3_E347_V0110.mp4,S2,C3,20.5,1,animal,red_deer,"foraging,vigilance",1,train
E347,S2_C2_E347_V0092,3,8.516666666666666,11.516666666666666,3.0,1.0,animal_detection,S2/C2/S2_C2_E347_V0092.mp4,S2,C2,20.5,1,animal,red_deer,"foraging,vigilance",1,train
E349,S2_C2_E349_V0094,1,6.166666666666667,7.166666666666667,1.0,1.0,animal_detection,S2/C2/S2_C2_E349_V0094.mp4,S2,C2,20.5,1,animal,red_deer,"escaping,foraging,unknown,vigilance",1,train
E349,S2_C1_E349_V0085,1,9.75,10.75,1.0,1.0,animal_detection,S2/C1/S2_C1_E349_V0085.mp4,S2,C1,20.5,1,animal,red_deer,"escaping,foraging,unknown,vigilance",1,train
E349,S2_C3_E349_V0111,1,9.75,10.75,1.0,1.0,animal_detection,S2/C3/S2_C3_E349_V0111.mp4,S2,C3,20.5,1,animal,red_deer,"escaping,foraging,unknown,vigilance",1,train
E349,S2_C2_E349_V0094,2,5.666666666666667,7.666666666666667,2.0,1.0,animal_detection,S2/C2/S2_C2_E349_V0094.mp4,S2,C2,20.5,1,animal,red_deer,"escaping,foraging,unknown,vigilance",1,train
E349,S2_C3_E349_V0111,2,9.25,11.25,2.0,1.0,animal_detection,S2/C3/S2_C3_E349_V0111.mp4,S2,C3,20.5,1,animal,red_deer,"escaping,foraging,unknown,vigilance",1,train
E349,S2_C1_E349_V0085,2,9.25,11.25,2.0,1.0,animal_detection,S2/C1/S2_C1_E349_V0085.mp4,S2,C1,20.5,1,animal,red_deer,"escaping,foraging,unknown,vigilance",1,train
E349,S2_C2_E349_V0094,3,5.166666666666667,8.166666666666668,3.000000000000001,1.0000000000000002,animal_detection,S2/C2/S2_C2_E349_V0094.mp4,S2,C2,20.5,1,animal,red_deer,"escaping,foraging,unknown,vigilance",1,train
E349,S2_C3_E349_V0111,3,8.75,11.75,3.0,1.0,animal_detection,S2/C3/S2_C3_E349_V0111.mp4,S2,C3,20.5,1,animal,red_deer,"escaping,foraging,unknown,vigilance",1,train
E349,S2_C1_E349_V0085,3,8.75,11.75,3.0,1.0,animal_detection,S2/C1/S2_C1_E349_V0085.mp4,S2,C1,20.5,1,animal,red_deer,"escaping,foraging,unknown,vigilance",1,train
E350,S2_C1_E350_V0086,1,6.916666666666667,7.916666666666667,1.0,1.0,animal_detection,S2/C1/S2_C1_E350_V0086.mp4,S2,C1,20.5,1,animal,red_deer,"camera_reaction,foraging,unknown,vigilance",1,train
E350,S2_C2_E350_V0096,1,9.7,10.7,1.0,1.0,animal_detection,S2/C2/S2_C2_E350_V0096.mp4,S2,C2,20.5,1,animal,red_deer,"camera_reaction,foraging,unknown,vigilance",1,train
E350,S2_C3_E350_V0113,1,9.75,10.75,1.0,1.0,animal_detection,S2/C3/S2_C3_E350_V0113.mp4,S2,C3,20.5,1,animal,red_deer,"camera_reaction,foraging,unknown,vigilance",1,train
E350,S2_C2_E350_V0096,2,9.2,11.2,2.0,1.0,animal_detection,S2/C2/S2_C2_E350_V0096.mp4,S2,C2,20.5,1,animal,red_deer,"camera_reaction,foraging,unknown,vigilance",1,train
E350,S2_C3_E350_V0112,2,9.25,11.25,2.0,1.0,animal_detection,S2/C3/S2_C3_E350_V0112.mp4,S2,C3,20.5,1,animal,red_deer,"camera_reaction,foraging,unknown,vigilance",1,train
E350,S2_C2_E350_V0095,2,9.25,11.25,2.0,1.0,animal_detection,S2/C2/S2_C2_E350_V0095.mp4,S2,C2,20.5,1,animal,red_deer,"camera_reaction,foraging,unknown,vigilance",1,train
E350,S2_C2_E350_V0096,3,8.7,11.7,3.0,1.0,animal_detection,S2/C2/S2_C2_E350_V0096.mp4,S2,C2,20.5,1,animal,red_deer,"camera_reaction,foraging,unknown,vigilance",1,train
E350,S2_C3_E350_V0112,3,8.75,11.75,3.0,1.0,animal_detection,S2/C3/S2_C3_E350_V0112.mp4,S2,C3,20.5,1,animal,red_deer,"camera_reaction,foraging,unknown,vigilance",1,train
E350,S2_C2_E350_V0095,3,8.75,11.75,3.0,1.0,animal_detection,S2/C2/S2_C2_E350_V0095.mp4,S2,C2,20.5,1,animal,red_deer,"camera_reaction,foraging,unknown,vigilance",1,train
E351,S2_C2_E351_V0099,1,1.25,2.25,1.0,1.0,animal_detection,S2/C2/S2_C2_E351_V0099.mp4,S2,C2,20.5,1,animal,red_deer,"courtship,foraging,unknown,vigilance",3+,train
E351,S2_C2_E351_V0098,1,9.75,10.75,1.0,1.0,animal_detection,S2/C2/S2_C2_E351_V0098.mp4,S2,C2,20.5,1,animal,red_deer,"courtship,foraging,unknown,vigilance",3+,train
E351,S2_C2_E351_V0097,1,9.75,10.75,1.0,1.0,animal_detection,S2/C2/S2_C2_E351_V0097.mp4,S2,C2,20.5,1,animal,red_deer,"courtship,foraging,unknown,vigilance",3+,train
E351,S2_C2_E351_V0099,2,0.75,2.75,2.0,1.0,animal_detection,S2/C2/S2_C2_E351_V0099.mp4,S2,C2,20.5,1,animal,red_deer,"courtship,foraging,unknown,vigilance",3+,train
E351,S2_C2_E351_V0098,2,9.25,11.25,2.0,1.0,animal_detection,S2/C2/S2_C2_E351_V0098.mp4,S2,C2,20.5,1,animal,red_deer,"courtship,foraging,unknown,vigilance",3+,train
E351,S2_C2_E351_V0097,2,9.25,11.25,2.0,1.0,animal_detection,S2/C2/S2_C2_E351_V0097.mp4,S2,C2,20.5,1,animal,red_deer,"courtship,foraging,unknown,vigilance",3+,train
E351,S2_C2_E351_V0099,3,0.25,3.25,3.0,1.0,animal_detection,S2/C2/S2_C2_E351_V0099.mp4,S2,C2,20.5,1,animal,red_deer,"courtship,foraging,unknown,vigilance",3+,train
E351,S2_C2_E351_V0098,3,8.75,11.75,3.0,1.0,animal_detection,S2/C2/S2_C2_E351_V0098.mp4,S2,C2,20.5,1,animal,red_deer,"courtship,foraging,unknown,vigilance",3+,train
E351,S2_C2_E351_V0097,3,8.75,11.75,3.0,1.0,animal_detection,S2/C2/S2_C2_E351_V0097.mp4,S2,C2,20.5,1,animal,red_deer,"courtship,foraging,unknown,vigilance",3+,train
E353,S2_C1_E353_V0090,1,7.5,8.5,1.0,1.0,animal_detection,S2/C1/S2_C1_E353_V0090.mp4,S2,C1,20.5,1,animal,red_deer,"foraging,grooming,unknown,vigilance",3+,train
E353,S2_C1_E353_V0087,1,9.75,10.75,1.0,1.0,animal_detection,S2/C1/S2_C1_E353_V0087.mp4,S2,C1,20.5,1,animal,red_deer,"foraging,grooming,unknown,vigilance",3+,train
E353,S2_C1_E353_V0089,1,9.75,10.75,1.0,1.0,animal_detection,S2/C1/S2_C1_E353_V0089.mp4,S2,C1,20.5,1,animal,red_deer,"foraging,grooming,unknown,vigilance",3+,train
E353,S2_C1_E353_V0089,2,9.25,11.25,2.0,1.0,animal_detection,S2/C1/S2_C1_E353_V0089.mp4,S2,C1,20.5,1,animal,red_deer,"foraging,grooming,unknown,vigilance",3+,train
E353,S2_C1_E353_V0087,2,9.25,11.25,2.0,1.0,animal_detection,S2/C1/S2_C1_E353_V0087.mp4,S2,C1,20.5,1,animal,red_deer,"foraging,grooming,unknown,vigilance",3+,train
E353,S2_C1_E353_V0088,2,9.25,11.25,2.0,1.0,animal_detection,S2/C1/S2_C1_E353_V0088.mp4,S2,C1,20.5,1,animal,red_deer,"foraging,grooming,unknown,vigilance",3+,train
E353,S2_C1_E353_V0090,3,6.5,9.5,3.0,1.0,animal_detection,S2/C1/S2_C1_E353_V0090.mp4,S2,C1,20.5,1,animal,red_deer,"foraging,grooming,unknown,vigilance",3+,train
E353,S2_C1_E353_V0089,3,8.75,11.75,3.0,1.0,animal_detection,S2/C1/S2_C1_E353_V0089.mp4,S2,C1,20.5,1,animal,red_deer,"foraging,grooming,unknown,vigilance",3+,train
E353,S2_C1_E353_V0087,3,8.75,11.75,3.0,1.0,animal_detection,S2/C1/S2_C1_E353_V0087.mp4,S2,C1,20.5,1,animal,red_deer,"foraging,grooming,unknown,vigilance",3+,train
E357,S2_C1_E357_V0093,1,7.383333333333334,8.383333333333333,0.9999999999999991,0.9999999999999991,animal_detection,S2/C1/S2_C1_E357_V0093.mp4,S2,C1,20.5,1,animal,red_deer,"foraging,unknown,vigilance",2,train
E357,S2_C1_E357_V0092,1,9.75,10.75,1.0,1.0,animal_detection,S2/C1/S2_C1_E357_V0092.mp4,S2,C1,20.5,1,animal,red_deer,"foraging,unknown,vigilance",2,train
E357,S2_C1_E357_V0091,1,9.766666666666667,10.766666666666667,1.0,1.0,animal_detection,S2/C1/S2_C1_E357_V0091.mp4,S2,C1,20.5,1,animal,red_deer,"foraging,unknown,vigilance",2,train
E357,S2_C1_E357_V0093,2,6.883333333333334,8.883333333333333,1.9999999999999991,0.9999999999999996,animal_detection,S2/C1/S2_C1_E357_V0093.mp4,S2,C1,20.5,1,animal,red_deer,"foraging,unknown,vigilance",2,train
E357,S2_C1_E357_V0092,2,9.25,11.25,2.0,1.0,animal_detection,S2/C1/S2_C1_E357_V0092.mp4,S2,C1,20.5,1,animal,red_deer,"foraging,unknown,vigilance",2,train
E357,S2_C1_E357_V0091,2,9.266666666666667,11.266666666666667,2.0,1.0,animal_detection,S2/C1/S2_C1_E357_V0091.mp4,S2,C1,20.5,1,animal,red_deer,"foraging,unknown,vigilance",2,train
E357,S2_C1_E357_V0093,3,6.383333333333334,9.383333333333333,2.999999999999999,0.9999999999999997,animal_detection,S2/C1/S2_C1_E357_V0093.mp4,S2,C1,20.5,1,animal,red_deer,"foraging,unknown,vigilance",2,train
E357,S2_C1_E357_V0092,3,8.75,11.75,3.0,1.0,animal_detection,S2/C1/S2_C1_E357_V0092.mp4,S2,C1,20.5,1,animal,red_deer,"foraging,unknown,vigilance",2,train
E357,S2_C1_E357_V0091,3,8.766666666666667,11.766666666666667,3.0,1.0,animal_detection,S2/C1/S2_C1_E357_V0091.mp4,S2,C1,20.5,1,animal,red_deer,"foraging,unknown,vigilance",2,train
E358,S2_C1_E358_V0094,1,2.8333333333333335,3.8333333333333335,1.0,1.0,animal_detection,S2/C1/S2_C1_E358_V0094.mp4,S2,C1,20.5,1,animal,red_deer,"courtship,foraging,unknown",3+,train
E358,S2_C2_E358_V0105,1,4.816666666666666,5.816666666666666,1.0,1.0,animal_detection,S2/C2/S2_C2_E358_V0105.mp4,S2,C2,20.5,1,animal,red_deer,"courtship,foraging,unknown",3+,train
E358,S2_C1_E358_V0094,1,8.75,9.75,1.0,1.0,animal_detection,S2/C1/S2_C1_E358_V0094.mp4,S2,C1,20.5,1,animal,red_deer,"courtship,foraging,unknown",3+,train
E358,S2_C1_E358_V0094,2,2.3333333333333335,4.333333333333334,2.0000000000000004,1.0000000000000002,animal_detection,S2/C1/S2_C1_E358_V0094.mp4,S2,C1,20.5,1,animal,red_deer,"courtship,foraging,unknown",3+,train
E358,S2_C2_E358_V0105,2,4.316666666666666,6.316666666666666,2.0,1.0,animal_detection,S2/C2/S2_C2_E358_V0105.mp4,S2,C2,20.5,1,animal,red_deer,"courtship,foraging,unknown",3+,train
E358,S2_C1_E358_V0094,2,8.25,10.25,2.0,1.0,animal_detection,S2/C1/S2_C1_E358_V0094.mp4,S2,C1,20.5,1,animal,red_deer,"courtship,foraging,unknown",3+,train
E358,S2_C1_E358_V0094,3,1.8333333333333335,4.833333333333334,3.0000000000000004,1.0000000000000002,animal_detection,S2/C1/S2_C1_E358_V0094.mp4,S2,C1,20.5,1,animal,red_deer,"courtship,foraging,unknown",3+,train
E358,S2_C2_E358_V0105,3,3.8166666666666664,6.816666666666666,3.0,1.0,animal_detection,S2/C2/S2_C2_E358_V0105.mp4,S2,C2,20.5,1,animal,red_deer,"courtship,foraging,unknown",3+,train
E358,S2_C1_E358_V0094,3,7.75,10.75,3.0,1.0,animal_detection,S2/C1/S2_C1_E358_V0094.mp4,S2,C1,20.5,1,animal,red_deer,"courtship,foraging,unknown",3+,train
E359,S2_C2_E359_V0106,1,2.8666666666666667,3.8666666666666667,1.0,1.0,animal_detection,S2/C2/S2_C2_E359_V0106.mp4,S2,C2,20.5,1,animal,red_deer,"foraging,vigilance",1,train
E359,S2_C1_E359_V0095,1,9.25,10.25,1.0,1.0,animal_detection,S2/C1/S2_C1_E359_V0095.mp4,S2,C1,20.5,1,animal,red_deer,"foraging,vigilance",1,train
E359,S2_C2_E359_V0106,2,2.3666666666666667,4.366666666666667,2.0000000000000004,1.0000000000000002,animal_detection,S2/C2/S2_C2_E359_V0106.mp4,S2,C2,20.5,1,animal,red_deer,"foraging,vigilance",1,train
E359,S2_C1_E359_V0095,2,8.75,10.75,2.0,1.0,animal_detection,S2/C1/S2_C1_E359_V0095.mp4,S2,C1,20.5,1,animal,red_deer,"foraging,vigilance",1,train
E359,S2_C2_E359_V0106,3,1.8666666666666667,4.866666666666667,3.0000000000000004,1.0000000000000002,animal_detection,S2/C2/S2_C2_E359_V0106.mp4,S2,C2,20.5,1,animal,red_deer,"foraging,vigilance",1,train
E359,S2_C1_E359_V0095,3,8.25,11.25,3.0,1.0,animal_detection,S2/C1/S2_C1_E359_V0095.mp4,S2,C1,20.5,1,animal,red_deer,"foraging,vigilance",1,train
E36,S1_C1_E36_V0073,1,9.55,10.55,1.0,1.0,animal_detection,S1/C1/S1_C1_E36_V0073.mp4,S1,C1,120.5,1,animal,red_deer,"escaping,foraging,unknown,vigilance",2,train
E36,S1_C1_E36_V0074,1,42.666666666666664,43.666666666666664,1.0,1.0,animal_detection,S1/C1/S1_C1_E36_V0074.mp4,S1,C1,120.5,1,animal,red_deer,"escaping,foraging,unknown,vigilance",2,train
E36,S1_C1_E36_V0073,1,118.4,119.4,1.0,1.0,animal_detection,S1/C1/S1_C1_E36_V0073.mp4,S1,C1,120.5,1,animal,red_deer,"escaping,foraging,unknown,vigilance",2,train
E36,S1_C1_E36_V0073,2,9.05,11.05,2.0,1.0,animal_detection,S1/C1/S1_C1_E36_V0073.mp4,S1,C1,120.5,1,animal,red_deer,"escaping,foraging,unknown,vigilance",2,train
E36,S1_C2_E36_V0046,2,20.066666666666666,22.066666666666666,2.0,1.0,animal_detection,S1/C2/S1_C2_E36_V0046.mp4,S1,C2,120.5,1,animal,red_deer,"escaping,foraging,unknown,vigilance",2,train
E36,S1_C1_E36_V0074,2,42.166666666666664,44.166666666666664,2.0,1.0,animal_detection,S1/C1/S1_C1_E36_V0074.mp4,S1,C1,120.5,1,animal,red_deer,"escaping,foraging,unknown,vigilance",2,train
E36,S1_C2_E36_V0046,3,19.566666666666666,22.566666666666666,3.0,1.0,animal_detection,S1/C2/S1_C2_E36_V0046.mp4,S1,C2,120.5,1,animal,red_deer,"escaping,foraging,unknown,vigilance",2,train
E36,S1_C3_E36_V0018,3,77.35,80.35,3.0,1.0,animal_detection,S1/C3/S1_C3_E36_V0018.mp4,S1,C3,120.5,1,animal,red_deer,"escaping,foraging,unknown,vigilance",2,train
E36,S1_C1_E36_V0073,3,117.4,120.4,3.0,1.0,animal_detection,S1/C1/S1_C1_E36_V0073.mp4,S1,C1,120.5,1,animal,red_deer,"escaping,foraging,unknown,vigilance",2,train
E360,S2_C1_E360_V0096,1,2.4166666666666665,3.4166666666666665,1.0,1.0,animal_detection,S2/C1/S2_C1_E360_V0096.mp4,S2,C1,20.5,1,animal,red_deer,"foraging,vigilance",1,train
E360,S2_C1_E360_V0096,2,1.9166666666666665,3.9166666666666665,2.0,1.0,animal_detection,S2/C1/S2_C1_E360_V0096.mp4,S2,C1,20.5,1,animal,red_deer,"foraging,vigilance",1,train
E360,S2_C1_E360_V0096,3,1.4166666666666665,4.416666666666666,2.9999999999999996,0.9999999999999999,animal_detection,S2/C1/S2_C1_E360_V0096.mp4,S2,C1,20.5,1,animal,red_deer,"foraging,vigilance",1,train
E361,S2_C1_E361_V0097,1,6.666666666666667,7.666666666666667,1.0,1.0,animal_detection,S2/C1/S2_C1_E361_V0097.mp4,S2,C1,20.5,1,animal,red_deer,"foraging,unknown",2,train
E361,S2_C1_E361_V0097,2,6.166666666666667,8.166666666666668,2.000000000000001,1.0000000000000004,animal_detection,S2/C1/S2_C1_E361_V0097.mp4,S2,C1,20.5,1,animal,red_deer,"foraging,unknown",2,train
E361,S2_C1_E361_V0097,3,5.666666666666667,8.666666666666668,3.000000000000001,1.0000000000000002,animal_detection,S2/C1/S2_C1_E361_V0097.mp4,S2,C1,20.5,1,animal,red_deer,"foraging,unknown",2,train
E362,S2_C3_E362_V0114,1,9.116666666666667,10.116666666666667,1.0,1.0,animal_detection,S2/C3/S2_C3_E362_V0114.mp4,S2,C3,20.5,1,animal,red_deer,foraging,3+,train
E362,S2_C3_E362_V0114,2,8.616666666666667,10.616666666666667,2.0,1.0,animal_detection,S2/C3/S2_C3_E362_V0114.mp4,S2,C3,20.5,1,animal,red_deer,foraging,3+,train
E362,S2_C3_E362_V0114,3,8.116666666666667,11.116666666666667,3.0,1.0,animal_detection,S2/C3/S2_C3_E362_V0114.mp4,S2,C3,20.5,1,animal,red_deer,foraging,3+,train
E363,S2_C1_E363_V0098,1,1.45,2.45,1.0000000000000002,1.0000000000000002,animal_detection,S2/C1/S2_C1_E363_V0098.mp4,S2,C1,20.5,1,animal,red_deer,foraging,1,train
E363,S2_C2_E363_V0107,1,9.75,10.75,1.0,1.0,animal_detection,S2/C2/S2_C2_E363_V0107.mp4,S2,C2,20.5,1,animal,red_deer,foraging,1,train
E363,S2_C1_E363_V0098,2,0.95,2.95,2.0,1.0,animal_detection,S2/C1/S2_C1_E363_V0098.mp4,S2,C1,20.5,1,animal,red_deer,foraging,1,train
E363,S2_C2_E363_V0107,2,9.25,11.25,2.0,1.0,animal_detection,S2/C2/S2_C2_E363_V0107.mp4,S2,C2,20.5,1,animal,red_deer,foraging,1,train
E363,S2_C1_E363_V0098,3,0.44999999999999996,3.45,3.0,1.0,animal_detection,S2/C1/S2_C1_E363_V0098.mp4,S2,C1,20.5,1,animal,red_deer,foraging,1,train
E363,S2_C2_E363_V0107,3,8.75,11.75,3.0,1.0,animal_detection,S2/C2/S2_C2_E363_V0107.mp4,S2,C2,20.5,1,animal,red_deer,foraging,1,train
E365,S2_C1_E365_V0100,1,0.7,1.7,1.0,1.0,animal_detection,S2/C1/S2_C1_E365_V0100.mp4,S2,C1,120.5,1,animal,red_deer,"foraging,grooming,unknown,vigilance",1,train
E365,S2_C2_E365_V0110,1,7.966666666666667,8.966666666666667,1.0,1.0,animal_detection,S2/C2/S2_C2_E365_V0110.mp4,S2,C2,120.5,1,animal,red_deer,"foraging,grooming,unknown,vigilance",1,train
E365,S2_C3_E365_V0115,1,59.766666666666666,60.766666666666666,1.0,1.0,animal_detection,S2/C3/S2_C3_E365_V0115.mp4,S2,C3,120.5,1,animal,red_deer,"foraging,grooming,unknown,vigilance",1,train
E365,S2_C1_E365_V0100,2,0.19999999999999996,2.2,2.0,1.0,animal_detection,S2/C1/S2_C1_E365_V0100.mp4,S2,C1,120.5,1,animal,red_deer,"foraging,grooming,unknown,vigilance",1,train
E365,S2_C3_E365_V0116,2,15.149999999999999,17.15,2.0,1.0,animal_detection,S2/C3/S2_C3_E365_V0116.mp4,S2,C3,120.5,1,animal,red_deer,"foraging,grooming,unknown,vigilance",1,train
E365,S2_C3_E365_V0115,2,59.266666666666666,61.266666666666666,2.0,1.0,animal_detection,S2/C3/S2_C3_E365_V0115.mp4,S2,C3,120.5,1,animal,red_deer,"foraging,grooming,unknown,vigilance",1,train
E365,S2_C1_E365_V0100,3,0.0,3.0,2.4,0.7999999999999999,animal_detection,S2/C1/S2_C1_E365_V0100.mp4,S2,C1,120.5,1,animal,red_deer,"foraging,grooming,unknown,vigilance",1,train
E365,S2_C2_E365_V0109,3,0.06666666666666665,3.0666666666666664,3.0,1.0,animal_detection,S2/C2/S2_C2_E365_V0109.mp4,S2,C2,120.5,1,animal,red_deer,"foraging,grooming,unknown,vigilance",1,train
E365,S2_C2_E365_V0109,3,61.85,64.85,2.999999999999993,0.9999999999999977,animal_detection,S2/C2/S2_C2_E365_V0109.mp4,S2,C2,120.5,1,animal,red_deer,"foraging,grooming,unknown,vigilance",1,train
E366,S2_C1_E366_V0101,1,0.09999999999999998,1.1,1.0,1.0,animal_detection,S2/C1/S2_C1_E366_V0101.mp4,S2,C1,20.5,1,animal,red_deer,"unknown,vigilance",1,train
E366,S2_C2_E366_V0111,1,3.2666666666666666,4.266666666666667,1.0,1.0,animal_detection,S2/C2/S2_C2_E366_V0111.mp4,S2,C2,20.5,1,animal,red_deer,"unknown,vigilance",1,train
E366,S2_C3_E366_V0117,1,3.783333333333333,4.783333333333333,1.0,1.0,animal_detection,S2/C3/S2_C3_E366_V0117.mp4,S2,C3,20.5,1,animal,red_deer,"unknown,vigilance",1,train
E366,S2_C1_E366_V0101,2,0.0,2.0,1.2,0.6,animal_detection,S2/C1/S2_C1_E366_V0101.mp4,S2,C1,20.5,1,animal,red_deer,"unknown,vigilance",1,train
E366,S2_C2_E366_V0111,2,2.7666666666666666,4.766666666666667,2.0,1.0,animal_detection,S2/C2/S2_C2_E366_V0111.mp4,S2,C2,20.5,1,animal,red_deer,"unknown,vigilance",1,train
E366,S2_C3_E366_V0117,2,3.283333333333333,5.283333333333333,2.0,1.0,animal_detection,S2/C3/S2_C3_E366_V0117.mp4,S2,C3,20.5,1,animal,red_deer,"unknown,vigilance",1,train
E366,S2_C2_E366_V0111,3,2.2666666666666666,5.266666666666667,3.0,1.0,animal_detection,S2/C2/S2_C2_E366_V0111.mp4,S2,C2,20.5,1,animal,red_deer,"unknown,vigilance",1,train
E366,S2_C3_E366_V0117,3,2.783333333333333,5.783333333333333,3.0,1.0,animal_detection,S2/C3/S2_C3_E366_V0117.mp4,S2,C3,20.5,1,animal,red_deer,"unknown,vigilance",1,train
E366,S2_C1_E366_V0101,3,7.050000000000001,10.05,3.0,1.0,animal_detection,S2/C1/S2_C1_E366_V0101.mp4,S2,C1,20.5,1,animal,red_deer,"unknown,vigilance",1,train
E367,S2_C1_E367_V0102,1,1.3666666666666667,2.3666666666666667,1.0,1.0,animal_detection,S2/C1/S2_C1_E367_V0102.mp4,S2,C1,20.5,1,animal,red_deer,"foraging,unknown,vigilance",1,train
E367,S2_C3_E367_V0118,1,2.966666666666667,3.966666666666667,1.0,1.0,animal_detection,S2/C3/S2_C3_E367_V0118.mp4,S2,C3,20.5,1,animal,red_deer,"foraging,unknown,vigilance",1,train
E367,S2_C2_E367_V0112,1,6.083333333333333,7.083333333333333,1.0,1.0,animal_detection,S2/C2/S2_C2_E367_V0112.mp4,S2,C2,20.5,1,animal,red_deer,"foraging,unknown,vigilance",1,train
E367,S2_C1_E367_V0102,2,0.8666666666666667,2.8666666666666667,2.0,1.0,animal_detection,S2/C1/S2_C1_E367_V0102.mp4,S2,C1,20.5,1,animal,red_deer,"foraging,unknown,vigilance",1,train
E367,S2_C3_E367_V0118,2,2.466666666666667,4.466666666666667,2.0,1.0,animal_detection,S2/C3/S2_C3_E367_V0118.mp4,S2,C3,20.5,1,animal,red_deer,"foraging,unknown,vigilance",1,train
E367,S2_C2_E367_V0112,2,5.583333333333333,7.583333333333333,2.0,1.0,animal_detection,S2/C2/S2_C2_E367_V0112.mp4,S2,C2,20.5,1,animal,red_deer,"foraging,unknown,vigilance",1,train
E367,S2_C1_E367_V0102,3,0.3666666666666667,3.3666666666666667,3.0,1.0,animal_detection,S2/C1/S2_C1_E367_V0102.mp4,S2,C1,20.5,1,animal,red_deer,"foraging,unknown,vigilance",1,train
E367,S2_C3_E367_V0118,3,1.9666666666666668,4.966666666666667,3.0,1.0,animal_detection,S2/C3/S2_C3_E367_V0118.mp4,S2,C3,20.5,1,animal,red_deer,"foraging,unknown,vigilance",1,train
E367,S2_C2_E367_V0112,3,5.083333333333333,8.083333333333332,2.999999999999999,0.9999999999999997,animal_detection,S2/C2/S2_C2_E367_V0112.mp4,S2,C2,20.5,1,animal,red_deer,"foraging,unknown,vigilance",1,train
E368,S2_C2_E368_V0113,1,0.9333333333333333,1.9333333333333333,1.0,1.0,animal_detection,S2/C2/S2_C2_E368_V0113.mp4,S2,C2,20.5,1,animal,red_deer,"courtship,vigilance",1,train
E368,S2_C1_E368_V0103,1,4.466666666666667,5.466666666666667,1.0,1.0,animal_detection,S2/C1/S2_C1_E368_V0103.mp4,S2,C1,20.5,1,animal,red_deer,"courtship,vigilance",1,train
E368,S2_C2_E368_V0113,2,0.43333333333333335,2.4333333333333336,2.0,1.0,animal_detection,S2/C2/S2_C2_E368_V0113.mp4,S2,C2,20.5,1,animal,red_deer,"courtship,vigilance",1,train
E368,S2_C1_E368_V0103,2,3.966666666666667,5.966666666666667,2.0,1.0,animal_detection,S2/C1/S2_C1_E368_V0103.mp4,S2,C1,20.5,1,animal,red_deer,"courtship,vigilance",1,train
E368,S2_C2_E368_V0113,3,0.0,3.0,2.8666666666666667,0.9555555555555556,animal_detection,S2/C2/S2_C2_E368_V0113.mp4,S2,C2,20.5,1,animal,red_deer,"courtship,vigilance",1,train
E368,S2_C1_E368_V0103,3,3.466666666666667,6.466666666666667,3.0,1.0,animal_detection,S2/C1/S2_C1_E368_V0103.mp4,S2,C1,20.5,1,animal,red_deer,"courtship,vigilance",1,train
E369,S2_C2_E369_V0114,1,8.266666666666667,9.266666666666667,1.0,1.0,animal_detection,S2/C2/S2_C2_E369_V0114.mp4,S2,C2,20.5,1,animal,red_deer,"foraging,unknown,vigilance",2,train
E369,S2_C1_E369_V0104,1,8.8,9.8,1.0,1.0,animal_detection,S2/C1/S2_C1_E369_V0104.mp4,S2,C1,20.5,1,animal,red_deer,"foraging,unknown,vigilance",2,train
E369,S2_C2_E369_V0114,2,7.7666666666666675,9.766666666666667,2.0,1.0,animal_detection,S2/C2/S2_C2_E369_V0114.mp4,S2,C2,20.5,1,animal,red_deer,"foraging,unknown,vigilance",2,train
E369,S2_C1_E369_V0104,2,8.3,10.3,2.0,1.0,animal_detection,S2/C1/S2_C1_E369_V0104.mp4,S2,C1,20.5,1,animal,red_deer,"foraging,unknown,vigilance",2,train
E369,S2_C2_E369_V0114,3,7.2666666666666675,10.266666666666667,3.0,1.0,animal_detection,S2/C2/S2_C2_E369_V0114.mp4,S2,C2,20.5,1,animal,red_deer,"foraging,unknown,vigilance",2,train
E369,S2_C1_E369_V0104,3,7.800000000000001,10.8,3.0,1.0,animal_detection,S2/C1/S2_C1_E369_V0104.mp4,S2,C1,20.5,1,animal,red_deer,"foraging,unknown,vigilance",2,train
E37,S1_C3_E37_V0019,1,26.616666666666667,27.616666666666667,1.0,1.0,animal_detection,S1/C3/S1_C3_E37_V0019.mp4,S1,C3,120.5,1,animal,red_deer,"foraging,vigilance",1,train
E37,S1_C2_E37_V0047,1,33.083333333333336,34.083333333333336,1.0,1.0,animal_detection,S1/C2/S1_C2_E37_V0047.mp4,S1,C2,120.5,1,animal,red_deer,"foraging,vigilance",1,train
E37,S1_C1_E37_V0075,1,59.75,60.75,1.0,1.0,animal_detection,S1/C1/S1_C1_E37_V0075.mp4,S1,C1,120.5,1,animal,red_deer,"foraging,vigilance",1,train
E37,S1_C3_E37_V0019,2,26.116666666666667,28.116666666666667,2.0,1.0,animal_detection,S1/C3/S1_C3_E37_V0019.mp4,S1,C3,120.5,1,animal,red_deer,"foraging,vigilance",1,train
E37,S1_C2_E37_V0047,2,32.583333333333336,34.583333333333336,2.0,1.0,animal_detection,S1/C2/S1_C2_E37_V0047.mp4,S1,C2,120.5,1,animal,red_deer,"foraging,vigilance",1,train
E37,S1_C1_E37_V0075,2,59.25,61.25,2.0,1.0,animal_detection,S1/C1/S1_C1_E37_V0075.mp4,S1,C1,120.5,1,animal,red_deer,"foraging,vigilance",1,train
E37,S1_C3_E37_V0019,3,25.616666666666667,28.616666666666667,3.0,1.0,animal_detection,S1/C3/S1_C3_E37_V0019.mp4,S1,C3,120.5,1,animal,red_deer,"foraging,vigilance",1,train
E37,S1_C1_E37_V0076,3,27.916666666666668,30.916666666666668,3.0,1.0,animal_detection,S1/C1/S1_C1_E37_V0076.mp4,S1,C1,120.5,1,animal,red_deer,"foraging,vigilance",1,train
E37,S1_C2_E37_V0047,3,32.083333333333336,35.083333333333336,3.0,1.0,animal_detection,S1/C2/S1_C2_E37_V0047.mp4,S1,C2,120.5,1,animal,red_deer,"foraging,vigilance",1,train
E370,S2_C2_E370_V0115,1,2.6333333333333333,3.6333333333333333,1.0,1.0,animal_detection,S2/C2/S2_C2_E370_V0115.mp4,S2,C2,20.5,1,animal,red_deer,foraging,1,train
E370,S2_C2_E370_V0115,2,2.1333333333333333,4.133333333333333,1.9999999999999996,0.9999999999999998,animal_detection,S2/C2/S2_C2_E370_V0115.mp4,S2,C2,20.5,1,animal,red_deer,foraging,1,train
E370,S2_C2_E370_V0115,3,1.6333333333333333,4.633333333333333,2.9999999999999996,0.9999999999999999,animal_detection,S2/C2/S2_C2_E370_V0115.mp4,S2,C2,20.5,1,animal,red_deer,foraging,1,train
E371,S2_C3_E371_V0119,1,0.19999999999999996,1.2,1.0,1.0,animal_detection,S2/C3/S2_C3_E371_V0119.mp4,S2,C3,20.5,1,animal,red_deer,"foraging,unknown",2,train
E371,S2_C2_E371_V0116,1,0.41666666666666674,1.4166666666666667,1.0,1.0,animal_detection,S2/C2/S2_C2_E371_V0116.mp4,S2,C2,20.5,1,animal,red_deer,"foraging,unknown",2,train
E371,S2_C1_E371_V0105,1,1.0,2.0,1.0,1.0,animal_detection,S2/C1/S2_C1_E371_V0105.mp4,S2,C1,20.5,1,animal,red_deer,"foraging,unknown",2,train
E371,S2_C2_E371_V0116,2,0.0,2.0,1.5,0.75,animal_detection,S2/C2/S2_C2_E371_V0116.mp4,S2,C2,20.5,1,animal,red_deer,"foraging,unknown",2,train
E371,S2_C3_E371_V0119,2,0.0,2.0,1.4,0.7,animal_detection,S2/C3/S2_C3_E371_V0119.mp4,S2,C3,20.5,1,animal,red_deer,"foraging,unknown",2,train
E371,S2_C1_E371_V0105,2,0.5,2.5,2.0,1.0,animal_detection,S2/C1/S2_C1_E371_V0105.mp4,S2,C1,20.5,1,animal,red_deer,"foraging,unknown",2,train
E371,S2_C2_E371_V0116,3,0.0,3.0,1.5,0.5,animal_detection,S2/C2/S2_C2_E371_V0116.mp4,S2,C2,20.5,1,animal,red_deer,"foraging,unknown",2,train
E371,S2_C3_E371_V0119,3,0.0,3.0,1.4,0.4666666666666666,animal_detection,S2/C3/S2_C3_E371_V0119.mp4,S2,C3,20.5,1,animal,red_deer,"foraging,unknown",2,train
E371,S2_C1_E371_V0105,3,0.0,3.0,3.0,1.0,animal_detection,S2/C1/S2_C1_E371_V0105.mp4,S2,C1,20.5,1,animal,red_deer,"foraging,unknown",2,train
E374,S2_C3_E374_V0122,1,2.9166666666666665,3.9166666666666665,1.0,1.0,animal_detection,S2/C3/S2_C3_E374_V0122.mp4,S2,C3,20.5,1,animal,red_deer,"foraging,unknown,vigilance",3+,train
E374,S2_C3_E374_V0121,1,9.75,10.75,1.0,1.0,animal_detection,S2/C3/S2_C3_E374_V0121.mp4,S2,C3,20.5,1,animal,red_deer,"foraging,unknown,vigilance",3+,train
E374,S2_C3_E374_V0122,2,2.4166666666666665,4.416666666666666,1.9999999999999996,0.9999999999999998,animal_detection,S2/C3/S2_C3_E374_V0122.mp4,S2,C3,20.5,1,animal,red_deer,"foraging,unknown,vigilance",3+,train
E374,S2_C3_E374_V0121,2,9.25,11.25,2.0,1.0,animal_detection,S2/C3/S2_C3_E374_V0121.mp4,S2,C3,20.5,1,animal,red_deer,"foraging,unknown,vigilance",3+,train
E374,S2_C3_E374_V0122,3,1.9166666666666665,4.916666666666666,2.9999999999999996,0.9999999999999999,animal_detection,S2/C3/S2_C3_E374_V0122.mp4,S2,C3,20.5,1,animal,red_deer,"foraging,unknown,vigilance",3+,train
E374,S2_C3_E374_V0121,3,8.75,11.75,3.0,1.0,animal_detection,S2/C3/S2_C3_E374_V0121.mp4,S2,C3,20.5,1,animal,red_deer,"foraging,unknown,vigilance",3+,train
E375,S2_C3_E375_V0123,1,0.21666666666666667,1.2166666666666668,1.0,1.0,animal_detection,S2/C3/S2_C3_E375_V0123.mp4,S2,C3,20.5,1,animal,red_deer,"unknown,vigilance",1,train
E375,S2_C1_E375_V0106,1,3.7333333333333334,4.733333333333333,1.0,1.0,animal_detection,S2/C1/S2_C1_E375_V0106.mp4,S2,C1,20.5,1,animal,red_deer,"unknown,vigilance",1,train
E375,S2_C3_E375_V0123,2,0.0,2.0,1.4333333333333333,0.7166666666666667,animal_detection,S2/C3/S2_C3_E375_V0123.mp4,S2,C3,20.5,1,animal,red_deer,"unknown,vigilance",1,train
E375,S2_C1_E375_V0106,2,3.2333333333333334,5.233333333333333,2.0,1.0,animal_detection,S2/C1/S2_C1_E375_V0106.mp4,S2,C1,20.5,1,animal,red_deer,"unknown,vigilance",1,train
E375,S2_C3_E375_V0123,3,0.0,3.0,1.4333333333333333,0.4777777777777778,animal_detection,S2/C3/S2_C3_E375_V0123.mp4,S2,C3,20.5,1,animal,red_deer,"unknown,vigilance",1,train
E375,S2_C1_E375_V0106,3,2.7333333333333334,5.733333333333333,3.0,1.0,animal_detection,S2/C1/S2_C1_E375_V0106.mp4,S2,C1,20.5,1,animal,red_deer,"unknown,vigilance",1,train
E376,S2_C1_E376_V0107,1,2.316666666666667,3.316666666666667,1.0,1.0,animal_detection,S2/C1/S2_C1_E376_V0107.mp4,S2,C1,20.5,1,animal,red_deer,"foraging,unknown,vigilance",1,train
E376,S2_C3_E376_V0124,1,5.116666666666666,6.116666666666666,1.0,1.0,animal_detection,S2/C3/S2_C3_E376_V0124.mp4,S2,C3,20.5,1,animal,red_deer,"foraging,unknown,vigilance",1,train
E376,S2_C2_E376_V0119,1,8.966666666666667,9.966666666666667,1.0,1.0,animal_detection,S2/C2/S2_C2_E376_V0119.mp4,S2,C2,20.5,1,animal,red_deer,"foraging,unknown,vigilance",1,train
E376,S2_C1_E376_V0107,2,1.8166666666666669,3.816666666666667,2.0,1.0,animal_detection,S2/C1/S2_C1_E376_V0107.mp4,S2,C1,20.5,1,animal,red_deer,"foraging,unknown,vigilance",1,train
E376,S2_C3_E376_V0124,2,4.616666666666666,6.616666666666666,2.0,1.0,animal_detection,S2/C3/S2_C3_E376_V0124.mp4,S2,C3,20.5,1,animal,red_deer,"foraging,unknown,vigilance",1,train
E376,S2_C2_E376_V0119,2,8.466666666666667,10.466666666666667,2.0,1.0,animal_detection,S2/C2/S2_C2_E376_V0119.mp4,S2,C2,20.5,1,animal,red_deer,"foraging,unknown,vigilance",1,train
E376,S2_C1_E376_V0107,3,1.3166666666666669,4.316666666666666,2.9999999999999996,0.9999999999999999,animal_detection,S2/C1/S2_C1_E376_V0107.mp4,S2,C1,20.5,1,animal,red_deer,"foraging,unknown,vigilance",1,train
E376,S2_C3_E376_V0124,3,4.116666666666666,7.116666666666666,3.0,1.0,animal_detection,S2/C3/S2_C3_E376_V0124.mp4,S2,C3,20.5,1,animal,red_deer,"foraging,unknown,vigilance",1,train
E376,S2_C2_E376_V0119,3,7.966666666666667,10.966666666666667,3.0,1.0,animal_detection,S2/C2/S2_C2_E376_V0119.mp4,S2,C2,20.5,1,animal,red_deer,"foraging,unknown,vigilance",1,train
E377,S2_C1_E377_V0108,1,1.2166666666666666,2.216666666666667,1.0000000000000002,1.0000000000000002,animal_detection,S2/C1/S2_C1_E377_V0108.mp4,S2,C1,20.5,1,animal,red_deer,"foraging,marking",1,train
E377,S2_C2_E377_V0120,1,9.75,10.75,1.0,1.0,animal_detection,S2/C2/S2_C2_E377_V0120.mp4,S2,C2,20.5,1,animal,red_deer,"foraging,marking",1,train
E377,S2_C1_E377_V0108,2,0.7166666666666666,2.716666666666667,2.0,1.0,animal_detection,S2/C1/S2_C1_E377_V0108.mp4,S2,C1,20.5,1,animal,red_deer,"foraging,marking",1,train
E377,S2_C2_E377_V0120,2,9.25,11.25,2.0,1.0,animal_detection,S2/C2/S2_C2_E377_V0120.mp4,S2,C2,20.5,1,animal,red_deer,"foraging,marking",1,train
E377,S2_C1_E377_V0108,3,0.21666666666666656,3.216666666666667,3.0,1.0,animal_detection,S2/C1/S2_C1_E377_V0108.mp4,S2,C1,20.5,1,animal,red_deer,"foraging,marking",1,train
E377,S2_C2_E377_V0120,3,8.75,11.75,3.0,1.0,animal_detection,S2/C2/S2_C2_E377_V0120.mp4,S2,C2,20.5,1,animal,red_deer,"foraging,marking",1,train
E378,S2_C2_E378_V0121,1,0.0,1.0,0.7,0.7,animal_detection,S2/C2/S2_C2_E378_V0121.mp4,S2,C2,120.5,1,animal,red_deer,"chasing,courtship,escaping,unknown",3+,train
E378,S2_C1_E378_V0109,1,0.2666666666666667,1.2666666666666666,0.9999999999999999,0.9999999999999999,animal_detection,S2/C1/S2_C1_E378_V0109.mp4,S2,C1,120.5,1,animal,red_deer,"chasing,courtship,escaping,unknown",3+,train
E378,S2_C2_E378_V0121,1,30.733333333333334,31.733333333333334,1.0,1.0,animal_detection,S2/C2/S2_C2_E378_V0121.mp4,S2,C2,120.5,1,animal,red_deer,"chasing,courtship,escaping,unknown",3+,train
E378,S2_C2_E378_V0121,2,0.0,2.0,0.7,0.35,animal_detection,S2/C2/S2_C2_E378_V0121.mp4,S2,C2,120.5,1,animal,red_deer,"chasing,courtship,escaping,unknown",3+,train
E378,S2_C1_E378_V0109,2,0.0,2.0,1.4666666666666666,0.7333333333333333,animal_detection,S2/C1/S2_C1_E378_V0109.mp4,S2,C1,120.5,1,animal,red_deer,"chasing,courtship,escaping,unknown",3+,train
E378,S2_C2_E378_V0121,2,30.233333333333334,32.233333333333334,2.0,1.0,animal_detection,S2/C2/S2_C2_E378_V0121.mp4,S2,C2,120.5,1,animal,red_deer,"chasing,courtship,escaping,unknown",3+,train
E378,S2_C2_E378_V0121,3,0.0,3.0,0.7,0.2333333333333333,animal_detection,S2/C2/S2_C2_E378_V0121.mp4,S2,C2,120.5,1,animal,red_deer,"chasing,courtship,escaping,unknown",3+,train
E378,S2_C1_E378_V0109,3,4.3,7.3,2.4000000000000004,0.8000000000000002,animal_detection,S2/C1/S2_C1_E378_V0109.mp4,S2,C1,120.5,1,animal,red_deer,"chasing,courtship,escaping,unknown",3+,train
E378,S2_C2_E378_V0121,3,29.733333333333334,32.733333333333334,3.0,1.0,animal_detection,S2/C2/S2_C2_E378_V0121.mp4,S2,C2,120.5,1,animal,red_deer,"chasing,courtship,escaping,unknown",3+,train
E38,S1_C1_E38_V0086,1,9.3,10.3,1.0,1.0,animal_detection,S1/C1/S1_C1_E38_V0086.mp4,S1,C1,20.5,1,animal,red_deer,"camera_reaction,foraging,unknown,vigilance",1,train
E38,S1_C1_E38_V0079,1,9.75,10.75,1.0,1.0,animal_detection,S1/C1/S1_C1_E38_V0079.mp4,S1,C1,20.5,1,animal,red_deer,"camera_reaction,foraging,unknown,vigilance",1,train
E38,S1_C2_E38_V0058,1,9.75,10.75,1.0,1.0,animal_detection,S1/C2/S1_C2_E38_V0058.mp4,S1,C2,20.5,1,animal,red_deer,"camera_reaction,foraging,unknown,vigilance",1,train
E38,S1_C2_E38_V0060,2,7.2333333333333325,9.233333333333333,2.0,1.0,animal_detection,S1/C2/S1_C2_E38_V0060.mp4,S1,C2,20.5,1,animal,red_deer,"camera_reaction,foraging,unknown,vigilance",1,train
E38,S1_C1_E38_V0085,2,9.25,11.25,2.0,1.0,animal_detection,S1/C1/S1_C1_E38_V0085.mp4,S1,C1,20.5,1,animal,red_deer,"camera_reaction,foraging,unknown,vigilance",1,train
E38,S1_C2_E38_V0055,2,9.25,11.25,2.0,1.0,animal_detection,S1/C2/S1_C2_E38_V0055.mp4,S1,C2,20.5,1,animal,red_deer,"camera_reaction,foraging,unknown,vigilance",1,train
E38,S1_C1_E38_V0079,3,8.75,11.75,3.0,1.0,animal_detection,S1/C1/S1_C1_E38_V0079.mp4,S1,C1,20.5,1,animal,red_deer,"camera_reaction,foraging,unknown,vigilance",1,train
E38,S1_C2_E38_V0055,3,8.75,11.75,3.0,1.0,animal_detection,S1/C2/S1_C2_E38_V0055.mp4,S1,C2,20.5,1,animal,red_deer,"camera_reaction,foraging,unknown,vigilance",1,train
E38,S1_C2_E38_V0052,3,8.75,11.75,3.0,1.0,animal_detection,S1/C2/S1_C2_E38_V0052.mp4,S1,C2,20.5,1,animal,red_deer,"camera_reaction,foraging,unknown,vigilance",1,train
E387,S2_C2_E387_V0129,1,3.1666666666666665,4.166666666666666,0.9999999999999996,0.9999999999999996,animal_detection,S2/C2/S2_C2_E387_V0129.mp4,S2,C2,20.5,1,animal,red_deer,foraging,1,train
E387,S2_C1_E387_V0112,1,3.533333333333333,4.533333333333333,1.0,1.0,animal_detection,S2/C1/S2_C1_E387_V0112.mp4,S2,C1,20.5,1,animal,red_deer,foraging,1,train
E387,S2_C2_E387_V0129,2,2.6666666666666665,4.666666666666666,1.9999999999999996,0.9999999999999998,animal_detection,S2/C2/S2_C2_E387_V0129.mp4,S2,C2,20.5,1,animal,red_deer,foraging,1,train
E387,S2_C1_E387_V0112,2,3.033333333333333,5.033333333333333,2.0,1.0,animal_detection,S2/C1/S2_C1_E387_V0112.mp4,S2,C1,20.5,1,animal,red_deer,foraging,1,train
E387,S2_C2_E387_V0129,3,2.1666666666666665,5.166666666666666,2.9999999999999996,0.9999999999999999,animal_detection,S2/C2/S2_C2_E387_V0129.mp4,S2,C2,20.5,1,animal,red_deer,foraging,1,train
E387,S2_C1_E387_V0112,3,2.533333333333333,5.533333333333333,3.0,1.0,animal_detection,S2/C1/S2_C1_E387_V0112.mp4,S2,C1,20.5,1,animal,red_deer,foraging,1,train
E388,S2_C2_E388_V0130,1,5.883333333333334,6.883333333333334,1.0,1.0,animal_detection,S2/C2/S2_C2_E388_V0130.mp4,S2,C2,20.5,1,animal,red_deer,"foraging,vigilance",1,train
E388,S2_C1_E388_V0113,1,6.15,7.15,1.0,1.0,animal_detection,S2/C1/S2_C1_E388_V0113.mp4,S2,C1,20.5,1,animal,red_deer,"foraging,vigilance",1,train
E388,S2_C3_E388_V0127,1,7.083333333333333,8.083333333333332,0.9999999999999991,0.9999999999999991,animal_detection,S2/C3/S2_C3_E388_V0127.mp4,S2,C3,20.5,1,animal,red_deer,"foraging,vigilance",1,train
E388,S2_C2_E388_V0130,2,5.383333333333334,7.383333333333334,2.0,1.0,animal_detection,S2/C2/S2_C2_E388_V0130.mp4,S2,C2,20.5,1,animal,red_deer,"foraging,vigilance",1,train
E388,S2_C1_E388_V0113,2,5.65,7.65,2.0,1.0,animal_detection,S2/C1/S2_C1_E388_V0113.mp4,S2,C1,20.5,1,animal,red_deer,"foraging,vigilance",1,train
E388,S2_C3_E388_V0127,2,6.583333333333333,8.583333333333332,1.9999999999999991,0.9999999999999996,animal_detection,S2/C3/S2_C3_E388_V0127.mp4,S2,C3,20.5,1,animal,red_deer,"foraging,vigilance",1,train
E388,S2_C2_E388_V0130,3,4.883333333333334,7.883333333333334,3.0,1.0,animal_detection,S2/C2/S2_C2_E388_V0130.mp4,S2,C2,20.5,1,animal,red_deer,"foraging,vigilance",1,train
E388,S2_C1_E388_V0113,3,5.15,8.15,3.0,1.0,animal_detection,S2/C1/S2_C1_E388_V0113.mp4,S2,C1,20.5,1,animal,red_deer,"foraging,vigilance",1,train
E388,S2_C3_E388_V0127,3,6.083333333333333,9.083333333333332,2.999999999999999,0.9999999999999997,animal_detection,S2/C3/S2_C3_E388_V0127.mp4,S2,C3,20.5,1,animal,red_deer,"foraging,vigilance",1,train
E389,S2_C2_E389_V0131,1,0.6666666666666667,1.6666666666666667,1.0,1.0,animal_detection,S2/C2/S2_C2_E389_V0131.mp4,S2,C2,20.5,1,animal,wolf,foraging,1,train
E389,S2_C2_E389_V0131,2,0.16666666666666674,2.166666666666667,2.0,1.0,animal_detection,S2/C2/S2_C2_E389_V0131.mp4,S2,C2,20.5,1,animal,wolf,foraging,1,train
E389,S2_C2_E389_V0131,3,0.0,3.0,2.3333333333333335,0.7777777777777778,animal_detection,S2/C2/S2_C2_E389_V0131.mp4,S2,C2,20.5,1,animal,wolf,foraging,1,train
E39,S1_C2_E39_V0061,1,6.583333333333333,7.583333333333333,1.0,1.0,animal_detection,S1/C2/S1_C2_E39_V0061.mp4,S1,C2,20.5,1,animal,red_deer,"foraging,unknown",1,train
E39,S1_C2_E39_V0061,2,6.083333333333333,8.083333333333332,1.9999999999999991,0.9999999999999996,animal_detection,S1/C2/S1_C2_E39_V0061.mp4,S1,C2,20.5,1,animal,red_deer,"foraging,unknown",1,train
E39,S1_C2_E39_V0061,3,5.583333333333333,8.583333333333332,2.999999999999999,0.9999999999999997,animal_detection,S1/C2/S1_C2_E39_V0061.mp4,S1,C2,20.5,1,animal,red_deer,"foraging,unknown",1,train
E390,S2_C1_E390_V0114,1,1.6666666666666665,2.6666666666666665,1.0,1.0,animal_detection,S2/C1/S2_C1_E390_V0114.mp4,S2,C1,20.5,1,animal,red_deer,"foraging,unknown,vigilance",1,train
E390,S2_C2_E390_V0132,1,9.033333333333333,10.033333333333333,1.0,1.0,animal_detection,S2/C2/S2_C2_E390_V0132.mp4,S2,C2,20.5,1,animal,red_deer,"foraging,unknown,vigilance",1,train
E390,S2_C1_E390_V0114,2,1.1666666666666665,3.1666666666666665,2.0,1.0,animal_detection,S2/C1/S2_C1_E390_V0114.mp4,S2,C1,20.5,1,animal,red_deer,"foraging,unknown,vigilance",1,train
E390,S2_C2_E390_V0132,2,8.533333333333333,10.533333333333333,2.0,1.0,animal_detection,S2/C2/S2_C2_E390_V0132.mp4,S2,C2,20.5,1,animal,red_deer,"foraging,unknown,vigilance",1,train
E390,S2_C1_E390_V0114,3,0.6666666666666665,3.6666666666666665,3.0,1.0,animal_detection,S2/C1/S2_C1_E390_V0114.mp4,S2,C1,20.5,1,animal,red_deer,"foraging,unknown,vigilance",1,train
E390,S2_C2_E390_V0132,3,8.033333333333333,11.033333333333333,3.0,1.0,animal_detection,S2/C2/S2_C2_E390_V0132.mp4,S2,C2,20.5,1,animal,red_deer,"foraging,unknown,vigilance",1,train
E393,S2_C1_E393_V0116,1,0.9333333333333333,1.9333333333333333,1.0,1.0,animal_detection,S2/C1/S2_C1_E393_V0116.mp4,S2,C1,120.5,1,animal,red_deer,"foraging,unknown,vigilance",2,train
E393,S2_C3_E393_V0129,1,5.566666666666666,6.566666666666666,1.0,1.0,animal_detection,S2/C3/S2_C3_E393_V0129.mp4,S2,C3,120.5,1,animal,red_deer,"foraging,unknown,vigilance",2,train
E393,S2_C3_E393_V0129,1,80.71666666666667,81.71666666666667,1.0,1.0,animal_detection,S2/C3/S2_C3_E393_V0129.mp4,S2,C3,120.5,1,animal,red_deer,"foraging,unknown,vigilance",2,train
E393,S2_C1_E393_V0116,2,0.43333333333333335,2.4333333333333336,2.0,1.0,animal_detection,S2/C1/S2_C1_E393_V0116.mp4,S2,C1,120.5,1,animal,red_deer,"foraging,unknown,vigilance",2,train
E393,S2_C3_E393_V0129,2,5.066666666666666,7.066666666666666,2.0,1.0,animal_detection,S2/C3/S2_C3_E393_V0129.mp4,S2,C3,120.5,1,animal,red_deer,"foraging,unknown,vigilance",2,train
E393,S2_C2_E393_V0134,2,61.75,63.75,2.0,1.0,animal_detection,S2/C2/S2_C2_E393_V0134.mp4,S2,C2,120.5,1,animal,red_deer,"foraging,unknown,vigilance",2,train
E393,S2_C3_E393_V0129,3,4.566666666666666,7.566666666666666,3.0,1.0,animal_detection,S2/C3/S2_C3_E393_V0129.mp4,S2,C3,120.5,1,animal,red_deer,"foraging,unknown,vigilance",2,train
E393,S2_C2_E393_V0134,3,61.25,64.25,3.0,1.0,animal_detection,S2/C2/S2_C2_E393_V0134.mp4,S2,C2,120.5,1,animal,red_deer,"foraging,unknown,vigilance",2,train
E393,S2_C1_E393_V0116,3,75.21666666666667,78.21666666666667,3.0,1.0,animal_detection,S2/C1/S2_C1_E393_V0116.mp4,S2,C1,120.5,1,animal,red_deer,"foraging,unknown,vigilance",2,train
E394,S2_C3_E394_V0130,1,0.31666666666666665,1.3166666666666667,1.0,1.0,animal_detection,S2/C3/S2_C3_E394_V0130.mp4,S2,C3,20.5,1,animal,"red_deer,wolf","chasing,escaping",3+,train
E394,S2_C1_E394_V0117,1,2.666666666666667,3.666666666666667,1.0,1.0,animal_detection,S2/C1/S2_C1_E394_V0117.mp4,S2,C1,20.5,1,animal,"red_deer,wolf","chasing,escaping",3+,train
E394,S2_C3_E394_V0130,1,2.75,3.75,1.0,1.0,animal_detection,S2/C3/S2_C3_E394_V0130.mp4,S2,C3,20.5,1,animal,"red_deer,wolf","chasing,escaping",3+,train
E394,S2_C1_E394_V0117,2,0.0,2.0,1.3,0.65,animal_detection,S2/C1/S2_C1_E394_V0117.mp4,S2,C1,20.5,1,animal,"red_deer,wolf","chasing,escaping",3+,train
E394,S2_C2_E394_V0135,2,1.1,3.1,2.0,1.0,animal_detection,S2/C2/S2_C2_E394_V0135.mp4,S2,C2,20.5,1,animal,"red_deer,wolf","chasing,escaping",3+,train
E394,S2_C3_E394_V0130,2,2.25,4.25,1.166666666666667,0.5833333333333335,animal_detection,S2/C3/S2_C3_E394_V0130.mp4,S2,C3,20.5,1,animal,"red_deer,wolf","chasing,escaping",3+,train
E394,S2_C3_E394_V0130,3,0.0,3.0,1.6333333333333333,0.5444444444444444,animal_detection,S2/C3/S2_C3_E394_V0130.mp4,S2,C3,20.5,1,animal,"red_deer,wolf","chasing,escaping",3+,train
E394,S2_C3_E394_V0131,3,0.5833333333333335,3.5833333333333335,3.0,1.0,animal_detection,S2/C3/S2_C3_E394_V0131.mp4,S2,C3,20.5,1,animal,"red_deer,wolf","chasing,escaping",3+,train
E394,S2_C2_E394_V0135,3,0.6000000000000001,3.6,3.0,1.0,animal_detection,S2/C2/S2_C2_E394_V0135.mp4,S2,C2,20.5,1,animal,"red_deer,wolf","chasing,escaping",3+,train
E4,S1_C1_E4_V0018,1,9.75,10.75,1.0,1.0,animal_detection,S1/C1/S1_C1_E4_V0018.mp4,S1,C1,20.5,1,animal,red_deer,"foraging,unknown,vigilance",3+,train
E4,S1_C1_E4_V0016,1,9.75,10.75,1.0,1.0,animal_detection,S1/C1/S1_C1_E4_V0016.mp4,S1,C1,20.5,1,animal,red_deer,"foraging,unknown,vigilance",3+,train
E4,S1_C1_E4_V0019,1,9.75,10.75,1.0,1.0,animal_detection,S1/C1/S1_C1_E4_V0019.mp4,S1,C1,20.5,1,animal,red_deer,"foraging,unknown,vigilance",3+,train
E4,S1_C1_E4_V0016,2,9.25,11.25,2.0,1.0,animal_detection,S1/C1/S1_C1_E4_V0016.mp4,S1,C1,20.5,1,animal,red_deer,"foraging,unknown,vigilance",3+,train
E4,S1_C1_E4_V0019,2,9.25,11.25,2.0,1.0,animal_detection,S1/C1/S1_C1_E4_V0019.mp4,S1,C1,20.5,1,animal,red_deer,"foraging,unknown,vigilance",3+,train
E4,S1_C1_E4_V0018,2,9.25,11.25,2.0,1.0,animal_detection,S1/C1/S1_C1_E4_V0018.mp4,S1,C1,20.5,1,animal,red_deer,"foraging,unknown,vigilance",3+,train
E4,S1_C1_E4_V0020,3,5.75,8.75,3.0,1.0,animal_detection,S1/C1/S1_C1_E4_V0020.mp4,S1,C1,20.5,1,animal,red_deer,"foraging,unknown,vigilance",3+,train
E4,S1_C1_E4_V0019,3,8.75,11.75,3.0,1.0,animal_detection,S1/C1/S1_C1_E4_V0019.mp4,S1,C1,20.5,1,animal,red_deer,"foraging,unknown,vigilance",3+,train
E4,S1_C1_E4_V0017,3,8.75,11.75,3.0,1.0,animal_detection,S1/C1/S1_C1_E4_V0017.mp4,S1,C1,20.5,1,animal,red_deer,"foraging,unknown,vigilance",3+,train
E40,S1_C1_E40_V0094,1,9.75,10.75,1.0,1.0,animal_detection,S1/C1/S1_C1_E40_V0094.mp4,S1,C1,20.5,1,animal,red_deer,"foraging,unknown,vigilance",2,train
E40,S1_C2_E40_V0068,1,9.75,10.75,1.0,1.0,animal_detection,S1/C2/S1_C2_E40_V0068.mp4,S1,C2,20.5,1,animal,red_deer,"foraging,unknown,vigilance",2,train
E40,S1_C1_E40_V0099,1,9.75,10.75,1.0,1.0,animal_detection,S1/C1/S1_C1_E40_V0099.mp4,S1,C1,20.5,1,animal,red_deer,"foraging,unknown,vigilance",2,train
E40,S1_C1_E40_V0095,2,9.25,11.25,2.0,1.0,animal_detection,S1/C1/S1_C1_E40_V0095.mp4,S1,C1,20.5,1,animal,red_deer,"foraging,unknown,vigilance",2,train
E40,S1_C1_E40_V0104,2,9.25,11.25,2.0,1.0,animal_detection,S1/C1/S1_C1_E40_V0104.mp4,S1,C1,20.5,1,animal,red_deer,"foraging,unknown,vigilance",2,train
E40,S1_C1_E40_V0100,2,9.25,11.25,2.0,1.0,animal_detection,S1/C1/S1_C1_E40_V0100.mp4,S1,C1,20.5,1,animal,red_deer,"foraging,unknown,vigilance",2,train
E40,S1_C1_E40_V0105,3,8.75,11.75,3.0,1.0,animal_detection,S1/C1/S1_C1_E40_V0105.mp4,S1,C1,20.5,1,animal,red_deer,"foraging,unknown,vigilance",2,train
E40,S1_C1_E40_V0103,3,8.75,11.75,3.0,1.0,animal_detection,S1/C1/S1_C1_E40_V0103.mp4,S1,C1,20.5,1,animal,red_deer,"foraging,unknown,vigilance",2,train
E40,S1_C1_E40_V0098,3,8.75,11.75,3.0,1.0,animal_detection,S1/C1/S1_C1_E40_V0098.mp4,S1,C1,20.5,1,animal,red_deer,"foraging,unknown,vigilance",2,train
E407,S3_C3_E407_V0059,1,9.466666666666667,10.466666666666667,1.0,1.0,animal_detection,S3/C3/S3_C3_E407_V0059.mp4,S3,C3,20.5,1,animal,red_deer,"camera_reaction,foraging,vigilance",1,train
E407,S3_C3_E407_V0058,1,9.75,10.75,1.0,1.0,animal_detection,S3/C3/S3_C3_E407_V0058.mp4,S3,C3,20.5,1,animal,red_deer,"camera_reaction,foraging,vigilance",1,train
E407,S3_C2_E407_V0022,1,9.75,10.75,1.0,1.0,animal_detection,S3/C2/S3_C2_E407_V0022.mp4,S3,C2,20.5,1,animal,red_deer,"camera_reaction,foraging,vigilance",1,train
E407,S3_C3_E407_V0059,2,8.966666666666667,10.966666666666667,2.0,1.0,animal_detection,S3/C3/S3_C3_E407_V0059.mp4,S3,C3,20.5,1,animal,red_deer,"camera_reaction,foraging,vigilance",1,train
E407,S3_C2_E407_V0022,2,9.25,11.25,2.0,1.0,animal_detection,S3/C2/S3_C2_E407_V0022.mp4,S3,C2,20.5,1,animal,red_deer,"camera_reaction,foraging,vigilance",1,train
E407,S3_C3_E407_V0058,2,9.25,11.25,2.0,1.0,animal_detection,S3/C3/S3_C3_E407_V0058.mp4,S3,C3,20.5,1,animal,red_deer,"camera_reaction,foraging,vigilance",1,train
E407,S3_C3_E407_V0059,3,8.466666666666667,11.466666666666667,3.0,1.0,animal_detection,S3/C3/S3_C3_E407_V0059.mp4,S3,C3,20.5,1,animal,red_deer,"camera_reaction,foraging,vigilance",1,train
E407,S3_C2_E407_V0022,3,8.75,11.75,3.0,1.0,animal_detection,S3/C2/S3_C2_E407_V0022.mp4,S3,C2,20.5,1,animal,red_deer,"camera_reaction,foraging,vigilance",1,train
E407,S3_C3_E407_V0058,3,8.75,11.75,3.0,1.0,animal_detection,S3/C3/S3_C3_E407_V0058.mp4,S3,C3,20.5,1,animal,red_deer,"camera_reaction,foraging,vigilance",1,train
E413,S3_C2_E413_V0024,1,0.0,1.0,0.0,0.0,background,S3/C2/S3_C2_E413_V0024.mp4,S3,C2,120.5,0,background,none,none,0,train
E413,S3_C2_E413_V0024,1,59.75,60.75,0.0,0.0,background,S3/C2/S3_C2_E413_V0024.mp4,S3,C2,120.5,0,background,none,none,0,train
E413,S3_C2_E413_V0024,1,119.5,120.5,0.0,0.0,background,S3/C2/S3_C2_E413_V0024.mp4,S3,C2,120.5,0,background,none,none,0,train
E413,S3_C2_E413_V0024,2,0.0,2.0,0.0,0.0,background,S3/C2/S3_C2_E413_V0024.mp4,S3,C2,120.5,0,background,none,none,0,train
E413,S3_C2_E413_V0024,2,59.25,61.25,0.0,0.0,background,S3/C2/S3_C2_E413_V0024.mp4,S3,C2,120.5,0,background,none,none,0,train
E413,S3_C2_E413_V0024,2,118.5,120.5,0.0,0.0,background,S3/C2/S3_C2_E413_V0024.mp4,S3,C2,120.5,0,background,none,none,0,train
E413,S3_C2_E413_V0024,3,0.0,3.0,0.0,0.0,background,S3/C2/S3_C2_E413_V0024.mp4,S3,C2,120.5,0,background,none,none,0,train
E413,S3_C2_E413_V0024,3,58.75,61.75,0.0,0.0,background,S3/C2/S3_C2_E413_V0024.mp4,S3,C2,120.5,0,background,none,none,0,train
E413,S3_C2_E413_V0024,3,117.5,120.5,0.0,0.0,background,S3/C2/S3_C2_E413_V0024.mp4,S3,C2,120.5,0,background,none,none,0,train
E418,S3_C2_E418_V0030,1,9.75,10.75,1.0,1.0,animal_detection,S3/C2/S3_C2_E418_V0030.mp4,S3,C2,20.5,1,animal,red_deer,"foraging,vigilance",1,train
E418,S3_C3_E418_V0071,1,9.75,10.75,1.0,1.0,animal_detection,S3/C3/S3_C3_E418_V0071.mp4,S3,C3,20.5,1,animal,red_deer,"foraging,vigilance",1,train
E418,S3_C3_E418_V0070,1,9.75,10.75,1.0,1.0,animal_detection,S3/C3/S3_C3_E418_V0070.mp4,S3,C3,20.5,1,animal,red_deer,"foraging,vigilance",1,train
E418,S3_C1_E418_V0235,2,9.25,11.25,2.0,1.0,animal_detection,S3/C1/S3_C1_E418_V0235.mp4,S3,C1,20.5,1,animal,red_deer,"foraging,vigilance",1,train
E418,S3_C1_E418_V0234,2,9.25,11.25,2.0,1.0,animal_detection,S3/C1/S3_C1_E418_V0234.mp4,S3,C1,20.5,1,animal,red_deer,"foraging,vigilance",1,train
E418,S3_C3_E418_V0077,2,9.25,11.25,2.0,1.0,animal_detection,S3/C3/S3_C3_E418_V0077.mp4,S3,C3,20.5,1,animal,red_deer,"foraging,vigilance",1,train
E418,S3_C3_E418_V0075,3,8.75,11.75,3.0,1.0,animal_detection,S3/C3/S3_C3_E418_V0075.mp4,S3,C3,20.5,1,animal,red_deer,"foraging,vigilance",1,train
E418,S3_C3_E418_V0076,3,8.75,11.75,3.0,1.0,animal_detection,S3/C3/S3_C3_E418_V0076.mp4,S3,C3,20.5,1,animal,red_deer,"foraging,vigilance",1,train
E418,S3_C3_E418_V0067,3,8.766666666666667,11.766666666666667,3.0,1.0,animal_detection,S3/C3/S3_C3_E418_V0067.mp4,S3,C3,20.5,1,animal,red_deer,"foraging,vigilance",1,train
E419,S3_C3_E419_V0082,1,9.75,10.75,1.0,1.0,animal_detection,S3/C3/S3_C3_E419_V0082.mp4,S3,C3,20.5,1,animal,red_deer,"foraging,grooming,unknown,vigilance",1,train
E419,S3_C2_E419_V0034,1,9.75,10.75,1.0,1.0,animal_detection,S3/C2/S3_C2_E419_V0034.mp4,S3,C2,20.5,1,animal,red_deer,"foraging,grooming,unknown,vigilance",1,train
E419,S3_C3_E419_V0080,1,9.75,10.75,1.0,1.0,animal_detection,S3/C3/S3_C3_E419_V0080.mp4,S3,C3,20.5,1,animal,red_deer,"foraging,grooming,unknown,vigilance",1,train
E419,S3_C2_E419_V0037,2,9.25,11.25,2.0,1.0,animal_detection,S3/C2/S3_C2_E419_V0037.mp4,S3,C2,20.5,1,animal,red_deer,"foraging,grooming,unknown,vigilance",1,train
E419,S3_C3_E419_V0082,2,9.25,11.25,2.0,1.0,animal_detection,S3/C3/S3_C3_E419_V0082.mp4,S3,C3,20.5,1,animal,red_deer,"foraging,grooming,unknown,vigilance",1,train
E419,S3_C2_E419_V0035,2,9.25,11.25,2.0,1.0,animal_detection,S3/C2/S3_C2_E419_V0035.mp4,S3,C2,20.5,1,animal,red_deer,"foraging,grooming,unknown,vigilance",1,train
E419,S3_C2_E419_V0039,3,3.666666666666667,6.666666666666667,3.0,1.0,animal_detection,S3/C2/S3_C2_E419_V0039.mp4,S3,C2,20.5,1,animal,red_deer,"foraging,grooming,unknown,vigilance",1,train
E419,S3_C1_E419_V0236,3,8.75,11.75,3.0,1.0,animal_detection,S3/C1/S3_C1_E419_V0236.mp4,S3,C1,20.5,1,animal,red_deer,"foraging,grooming,unknown,vigilance",1,train
E419,S3_C2_E419_V0036,3,8.75,11.75,3.0,1.0,animal_detection,S3/C2/S3_C2_E419_V0036.mp4,S3,C2,20.5,1,animal,red_deer,"foraging,grooming,unknown,vigilance",1,train
E42,S1_C2_E42_V0072,1,7.183333333333334,8.183333333333334,1.0,1.0,animal_detection,S1/C2/S1_C2_E42_V0072.mp4,S1,C2,120.5,1,animal,red_deer,"foraging,vigilance",1,train
E42,S1_C1_E42_V0108,1,45.0,46.0,1.0,1.0,animal_detection,S1/C1/S1_C1_E42_V0108.mp4,S1,C1,120.5,1,animal,red_deer,"foraging,vigilance",1,train
E42,S1_C2_E42_V0072,2,6.683333333333334,8.683333333333334,2.0,1.0,animal_detection,S1/C2/S1_C2_E42_V0072.mp4,S1,C2,120.5,1,animal,red_deer,"foraging,vigilance",1,train
E42,S1_C1_E42_V0108,2,44.5,46.5,2.0,1.0,animal_detection,S1/C1/S1_C1_E42_V0108.mp4,S1,C1,120.5,1,animal,red_deer,"foraging,vigilance",1,train
E42,S1_C2_E42_V0072,3,6.183333333333334,9.183333333333334,3.0,1.0,animal_detection,S1/C2/S1_C2_E42_V0072.mp4,S1,C2,120.5,1,animal,red_deer,"foraging,vigilance",1,train
E42,S1_C1_E42_V0108,3,44.0,47.0,3.0,1.0,animal_detection,S1/C1/S1_C1_E42_V0108.mp4,S1,C1,120.5,1,animal,red_deer,"foraging,vigilance",1,train
E429,S3_C1_E429_V0344,1,29.75,30.75,0.0,0.0,background,S3/C1/S3_C1_E429_V0344.mp4,S3,C1,60.5,0,background,none,none,0,train
E429,S3_C1_E429_V0342,1,29.75,30.75,0.0,0.0,background,S3/C1/S3_C1_E429_V0342.mp4,S3,C1,60.5,0,background,none,none,0,train
E429,S3_C1_E429_V0341,1,59.5,60.5,0.0,0.0,background,S3/C1/S3_C1_E429_V0341.mp4,S3,C1,60.5,0,background,none,none,0,train
E429,S3_C1_E429_V0337,2,0.0,2.0,0.0,0.0,background,S3/C1/S3_C1_E429_V0337.mp4,S3,C1,60.5,0,background,none,none,0,train
E429,S3_C1_E429_V0342,2,0.0,2.0,0.0,0.0,background,S3/C1/S3_C1_E429_V0342.mp4,S3,C1,60.5,0,background,none,none,0,train
E429,S3_C1_E429_V0337,2,29.25,31.25,0.0,0.0,background,S3/C1/S3_C1_E429_V0337.mp4,S3,C1,60.5,0,background,none,none,0,train
E429,S3_C1_E429_V0340,3,28.75,31.75,0.0,0.0,background,S3/C1/S3_C1_E429_V0340.mp4,S3,C1,60.5,0,background,none,none,0,train
E429,S3_C1_E429_V0338,3,28.75,31.75,0.0,0.0,background,S3/C1/S3_C1_E429_V0338.mp4,S3,C1,60.5,0,background,none,none,0,train
E429,S3_C1_E429_V0339,3,57.5,60.5,0.0,0.0,background,S3/C1/S3_C1_E429_V0339.mp4,S3,C1,60.5,0,background,none,none,0,train
E437,S3_C1_E437_V0356,1,1.3666666666666667,2.3666666666666667,1.0,1.0,animal_detection,S3/C1/S3_C1_E437_V0356.mp4,S3,C1,20.5,1,animal,red_deer,"foraging,vigilance",2,train
E437,S3_C3_E437_V0099,1,3.5,4.5,1.0,1.0,animal_detection,S3/C3/S3_C3_E437_V0099.mp4,S3,C3,20.5,1,animal,red_deer,"foraging,vigilance",2,train
E437,S3_C2_E437_V0049,1,9.75,10.75,1.0,1.0,animal_detection,S3/C2/S3_C2_E437_V0049.mp4,S3,C2,20.5,1,animal,red_deer,"foraging,vigilance",2,train
E437,S3_C1_E437_V0355,2,1.0166666666666666,3.0166666666666666,2.0,1.0,animal_detection,S3/C1/S3_C1_E437_V0355.mp4,S3,C1,20.5,1,animal,red_deer,"foraging,vigilance",2,train
E437,S3_C2_E437_V0047,2,9.25,11.25,2.0,1.0,animal_detection,S3/C2/S3_C2_E437_V0047.mp4,S3,C2,20.5,1,animal,red_deer,"foraging,vigilance",2,train
E437,S3_C2_E437_V0049,2,9.25,11.25,2.0,1.0,animal_detection,S3/C2/S3_C2_E437_V0049.mp4,S3,C2,20.5,1,animal,red_deer,"foraging,vigilance",2,train
E437,S3_C1_E437_V0355,3,0.5166666666666666,3.5166666666666666,3.0,1.0,animal_detection,S3/C1/S3_C1_E437_V0355.mp4,S3,C1,20.5,1,animal,red_deer,"foraging,vigilance",2,train
E437,S3_C2_E437_V0048,3,2.2,5.2,3.0,1.0,animal_detection,S3/C2/S3_C2_E437_V0048.mp4,S3,C2,20.5,1,animal,red_deer,"foraging,vigilance",2,train
E437,S3_C3_E437_V0099,3,2.5,5.5,3.0,1.0,animal_detection,S3/C3/S3_C3_E437_V0099.mp4,S3,C3,20.5,1,animal,red_deer,"foraging,vigilance",2,train
E453,S3_C2_E453_V0058,1,0.25,1.25,1.0,1.0,animal_detection,S3/C2/S3_C2_E453_V0058.mp4,S3,C2,20.5,1,animal,red_deer,"escaping,foraging,unknown,vigilance",2,train
E453,S3_C3_E453_V0159,1,1.8666666666666667,2.8666666666666667,1.0,1.0,animal_detection,S3/C3/S3_C3_E453_V0159.mp4,S3,C3,20.5,1,animal,red_deer,"escaping,foraging,unknown,vigilance",2,train
E453,S3_C3_E453_V0161,1,9.75,10.75,1.0,1.0,animal_detection,S3/C3/S3_C3_E453_V0161.mp4,S3,C3,20.5,1,animal,red_deer,"escaping,foraging,unknown,vigilance",2,train
E453,S3_C2_E453_V0058,2,0.0,2.0,1.5,0.75,animal_detection,S3/C2/S3_C2_E453_V0058.mp4,S3,C2,20.5,1,animal,red_deer,"escaping,foraging,unknown,vigilance",2,train
E453,S3_C2_E453_V0057,2,4.166666666666667,6.166666666666667,2.0,1.0,animal_detection,S3/C2/S3_C2_E453_V0057.mp4,S3,C2,20.5,1,animal,red_deer,"escaping,foraging,unknown,vigilance",2,train
E453,S3_C3_E453_V0161,2,9.25,11.25,2.0,1.0,animal_detection,S3/C3/S3_C3_E453_V0161.mp4,S3,C3,20.5,1,animal,red_deer,"escaping,foraging,unknown,vigilance",2,train
E453,S3_C2_E453_V0057,3,3.666666666666667,6.666666666666667,3.0,1.0,animal_detection,S3/C2/S3_C2_E453_V0057.mp4,S3,C2,20.5,1,animal,red_deer,"escaping,foraging,unknown,vigilance",2,train
E453,S3_C3_E453_V0160,3,8.75,11.75,3.0,1.0,animal_detection,S3/C3/S3_C3_E453_V0160.mp4,S3,C3,20.5,1,animal,red_deer,"escaping,foraging,unknown,vigilance",2,train
E453,S3_C3_E453_V0159,3,12.716666666666667,15.716666666666667,1.1000000000000014,0.36666666666666714,animal_detection,S3/C3/S3_C3_E453_V0159.mp4,S3,C3,20.5,1,animal,red_deer,"escaping,foraging,unknown,vigilance",2,train
E454,S3_C3_E454_V0167,1,5.283333333333333,6.283333333333333,1.0,1.0,animal_detection,S3/C3/S3_C3_E454_V0167.mp4,S3,C3,20.5,1,animal,red_deer,"foraging,vigilance",1,train
E454,S3_C2_E454_V0060,1,9.75,10.75,1.0,1.0,animal_detection,S3/C2/S3_C2_E454_V0060.mp4,S3,C2,20.5,1,animal,red_deer,"foraging,vigilance",1,train
E454,S3_C3_E454_V0164,1,9.75,10.75,1.0,1.0,animal_detection,S3/C3/S3_C3_E454_V0164.mp4,S3,C3,20.5,1,animal,red_deer,"foraging,vigilance",1,train
E454,S3_C3_E454_V0167,2,4.783333333333333,6.783333333333333,2.0,1.0,animal_detection,S3/C3/S3_C3_E454_V0167.mp4,S3,C3,20.5,1,animal,red_deer,"foraging,vigilance",1,train
E454,S3_C2_E454_V0059,2,9.25,11.25,2.0,1.0,animal_detection,S3/C2/S3_C2_E454_V0059.mp4,S3,C2,20.5,1,animal,red_deer,"foraging,vigilance",1,train
E454,S3_C3_E454_V0166,2,9.25,11.25,2.0,1.0,animal_detection,S3/C3/S3_C3_E454_V0166.mp4,S3,C3,20.5,1,animal,red_deer,"foraging,vigilance",1,train
E454,S3_C3_E454_V0167,3,4.283333333333333,7.283333333333333,3.0,1.0,animal_detection,S3/C3/S3_C3_E454_V0167.mp4,S3,C3,20.5,1,animal,red_deer,"foraging,vigilance",1,train
E454,S3_C2_E454_V0060,3,8.75,11.75,3.0,1.0,animal_detection,S3/C2/S3_C2_E454_V0060.mp4,S3,C2,20.5,1,animal,red_deer,"foraging,vigilance",1,train
E454,S3_C3_E454_V0166,3,8.75,11.75,3.0,1.0,animal_detection,S3/C3/S3_C3_E454_V0166.mp4,S3,C3,20.5,1,animal,red_deer,"foraging,vigilance",1,train
E455,S3_C2_E455_V0062,1,0.5833333333333333,1.5833333333333333,1.0,1.0,animal_detection,S3/C2/S3_C2_E455_V0062.mp4,S3,C2,20.5,1,animal,red_deer,"camera_reaction,foraging,unknown,vigilance",2,train
E455,S3_C2_E455_V0061,1,1.8333333333333335,2.8333333333333335,1.0,1.0,animal_detection,S3/C2/S3_C2_E455_V0061.mp4,S3,C2,20.5,1,animal,red_deer,"camera_reaction,foraging,unknown,vigilance",2,train
E455,S3_C3_E455_V0170,1,7.066666666666666,8.066666666666666,1.0,1.0,animal_detection,S3/C3/S3_C3_E455_V0170.mp4,S3,C3,20.5,1,animal,red_deer,"camera_reaction,foraging,unknown,vigilance",2,train
E455,S3_C2_E455_V0062,2,0.08333333333333326,2.083333333333333,1.9999999999999998,0.9999999999999999,animal_detection,S3/C2/S3_C2_E455_V0062.mp4,S3,C2,20.5,1,animal,red_deer,"camera_reaction,foraging,unknown,vigilance",2,train
E455,S3_C2_E455_V0061,2,1.3333333333333335,3.3333333333333335,2.0,1.0,animal_detection,S3/C2/S3_C2_E455_V0061.mp4,S3,C2,20.5,1,animal,red_deer,"camera_reaction,foraging,unknown,vigilance",2,train
E455,S3_C3_E455_V0169,2,9.25,11.25,2.0,1.0,animal_detection,S3/C3/S3_C3_E455_V0169.mp4,S3,C3,20.5,1,animal,red_deer,"camera_reaction,foraging,unknown,vigilance",2,train
E455,S3_C2_E455_V0062,3,0.0,3.0,2.1666666666666665,0.7222222222222222,animal_detection,S3/C2/S3_C2_E455_V0062.mp4,S3,C2,20.5,1,animal,red_deer,"camera_reaction,foraging,unknown,vigilance",2,train
E455,S3_C3_E455_V0168,3,8.75,11.75,3.0,1.0,animal_detection,S3/C3/S3_C3_E455_V0168.mp4,S3,C3,20.5,1,animal,red_deer,"camera_reaction,foraging,unknown,vigilance",2,train
E455,S3_C3_E455_V0169,3,8.75,11.75,3.0,1.0,animal_detection,S3/C3/S3_C3_E455_V0169.mp4,S3,C3,20.5,1,animal,red_deer,"camera_reaction,foraging,unknown,vigilance",2,train
E462,S3_C3_E462_V0181,1,3.8,4.8,1.0,1.0,animal_detection,S3/C3/S3_C3_E462_V0181.mp4,S3,C3,20.5,1,animal,red_deer,"foraging,unknown,vigilance",2,train
E462,S3_C2_E462_V0068,1,7.166666666666667,8.166666666666668,1.0000000000000009,1.0000000000000009,animal_detection,S3/C2/S3_C2_E462_V0068.mp4,S3,C2,20.5,1,animal,red_deer,"foraging,unknown,vigilance",2,train
E462,S3_C2_E462_V0067,1,9.75,10.75,1.0,1.0,animal_detection,S3/C2/S3_C2_E462_V0067.mp4,S3,C2,20.5,1,animal,red_deer,"foraging,unknown,vigilance",2,train
E462,S3_C3_E462_V0181,2,3.3,5.3,2.0,1.0,animal_detection,S3/C3/S3_C3_E462_V0181.mp4,S3,C3,20.5,1,animal,red_deer,"foraging,unknown,vigilance",2,train
E462,S3_C3_E462_V0179,2,9.25,11.25,2.0,1.0,animal_detection,S3/C3/S3_C3_E462_V0179.mp4,S3,C3,20.5,1,animal,red_deer,"foraging,unknown,vigilance",2,train
E462,S3_C3_E462_V0180,2,9.25,11.25,2.0,1.0,animal_detection,S3/C3/S3_C3_E462_V0180.mp4,S3,C3,20.5,1,animal,red_deer,"foraging,unknown,vigilance",2,train
E462,S3_C1_E462_V0546,3,1.3833333333333333,4.383333333333333,2.9999999999999996,0.9999999999999999,animal_detection,S3/C1/S3_C1_E462_V0546.mp4,S3,C1,6.0,1,animal,red_deer,"foraging,unknown,vigilance",2,train
E462,S3_C3_E462_V0181,3,2.8,5.8,3.0,1.0,animal_detection,S3/C3/S3_C3_E462_V0181.mp4,S3,C3,20.5,1,animal,red_deer,"foraging,unknown,vigilance",2,train
E462,S3_C3_E462_V0179,3,8.75,11.75,3.0,1.0,animal_detection,S3/C3/S3_C3_E462_V0179.mp4,S3,C3,20.5,1,animal,red_deer,"foraging,unknown,vigilance",2,train
E465,S3_C2_E465_V0069,1,9.75,10.75,1.0,1.0,animal_detection,S3/C2/S3_C2_E465_V0069.mp4,S3,C2,20.5,1,animal,red_deer,"foraging,vigilance",2,train
E465,S3_C2_E465_V0069,2,9.25,11.25,2.0,1.0,animal_detection,S3/C2/S3_C2_E465_V0069.mp4,S3,C2,20.5,1,animal,red_deer,"foraging,vigilance",2,train
E465,S3_C2_E465_V0069,3,8.75,11.75,3.0,1.0,animal_detection,S3/C2/S3_C2_E465_V0069.mp4,S3,C2,20.5,1,animal,red_deer,"foraging,vigilance",2,train
E466,S3_C2_E466_V0070,1,29.766666666666666,30.766666666666666,1.0,1.0,animal_detection,S3/C2/S3_C2_E466_V0070.mp4,S3,C2,60.5,1,animal,red_deer,foraging,1,train
E466,S3_C2_E466_V0070,2,29.266666666666666,31.266666666666666,2.0,1.0,animal_detection,S3/C2/S3_C2_E466_V0070.mp4,S3,C2,60.5,1,animal,red_deer,foraging,1,train
E466,S3_C2_E466_V0070,3,28.766666666666666,31.766666666666666,3.0,1.0,animal_detection,S3/C2/S3_C2_E466_V0070.mp4,S3,C2,60.5,1,animal,red_deer,foraging,1,train
E476,S3_C3_E476_V0228,1,4.75,5.75,1.0,1.0,animal_detection,S3/C3/S3_C3_E476_V0228.mp4,S3,C3,10.5,1,animal,red_deer,"courtship,foraging,grooming,marking,resting,unknown,vigilance",1,train
E476,S3_C3_E476_V0214,1,7.5,8.5,1.0,1.0,animal_detection,S3/C3/S3_C3_E476_V0214.mp4,S3,C3,20.5,1,animal,red_deer,"courtship,foraging,grooming,marking,resting,unknown,vigilance",1,train
E476,S3_C2_E476_V0075,1,9.75,10.75,1.0,1.0,animal_detection,S3/C2/S3_C2_E476_V0075.mp4,S3,C2,20.5,1,animal,red_deer,"courtship,foraging,grooming,marking,resting,unknown,vigilance",1,train
E476,S3_C2_E476_V0071,2,9.25,11.25,2.0,1.0,animal_detection,S3/C2/S3_C2_E476_V0071.mp4,S3,C2,20.5,1,animal,red_deer,"courtship,foraging,grooming,marking,resting,unknown,vigilance",1,train
E476,S3_C2_E476_V0073,2,9.25,11.25,2.0,1.0,animal_detection,S3/C2/S3_C2_E476_V0073.mp4,S3,C2,20.5,1,animal,red_deer,"courtship,foraging,grooming,marking,resting,unknown,vigilance",1,train
E476,S3_C3_E476_V0215,2,9.25,11.25,2.0,1.0,animal_detection,S3/C3/S3_C3_E476_V0215.mp4,S3,C3,20.5,1,animal,red_deer,"courtship,foraging,grooming,marking,resting,unknown,vigilance",1,train
E476,S3_C3_E476_V0217,3,8.75,11.75,3.0,1.0,animal_detection,S3/C3/S3_C3_E476_V0217.mp4,S3,C3,20.5,1,animal,red_deer,"courtship,foraging,grooming,marking,resting,unknown,vigilance",1,train
E476,S3_C2_E476_V0074,3,8.75,11.75,3.0,1.0,animal_detection,S3/C2/S3_C2_E476_V0074.mp4,S3,C2,20.5,1,animal,red_deer,"courtship,foraging,grooming,marking,resting,unknown,vigilance",1,train
E476,S3_C3_E476_V0215,3,8.75,11.75,3.0,1.0,animal_detection,S3/C3/S3_C3_E476_V0215.mp4,S3,C3,20.5,1,animal,red_deer,"courtship,foraging,grooming,marking,resting,unknown,vigilance",1,train
E477,S3_C3_E477_V0235,1,0.0,1.0,0.0,0.0,background,S3/C3/S3_C3_E477_V0235.mp4,S3,C3,60.5,0,background,none,none,0,train
E477,S3_C3_E477_V0235,1,29.75,30.75,0.0,0.0,background,S3/C3/S3_C3_E477_V0235.mp4,S3,C3,60.5,0,background,none,none,0,train
E477,S3_C3_E477_V0235,1,59.5,60.5,0.0,0.0,background,S3/C3/S3_C3_E477_V0235.mp4,S3,C3,60.5,0,background,none,none,0,train
E477,S3_C3_E477_V0235,2,0.0,2.0,0.0,0.0,background,S3/C3/S3_C3_E477_V0235.mp4,S3,C3,60.5,0,background,none,none,0,train
E477,S3_C3_E477_V0235,2,29.25,31.25,0.0,0.0,background,S3/C3/S3_C3_E477_V0235.mp4,S3,C3,60.5,0,background,none,none,0,train
E477,S3_C3_E477_V0235,2,58.5,60.5,0.0,0.0,background,S3/C3/S3_C3_E477_V0235.mp4,S3,C3,60.5,0,background,none,none,0,train
E477,S3_C3_E477_V0235,3,0.0,3.0,0.0,0.0,background,S3/C3/S3_C3_E477_V0235.mp4,S3,C3,60.5,0,background,none,none,0,train
E477,S3_C3_E477_V0235,3,28.75,31.75,0.0,0.0,background,S3/C3/S3_C3_E477_V0235.mp4,S3,C3,60.5,0,background,none,none,0,train
E477,S3_C3_E477_V0235,3,57.5,60.5,0.0,0.0,background,S3/C3/S3_C3_E477_V0235.mp4,S3,C3,60.5,0,background,none,none,0,train
E478,S3_C3_E478_V0236,1,0.0,1.0,0.0,0.0,background,S3/C3/S3_C3_E478_V0236.mp4,S3,C3,60.5,0,background,none,none,0,train
E478,S3_C3_E478_V0237,1,59.5,60.5,0.0,0.0,background,S3/C3/S3_C3_E478_V0237.mp4,S3,C3,60.5,0,background,none,none,0,train
E478,S3_C3_E478_V0236,1,59.5,60.5,0.0,0.0,background,S3/C3/S3_C3_E478_V0236.mp4,S3,C3,60.5,0,background,none,none,0,train
E478,S3_C3_E478_V0236,2,0.0,2.0,0.0,0.0,background,S3/C3/S3_C3_E478_V0236.mp4,S3,C3,60.5,0,background,none,none,0,train
E478,S3_C3_E478_V0236,2,29.25,31.25,0.0,0.0,background,S3/C3/S3_C3_E478_V0236.mp4,S3,C3,60.5,0,background,none,none,0,train
E478,S3_C3_E478_V0236,2,58.5,60.5,0.0,0.0,background,S3/C3/S3_C3_E478_V0236.mp4,S3,C3,60.5,0,background,none,none,0,train
E478,S3_C3_E478_V0236,3,0.0,3.0,0.0,0.0,background,S3/C3/S3_C3_E478_V0236.mp4,S3,C3,60.5,0,background,none,none,0,train
E478,S3_C3_E478_V0236,3,28.75,31.75,0.0,0.0,background,S3/C3/S3_C3_E478_V0236.mp4,S3,C3,60.5,0,background,none,none,0,train
E478,S3_C3_E478_V0237,3,57.5,60.5,0.0,0.0,background,S3/C3/S3_C3_E478_V0237.mp4,S3,C3,60.5,0,background,none,none,0,train
E484,S3_C3_E484_V0251,1,0.0,1.0,0.0,0.0,background,S3/C3/S3_C3_E484_V0251.mp4,S3,C3,60.5,0,background,none,none,0,train
E484,S3_C3_E484_V0251,1,29.75,30.75,0.0,0.0,background,S3/C3/S3_C3_E484_V0251.mp4,S3,C3,60.5,0,background,none,none,0,train
E484,S3_C3_E484_V0251,1,59.5,60.5,0.0,0.0,background,S3/C3/S3_C3_E484_V0251.mp4,S3,C3,60.5,0,background,none,none,0,train
E484,S3_C3_E484_V0251,2,0.0,2.0,0.0,0.0,background,S3/C3/S3_C3_E484_V0251.mp4,S3,C3,60.5,0,background,none,none,0,train
E484,S3_C3_E484_V0251,2,29.25,31.25,0.0,0.0,background,S3/C3/S3_C3_E484_V0251.mp4,S3,C3,60.5,0,background,none,none,0,train
E484,S3_C3_E484_V0251,2,58.5,60.5,0.0,0.0,background,S3/C3/S3_C3_E484_V0251.mp4,S3,C3,60.5,0,background,none,none,0,train
E484,S3_C3_E484_V0251,3,0.0,3.0,0.0,0.0,background,S3/C3/S3_C3_E484_V0251.mp4,S3,C3,60.5,0,background,none,none,0,train
E484,S3_C3_E484_V0251,3,28.75,31.75,0.0,0.0,background,S3/C3/S3_C3_E484_V0251.mp4,S3,C3,60.5,0,background,none,none,0,train
E484,S3_C3_E484_V0251,3,57.5,60.5,0.0,0.0,background,S3/C3/S3_C3_E484_V0251.mp4,S3,C3,60.5,0,background,none,none,0,train
E486,S3_C3_E486_V0255,1,0.0,1.0,0.0,0.0,background,S3/C3/S3_C3_E486_V0255.mp4,S3,C3,60.5,0,background,none,none,0,train
E486,S3_C3_E486_V0255,1,29.75,30.75,0.0,0.0,background,S3/C3/S3_C3_E486_V0255.mp4,S3,C3,60.5,0,background,none,none,0,train
E486,S3_C3_E486_V0254,1,29.75,30.75,0.0,0.0,background,S3/C3/S3_C3_E486_V0254.mp4,S3,C3,60.5,0,background,none,none,0,train
E486,S3_C3_E486_V0253,2,29.25,31.25,0.0,0.0,background,S3/C3/S3_C3_E486_V0253.mp4,S3,C3,60.5,0,background,none,none,0,train
E486,S3_C3_E486_V0254,2,58.5,60.5,0.0,0.0,background,S3/C3/S3_C3_E486_V0254.mp4,S3,C3,60.5,0,background,none,none,0,train
E486,S3_C3_E486_V0255,2,58.5,60.5,0.0,0.0,background,S3/C3/S3_C3_E486_V0255.mp4,S3,C3,60.5,0,background,none,none,0,train
E486,S3_C3_E486_V0256,3,0.0,3.0,0.0,0.0,background,S3/C3/S3_C3_E486_V0256.mp4,S3,C3,60.5,0,background,none,none,0,train
E486,S3_C3_E486_V0254,3,0.0,3.0,0.0,0.0,background,S3/C3/S3_C3_E486_V0254.mp4,S3,C3,60.5,0,background,none,none,0,train
E486,S3_C3_E486_V0256,3,57.5,60.5,0.0,0.0,background,S3/C3/S3_C3_E486_V0256.mp4,S3,C3,60.5,0,background,none,none,0,train
E49,S1_C2_E49_V0075,1,2.716666666666667,3.716666666666667,1.0,1.0,animal_detection,S1/C2/S1_C2_E49_V0075.mp4,S1,C2,120.5,1,animal,roe_deer,"camera_reaction,foraging,unknown,vigilance",3+,train
E49,S1_C1_E49_V0112,1,37.0,38.0,1.0,1.0,animal_detection,S1/C1/S1_C1_E49_V0112.mp4,S1,C1,120.5,1,animal,roe_deer,"camera_reaction,foraging,unknown,vigilance",3+,train
E49,S1_C2_E49_V0075,1,40.3,41.3,1.0,1.0,animal_detection,S1/C2/S1_C2_E49_V0075.mp4,S1,C2,120.5,1,animal,roe_deer,"camera_reaction,foraging,unknown,vigilance",3+,train
E49,S1_C2_E49_V0075,2,2.216666666666667,4.216666666666667,2.0,1.0,animal_detection,S1/C2/S1_C2_E49_V0075.mp4,S1,C2,120.5,1,animal,roe_deer,"camera_reaction,foraging,unknown,vigilance",3+,train
E49,S1_C1_E49_V0112,2,36.5,38.5,2.0,1.0,animal_detection,S1/C1/S1_C1_E49_V0112.mp4,S1,C1,120.5,1,animal,roe_deer,"camera_reaction,foraging,unknown,vigilance",3+,train
E49,S1_C2_E49_V0075,2,39.8,41.8,2.0,1.0,animal_detection,S1/C2/S1_C2_E49_V0075.mp4,S1,C2,120.5,1,animal,roe_deer,"camera_reaction,foraging,unknown,vigilance",3+,train
E49,S1_C2_E49_V0075,3,1.7166666666666668,4.716666666666667,3.0,1.0,animal_detection,S1/C2/S1_C2_E49_V0075.mp4,S1,C2,120.5,1,animal,roe_deer,"camera_reaction,foraging,unknown,vigilance",3+,train
E49,S1_C1_E49_V0112,3,36.0,39.0,3.0,1.0,animal_detection,S1/C1/S1_C1_E49_V0112.mp4,S1,C1,120.5,1,animal,roe_deer,"camera_reaction,foraging,unknown,vigilance",3+,train
E49,S1_C2_E49_V0075,3,39.3,42.3,3.0,1.0,animal_detection,S1/C2/S1_C2_E49_V0075.mp4,S1,C2,120.5,1,animal,roe_deer,"camera_reaction,foraging,unknown,vigilance",3+,train
E491,S3_C2_E491_V0077,1,29.75,30.75,0.0,0.0,background,S3/C2/S3_C2_E491_V0077.mp4,S3,C2,60.5,0,background,none,none,0,train
E491,S3_C3_E491_V0261,1,59.5,60.5,0.0,0.0,background,S3/C3/S3_C3_E491_V0261.mp4,S3,C3,60.5,0,background,none,none,0,train
E491,S3_C2_E491_V0077,1,59.5,60.5,0.0,0.0,background,S3/C2/S3_C2_E491_V0077.mp4,S3,C2,60.5,0,background,none,none,0,train
E491,S3_C2_E491_V0077,2,0.0,2.0,0.0,0.0,background,S3/C2/S3_C2_E491_V0077.mp4,S3,C2,60.5,0,background,none,none,0,train
E491,S3_C3_E491_V0261,2,29.25,31.25,0.0,0.0,background,S3/C3/S3_C3_E491_V0261.mp4,S3,C3,60.5,0,background,none,none,0,train
E491,S3_C2_E491_V0077,2,29.25,31.25,0.0,0.0,background,S3/C2/S3_C2_E491_V0077.mp4,S3,C2,60.5,0,background,none,none,0,train
E491,S3_C3_E491_V0261,3,0.0,3.0,0.0,0.0,background,S3/C3/S3_C3_E491_V0261.mp4,S3,C3,60.5,0,background,none,none,0,train
E491,S3_C3_E491_V0261,3,28.75,31.75,0.0,0.0,background,S3/C3/S3_C3_E491_V0261.mp4,S3,C3,60.5,0,background,none,none,0,train
E491,S3_C2_E491_V0077,3,28.75,31.75,0.0,0.0,background,S3/C2/S3_C2_E491_V0077.mp4,S3,C2,60.5,0,background,none,none,0,train
E493,S3_C2_E493_V0078,1,0.0,1.0,0.0,0.0,background,S3/C2/S3_C2_E493_V0078.mp4,S3,C2,60.5,0,background,none,none,0,train
E493,S3_C2_E493_V0078,1,29.75,30.75,0.0,0.0,background,S3/C2/S3_C2_E493_V0078.mp4,S3,C2,60.5,0,background,none,none,0,train
E493,S3_C2_E493_V0078,1,59.5,60.5,0.0,0.0,background,S3/C2/S3_C2_E493_V0078.mp4,S3,C2,60.5,0,background,none,none,0,train
E493,S3_C2_E493_V0078,2,0.0,2.0,0.0,0.0,background,S3/C2/S3_C2_E493_V0078.mp4,S3,C2,60.5,0,background,none,none,0,train
E493,S3_C2_E493_V0078,2,29.25,31.25,0.0,0.0,background,S3/C2/S3_C2_E493_V0078.mp4,S3,C2,60.5,0,background,none,none,0,train
E493,S3_C2_E493_V0078,2,58.5,60.5,0.0,0.0,background,S3/C2/S3_C2_E493_V0078.mp4,S3,C2,60.5,0,background,none,none,0,train
E493,S3_C2_E493_V0078,3,0.0,3.0,0.0,0.0,background,S3/C2/S3_C2_E493_V0078.mp4,S3,C2,60.5,0,background,none,none,0,train
E493,S3_C2_E493_V0078,3,28.75,31.75,0.0,0.0,background,S3/C2/S3_C2_E493_V0078.mp4,S3,C2,60.5,0,background,none,none,0,train
E493,S3_C2_E493_V0078,3,57.5,60.5,0.0,0.0,background,S3/C2/S3_C2_E493_V0078.mp4,S3,C2,60.5,0,background,none,none,0,train
E495,S3_C3_E495_V0267,1,29.75,30.75,0.0,0.0,background,S3/C3/S3_C3_E495_V0267.mp4,S3,C3,60.5,0,background,none,none,0,train
E495,S3_C3_E495_V0266,1,29.75,30.75,0.0,0.0,background,S3/C3/S3_C3_E495_V0266.mp4,S3,C3,60.5,0,background,none,none,0,train
E495,S3_C3_E495_V0265,1,59.5,60.5,0.0,0.0,background,S3/C3/S3_C3_E495_V0265.mp4,S3,C3,60.5,0,background,none,none,0,train
E495,S3_C2_E495_V0080,2,29.25,31.25,0.0,0.0,background,S3/C2/S3_C2_E495_V0080.mp4,S3,C2,60.5,0,background,none,none,0,train
E495,S3_C3_E495_V0268,2,29.25,31.25,0.0,0.0,background,S3/C3/S3_C3_E495_V0268.mp4,S3,C3,60.5,0,background,none,none,0,train
E495,S3_C3_E495_V0265,2,58.5,60.5,0.0,0.0,background,S3/C3/S3_C3_E495_V0265.mp4,S3,C3,60.5,0,background,none,none,0,train
E495,S3_C3_E495_V0265,3,0.0,3.0,0.0,0.0,background,S3/C3/S3_C3_E495_V0265.mp4,S3,C3,60.5,0,background,none,none,0,train
E495,S3_C3_E495_V0265,3,57.5,60.5,0.0,0.0,background,S3/C3/S3_C3_E495_V0265.mp4,S3,C3,60.5,0,background,none,none,0,train
E495,S3_C3_E495_V0267,3,57.5,60.5,0.0,0.0,background,S3/C3/S3_C3_E495_V0267.mp4,S3,C3,60.5,0,background,none,none,0,train
E496,S3_C3_E496_V0271,1,0.0,1.0,0.0,0.0,background,S3/C3/S3_C3_E496_V0271.mp4,S3,C3,60.5,0,background,none,none,0,train
E496,S3_C3_E496_V0270,1,59.5,60.5,0.0,0.0,background,S3/C3/S3_C3_E496_V0270.mp4,S3,C3,60.5,0,background,none,none,0,train
E496,S3_C3_E496_V0271,1,59.5,60.5,0.0,0.0,background,S3/C3/S3_C3_E496_V0271.mp4,S3,C3,60.5,0,background,none,none,0,train
E496,S3_C3_E496_V0271,2,0.0,2.0,0.0,0.0,background,S3/C3/S3_C3_E496_V0271.mp4,S3,C3,60.5,0,background,none,none,0,train
E496,S3_C3_E496_V0270,2,0.0,2.0,0.0,0.0,background,S3/C3/S3_C3_E496_V0270.mp4,S3,C3,60.5,0,background,none,none,0,train
E496,S3_C3_E496_V0270,2,29.25,31.25,0.0,0.0,background,S3/C3/S3_C3_E496_V0270.mp4,S3,C3,60.5,0,background,none,none,0,train
E496,S3_C3_E496_V0271,3,0.0,3.0,0.0,0.0,background,S3/C3/S3_C3_E496_V0271.mp4,S3,C3,60.5,0,background,none,none,0,train
E496,S3_C3_E496_V0271,3,28.75,31.75,0.0,0.0,background,S3/C3/S3_C3_E496_V0271.mp4,S3,C3,60.5,0,background,none,none,0,train
E496,S3_C3_E496_V0270,3,28.75,31.75,0.0,0.0,background,S3/C3/S3_C3_E496_V0270.mp4,S3,C3,60.5,0,background,none,none,0,train
E50,S1_C2_E50_V0077,1,5.483333333333333,6.483333333333333,1.0,1.0,animal_detection,S1/C2/S1_C2_E50_V0077.mp4,S1,C2,20.5,1,animal,red_deer,"camera_reaction,foraging,unknown,vigilance",3+,train
E50,S1_C1_E50_V0115,1,5.8,6.8,1.0,1.0,animal_detection,S1/C1/S1_C1_E50_V0115.mp4,S1,C1,20.5,1,animal,red_deer,"camera_reaction,foraging,unknown,vigilance",3+,train
E50,S1_C1_E50_V0114,1,9.75,10.75,1.0,1.0,animal_detection,S1/C1/S1_C1_E50_V0114.mp4,S1,C1,20.5,1,animal,red_deer,"camera_reaction,foraging,unknown,vigilance",3+,train
E50,S1_C1_E50_V0113,2,0.0,2.0,1.1,0.55,animal_detection,S1/C1/S1_C1_E50_V0113.mp4,S1,C1,20.5,1,animal,red_deer,"camera_reaction,foraging,unknown,vigilance",3+,train
E50,S1_C2_E50_V0077,2,4.983333333333333,6.983333333333333,2.0,1.0,animal_detection,S1/C2/S1_C2_E50_V0077.mp4,S1,C2,20.5,1,animal,red_deer,"camera_reaction,foraging,unknown,vigilance",3+,train
E50,S1_C1_E50_V0114,2,9.25,11.25,2.0,1.0,animal_detection,S1/C1/S1_C1_E50_V0114.mp4,S1,C1,20.5,1,animal,red_deer,"camera_reaction,foraging,unknown,vigilance",3+,train
E50,S1_C1_E50_V0113,3,0.0,3.0,1.1,0.3666666666666667,animal_detection,S1/C1/S1_C1_E50_V0113.mp4,S1,C1,20.5,1,animal,red_deer,"camera_reaction,foraging,unknown,vigilance",3+,train
E50,S1_C2_E50_V0077,3,4.483333333333333,7.483333333333333,3.0,1.0,animal_detection,S1/C2/S1_C2_E50_V0077.mp4,S1,C2,20.5,1,animal,red_deer,"camera_reaction,foraging,unknown,vigilance",3+,train
E50,S1_C1_E50_V0115,3,4.8,7.8,3.0,1.0,animal_detection,S1/C1/S1_C1_E50_V0115.mp4,S1,C1,20.5,1,animal,red_deer,"camera_reaction,foraging,unknown,vigilance",3+,train
E500,S3_C2_E500_V0081,1,0.0,1.0,0.0,0.0,background,S3/C2/S3_C2_E500_V0081.mp4,S3,C2,60.5,0,background,none,none,0,train
E500,S3_C2_E500_V0081,1,29.75,30.75,0.0,0.0,background,S3/C2/S3_C2_E500_V0081.mp4,S3,C2,60.5,0,background,none,none,0,train
E500,S3_C2_E500_V0081,1,59.5,60.5,0.0,0.0,background,S3/C2/S3_C2_E500_V0081.mp4,S3,C2,60.5,0,background,none,none,0,train
E500,S3_C2_E500_V0081,2,0.0,2.0,0.0,0.0,background,S3/C2/S3_C2_E500_V0081.mp4,S3,C2,60.5,0,background,none,none,0,train
E500,S3_C2_E500_V0081,2,29.25,31.25,0.0,0.0,background,S3/C2/S3_C2_E500_V0081.mp4,S3,C2,60.5,0,background,none,none,0,train
E500,S3_C2_E500_V0081,2,58.5,60.5,0.0,0.0,background,S3/C2/S3_C2_E500_V0081.mp4,S3,C2,60.5,0,background,none,none,0,train
E500,S3_C2_E500_V0081,3,0.0,3.0,0.0,0.0,background,S3/C2/S3_C2_E500_V0081.mp4,S3,C2,60.5,0,background,none,none,0,train
E500,S3_C2_E500_V0081,3,28.75,31.75,0.0,0.0,background,S3/C2/S3_C2_E500_V0081.mp4,S3,C2,60.5,0,background,none,none,0,train
E500,S3_C2_E500_V0081,3,57.5,60.5,0.0,0.0,background,S3/C2/S3_C2_E500_V0081.mp4,S3,C2,60.5,0,background,none,none,0,train
E51,S1_C1_E51_V0116,1,6.833333333333334,7.833333333333334,1.0,1.0,animal_detection,S1/C1/S1_C1_E51_V0116.mp4,S1,C1,20.5,1,animal,hare,foraging,1,train
E51,S1_C1_E51_V0116,2,6.333333333333334,8.333333333333334,2.0,1.0,animal_detection,S1/C1/S1_C1_E51_V0116.mp4,S1,C1,20.5,1,animal,hare,foraging,1,train
E51,S1_C1_E51_V0116,3,5.833333333333334,8.833333333333334,3.0,1.0,animal_detection,S1/C1/S1_C1_E51_V0116.mp4,S1,C1,20.5,1,animal,hare,foraging,1,train
E53,S1_C2_E53_V0079,1,6.75,7.75,1.0,1.0,animal_detection,S1/C2/S1_C2_E53_V0079.mp4,S1,C2,120.5,1,animal,red_deer,"foraging,unknown,vigilance",1,train
E53,S1_C2_E53_V0079,2,6.25,8.25,2.0,1.0,animal_detection,S1/C2/S1_C2_E53_V0079.mp4,S1,C2,120.5,1,animal,red_deer,"foraging,unknown,vigilance",1,train
E53,S1_C2_E53_V0079,3,5.75,8.75,3.0,1.0,animal_detection,S1/C2/S1_C2_E53_V0079.mp4,S1,C2,120.5,1,animal,red_deer,"foraging,unknown,vigilance",1,train
E55,S1_C2_E55_V0080,1,4.35,5.35,1.0,1.0,animal_detection,S1/C2/S1_C2_E55_V0080.mp4,S1,C2,20.5,1,animal,red_deer,"foraging,vigilance",1,train
E55,S1_C2_E55_V0080,2,3.8499999999999996,5.85,2.0,1.0,animal_detection,S1/C2/S1_C2_E55_V0080.mp4,S1,C2,20.5,1,animal,red_deer,"foraging,vigilance",1,train
E55,S1_C2_E55_V0080,3,3.3499999999999996,6.35,3.0,1.0,animal_detection,S1/C2/S1_C2_E55_V0080.mp4,S1,C2,20.5,1,animal,red_deer,"foraging,vigilance",1,train
E561,S3_C3_E561_V0461,1,0.25,1.25,1.0,1.0,animal_detection,S3/C3/S3_C3_E561_V0461.mp4,S3,C3,1.5,1,animal,red_deer,"foraging,unknown",3+,train
E561,S3_C3_E561_V0459,1,0.75,1.75,1.0,1.0,animal_detection,S3/C3/S3_C3_E561_V0459.mp4,S3,C3,2.5,1,animal,red_deer,"foraging,unknown",3+,train
E561,S3_C2_E561_V0101,1,9.416666666666666,10.416666666666666,1.0,1.0,animal_detection,S3/C2/S3_C2_E561_V0101.mp4,S3,C2,20.5,1,animal,red_deer,"foraging,unknown",3+,train
E561,S3_C3_E561_V0459,2,0.25,2.25,2.0,1.0,animal_detection,S3/C3/S3_C3_E561_V0459.mp4,S3,C3,2.5,1,animal,red_deer,"foraging,unknown",3+,train
E561,S3_C2_E561_V0101,2,8.916666666666666,10.916666666666666,2.0,1.0,animal_detection,S3/C2/S3_C2_E561_V0101.mp4,S3,C2,20.5,1,animal,red_deer,"foraging,unknown",3+,train
E561,S3_C2_E561_V0102,2,9.25,11.25,2.0,1.0,animal_detection,S3/C2/S3_C2_E561_V0102.mp4,S3,C2,20.5,1,animal,red_deer,"foraging,unknown",3+,train
E561,S3_C2_E561_V0101,3,8.416666666666666,11.416666666666666,3.0,1.0,animal_detection,S3/C2/S3_C2_E561_V0101.mp4,S3,C2,20.5,1,animal,red_deer,"foraging,unknown",3+,train
E561,S3_C2_E561_V0102,3,8.75,11.75,3.0,1.0,animal_detection,S3/C2/S3_C2_E561_V0102.mp4,S3,C2,20.5,1,animal,red_deer,"foraging,unknown",3+,train
E566,S3_C3_E566_V0471,1,0.0,1.0,0.0,0.0,background,S3/C3/S3_C3_E566_V0471.mp4,S3,C3,60.5,0,background,none,none,0,train
E566,S3_C3_E566_V0472,1,0.0,1.0,0.0,0.0,background,S3/C3/S3_C3_E566_V0472.mp4,S3,C3,60.5,0,background,none,none,0,train
E566,S3_C3_E566_V0472,1,59.5,60.5,0.0,0.0,background,S3/C3/S3_C3_E566_V0472.mp4,S3,C3,60.5,0,background,none,none,0,train
E566,S3_C3_E566_V0472,2,0.0,2.0,0.0,0.0,background,S3/C3/S3_C3_E566_V0472.mp4,S3,C3,60.5,0,background,none,none,0,train
E566,S3_C3_E566_V0471,2,0.0,2.0,0.0,0.0,background,S3/C3/S3_C3_E566_V0471.mp4,S3,C3,60.5,0,background,none,none,0,train
E566,S3_C3_E566_V0472,2,58.5,60.5,0.0,0.0,background,S3/C3/S3_C3_E566_V0472.mp4,S3,C3,60.5,0,background,none,none,0,train
E566,S3_C3_E566_V0471,3,0.0,3.0,0.0,0.0,background,S3/C3/S3_C3_E566_V0471.mp4,S3,C3,60.5,0,background,none,none,0,train
E566,S3_C3_E566_V0471,3,28.75,31.75,0.0,0.0,background,S3/C3/S3_C3_E566_V0471.mp4,S3,C3,60.5,0,background,none,none,0,train
E566,S3_C3_E566_V0472,3,28.75,31.75,0.0,0.0,background,S3/C3/S3_C3_E566_V0472.mp4,S3,C3,60.5,0,background,none,none,0,train
E567,S3_C3_E567_V0473,1,0.0,1.0,0.0,0.0,background,S3/C3/S3_C3_E567_V0473.mp4,S3,C3,60.5,0,background,none,none,0,train
E567,S3_C3_E567_V0473,1,29.75,30.75,0.0,0.0,background,S3/C3/S3_C3_E567_V0473.mp4,S3,C3,60.5,0,background,none,none,0,train
E567,S3_C3_E567_V0473,1,59.5,60.5,0.0,0.0,background,S3/C3/S3_C3_E567_V0473.mp4,S3,C3,60.5,0,background,none,none,0,train
E567,S3_C3_E567_V0473,2,0.0,2.0,0.0,0.0,background,S3/C3/S3_C3_E567_V0473.mp4,S3,C3,60.5,0,background,none,none,0,train
E567,S3_C3_E567_V0473,2,29.25,31.25,0.0,0.0,background,S3/C3/S3_C3_E567_V0473.mp4,S3,C3,60.5,0,background,none,none,0,train
E567,S3_C3_E567_V0473,2,58.5,60.5,0.0,0.0,background,S3/C3/S3_C3_E567_V0473.mp4,S3,C3,60.5,0,background,none,none,0,train
E567,S3_C3_E567_V0473,3,0.0,3.0,0.0,0.0,background,S3/C3/S3_C3_E567_V0473.mp4,S3,C3,60.5,0,background,none,none,0,train
E567,S3_C3_E567_V0473,3,28.75,31.75,0.0,0.0,background,S3/C3/S3_C3_E567_V0473.mp4,S3,C3,60.5,0,background,none,none,0,train
E567,S3_C3_E567_V0473,3,57.5,60.5,0.0,0.0,background,S3/C3/S3_C3_E567_V0473.mp4,S3,C3,60.5,0,background,none,none,0,train
E568,S3_C3_E568_V0474,1,0.0,1.0,0.0,0.0,background,S3/C3/S3_C3_E568_V0474.mp4,S3,C3,60.5,0,background,none,none,0,train
E568,S3_C3_E568_V0474,1,29.75,30.75,0.0,0.0,background,S3/C3/S3_C3_E568_V0474.mp4,S3,C3,60.5,0,background,none,none,0,train
E568,S3_C3_E568_V0474,1,59.5,60.5,0.0,0.0,background,S3/C3/S3_C3_E568_V0474.mp4,S3,C3,60.5,0,background,none,none,0,train
E568,S3_C3_E568_V0474,2,0.0,2.0,0.0,0.0,background,S3/C3/S3_C3_E568_V0474.mp4,S3,C3,60.5,0,background,none,none,0,train
E568,S3_C3_E568_V0474,2,29.25,31.25,0.0,0.0,background,S3/C3/S3_C3_E568_V0474.mp4,S3,C3,60.5,0,background,none,none,0,train
E568,S3_C3_E568_V0474,2,58.5,60.5,0.0,0.0,background,S3/C3/S3_C3_E568_V0474.mp4,S3,C3,60.5,0,background,none,none,0,train
E568,S3_C3_E568_V0474,3,0.0,3.0,0.0,0.0,background,S3/C3/S3_C3_E568_V0474.mp4,S3,C3,60.5,0,background,none,none,0,train
E568,S3_C3_E568_V0474,3,28.75,31.75,0.0,0.0,background,S3/C3/S3_C3_E568_V0474.mp4,S3,C3,60.5,0,background,none,none,0,train
E568,S3_C3_E568_V0474,3,57.5,60.5,0.0,0.0,background,S3/C3/S3_C3_E568_V0474.mp4,S3,C3,60.5,0,background,none,none,0,train
E569,S3_C2_E569_V0103,1,29.75,30.75,0.0,0.0,background,S3/C2/S3_C2_E569_V0103.mp4,S3,C2,60.5,0,background,none,none,0,train
E569,S3_C3_E569_V0475,1,29.75,30.75,0.0,0.0,background,S3/C3/S3_C3_E569_V0475.mp4,S3,C3,60.5,0,background,none,none,0,train
E569,S3_C3_E569_V0475,1,59.5,60.5,0.0,0.0,background,S3/C3/S3_C3_E569_V0475.mp4,S3,C3,60.5,0,background,none,none,0,train
E569,S3_C3_E569_V0475,2,29.25,31.25,0.0,0.0,background,S3/C3/S3_C3_E569_V0475.mp4,S3,C3,60.5,0,background,none,none,0,train
E569,S3_C3_E569_V0475,2,58.5,60.5,0.0,0.0,background,S3/C3/S3_C3_E569_V0475.mp4,S3,C3,60.5,0,background,none,none,0,train
E569,S3_C2_E569_V0103,2,58.5,60.5,0.0,0.0,background,S3/C2/S3_C2_E569_V0103.mp4,S3,C2,60.5,0,background,none,none,0,train
E569,S3_C3_E569_V0475,3,0.0,3.0,0.0,0.0,background,S3/C3/S3_C3_E569_V0475.mp4,S3,C3,60.5,0,background,none,none,0,train
E569,S3_C2_E569_V0103,3,57.5,60.5,0.0,0.0,background,S3/C2/S3_C2_E569_V0103.mp4,S3,C2,60.5,0,background,none,none,0,train
E569,S3_C3_E569_V0475,3,57.5,60.5,0.0,0.0,background,S3/C3/S3_C3_E569_V0475.mp4,S3,C3,60.5,0,background,none,none,0,train
E57,S1_C1_E57_V0141,1,0.2833333333333333,1.2833333333333332,0.9999999999999999,0.9999999999999999,animal_detection,S1/C1/S1_C1_E57_V0141.mp4,S1,C1,120.5,1,animal,roe_deer,unknown,1,train
E57,S1_C1_E57_V0141,2,0.0,2.0,1.5666666666666667,0.7833333333333333,animal_detection,S1/C1/S1_C1_E57_V0141.mp4,S1,C1,120.5,1,animal,roe_deer,unknown,1,train
E57,S1_C1_E57_V0141,3,0.0,3.0,1.5666666666666667,0.5222222222222223,animal_detection,S1/C1/S1_C1_E57_V0141.mp4,S1,C1,120.5,1,animal,roe_deer,unknown,1,train
E571,S3_C3_E571_V0498,1,0.0,1.0,0.0,0.0,background,S3/C3/S3_C3_E571_V0498.mp4,S3,C3,60.5,0,background,none,none,0,train
E571,S3_C3_E571_V0493,1,0.0,1.0,0.0,0.0,background,S3/C3/S3_C3_E571_V0493.mp4,S3,C3,60.5,0,background,none,none,0,train
E571,S3_C3_E571_V0495,1,59.5,60.5,0.0,0.0,background,S3/C3/S3_C3_E571_V0495.mp4,S3,C3,60.5,0,background,none,none,0,train
E571,S3_C3_E571_V0494,2,0.0,2.0,0.0,0.0,background,S3/C3/S3_C3_E571_V0494.mp4,S3,C3,60.5,0,background,none,none,0,train
E571,S3_C3_E571_V0498,2,58.5,60.5,0.0,0.0,background,S3/C3/S3_C3_E571_V0498.mp4,S3,C3,60.5,0,background,none,none,0,train
E571,S3_C3_E571_V0495,2,58.5,60.5,0.0,0.0,background,S3/C3/S3_C3_E571_V0495.mp4,S3,C3,60.5,0,background,none,none,0,train
E571,S3_C3_E571_V0492,3,0.0,3.0,0.0,0.0,background,S3/C3/S3_C3_E571_V0492.mp4,S3,C3,60.5,0,background,none,none,0,train
E571,S3_C3_E571_V0497,3,0.0,3.0,0.0,0.0,background,S3/C3/S3_C3_E571_V0497.mp4,S3,C3,60.5,0,background,none,none,0,train
E571,S3_C3_E571_V0493,3,57.5,60.5,0.0,0.0,background,S3/C3/S3_C3_E571_V0493.mp4,S3,C3,60.5,0,background,none,none,0,train
E576,S3_C3_E576_V0505,1,0.0,1.0,0.0,0.0,background,S3/C3/S3_C3_E576_V0505.mp4,S3,C3,60.5,0,background,none,none,0,train
E576,S3_C3_E576_V0505,1,29.75,30.75,0.0,0.0,background,S3/C3/S3_C3_E576_V0505.mp4,S3,C3,60.5,0,background,none,none,0,train
E576,S3_C3_E576_V0505,1,59.5,60.5,0.0,0.0,background,S3/C3/S3_C3_E576_V0505.mp4,S3,C3,60.5,0,background,none,none,0,train
E576,S3_C3_E576_V0505,2,0.0,2.0,0.0,0.0,background,S3/C3/S3_C3_E576_V0505.mp4,S3,C3,60.5,0,background,none,none,0,train
E576,S3_C3_E576_V0505,2,29.25,31.25,0.0,0.0,background,S3/C3/S3_C3_E576_V0505.mp4,S3,C3,60.5,0,background,none,none,0,train
E576,S3_C3_E576_V0505,2,58.5,60.5,0.0,0.0,background,S3/C3/S3_C3_E576_V0505.mp4,S3,C3,60.5,0,background,none,none,0,train
E576,S3_C3_E576_V0505,3,0.0,3.0,0.0,0.0,background,S3/C3/S3_C3_E576_V0505.mp4,S3,C3,60.5,0,background,none,none,0,train
E576,S3_C3_E576_V0505,3,28.75,31.75,0.0,0.0,background,S3/C3/S3_C3_E576_V0505.mp4,S3,C3,60.5,0,background,none,none,0,train
E576,S3_C3_E576_V0505,3,57.5,60.5,0.0,0.0,background,S3/C3/S3_C3_E576_V0505.mp4,S3,C3,60.5,0,background,none,none,0,train
E581,S3_C3_E581_V0515,1,0.31666666666666665,1.3166666666666667,1.0,1.0,animal_detection,S3/C3/S3_C3_E581_V0515.mp4,S3,C3,2.0,1,animal,red_deer,"foraging,unknown,vigilance",2,train
E581,S3_C2_E581_V0109,1,9.75,10.75,1.0,1.0,animal_detection,S3/C2/S3_C2_E581_V0109.mp4,S3,C2,20.5,1,animal,red_deer,"foraging,unknown,vigilance",2,train
E581,S3_C2_E581_V0107,1,9.75,10.75,1.0,1.0,animal_detection,S3/C2/S3_C2_E581_V0107.mp4,S3,C2,20.5,1,animal,red_deer,"foraging,unknown,vigilance",2,train
E581,S3_C3_E581_V0515,2,0.0,2.0,1.6333333333333333,0.8166666666666667,animal_detection,S3/C3/S3_C3_E581_V0515.mp4,S3,C3,2.0,1,animal,red_deer,"foraging,unknown,vigilance",2,train
E581,S3_C3_E581_V0523,2,0.1333333333333333,2.1333333333333333,2.0,1.0,animal_detection,S3/C3/S3_C3_E581_V0523.mp4,S3,C3,2.5,1,animal,red_deer,"foraging,unknown,vigilance",2,train
E581,S3_C2_E581_V0109,2,9.25,11.25,2.0,1.0,animal_detection,S3/C2/S3_C2_E581_V0109.mp4,S3,C2,20.5,1,animal,red_deer,"foraging,unknown,vigilance",2,train
E581,S3_C2_E581_V0110,3,8.75,11.75,3.0,1.0,animal_detection,S3/C2/S3_C2_E581_V0110.mp4,S3,C2,20.5,1,animal,red_deer,"foraging,unknown,vigilance",2,train
E581,S3_C2_E581_V0107,3,8.75,11.75,3.0,1.0,animal_detection,S3/C2/S3_C2_E581_V0107.mp4,S3,C2,20.5,1,animal,red_deer,"foraging,unknown,vigilance",2,train
E581,S3_C2_E581_V0106,3,8.75,11.75,3.0,1.0,animal_detection,S3/C2/S3_C2_E581_V0106.mp4,S3,C2,20.5,1,animal,red_deer,"foraging,unknown,vigilance",2,train
E582,S3_C3_E582_V0524,1,1.3333333333333333,2.333333333333333,0.9999999999999998,0.9999999999999998,animal_detection,S3/C3/S3_C3_E582_V0524.mp4,S3,C3,4.0,1,animal,red_deer,"foraging,vigilance",3+,train
E582,S3_C2_E582_V0113,1,6.916666666666667,7.916666666666667,1.0,1.0,animal_detection,S3/C2/S3_C2_E582_V0113.mp4,S3,C2,20.5,1,animal,red_deer,"foraging,vigilance",3+,train
E582,S3_C2_E582_V0111,1,9.75,10.75,1.0,1.0,animal_detection,S3/C2/S3_C2_E582_V0111.mp4,S3,C2,20.5,1,animal,red_deer,"foraging,vigilance",3+,train
E582,S3_C3_E582_V0524,2,0.8333333333333333,2.833333333333333,1.9999999999999998,0.9999999999999999,animal_detection,S3/C3/S3_C3_E582_V0524.mp4,S3,C3,4.0,1,animal,red_deer,"foraging,vigilance",3+,train
E582,S3_C2_E582_V0112,2,9.25,11.25,2.0,1.0,animal_detection,S3/C2/S3_C2_E582_V0112.mp4,S3,C2,20.5,1,animal,red_deer,"foraging,vigilance",3+,train
E582,S3_C2_E582_V0111,2,9.25,11.25,2.0,1.0,animal_detection,S3/C2/S3_C2_E582_V0111.mp4,S3,C2,20.5,1,animal,red_deer,"foraging,vigilance",3+,train
E582,S3_C2_E582_V0113,3,5.916666666666667,8.916666666666668,3.000000000000001,1.0000000000000002,animal_detection,S3/C2/S3_C2_E582_V0113.mp4,S3,C2,20.5,1,animal,red_deer,"foraging,vigilance",3+,train
E582,S3_C2_E582_V0112,3,8.75,11.75,3.0,1.0,animal_detection,S3/C2/S3_C2_E582_V0112.mp4,S3,C2,20.5,1,animal,red_deer,"foraging,vigilance",3+,train
E582,S3_C2_E582_V0111,3,8.75,11.75,3.0,1.0,animal_detection,S3/C2/S3_C2_E582_V0111.mp4,S3,C2,20.5,1,animal,red_deer,"foraging,vigilance",3+,train
E585,S3_C3_E585_V0534,1,0.0,1.0,0.0,0.0,background,S3/C3/S3_C3_E585_V0534.mp4,S3,C3,60.5,0,background,none,none,0,train
E585,S3_C3_E585_V0533,1,29.75,30.75,0.0,0.0,background,S3/C3/S3_C3_E585_V0533.mp4,S3,C3,60.5,0,background,none,none,0,train
E585,S3_C3_E585_V0533,1,59.5,60.5,0.0,0.0,background,S3/C3/S3_C3_E585_V0533.mp4,S3,C3,60.5,0,background,none,none,0,train
E585,S3_C3_E585_V0534,2,0.0,2.0,0.0,0.0,background,S3/C3/S3_C3_E585_V0534.mp4,S3,C3,60.5,0,background,none,none,0,train
E585,S3_C3_E585_V0533,2,0.0,2.0,0.0,0.0,background,S3/C3/S3_C3_E585_V0533.mp4,S3,C3,60.5,0,background,none,none,0,train
E585,S3_C3_E585_V0533,2,29.25,31.25,0.0,0.0,background,S3/C3/S3_C3_E585_V0533.mp4,S3,C3,60.5,0,background,none,none,0,train
E585,S3_C3_E585_V0534,3,0.0,3.0,0.0,0.0,background,S3/C3/S3_C3_E585_V0534.mp4,S3,C3,60.5,0,background,none,none,0,train
E585,S3_C3_E585_V0533,3,28.75,31.75,0.0,0.0,background,S3/C3/S3_C3_E585_V0533.mp4,S3,C3,60.5,0,background,none,none,0,train
E585,S3_C3_E585_V0534,3,28.75,31.75,0.0,0.0,background,S3/C3/S3_C3_E585_V0534.mp4,S3,C3,60.5,0,background,none,none,0,train
E586,S3_C3_E586_V0535,1,0.0,1.0,0.0,0.0,background,S3/C3/S3_C3_E586_V0535.mp4,S3,C3,60.5,0,background,none,none,0,train
E586,S3_C3_E586_V0536,1,29.75,30.75,0.0,0.0,background,S3/C3/S3_C3_E586_V0536.mp4,S3,C3,60.5,0,background,none,none,0,train
E586,S3_C3_E586_V0535,1,29.75,30.75,0.0,0.0,background,S3/C3/S3_C3_E586_V0535.mp4,S3,C3,60.5,0,background,none,none,0,train
E586,S3_C3_E586_V0535,2,0.0,2.0,0.0,0.0,background,S3/C3/S3_C3_E586_V0535.mp4,S3,C3,60.5,0,background,none,none,0,train
E586,S3_C3_E586_V0535,2,58.5,60.5,0.0,0.0,background,S3/C3/S3_C3_E586_V0535.mp4,S3,C3,60.5,0,background,none,none,0,train
E586,S3_C3_E586_V0536,2,58.5,60.5,0.0,0.0,background,S3/C3/S3_C3_E586_V0536.mp4,S3,C3,60.5,0,background,none,none,0,train
E586,S3_C3_E586_V0536,3,0.0,3.0,0.0,0.0,background,S3/C3/S3_C3_E586_V0536.mp4,S3,C3,60.5,0,background,none,none,0,train
E586,S3_C3_E586_V0535,3,0.0,3.0,0.0,0.0,background,S3/C3/S3_C3_E586_V0535.mp4,S3,C3,60.5,0,background,none,none,0,train
E586,S3_C3_E586_V0535,3,28.75,31.75,0.0,0.0,background,S3/C3/S3_C3_E586_V0535.mp4,S3,C3,60.5,0,background,none,none,0,train
E587,S3_C3_E587_V0537,1,0.0,1.0,0.0,0.0,background,S3/C3/S3_C3_E587_V0537.mp4,S3,C3,60.5,0,background,none,none,0,train
E587,S3_C3_E587_V0537,1,29.75,30.75,0.0,0.0,background,S3/C3/S3_C3_E587_V0537.mp4,S3,C3,60.5,0,background,none,none,0,train
E587,S3_C3_E587_V0537,1,59.5,60.5,0.0,0.0,background,S3/C3/S3_C3_E587_V0537.mp4,S3,C3,60.5,0,background,none,none,0,train
E587,S3_C3_E587_V0537,2,0.0,2.0,0.0,0.0,background,S3/C3/S3_C3_E587_V0537.mp4,S3,C3,60.5,0,background,none,none,0,train
E587,S3_C3_E587_V0537,2,29.25,31.25,0.0,0.0,background,S3/C3/S3_C3_E587_V0537.mp4,S3,C3,60.5,0,background,none,none,0,train
E587,S3_C3_E587_V0537,2,58.5,60.5,0.0,0.0,background,S3/C3/S3_C3_E587_V0537.mp4,S3,C3,60.5,0,background,none,none,0,train
E587,S3_C3_E587_V0537,3,0.0,3.0,0.0,0.0,background,S3/C3/S3_C3_E587_V0537.mp4,S3,C3,60.5,0,background,none,none,0,train
E587,S3_C3_E587_V0537,3,28.75,31.75,0.0,0.0,background,S3/C3/S3_C3_E587_V0537.mp4,S3,C3,60.5,0,background,none,none,0,train
E587,S3_C3_E587_V0537,3,57.5,60.5,0.0,0.0,background,S3/C3/S3_C3_E587_V0537.mp4,S3,C3,60.5,0,background,none,none,0,train
E589,S3_C3_E589_V0542,1,0.0,1.0,0.0,0.0,background,S3/C3/S3_C3_E589_V0542.mp4,S3,C3,60.5,0,background,none,none,0,train
E589,S3_C3_E589_V0543,1,59.5,60.5,0.0,0.0,background,S3/C3/S3_C3_E589_V0543.mp4,S3,C3,60.5,0,background,none,none,0,train
E589,S3_C3_E589_V0541,1,59.5,60.5,0.0,0.0,background,S3/C3/S3_C3_E589_V0541.mp4,S3,C3,60.5,0,background,none,none,0,train
E589,S3_C3_E589_V0542,2,0.0,2.0,0.0,0.0,background,S3/C3/S3_C3_E589_V0542.mp4,S3,C3,60.5,0,background,none,none,0,train
E589,S3_C3_E589_V0544,2,29.25,31.25,0.0,0.0,background,S3/C3/S3_C3_E589_V0544.mp4,S3,C3,60.5,0,background,none,none,0,train
E589,S3_C3_E589_V0540,2,29.25,31.25,0.0,0.0,background,S3/C3/S3_C3_E589_V0540.mp4,S3,C3,60.5,0,background,none,none,0,train
E589,S3_C3_E589_V0544,3,28.75,31.75,0.0,0.0,background,S3/C3/S3_C3_E589_V0544.mp4,S3,C3,60.5,0,background,none,none,0,train
E589,S3_C3_E589_V0543,3,28.75,31.75,0.0,0.0,background,S3/C3/S3_C3_E589_V0543.mp4,S3,C3,60.5,0,background,none,none,0,train
E589,S3_C3_E589_V0543,3,57.5,60.5,0.0,0.0,background,S3/C3/S3_C3_E589_V0543.mp4,S3,C3,60.5,0,background,none,none,0,train
E593,S3_C2_E593_V0114,1,0.0,1.0,0.0,0.0,background,S3/C2/S3_C2_E593_V0114.mp4,S3,C2,60.5,0,background,none,none,0,train
E593,S3_C2_E593_V0114,1,29.75,30.75,0.0,0.0,background,S3/C2/S3_C2_E593_V0114.mp4,S3,C2,60.5,0,background,none,none,0,train
E593,S3_C2_E593_V0114,1,59.5,60.5,0.0,0.0,background,S3/C2/S3_C2_E593_V0114.mp4,S3,C2,60.5,0,background,none,none,0,train
E593,S3_C2_E593_V0114,2,0.0,2.0,0.0,0.0,background,S3/C2/S3_C2_E593_V0114.mp4,S3,C2,60.5,0,background,none,none,0,train
E593,S3_C2_E593_V0114,2,29.25,31.25,0.0,0.0,background,S3/C2/S3_C2_E593_V0114.mp4,S3,C2,60.5,0,background,none,none,0,train
E593,S3_C2_E593_V0114,2,58.5,60.5,0.0,0.0,background,S3/C2/S3_C2_E593_V0114.mp4,S3,C2,60.5,0,background,none,none,0,train
E593,S3_C2_E593_V0114,3,0.0,3.0,0.0,0.0,background,S3/C2/S3_C2_E593_V0114.mp4,S3,C2,60.5,0,background,none,none,0,train
E593,S3_C2_E593_V0114,3,28.75,31.75,0.0,0.0,background,S3/C2/S3_C2_E593_V0114.mp4,S3,C2,60.5,0,background,none,none,0,train
E593,S3_C2_E593_V0114,3,57.5,60.5,0.0,0.0,background,S3/C2/S3_C2_E593_V0114.mp4,S3,C2,60.5,0,background,none,none,0,train
E597,S3_C2_E597_V0117,1,5.95,6.95,1.0,1.0,animal_detection,S3/C2/S3_C2_E597_V0117.mp4,S3,C2,20.5,1,animal,red_deer,"camera_reaction,foraging,vigilance",1,train
E597,S3_C2_E597_V0116,1,9.75,10.75,1.0,1.0,animal_detection,S3/C2/S3_C2_E597_V0116.mp4,S3,C2,20.5,1,animal,red_deer,"camera_reaction,foraging,vigilance",1,train
E597,S3_C2_E597_V0117,2,5.45,7.45,2.0,1.0,animal_detection,S3/C2/S3_C2_E597_V0117.mp4,S3,C2,20.5,1,animal,red_deer,"camera_reaction,foraging,vigilance",1,train
E597,S3_C2_E597_V0116,2,9.25,11.25,2.0,1.0,animal_detection,S3/C2/S3_C2_E597_V0116.mp4,S3,C2,20.5,1,animal,red_deer,"camera_reaction,foraging,vigilance",1,train
E597,S3_C2_E597_V0117,3,4.95,7.95,3.0,1.0,animal_detection,S3/C2/S3_C2_E597_V0117.mp4,S3,C2,20.5,1,animal,red_deer,"camera_reaction,foraging,vigilance",1,train
E597,S3_C2_E597_V0116,3,8.75,11.75,3.0,1.0,animal_detection,S3/C2/S3_C2_E597_V0116.mp4,S3,C2,20.5,1,animal,red_deer,"camera_reaction,foraging,vigilance",1,train
E616,S3_C2_E616_V0130,1,0.2833333333333333,1.2833333333333332,0.9999999999999999,0.9999999999999999,animal_detection,S3/C2/S3_C2_E616_V0130.mp4,S3,C2,20.5,1,animal,red_deer,"foraging,vigilance",1,train
E616,S3_C2_E616_V0129,1,9.75,10.75,1.0,1.0,animal_detection,S3/C2/S3_C2_E616_V0129.mp4,S3,C2,20.5,1,animal,red_deer,"foraging,vigilance",1,train
E616,S3_C2_E616_V0128,1,9.75,10.75,1.0,1.0,animal_detection,S3/C2/S3_C2_E616_V0128.mp4,S3,C2,20.5,1,animal,red_deer,"foraging,vigilance",1,train
E616,S3_C2_E616_V0130,2,0.0,2.0,1.5666666666666667,0.7833333333333333,animal_detection,S3/C2/S3_C2_E616_V0130.mp4,S3,C2,20.5,1,animal,red_deer,"foraging,vigilance",1,train
E616,S3_C2_E616_V0129,2,9.25,11.25,2.0,1.0,animal_detection,S3/C2/S3_C2_E616_V0129.mp4,S3,C2,20.5,1,animal,red_deer,"foraging,vigilance",1,train
E616,S3_C2_E616_V0128,2,9.25,11.25,2.0,1.0,animal_detection,S3/C2/S3_C2_E616_V0128.mp4,S3,C2,20.5,1,animal,red_deer,"foraging,vigilance",1,train
E616,S3_C2_E616_V0129,3,8.75,11.75,3.0,1.0,animal_detection,S3/C2/S3_C2_E616_V0129.mp4,S3,C2,20.5,1,animal,red_deer,"foraging,vigilance",1,train
E616,S3_C2_E616_V0127,3,8.75,11.75,3.0,1.0,animal_detection,S3/C2/S3_C2_E616_V0127.mp4,S3,C2,20.5,1,animal,red_deer,"foraging,vigilance",1,train
E616,S3_C2_E616_V0128,3,8.75,11.75,3.0,1.0,animal_detection,S3/C2/S3_C2_E616_V0128.mp4,S3,C2,20.5,1,animal,red_deer,"foraging,vigilance",1,train
E617,S3_C2_E617_V0133,1,9.75,10.75,1.0,1.0,animal_detection,S3/C2/S3_C2_E617_V0133.mp4,S3,C2,20.5,1,animal,red_deer,"foraging,vigilance",1,train
E617,S3_C2_E617_V0131,1,9.75,10.75,1.0,1.0,animal_detection,S3/C2/S3_C2_E617_V0131.mp4,S3,C2,20.5,1,animal,red_deer,"foraging,vigilance",1,train
E617,S3_C2_E617_V0132,1,9.75,10.75,1.0,1.0,animal_detection,S3/C2/S3_C2_E617_V0132.mp4,S3,C2,20.5,1,animal,red_deer,"foraging,vigilance",1,train
E617,S3_C2_E617_V0132,2,9.25,11.25,2.0,1.0,animal_detection,S3/C2/S3_C2_E617_V0132.mp4,S3,C2,20.5,1,animal,red_deer,"foraging,vigilance",1,train
E617,S3_C2_E617_V0131,2,9.25,11.25,2.0,1.0,animal_detection,S3/C2/S3_C2_E617_V0131.mp4,S3,C2,20.5,1,animal,red_deer,"foraging,vigilance",1,train
E617,S3_C2_E617_V0133,2,9.25,11.25,2.0,1.0,animal_detection,S3/C2/S3_C2_E617_V0133.mp4,S3,C2,20.5,1,animal,red_deer,"foraging,vigilance",1,train
E617,S3_C2_E617_V0132,3,8.75,11.75,3.0,1.0,animal_detection,S3/C2/S3_C2_E617_V0132.mp4,S3,C2,20.5,1,animal,red_deer,"foraging,vigilance",1,train
E617,S3_C2_E617_V0133,3,8.75,11.75,3.0,1.0,animal_detection,S3/C2/S3_C2_E617_V0133.mp4,S3,C2,20.5,1,animal,red_deer,"foraging,vigilance",1,train
E617,S3_C2_E617_V0131,3,8.75,11.75,3.0,1.0,animal_detection,S3/C2/S3_C2_E617_V0131.mp4,S3,C2,20.5,1,animal,red_deer,"foraging,vigilance",1,train
E619,S3_C2_E619_V0135,1,9.75,10.75,1.0,1.0,animal_detection,S3/C2/S3_C2_E619_V0135.mp4,S3,C2,20.5,1,animal,red_deer,"foraging,vigilance",1,train
E619,S3_C2_E619_V0135,2,9.25,11.25,2.0,1.0,animal_detection,S3/C2/S3_C2_E619_V0135.mp4,S3,C2,20.5,1,animal,red_deer,"foraging,vigilance",1,train
E619,S3_C2_E619_V0135,3,8.75,11.75,3.0,1.0,animal_detection,S3/C2/S3_C2_E619_V0135.mp4,S3,C2,20.5,1,animal,red_deer,"foraging,vigilance",1,train
E629,S3_C2_E629_V0136,1,0.0,1.0,0.0,0.0,background,S3/C2/S3_C2_E629_V0136.mp4,S3,C2,60.5,0,background,none,none,0,train
E629,S3_C2_E629_V0136,1,59.5,60.5,0.0,0.0,background,S3/C2/S3_C2_E629_V0136.mp4,S3,C2,60.5,0,background,none,none,0,train
E629,S3_C3_E629_V0604,1,59.5,60.5,0.0,0.0,background,S3/C3/S3_C3_E629_V0604.mp4,S3,C3,60.5,0,background,none,none,0,train
E629,S3_C2_E629_V0136,2,29.25,31.25,0.0,0.0,background,S3/C2/S3_C2_E629_V0136.mp4,S3,C2,60.5,0,background,none,none,0,train
E629,S3_C3_E629_V0604,2,58.5,60.5,0.0,0.0,background,S3/C3/S3_C3_E629_V0604.mp4,S3,C3,60.5,0,background,none,none,0,train
E629,S3_C2_E629_V0136,2,58.5,60.5,0.0,0.0,background,S3/C2/S3_C2_E629_V0136.mp4,S3,C2,60.5,0,background,none,none,0,train
E629,S3_C2_E629_V0136,3,0.0,3.0,0.0,0.0,background,S3/C2/S3_C2_E629_V0136.mp4,S3,C2,60.5,0,background,none,none,0,train
E629,S3_C3_E629_V0604,3,28.75,31.75,0.0,0.0,background,S3/C3/S3_C3_E629_V0604.mp4,S3,C3,60.5,0,background,none,none,0,train
E629,S3_C2_E629_V0136,3,57.5,60.5,0.0,0.0,background,S3/C2/S3_C2_E629_V0136.mp4,S3,C2,60.5,0,background,none,none,0,train
E631,S3_C3_E631_V0607,1,0.0,1.0,0.0,0.0,background,S3/C3/S3_C3_E631_V0607.mp4,S3,C3,60.5,0,background,none,none,0,train
E631,S3_C3_E631_V0606,1,29.75,30.75,0.0,0.0,background,S3/C3/S3_C3_E631_V0606.mp4,S3,C3,60.5,0,background,none,none,0,train
E631,S3_C3_E631_V0608,1,59.5,60.5,0.0,0.0,background,S3/C3/S3_C3_E631_V0608.mp4,S3,C3,60.5,0,background,none,none,0,train
E631,S3_C3_E631_V0607,2,0.0,2.0,0.0,0.0,background,S3/C3/S3_C3_E631_V0607.mp4,S3,C3,60.5,0,background,none,none,0,train
E631,S3_C3_E631_V0607,2,29.25,31.25,0.0,0.0,background,S3/C3/S3_C3_E631_V0607.mp4,S3,C3,60.5,0,background,none,none,0,train
E631,S3_C3_E631_V0607,2,58.5,60.5,0.0,0.0,background,S3/C3/S3_C3_E631_V0607.mp4,S3,C3,60.5,0,background,none,none,0,train
E631,S3_C3_E631_V0606,3,0.0,3.0,0.0,0.0,background,S3/C3/S3_C3_E631_V0606.mp4,S3,C3,60.5,0,background,none,none,0,train
E631,S3_C3_E631_V0607,3,28.75,31.75,0.0,0.0,background,S3/C3/S3_C3_E631_V0607.mp4,S3,C3,60.5,0,background,none,none,0,train
E631,S3_C3_E631_V0606,3,28.75,31.75,0.0,0.0,background,S3/C3/S3_C3_E631_V0606.mp4,S3,C3,60.5,0,background,none,none,0,train
E634,S3_C3_E634_V0611,1,0.0,1.0,0.0,0.0,background,S3/C3/S3_C3_E634_V0611.mp4,S3,C3,60.5,0,background,none,none,0,train
E634,S3_C3_E634_V0611,1,29.75,30.75,0.0,0.0,background,S3/C3/S3_C3_E634_V0611.mp4,S3,C3,60.5,0,background,none,none,0,train
E634,S3_C3_E634_V0611,1,59.5,60.5,0.0,0.0,background,S3/C3/S3_C3_E634_V0611.mp4,S3,C3,60.5,0,background,none,none,0,train
E634,S3_C3_E634_V0611,2,0.0,2.0,0.0,0.0,background,S3/C3/S3_C3_E634_V0611.mp4,S3,C3,60.5,0,background,none,none,0,train
E634,S3_C3_E634_V0611,2,29.25,31.25,0.0,0.0,background,S3/C3/S3_C3_E634_V0611.mp4,S3,C3,60.5,0,background,none,none,0,train
E634,S3_C3_E634_V0611,2,58.5,60.5,0.0,0.0,background,S3/C3/S3_C3_E634_V0611.mp4,S3,C3,60.5,0,background,none,none,0,train
E634,S3_C3_E634_V0611,3,0.0,3.0,0.0,0.0,background,S3/C3/S3_C3_E634_V0611.mp4,S3,C3,60.5,0,background,none,none,0,train
E634,S3_C3_E634_V0611,3,28.75,31.75,0.0,0.0,background,S3/C3/S3_C3_E634_V0611.mp4,S3,C3,60.5,0,background,none,none,0,train
E634,S3_C3_E634_V0611,3,57.5,60.5,0.0,0.0,background,S3/C3/S3_C3_E634_V0611.mp4,S3,C3,60.5,0,background,none,none,0,train
E638,S3_C2_E638_V0139,1,2.0833333333333335,3.0833333333333335,1.0,1.0,animal_detection,S3/C2/S3_C2_E638_V0139.mp4,S3,C2,20.5,1,animal,red_deer,foraging,1,train
E638,S3_C2_E638_V0138,1,9.75,10.75,1.0,1.0,animal_detection,S3/C2/S3_C2_E638_V0138.mp4,S3,C2,20.5,1,animal,red_deer,foraging,1,train
E638,S3_C2_E638_V0137,1,9.766666666666667,10.766666666666667,1.0,1.0,animal_detection,S3/C2/S3_C2_E638_V0137.mp4,S3,C2,20.5,1,animal,red_deer,foraging,1,train
E638,S3_C2_E638_V0139,2,1.5833333333333335,3.5833333333333335,2.0,1.0,animal_detection,S3/C2/S3_C2_E638_V0139.mp4,S3,C2,20.5,1,animal,red_deer,foraging,1,train
E638,S3_C2_E638_V0138,2,9.25,11.25,2.0,1.0,animal_detection,S3/C2/S3_C2_E638_V0138.mp4,S3,C2,20.5,1,animal,red_deer,foraging,1,train
E638,S3_C2_E638_V0137,2,9.266666666666667,11.266666666666667,2.0,1.0,animal_detection,S3/C2/S3_C2_E638_V0137.mp4,S3,C2,20.5,1,animal,red_deer,foraging,1,train
E638,S3_C2_E638_V0139,3,1.0833333333333335,4.083333333333334,3.0000000000000004,1.0000000000000002,animal_detection,S3/C2/S3_C2_E638_V0139.mp4,S3,C2,20.5,1,animal,red_deer,foraging,1,train
E638,S3_C2_E638_V0138,3,8.75,11.75,3.0,1.0,animal_detection,S3/C2/S3_C2_E638_V0138.mp4,S3,C2,20.5,1,animal,red_deer,foraging,1,train
E638,S3_C2_E638_V0137,3,8.766666666666667,11.766666666666667,3.0,1.0,animal_detection,S3/C2/S3_C2_E638_V0137.mp4,S3,C2,20.5,1,animal,red_deer,foraging,1,train
E639,S3_C2_E639_V0141,1,2.216666666666667,3.216666666666667,1.0,1.0,animal_detection,S3/C2/S3_C2_E639_V0141.mp4,S3,C2,20.5,1,animal,red_deer,"foraging,unknown",1,train
E639,S3_C2_E639_V0140,1,9.75,10.75,1.0,1.0,animal_detection,S3/C2/S3_C2_E639_V0140.mp4,S3,C2,20.5,1,animal,red_deer,"foraging,unknown",1,train
E639,S3_C2_E639_V0141,2,1.7166666666666668,3.716666666666667,2.0,1.0,animal_detection,S3/C2/S3_C2_E639_V0141.mp4,S3,C2,20.5,1,animal,red_deer,"foraging,unknown",1,train
E639,S3_C2_E639_V0140,2,9.25,11.25,2.0,1.0,animal_detection,S3/C2/S3_C2_E639_V0140.mp4,S3,C2,20.5,1,animal,red_deer,"foraging,unknown",1,train
E639,S3_C2_E639_V0141,3,1.2166666666666668,4.216666666666667,3.0,1.0,animal_detection,S3/C2/S3_C2_E639_V0141.mp4,S3,C2,20.5,1,animal,red_deer,"foraging,unknown",1,train
E639,S3_C2_E639_V0140,3,8.75,11.75,3.0,1.0,animal_detection,S3/C2/S3_C2_E639_V0140.mp4,S3,C2,20.5,1,animal,red_deer,"foraging,unknown",1,train
E640,S3_C2_E640_V0142,1,9.75,10.75,1.0,1.0,animal_detection,S3/C2/S3_C2_E640_V0142.mp4,S3,C2,20.5,1,animal,red_deer,"foraging,marking",1,train
E640,S3_C2_E640_V0142,2,9.25,11.25,2.0,1.0,animal_detection,S3/C2/S3_C2_E640_V0142.mp4,S3,C2,20.5,1,animal,red_deer,"foraging,marking",1,train
E640,S3_C2_E640_V0142,3,8.75,11.75,3.0,1.0,animal_detection,S3/C2/S3_C2_E640_V0142.mp4,S3,C2,20.5,1,animal,red_deer,"foraging,marking",1,train
E641,S3_C2_E641_V0143,1,9.75,10.75,1.0,1.0,animal_detection,S3/C2/S3_C2_E641_V0143.mp4,S3,C2,20.5,1,animal,red_deer,foraging,1,train
E641,S3_C2_E641_V0143,2,9.25,11.25,2.0,1.0,animal_detection,S3/C2/S3_C2_E641_V0143.mp4,S3,C2,20.5,1,animal,red_deer,foraging,1,train
E641,S3_C2_E641_V0143,3,8.75,11.75,3.0,1.0,animal_detection,S3/C2/S3_C2_E641_V0143.mp4,S3,C2,20.5,1,animal,red_deer,foraging,1,train
E642,S3_C2_E642_V0146,1,29.233333333333334,30.233333333333334,1.0,1.0,animal_detection,S3/C2/S3_C2_E642_V0146.mp4,S3,C2,60.5,1,animal,red_deer,"chasing,courtship,escaping,foraging,grooming,marking,resting,unknown,vigilance",3+,train
E642,S3_C3_E642_V0619,1,29.75,30.75,1.0,1.0,animal_detection,S3/C3/S3_C3_E642_V0619.mp4,S3,C3,60.5,1,animal,red_deer,"chasing,courtship,escaping,foraging,grooming,marking,resting,unknown,vigilance",3+,train
E642,S3_C3_E642_V0617,1,29.75,30.75,1.0,1.0,animal_detection,S3/C3/S3_C3_E642_V0617.mp4,S3,C3,60.5,1,animal,red_deer,"chasing,courtship,escaping,foraging,grooming,marking,resting,unknown,vigilance",3+,train
E642,S3_C3_E642_V0622,2,9.433333333333334,11.433333333333334,2.0,1.0,animal_detection,S3/C3/S3_C3_E642_V0622.mp4,S3,C3,60.5,1,animal,red_deer,"chasing,courtship,escaping,foraging,grooming,marking,resting,unknown,vigilance",3+,train
E642,S3_C3_E642_V0616,2,9.783333333333335,11.783333333333335,2.0,1.0,animal_detection,S3/C3/S3_C3_E642_V0616.mp4,S3,C3,60.5,1,animal,red_deer,"chasing,courtship,escaping,foraging,grooming,marking,resting,unknown,vigilance",3+,train
E642,S3_C3_E642_V0619,2,29.25,31.25,2.0,1.0,animal_detection,S3/C3/S3_C3_E642_V0619.mp4,S3,C3,60.5,1,animal,red_deer,"chasing,courtship,escaping,foraging,grooming,marking,resting,unknown,vigilance",3+,train
E642,S3_C3_E642_V0616,3,9.283333333333335,12.283333333333335,3.0,1.0,animal_detection,S3/C3/S3_C3_E642_V0616.mp4,S3,C3,60.5,1,animal,red_deer,"chasing,courtship,escaping,foraging,grooming,marking,resting,unknown,vigilance",3+,train
E642,S3_C3_E642_V0620,3,28.75,31.75,3.0,1.0,animal_detection,S3/C3/S3_C3_E642_V0620.mp4,S3,C3,60.5,1,animal,red_deer,"chasing,courtship,escaping,foraging,grooming,marking,resting,unknown,vigilance",3+,train
E642,S3_C2_E642_V0145,3,28.75,31.75,3.0,1.0,animal_detection,S3/C2/S3_C2_E642_V0145.mp4,S3,C2,60.5,1,animal,red_deer,"chasing,courtship,escaping,foraging,grooming,marking,resting,unknown,vigilance",3+,train
E644,S3_C3_E644_V0625,1,0.0,1.0,0.0,0.0,background,S3/C3/S3_C3_E644_V0625.mp4,S3,C3,60.5,0,background,none,none,0,train
E644,S3_C3_E644_V0625,1,29.75,30.75,0.0,0.0,background,S3/C3/S3_C3_E644_V0625.mp4,S3,C3,60.5,0,background,none,none,0,train
E644,S3_C3_E644_V0625,1,59.5,60.5,0.0,0.0,background,S3/C3/S3_C3_E644_V0625.mp4,S3,C3,60.5,0,background,none,none,0,train
E644,S3_C3_E644_V0625,2,0.0,2.0,0.0,0.0,background,S3/C3/S3_C3_E644_V0625.mp4,S3,C3,60.5,0,background,none,none,0,train
E644,S3_C3_E644_V0625,2,29.25,31.25,0.0,0.0,background,S3/C3/S3_C3_E644_V0625.mp4,S3,C3,60.5,0,background,none,none,0,train
E644,S3_C3_E644_V0625,2,58.5,60.5,0.0,0.0,background,S3/C3/S3_C3_E644_V0625.mp4,S3,C3,60.5,0,background,none,none,0,train
E644,S3_C3_E644_V0625,3,0.0,3.0,0.0,0.0,background,S3/C3/S3_C3_E644_V0625.mp4,S3,C3,60.5,0,background,none,none,0,train
E644,S3_C3_E644_V0625,3,28.75,31.75,0.0,0.0,background,S3/C3/S3_C3_E644_V0625.mp4,S3,C3,60.5,0,background,none,none,0,train
E644,S3_C3_E644_V0625,3,57.5,60.5,0.0,0.0,background,S3/C3/S3_C3_E644_V0625.mp4,S3,C3,60.5,0,background,none,none,0,train
E654,S3_C2_E654_V0147,1,0.0,1.0,0.0,0.0,background,S3/C2/S3_C2_E654_V0147.mp4,S3,C2,60.5,0,background,none,none,0,train
E654,S3_C2_E654_V0147,1,29.75,30.75,0.0,0.0,background,S3/C2/S3_C2_E654_V0147.mp4,S3,C2,60.5,0,background,none,none,0,train
E654,S3_C2_E654_V0147,1,59.5,60.5,0.0,0.0,background,S3/C2/S3_C2_E654_V0147.mp4,S3,C2,60.5,0,background,none,none,0,train
E654,S3_C2_E654_V0147,2,0.0,2.0,0.0,0.0,background,S3/C2/S3_C2_E654_V0147.mp4,S3,C2,60.5,0,background,none,none,0,train
E654,S3_C2_E654_V0147,2,29.25,31.25,0.0,0.0,background,S3/C2/S3_C2_E654_V0147.mp4,S3,C2,60.5,0,background,none,none,0,train
E654,S3_C2_E654_V0147,2,58.5,60.5,0.0,0.0,background,S3/C2/S3_C2_E654_V0147.mp4,S3,C2,60.5,0,background,none,none,0,train
E654,S3_C2_E654_V0147,3,0.0,3.0,0.0,0.0,background,S3/C2/S3_C2_E654_V0147.mp4,S3,C2,60.5,0,background,none,none,0,train
E654,S3_C2_E654_V0147,3,28.75,31.75,0.0,0.0,background,S3/C2/S3_C2_E654_V0147.mp4,S3,C2,60.5,0,background,none,none,0,train
E654,S3_C2_E654_V0147,3,57.5,60.5,0.0,0.0,background,S3/C2/S3_C2_E654_V0147.mp4,S3,C2,60.5,0,background,none,none,0,train
E657,S3_C2_E657_V0149,1,9.75,10.75,1.0,1.0,animal_detection,S3/C2/S3_C2_E657_V0149.mp4,S3,C2,20.5,1,animal,red_deer,foraging,1,train
E657,S3_C2_E657_V0148,1,9.75,10.75,1.0,1.0,animal_detection,S3/C2/S3_C2_E657_V0148.mp4,S3,C2,20.5,1,animal,red_deer,foraging,1,train
E657,S3_C2_E657_V0148,2,9.25,11.25,2.0,1.0,animal_detection,S3/C2/S3_C2_E657_V0148.mp4,S3,C2,20.5,1,animal,red_deer,foraging,1,train
E657,S3_C2_E657_V0149,2,9.25,11.25,2.0,1.0,animal_detection,S3/C2/S3_C2_E657_V0149.mp4,S3,C2,20.5,1,animal,red_deer,foraging,1,train
E657,S3_C2_E657_V0148,3,8.75,11.75,3.0,1.0,animal_detection,S3/C2/S3_C2_E657_V0148.mp4,S3,C2,20.5,1,animal,red_deer,foraging,1,train
E657,S3_C2_E657_V0149,3,8.75,11.75,3.0,1.0,animal_detection,S3/C2/S3_C2_E657_V0149.mp4,S3,C2,20.5,1,animal,red_deer,foraging,1,train
E658,S3_C2_E658_V0150,1,9.75,10.75,1.0,1.0,animal_detection,S3/C2/S3_C2_E658_V0150.mp4,S3,C2,20.5,1,animal,red_deer,foraging,1,train
E658,S3_C2_E658_V0150,2,9.25,11.25,2.0,1.0,animal_detection,S3/C2/S3_C2_E658_V0150.mp4,S3,C2,20.5,1,animal,red_deer,foraging,1,train
E658,S3_C2_E658_V0150,3,8.75,11.75,3.0,1.0,animal_detection,S3/C2/S3_C2_E658_V0150.mp4,S3,C2,20.5,1,animal,red_deer,foraging,1,train
E659,S3_C2_E659_V0151,1,9.75,10.75,1.0,1.0,animal_detection,S3/C2/S3_C2_E659_V0151.mp4,S3,C2,20.5,1,animal,red_deer,"foraging,vigilance",3+,train
E659,S3_C2_E659_V0151,2,9.25,11.25,2.0,1.0,animal_detection,S3/C2/S3_C2_E659_V0151.mp4,S3,C2,20.5,1,animal,red_deer,"foraging,vigilance",3+,train
E659,S3_C2_E659_V0151,3,8.75,11.75,3.0,1.0,animal_detection,S3/C2/S3_C2_E659_V0151.mp4,S3,C2,20.5,1,animal,red_deer,"foraging,vigilance",3+,train
E663,S3_C3_E663_V0645,1,0.0,1.0,0.0,0.0,background,S3/C3/S3_C3_E663_V0645.mp4,S3,C3,60.5,0,background,none,none,0,train
E663,S3_C3_E663_V0646,1,29.75,30.75,0.0,0.0,background,S3/C3/S3_C3_E663_V0646.mp4,S3,C3,60.5,0,background,none,none,0,train
E663,S3_C3_E663_V0644,1,59.5,60.5,0.0,0.0,background,S3/C3/S3_C3_E663_V0644.mp4,S3,C3,60.5,0,background,none,none,0,train
E663,S3_C3_E663_V0646,2,0.0,2.0,0.0,0.0,background,S3/C3/S3_C3_E663_V0646.mp4,S3,C3,60.5,0,background,none,none,0,train
E663,S3_C3_E663_V0646,2,58.5,60.5,0.0,0.0,background,S3/C3/S3_C3_E663_V0646.mp4,S3,C3,60.5,0,background,none,none,0,train
E663,S3_C3_E663_V0644,2,58.5,60.5,0.0,0.0,background,S3/C3/S3_C3_E663_V0644.mp4,S3,C3,60.5,0,background,none,none,0,train
E663,S3_C3_E663_V0645,3,57.5,60.5,0.0,0.0,background,S3/C3/S3_C3_E663_V0645.mp4,S3,C3,60.5,0,background,none,none,0,train
E663,S3_C3_E663_V0646,3,57.5,60.5,0.0,0.0,background,S3/C3/S3_C3_E663_V0646.mp4,S3,C3,60.5,0,background,none,none,0,train
E663,S3_C3_E663_V0644,3,57.5,60.5,0.0,0.0,background,S3/C3/S3_C3_E663_V0644.mp4,S3,C3,60.5,0,background,none,none,0,train
E670,S3_C2_E670_V0160,1,9.75,10.75,1.0,1.0,animal_detection,S3/C2/S3_C2_E670_V0160.mp4,S3,C2,20.5,1,animal,red_deer,"courtship,foraging,marking,unknown,vigilance",1,train
E670,S3_C2_E670_V0156,1,9.75,10.75,1.0,1.0,animal_detection,S3/C2/S3_C2_E670_V0156.mp4,S3,C2,20.5,1,animal,red_deer,"courtship,foraging,marking,unknown,vigilance",1,train
E670,S3_C2_E670_V0157,1,9.75,10.75,1.0,1.0,animal_detection,S3/C2/S3_C2_E670_V0157.mp4,S3,C2,20.5,1,animal,red_deer,"courtship,foraging,marking,unknown,vigilance",1,train
E670,S3_C2_E670_V0164,2,0.2333333333333334,2.2333333333333334,2.0,1.0,animal_detection,S3/C2/S3_C2_E670_V0164.mp4,S3,C2,20.5,1,animal,red_deer,"courtship,foraging,marking,unknown,vigilance",1,train
E670,S3_C2_E670_V0162,2,9.25,11.25,2.0,1.0,animal_detection,S3/C2/S3_C2_E670_V0162.mp4,S3,C2,20.5,1,animal,red_deer,"courtship,foraging,marking,unknown,vigilance",1,train
E670,S3_C2_E670_V0163,2,9.25,11.25,2.0,1.0,animal_detection,S3/C2/S3_C2_E670_V0163.mp4,S3,C2,20.5,1,animal,red_deer,"courtship,foraging,marking,unknown,vigilance",1,train
E670,S3_C2_E670_V0154,3,8.75,11.75,3.0,1.0,animal_detection,S3/C2/S3_C2_E670_V0154.mp4,S3,C2,20.5,1,animal,red_deer,"courtship,foraging,marking,unknown,vigilance",1,train
E670,S3_C2_E670_V0158,3,8.75,11.75,3.0,1.0,animal_detection,S3/C2/S3_C2_E670_V0158.mp4,S3,C2,20.5,1,animal,red_deer,"courtship,foraging,marking,unknown,vigilance",1,train
E670,S3_C2_E670_V0159,3,8.75,11.75,3.0,1.0,animal_detection,S3/C2/S3_C2_E670_V0159.mp4,S3,C2,20.5,1,animal,red_deer,"courtship,foraging,marking,unknown,vigilance",1,train
E671,S3_C2_E671_V0167,1,2.933333333333333,3.933333333333333,1.0,1.0,animal_detection,S3/C2/S3_C2_E671_V0167.mp4,S3,C2,20.5,1,animal,red_deer,"foraging,vigilance",1,train
E671,S3_C2_E671_V0165,1,9.75,10.75,1.0,1.0,animal_detection,S3/C2/S3_C2_E671_V0165.mp4,S3,C2,20.5,1,animal,red_deer,"foraging,vigilance",1,train
E671,S3_C2_E671_V0166,1,9.75,10.75,1.0,1.0,animal_detection,S3/C2/S3_C2_E671_V0166.mp4,S3,C2,20.5,1,animal,red_deer,"foraging,vigilance",1,train
E671,S3_C2_E671_V0167,2,2.433333333333333,4.433333333333334,2.0000000000000004,1.0000000000000002,animal_detection,S3/C2/S3_C2_E671_V0167.mp4,S3,C2,20.5,1,animal,red_deer,"foraging,vigilance",1,train
E671,S3_C2_E671_V0166,2,9.25,11.25,2.0,1.0,animal_detection,S3/C2/S3_C2_E671_V0166.mp4,S3,C2,20.5,1,animal,red_deer,"foraging,vigilance",1,train
E671,S3_C2_E671_V0165,2,9.25,11.25,2.0,1.0,animal_detection,S3/C2/S3_C2_E671_V0165.mp4,S3,C2,20.5,1,animal,red_deer,"foraging,vigilance",1,train
E671,S3_C2_E671_V0167,3,1.9333333333333331,4.933333333333334,3.0000000000000004,1.0000000000000002,animal_detection,S3/C2/S3_C2_E671_V0167.mp4,S3,C2,20.5,1,animal,red_deer,"foraging,vigilance",1,train
E671,S3_C2_E671_V0166,3,8.75,11.75,3.0,1.0,animal_detection,S3/C2/S3_C2_E671_V0166.mp4,S3,C2,20.5,1,animal,red_deer,"foraging,vigilance",1,train
E671,S3_C2_E671_V0165,3,8.75,11.75,3.0,1.0,animal_detection,S3/C2/S3_C2_E671_V0165.mp4,S3,C2,20.5,1,animal,red_deer,"foraging,vigilance",1,train
E672,S3_C2_E672_V0168,1,9.75,10.75,1.0,1.0,animal_detection,S3/C2/S3_C2_E672_V0168.mp4,S3,C2,20.5,1,animal,red_deer,"foraging,grooming,unknown",1,train
E672,S3_C2_E672_V0168,2,9.25,11.25,2.0,1.0,animal_detection,S3/C2/S3_C2_E672_V0168.mp4,S3,C2,20.5,1,animal,red_deer,"foraging,grooming,unknown",1,train
E672,S3_C2_E672_V0168,3,8.75,11.75,3.0,1.0,animal_detection,S3/C2/S3_C2_E672_V0168.mp4,S3,C2,20.5,1,animal,red_deer,"foraging,grooming,unknown",1,train
E673,S3_C2_E673_V0169,1,3.4833333333333334,4.483333333333333,1.0,1.0,animal_detection,S3/C2/S3_C2_E673_V0169.mp4,S3,C2,20.5,1,animal,red_deer,"courtship,foraging",1,train
E673,S3_C2_E673_V0169,2,2.9833333333333334,4.983333333333333,2.0,1.0,animal_detection,S3/C2/S3_C2_E673_V0169.mp4,S3,C2,20.5,1,animal,red_deer,"courtship,foraging",1,train
E673,S3_C2_E673_V0169,3,2.4833333333333334,5.483333333333333,3.0,1.0,animal_detection,S3/C2/S3_C2_E673_V0169.mp4,S3,C2,20.5,1,animal,red_deer,"courtship,foraging",1,train
E684,S3_C2_E684_V0171,1,4.85,5.85,1.0,1.0,animal_detection,S3/C2/S3_C2_E684_V0171.mp4,S3,C2,20.5,1,animal,red_deer,"foraging,vigilance",1,train
E684,S3_C2_E684_V0170,1,9.75,10.75,1.0,1.0,animal_detection,S3/C2/S3_C2_E684_V0170.mp4,S3,C2,20.5,1,animal,red_deer,"foraging,vigilance",1,train
E684,S3_C2_E684_V0171,2,4.35,6.35,2.0,1.0,animal_detection,S3/C2/S3_C2_E684_V0171.mp4,S3,C2,20.5,1,animal,red_deer,"foraging,vigilance",1,train
E684,S3_C2_E684_V0170,2,9.25,11.25,2.0,1.0,animal_detection,S3/C2/S3_C2_E684_V0170.mp4,S3,C2,20.5,1,animal,red_deer,"foraging,vigilance",1,train
E684,S3_C2_E684_V0171,3,3.8499999999999996,6.85,3.0,1.0,animal_detection,S3/C2/S3_C2_E684_V0171.mp4,S3,C2,20.5,1,animal,red_deer,"foraging,vigilance",1,train
E684,S3_C2_E684_V0170,3,8.75,11.75,3.0,1.0,animal_detection,S3/C2/S3_C2_E684_V0170.mp4,S3,C2,20.5,1,animal,red_deer,"foraging,vigilance",1,train
E692,S3_C3_E692_V0701,1,29.75,30.75,1.0,1.0,animal_detection,S3/C3/S3_C3_E692_V0701.mp4,S3,C3,60.5,1,animal,red_deer,"foraging,grooming,marking,unknown,vigilance",1,train
E692,S3_C3_E692_V0698,1,29.75,30.75,1.0,1.0,animal_detection,S3/C3/S3_C3_E692_V0698.mp4,S3,C3,60.5,1,animal,red_deer,"foraging,grooming,marking,unknown,vigilance",1,train
E692,S3_C3_E692_V0699,1,29.75,30.75,1.0,1.0,animal_detection,S3/C3/S3_C3_E692_V0699.mp4,S3,C3,60.5,1,animal,red_deer,"foraging,grooming,marking,unknown,vigilance",1,train
E692,S3_C3_E692_V0699,2,29.25,31.25,2.0,1.0,animal_detection,S3/C3/S3_C3_E692_V0699.mp4,S3,C3,60.5,1,animal,red_deer,"foraging,grooming,marking,unknown,vigilance",1,train
E692,S3_C3_E692_V0701,2,29.25,31.25,2.0,1.0,animal_detection,S3/C3/S3_C3_E692_V0701.mp4,S3,C3,60.5,1,animal,red_deer,"foraging,grooming,marking,unknown,vigilance",1,train
E692,S3_C2_E692_V0180,2,29.25,31.25,2.0,1.0,animal_detection,S3/C2/S3_C2_E692_V0180.mp4,S3,C2,60.5,1,animal,red_deer,"foraging,grooming,marking,unknown,vigilance",1,train
E692,S3_C3_E692_V0699,3,28.75,31.75,3.0,1.0,animal_detection,S3/C3/S3_C3_E692_V0699.mp4,S3,C3,60.5,1,animal,red_deer,"foraging,grooming,marking,unknown,vigilance",1,train
E692,S3_C3_E692_V0700,3,28.75,31.75,3.0,1.0,animal_detection,S3/C3/S3_C3_E692_V0700.mp4,S3,C3,60.5,1,animal,red_deer,"foraging,grooming,marking,unknown,vigilance",1,train
E692,S3_C2_E692_V0181,3,28.75,31.75,3.0,1.0,animal_detection,S3/C2/S3_C2_E692_V0181.mp4,S3,C2,60.5,1,animal,red_deer,"foraging,grooming,marking,unknown,vigilance",1,train
E693,S3_C2_E693_V0184,1,2.0,3.0,1.0,1.0,animal_detection,S3/C2/S3_C2_E693_V0184.mp4,S3,C2,60.5,1,animal,red_deer,"courtship,escaping,foraging,grooming,playing,unknown,vigilance",3+,train
E693,S3_C3_E693_V0704,1,29.75,30.75,1.0,1.0,animal_detection,S3/C3/S3_C3_E693_V0704.mp4,S3,C3,60.5,1,animal,red_deer,"courtship,escaping,foraging,grooming,playing,unknown,vigilance",3+,train
E693,S3_C2_E693_V0182,1,54.93333333333334,55.93333333333334,1.0,1.0,animal_detection,S3/C2/S3_C2_E693_V0182.mp4,S3,C2,60.5,1,animal,red_deer,"courtship,escaping,foraging,grooming,playing,unknown,vigilance",3+,train
E693,S3_C3_E693_V0706,2,9.966666666666667,11.966666666666667,2.0,1.0,animal_detection,S3/C3/S3_C3_E693_V0706.mp4,S3,C3,60.5,1,animal,red_deer,"courtship,escaping,foraging,grooming,playing,unknown,vigilance",3+,train
E693,S3_C2_E693_V0183,2,29.166666666666668,31.166666666666668,2.0,1.0,animal_detection,S3/C2/S3_C2_E693_V0183.mp4,S3,C2,60.5,1,animal,red_deer,"courtship,escaping,foraging,grooming,playing,unknown,vigilance",3+,train
E693,S3_C2_E693_V0182,2,54.43333333333334,56.43333333333334,2.0,1.0,animal_detection,S3/C2/S3_C2_E693_V0182.mp4,S3,C2,60.5,1,animal,red_deer,"courtship,escaping,foraging,grooming,playing,unknown,vigilance",3+,train
E693,S3_C2_E693_V0182,3,21.233333333333334,24.233333333333334,3.0,1.0,animal_detection,S3/C2/S3_C2_E693_V0182.mp4,S3,C2,60.5,1,animal,red_deer,"courtship,escaping,foraging,grooming,playing,unknown,vigilance",3+,train
E693,S3_C3_E693_V0702,3,28.75,31.75,3.0,1.0,animal_detection,S3/C3/S3_C3_E693_V0702.mp4,S3,C3,60.5,1,animal,red_deer,"courtship,escaping,foraging,grooming,playing,unknown,vigilance",3+,train
E693,S3_C3_E693_V0704,3,28.75,31.75,3.0,1.0,animal_detection,S3/C3/S3_C3_E693_V0704.mp4,S3,C3,60.5,1,animal,red_deer,"courtship,escaping,foraging,grooming,playing,unknown,vigilance",3+,train
E698,S3_C2_E698_V0185,1,9.25,10.25,1.0,1.0,animal_detection,S3/C2/S3_C2_E698_V0185.mp4,S3,C2,20.5,1,animal,red_deer,foraging,1,train
E698,S3_C2_E698_V0185,2,8.75,10.75,2.0,1.0,animal_detection,S3/C2/S3_C2_E698_V0185.mp4,S3,C2,20.5,1,animal,red_deer,foraging,1,train
E698,S3_C2_E698_V0185,3,8.25,11.25,3.0,1.0,animal_detection,S3/C2/S3_C2_E698_V0185.mp4,S3,C2,20.5,1,animal,red_deer,foraging,1,train
E703,S3_C2_E703_V0191,1,0.0,1.0,0.0,0.0,background,S3/C2/S3_C2_E703_V0191.mp4,S3,C2,60.5,0,background,none,none,0,train
E703,S3_C2_E703_V0191,1,29.75,30.75,0.0,0.0,background,S3/C2/S3_C2_E703_V0191.mp4,S3,C2,60.5,0,background,none,none,0,train
E703,S3_C2_E703_V0191,1,59.5,60.5,0.0,0.0,background,S3/C2/S3_C2_E703_V0191.mp4,S3,C2,60.5,0,background,none,none,0,train
E703,S3_C2_E703_V0191,2,0.0,2.0,0.0,0.0,background,S3/C2/S3_C2_E703_V0191.mp4,S3,C2,60.5,0,background,none,none,0,train
E703,S3_C2_E703_V0191,2,29.25,31.25,0.0,0.0,background,S3/C2/S3_C2_E703_V0191.mp4,S3,C2,60.5,0,background,none,none,0,train
E703,S3_C2_E703_V0191,2,58.5,60.5,0.0,0.0,background,S3/C2/S3_C2_E703_V0191.mp4,S3,C2,60.5,0,background,none,none,0,train
E703,S3_C2_E703_V0191,3,0.0,3.0,0.0,0.0,background,S3/C2/S3_C2_E703_V0191.mp4,S3,C2,60.5,0,background,none,none,0,train
E703,S3_C2_E703_V0191,3,28.75,31.75,0.0,0.0,background,S3/C2/S3_C2_E703_V0191.mp4,S3,C2,60.5,0,background,none,none,0,train
E703,S3_C2_E703_V0191,3,57.5,60.5,0.0,0.0,background,S3/C2/S3_C2_E703_V0191.mp4,S3,C2,60.5,0,background,none,none,0,train
E704,S3_C2_E704_V0193,1,9.75,10.75,1.0,1.0,animal_detection,S3/C2/S3_C2_E704_V0193.mp4,S3,C2,20.5,1,animal,red_deer,"foraging,grooming,unknown,vigilance",2,train
E704,S3_C2_E704_V0194,1,9.75,10.75,1.0,1.0,animal_detection,S3/C2/S3_C2_E704_V0194.mp4,S3,C2,20.5,1,animal,red_deer,"foraging,grooming,unknown,vigilance",2,train
E704,S3_C2_E704_V0192,1,9.75,10.75,1.0,1.0,animal_detection,S3/C2/S3_C2_E704_V0192.mp4,S3,C2,20.5,1,animal,red_deer,"foraging,grooming,unknown,vigilance",2,train
E704,S3_C2_E704_V0192,2,9.25,11.25,2.0,1.0,animal_detection,S3/C2/S3_C2_E704_V0192.mp4,S3,C2,20.5,1,animal,red_deer,"foraging,grooming,unknown,vigilance",2,train
E704,S3_C2_E704_V0193,2,9.25,11.25,2.0,1.0,animal_detection,S3/C2/S3_C2_E704_V0193.mp4,S3,C2,20.5,1,animal,red_deer,"foraging,grooming,unknown,vigilance",2,train
E704,S3_C2_E704_V0194,2,9.25,11.25,2.0,1.0,animal_detection,S3/C2/S3_C2_E704_V0194.mp4,S3,C2,20.5,1,animal,red_deer,"foraging,grooming,unknown,vigilance",2,train
E704,S3_C2_E704_V0192,3,8.75,11.75,3.0,1.0,animal_detection,S3/C2/S3_C2_E704_V0192.mp4,S3,C2,20.5,1,animal,red_deer,"foraging,grooming,unknown,vigilance",2,train
E704,S3_C2_E704_V0193,3,8.75,11.75,3.0,1.0,animal_detection,S3/C2/S3_C2_E704_V0193.mp4,S3,C2,20.5,1,animal,red_deer,"foraging,grooming,unknown,vigilance",2,train
E704,S3_C2_E704_V0194,3,8.75,11.75,3.0,1.0,animal_detection,S3/C2/S3_C2_E704_V0194.mp4,S3,C2,20.5,1,animal,red_deer,"foraging,grooming,unknown,vigilance",2,train
E705,S3_C2_E705_V0195,1,0.5333333333333334,1.5333333333333334,1.0,1.0,animal_detection,S3/C2/S3_C2_E705_V0195.mp4,S3,C2,20.5,1,animal,red_deer,foraging,1,train
E705,S3_C2_E705_V0195,2,0.03333333333333344,2.033333333333333,1.9999999999999998,0.9999999999999999,animal_detection,S3/C2/S3_C2_E705_V0195.mp4,S3,C2,20.5,1,animal,red_deer,foraging,1,train
E705,S3_C2_E705_V0195,3,0.0,3.0,2.066666666666667,0.688888888888889,animal_detection,S3/C2/S3_C2_E705_V0195.mp4,S3,C2,20.5,1,animal,red_deer,foraging,1,train
E706,S3_C2_E706_V0223,1,9.75,10.75,1.0,1.0,animal_detection,S3/C2/S3_C2_E706_V0223.mp4,S3,C2,20.5,1,animal,red_deer,"courtship,foraging,grooming,marking,resting,unknown,vigilance",1,train
E706,S3_C2_E706_V0221,1,9.75,10.75,1.0,1.0,animal_detection,S3/C2/S3_C2_E706_V0221.mp4,S3,C2,20.5,1,animal,red_deer,"courtship,foraging,grooming,marking,resting,unknown,vigilance",1,train
E706,S3_C2_E706_V0207,1,9.75,10.75,1.0,1.0,animal_detection,S3/C2/S3_C2_E706_V0207.mp4,S3,C2,20.5,1,animal,red_deer,"courtship,foraging,grooming,marking,resting,unknown,vigilance",1,train
E706,S3_C2_E706_V0230,2,4.366666666666666,6.366666666666666,2.0,1.0,animal_detection,S3/C2/S3_C2_E706_V0230.mp4,S3,C2,20.5,1,animal,red_deer,"courtship,foraging,grooming,marking,resting,unknown,vigilance",1,train
E706,S3_C2_E706_V0215,2,9.25,11.25,2.0,1.0,animal_detection,S3/C2/S3_C2_E706_V0215.mp4,S3,C2,20.5,1,animal,red_deer,"courtship,foraging,grooming,marking,resting,unknown,vigilance",1,train
E706,S3_C2_E706_V0209,2,9.25,11.25,2.0,1.0,animal_detection,S3/C2/S3_C2_E706_V0209.mp4,S3,C2,20.5,1,animal,red_deer,"courtship,foraging,grooming,marking,resting,unknown,vigilance",1,train
E706,S3_C2_E706_V0203,3,8.75,11.75,3.0,1.0,animal_detection,S3/C2/S3_C2_E706_V0203.mp4,S3,C2,20.5,1,animal,red_deer,"courtship,foraging,grooming,marking,resting,unknown,vigilance",1,train
E706,S3_C2_E706_V0232,3,8.75,11.75,3.0,1.0,animal_detection,S3/C2/S3_C2_E706_V0232.mp4,S3,C2,20.5,1,animal,red_deer,"courtship,foraging,grooming,marking,resting,unknown,vigilance",1,train
E706,S3_C2_E706_V0215,3,8.75,11.75,3.0,1.0,animal_detection,S3/C2/S3_C2_E706_V0215.mp4,S3,C2,20.5,1,animal,red_deer,"courtship,foraging,grooming,marking,resting,unknown,vigilance",1,train
E707,S3_C2_E707_V0238,1,2.2,3.2,1.0,1.0,animal_detection,S3/C2/S3_C2_E707_V0238.mp4,S3,C2,20.5,1,animal,red_deer,"foraging,marking,resting,unknown,vigilance",1,train
E707,S3_C2_E707_V0234,1,9.583333333333334,10.583333333333334,1.0,1.0,animal_detection,S3/C2/S3_C2_E707_V0234.mp4,S3,C2,20.5,1,animal,red_deer,"foraging,marking,resting,unknown,vigilance",1,train
E707,S3_C2_E707_V0235,1,9.75,10.75,1.0,1.0,animal_detection,S3/C2/S3_C2_E707_V0235.mp4,S3,C2,20.5,1,animal,red_deer,"foraging,marking,resting,unknown,vigilance",1,train
E707,S3_C2_E707_V0238,2,1.7000000000000002,3.7,2.0,1.0,animal_detection,S3/C2/S3_C2_E707_V0238.mp4,S3,C2,20.5,1,animal,red_deer,"foraging,marking,resting,unknown,vigilance",1,train
E707,S3_C2_E707_V0237,2,9.25,11.25,2.0,1.0,animal_detection,S3/C2/S3_C2_E707_V0237.mp4,S3,C2,20.5,1,animal,red_deer,"foraging,marking,resting,unknown,vigilance",1,train
E707,S3_C2_E707_V0235,2,9.25,11.25,2.0,1.0,animal_detection,S3/C2/S3_C2_E707_V0235.mp4,S3,C2,20.5,1,animal,red_deer,"foraging,marking,resting,unknown,vigilance",1,train
E707,S3_C2_E707_V0235,3,8.75,11.75,3.0,1.0,animal_detection,S3/C2/S3_C2_E707_V0235.mp4,S3,C2,20.5,1,animal,red_deer,"foraging,marking,resting,unknown,vigilance",1,train
E707,S3_C2_E707_V0236,3,8.75,11.75,3.0,1.0,animal_detection,S3/C2/S3_C2_E707_V0236.mp4,S3,C2,20.5,1,animal,red_deer,"foraging,marking,resting,unknown,vigilance",1,train
E707,S3_C2_E707_V0237,3,8.75,11.75,3.0,1.0,animal_detection,S3/C2/S3_C2_E707_V0237.mp4,S3,C2,20.5,1,animal,red_deer,"foraging,marking,resting,unknown,vigilance",1,train
E708,S3_C2_E708_V0240,1,8.966666666666667,9.966666666666667,1.0,1.0,animal_detection,S3/C2/S3_C2_E708_V0240.mp4,S3,C2,20.5,1,animal,red_deer,"foraging,marking",1,train
E708,S3_C2_E708_V0239,1,9.75,10.75,1.0,1.0,animal_detection,S3/C2/S3_C2_E708_V0239.mp4,S3,C2,20.5,1,animal,red_deer,"foraging,marking",1,train
E708,S3_C2_E708_V0240,2,8.466666666666667,10.466666666666667,2.0,1.0,animal_detection,S3/C2/S3_C2_E708_V0240.mp4,S3,C2,20.5,1,animal,red_deer,"foraging,marking",1,train
E708,S3_C2_E708_V0239,2,9.25,11.25,2.0,1.0,animal_detection,S3/C2/S3_C2_E708_V0239.mp4,S3,C2,20.5,1,animal,red_deer,"foraging,marking",1,train
E708,S3_C2_E708_V0240,3,7.966666666666667,10.966666666666667,3.0,1.0,animal_detection,S3/C2/S3_C2_E708_V0240.mp4,S3,C2,20.5,1,animal,red_deer,"foraging,marking",1,train
E708,S3_C2_E708_V0239,3,8.75,11.75,3.0,1.0,animal_detection,S3/C2/S3_C2_E708_V0239.mp4,S3,C2,20.5,1,animal,red_deer,"foraging,marking",1,train
E709,S3_C2_E709_V0244,1,9.75,10.75,1.0,1.0,animal_detection,S3/C2/S3_C2_E709_V0244.mp4,S3,C2,20.5,1,animal,red_deer,"courtship,foraging,vigilance",1,train
E709,S3_C2_E709_V0241,1,9.75,10.75,1.0,1.0,animal_detection,S3/C2/S3_C2_E709_V0241.mp4,S3,C2,20.5,1,animal,red_deer,"courtship,foraging,vigilance",1,train
E709,S3_C2_E709_V0243,1,9.75,10.75,1.0,1.0,animal_detection,S3/C2/S3_C2_E709_V0243.mp4,S3,C2,20.5,1,animal,red_deer,"courtship,foraging,vigilance",1,train
E709,S3_C2_E709_V0242,2,9.25,11.25,2.0,1.0,animal_detection,S3/C2/S3_C2_E709_V0242.mp4,S3,C2,20.5,1,animal,red_deer,"courtship,foraging,vigilance",1,train
E709,S3_C2_E709_V0241,2,9.25,11.25,2.0,1.0,animal_detection,S3/C2/S3_C2_E709_V0241.mp4,S3,C2,20.5,1,animal,red_deer,"courtship,foraging,vigilance",1,train
E709,S3_C2_E709_V0243,2,9.25,11.25,2.0,1.0,animal_detection,S3/C2/S3_C2_E709_V0243.mp4,S3,C2,20.5,1,animal,red_deer,"courtship,foraging,vigilance",1,train
E709,S3_C2_E709_V0242,3,8.75,11.75,3.0,1.0,animal_detection,S3/C2/S3_C2_E709_V0242.mp4,S3,C2,20.5,1,animal,red_deer,"courtship,foraging,vigilance",1,train
E709,S3_C2_E709_V0241,3,8.75,11.75,3.0,1.0,animal_detection,S3/C2/S3_C2_E709_V0241.mp4,S3,C2,20.5,1,animal,red_deer,"courtship,foraging,vigilance",1,train
E709,S3_C2_E709_V0244,3,8.75,11.75,3.0,1.0,animal_detection,S3/C2/S3_C2_E709_V0244.mp4,S3,C2,20.5,1,animal,red_deer,"courtship,foraging,vigilance",1,train
E710,S3_C2_E710_V0246,1,0.0,1.0,0.6666666666666666,0.6666666666666666,animal_detection,S3/C2/S3_C2_E710_V0246.mp4,S3,C2,60.5,1,animal,red_deer,"foraging,grooming,playing,unknown",2,train
E710,S3_C2_E710_V0246,1,19.75,20.75,1.0,1.0,animal_detection,S3/C2/S3_C2_E710_V0246.mp4,S3,C2,60.5,1,animal,red_deer,"foraging,grooming,playing,unknown",2,train
E710,S3_C2_E710_V0245,1,29.766666666666666,30.766666666666666,1.0,1.0,animal_detection,S3/C2/S3_C2_E710_V0245.mp4,S3,C2,60.5,1,animal,red_deer,"foraging,grooming,playing,unknown",2,train
E710,S3_C2_E710_V0246,2,0.0,2.0,0.6666666666666666,0.3333333333333333,animal_detection,S3/C2/S3_C2_E710_V0246.mp4,S3,C2,60.5,1,animal,red_deer,"foraging,grooming,playing,unknown",2,train
E710,S3_C2_E710_V0246,2,19.25,21.25,2.0,1.0,animal_detection,S3/C2/S3_C2_E710_V0246.mp4,S3,C2,60.5,1,animal,red_deer,"foraging,grooming,playing,unknown",2,train
E710,S3_C2_E710_V0245,2,29.266666666666666,31.266666666666666,2.0,1.0,animal_detection,S3/C2/S3_C2_E710_V0245.mp4,S3,C2,60.5,1,animal,red_deer,"foraging,grooming,playing,unknown",2,train
E710,S3_C2_E710_V0246,3,0.0,3.0,0.6666666666666666,0.2222222222222222,animal_detection,S3/C2/S3_C2_E710_V0246.mp4,S3,C2,60.5,1,animal,red_deer,"foraging,grooming,playing,unknown",2,train
E710,S3_C2_E710_V0246,3,18.75,21.75,3.0,1.0,animal_detection,S3/C2/S3_C2_E710_V0246.mp4,S3,C2,60.5,1,animal,red_deer,"foraging,grooming,playing,unknown",2,train
E710,S3_C2_E710_V0245,3,28.766666666666666,31.766666666666666,3.0,1.0,animal_detection,S3/C2/S3_C2_E710_V0245.mp4,S3,C2,60.5,1,animal,red_deer,"foraging,grooming,playing,unknown",2,train
E711,S3_C2_E711_V0247,1,9.766666666666667,10.766666666666667,1.0,1.0,animal_detection,S3/C2/S3_C2_E711_V0247.mp4,S3,C2,20.5,1,animal,red_deer,foraging,1,train
E711,S3_C2_E711_V0247,2,9.266666666666667,11.266666666666667,2.0,1.0,animal_detection,S3/C2/S3_C2_E711_V0247.mp4,S3,C2,20.5,1,animal,red_deer,foraging,1,train
E711,S3_C2_E711_V0247,3,8.766666666666667,11.766666666666667,3.0,1.0,animal_detection,S3/C2/S3_C2_E711_V0247.mp4,S3,C2,20.5,1,animal,red_deer,foraging,1,train
E712,S3_C2_E712_V0249,1,21.5,22.5,1.0,1.0,animal_detection,S3/C2/S3_C2_E712_V0249.mp4,S3,C2,60.5,1,animal,red_deer,"foraging,grooming,resting,vigilance",2,train
E712,S3_C2_E712_V0248,1,29.75,30.75,1.0,1.0,animal_detection,S3/C2/S3_C2_E712_V0248.mp4,S3,C2,60.5,1,animal,red_deer,"foraging,grooming,resting,vigilance",2,train
E712,S3_C2_E712_V0249,2,21.0,23.0,2.0,1.0,animal_detection,S3/C2/S3_C2_E712_V0249.mp4,S3,C2,60.5,1,animal,red_deer,"foraging,grooming,resting,vigilance",2,train
E712,S3_C2_E712_V0248,2,29.25,31.25,2.0,1.0,animal_detection,S3/C2/S3_C2_E712_V0248.mp4,S3,C2,60.5,1,animal,red_deer,"foraging,grooming,resting,vigilance",2,train
E712,S3_C2_E712_V0249,3,20.5,23.5,3.0,1.0,animal_detection,S3/C2/S3_C2_E712_V0249.mp4,S3,C2,60.5,1,animal,red_deer,"foraging,grooming,resting,vigilance",2,train
E712,S3_C2_E712_V0248,3,28.75,31.75,3.0,1.0,animal_detection,S3/C2/S3_C2_E712_V0248.mp4,S3,C2,60.5,1,animal,red_deer,"foraging,grooming,resting,vigilance",2,train
E714,S3_C2_E714_V0251,1,8.6,9.6,1.0,1.0,animal_detection,S3/C2/S3_C2_E714_V0251.mp4,S3,C2,20.5,1,animal,red_deer,"foraging,vigilance",1,train
E714,S3_C2_E714_V0251,2,8.1,10.1,2.0,1.0,animal_detection,S3/C2/S3_C2_E714_V0251.mp4,S3,C2,20.5,1,animal,red_deer,"foraging,vigilance",1,train
E714,S3_C2_E714_V0251,3,7.6,10.6,3.0,1.0,animal_detection,S3/C2/S3_C2_E714_V0251.mp4,S3,C2,20.5,1,animal,red_deer,"foraging,vigilance",1,train
E715,S3_C2_E715_V0253,1,0.16666666666666663,1.1666666666666665,0.9999999999999999,0.9999999999999999,animal_detection,S3/C2/S3_C2_E715_V0253.mp4,S3,C2,20.5,1,animal,red_deer,"foraging,marking,vigilance",1,train
E715,S3_C2_E715_V0252,1,9.75,10.75,1.0,1.0,animal_detection,S3/C2/S3_C2_E715_V0252.mp4,S3,C2,20.5,1,animal,red_deer,"foraging,marking,vigilance",1,train
E715,S3_C2_E715_V0253,2,0.0,2.0,1.3333333333333333,0.6666666666666666,animal_detection,S3/C2/S3_C2_E715_V0253.mp4,S3,C2,20.5,1,animal,red_deer,"foraging,marking,vigilance",1,train
E715,S3_C2_E715_V0252,2,9.25,11.25,2.0,1.0,animal_detection,S3/C2/S3_C2_E715_V0252.mp4,S3,C2,20.5,1,animal,red_deer,"foraging,marking,vigilance",1,train
E715,S3_C2_E715_V0253,3,0.0,3.0,1.3333333333333333,0.4444444444444444,animal_detection,S3/C2/S3_C2_E715_V0253.mp4,S3,C2,20.5,1,animal,red_deer,"foraging,marking,vigilance",1,train
E715,S3_C2_E715_V0252,3,8.75,11.75,3.0,1.0,animal_detection,S3/C2/S3_C2_E715_V0252.mp4,S3,C2,20.5,1,animal,red_deer,"foraging,marking,vigilance",1,train
E716,S3_C2_E716_V0254,1,9.75,10.75,1.0,1.0,animal_detection,S3/C2/S3_C2_E716_V0254.mp4,S3,C2,20.5,1,animal,red_deer,"foraging,grooming,marking,vigilance",2,train
E716,S3_C2_E716_V0258,1,9.75,10.75,1.0,1.0,animal_detection,S3/C2/S3_C2_E716_V0258.mp4,S3,C2,20.5,1,animal,red_deer,"foraging,grooming,marking,vigilance",2,train
E716,S3_C2_E716_V0259,1,9.75,10.75,1.0,1.0,animal_detection,S3/C2/S3_C2_E716_V0259.mp4,S3,C2,20.5,1,animal,red_deer,"foraging,grooming,marking,vigilance",2,train
E716,S3_C2_E716_V0258,2,9.25,11.25,2.0,1.0,animal_detection,S3/C2/S3_C2_E716_V0258.mp4,S3,C2,20.5,1,animal,red_deer,"foraging,grooming,marking,vigilance",2,train
E716,S3_C2_E716_V0255,2,9.25,11.25,2.0,1.0,animal_detection,S3/C2/S3_C2_E716_V0255.mp4,S3,C2,20.5,1,animal,red_deer,"foraging,grooming,marking,vigilance",2,train
E716,S3_C2_E716_V0254,2,9.25,11.25,2.0,1.0,animal_detection,S3/C2/S3_C2_E716_V0254.mp4,S3,C2,20.5,1,animal,red_deer,"foraging,grooming,marking,vigilance",2,train
E716,S3_C2_E716_V0256,3,8.75,11.75,3.0,1.0,animal_detection,S3/C2/S3_C2_E716_V0256.mp4,S3,C2,20.5,1,animal,red_deer,"foraging,grooming,marking,vigilance",2,train
E716,S3_C2_E716_V0254,3,8.75,11.75,3.0,1.0,animal_detection,S3/C2/S3_C2_E716_V0254.mp4,S3,C2,20.5,1,animal,red_deer,"foraging,grooming,marking,vigilance",2,train
E716,S3_C2_E716_V0257,3,8.75,11.75,3.0,1.0,animal_detection,S3/C2/S3_C2_E716_V0257.mp4,S3,C2,20.5,1,animal,red_deer,"foraging,grooming,marking,vigilance",2,train
E717,S3_C2_E717_V0261,1,0.55,1.55,1.0,1.0,animal_detection,S3/C2/S3_C2_E717_V0261.mp4,S3,C2,20.5,1,animal,red_deer,foraging,1,train
E717,S3_C2_E717_V0260,1,9.75,10.75,1.0,1.0,animal_detection,S3/C2/S3_C2_E717_V0260.mp4,S3,C2,20.5,1,animal,red_deer,foraging,1,train
E717,S3_C2_E717_V0261,2,0.050000000000000044,2.05,1.9999999999999998,0.9999999999999999,animal_detection,S3/C2/S3_C2_E717_V0261.mp4,S3,C2,20.5,1,animal,red_deer,foraging,1,train
E717,S3_C2_E717_V0260,2,9.25,11.25,2.0,1.0,animal_detection,S3/C2/S3_C2_E717_V0260.mp4,S3,C2,20.5,1,animal,red_deer,foraging,1,train
E717,S3_C2_E717_V0261,3,0.0,3.0,2.1,0.7000000000000001,animal_detection,S3/C2/S3_C2_E717_V0261.mp4,S3,C2,20.5,1,animal,red_deer,foraging,1,train
E717,S3_C2_E717_V0260,3,8.75,11.75,3.0,1.0,animal_detection,S3/C2/S3_C2_E717_V0260.mp4,S3,C2,20.5,1,animal,red_deer,foraging,1,train
E718,S3_C2_E718_V0264,1,9.75,10.75,1.0,1.0,animal_detection,S3/C2/S3_C2_E718_V0264.mp4,S3,C2,20.5,1,animal,red_deer,"foraging,marking,resting",1,train
E718,S3_C2_E718_V0267,1,9.75,10.75,1.0,1.0,animal_detection,S3/C2/S3_C2_E718_V0267.mp4,S3,C2,20.5,1,animal,red_deer,"foraging,marking,resting",1,train
E718,S3_C2_E718_V0266,1,9.75,10.75,1.0,1.0,animal_detection,S3/C2/S3_C2_E718_V0266.mp4,S3,C2,20.5,1,animal,red_deer,"foraging,marking,resting",1,train
E718,S3_C2_E718_V0267,2,9.25,11.25,2.0,1.0,animal_detection,S3/C2/S3_C2_E718_V0267.mp4,S3,C2,20.5,1,animal,red_deer,"foraging,marking,resting",1,train
E718,S3_C2_E718_V0266,2,9.25,11.25,2.0,1.0,animal_detection,S3/C2/S3_C2_E718_V0266.mp4,S3,C2,20.5,1,animal,red_deer,"foraging,marking,resting",1,train
E718,S3_C2_E718_V0264,2,9.25,11.25,2.0,1.0,animal_detection,S3/C2/S3_C2_E718_V0264.mp4,S3,C2,20.5,1,animal,red_deer,"foraging,marking,resting",1,train
E718,S3_C2_E718_V0265,3,8.75,11.75,3.0,1.0,animal_detection,S3/C2/S3_C2_E718_V0265.mp4,S3,C2,20.5,1,animal,red_deer,"foraging,marking,resting",1,train
E718,S3_C2_E718_V0262,3,8.75,11.75,3.0,1.0,animal_detection,S3/C2/S3_C2_E718_V0262.mp4,S3,C2,20.5,1,animal,red_deer,"foraging,marking,resting",1,train
E718,S3_C2_E718_V0268,3,8.75,11.75,3.0,1.0,animal_detection,S3/C2/S3_C2_E718_V0268.mp4,S3,C2,20.5,1,animal,red_deer,"foraging,marking,resting",1,train
E719,S3_C2_E719_V0271,1,0.19999999999999996,1.2,1.0,1.0,animal_detection,S3/C2/S3_C2_E719_V0271.mp4,S3,C2,19.0,1,animal,red_deer,"foraging,unknown",2,train
E719,S3_C2_E719_V0274,1,0.4833333333333333,1.4833333333333334,1.0,1.0,animal_detection,S3/C2/S3_C2_E719_V0274.mp4,S3,C2,2.0,1,animal,red_deer,"foraging,unknown",2,train
E719,S3_C2_E719_V0275,1,5.483333333333333,6.483333333333333,1.0,1.0,animal_detection,S3/C2/S3_C2_E719_V0275.mp4,S3,C2,12.0,1,animal,red_deer,"foraging,unknown",2,train
E719,S3_C2_E719_V0273,2,0.1333333333333333,2.1333333333333333,2.0,1.0,animal_detection,S3/C2/S3_C2_E719_V0273.mp4,S3,C2,2.5,1,animal,red_deer,"foraging,unknown",2,train
E719,S3_C2_E719_V0272,2,1.1666666666666665,3.1666666666666665,2.0,1.0,animal_detection,S3/C2/S3_C2_E719_V0272.mp4,S3,C2,4.5,1,animal,red_deer,"foraging,unknown",2,train
E719,S3_C2_E719_V0275,2,4.983333333333333,6.983333333333333,2.0,1.0,animal_detection,S3/C2/S3_C2_E719_V0275.mp4,S3,C2,12.0,1,animal,red_deer,"foraging,unknown",2,train
E719,S3_C2_E719_V0276,3,0.19999999999999996,3.2,3.0,1.0,animal_detection,S3/C2/S3_C2_E719_V0276.mp4,S3,C2,9.0,1,animal,red_deer,"foraging,unknown",2,train
E719,S3_C2_E719_V0272,3,0.6666666666666665,3.6666666666666665,3.0,1.0,animal_detection,S3/C2/S3_C2_E719_V0272.mp4,S3,C2,4.5,1,animal,red_deer,"foraging,unknown",2,train
E719,S3_C2_E719_V0270,3,8.75,11.75,3.0,1.0,animal_detection,S3/C2/S3_C2_E719_V0270.mp4,S3,C2,20.5,1,animal,red_deer,"foraging,unknown",2,train
E720,S3_C2_E720_V0278,1,2.6166666666666667,3.6166666666666667,1.0,1.0,animal_detection,S3/C2/S3_C2_E720_V0278.mp4,S3,C2,20.5,1,animal,red_deer,"foraging,vigilance",1,train
E720,S3_C2_E720_V0277,1,9.75,10.75,1.0,1.0,animal_detection,S3/C2/S3_C2_E720_V0277.mp4,S3,C2,20.5,1,animal,red_deer,"foraging,vigilance",1,train
E720,S3_C2_E720_V0278,2,2.1166666666666667,4.116666666666667,2.0000000000000004,1.0000000000000002,animal_detection,S3/C2/S3_C2_E720_V0278.mp4,S3,C2,20.5,1,animal,red_deer,"foraging,vigilance",1,train
E720,S3_C2_E720_V0277,2,9.25,11.25,2.0,1.0,animal_detection,S3/C2/S3_C2_E720_V0277.mp4,S3,C2,20.5,1,animal,red_deer,"foraging,vigilance",1,train
E720,S3_C2_E720_V0278,3,1.6166666666666667,4.616666666666667,3.0000000000000004,1.0000000000000002,animal_detection,S3/C2/S3_C2_E720_V0278.mp4,S3,C2,20.5,1,animal,red_deer,"foraging,vigilance",1,train
E720,S3_C2_E720_V0277,3,8.75,11.75,3.0,1.0,animal_detection,S3/C2/S3_C2_E720_V0277.mp4,S3,C2,20.5,1,animal,red_deer,"foraging,vigilance",1,train
E721,S3_C2_E721_V0279,1,1.0333333333333334,2.033333333333333,0.9999999999999998,0.9999999999999998,animal_detection,S3/C2/S3_C2_E721_V0279.mp4,S3,C2,20.5,1,animal,red_deer,foraging,1,train
E721,S3_C2_E721_V0279,2,0.5333333333333334,2.533333333333333,1.9999999999999998,0.9999999999999999,animal_detection,S3/C2/S3_C2_E721_V0279.mp4,S3,C2,20.5,1,animal,red_deer,foraging,1,train
E721,S3_C2_E721_V0279,3,0.03333333333333344,3.033333333333333,3.0,1.0,animal_detection,S3/C2/S3_C2_E721_V0279.mp4,S3,C2,20.5,1,animal,red_deer,foraging,1,train
E722,S3_C2_E722_V0280,1,23.433333333333334,24.433333333333334,1.0,1.0,animal_detection,S3/C2/S3_C2_E722_V0280.mp4,S3,C2,60.5,1,animal,red_deer,"courtship,foraging,grooming,unknown,vigilance",1,train
E722,S3_C2_E722_V0280,2,22.933333333333334,24.933333333333334,2.0,1.0,animal_detection,S3/C2/S3_C2_E722_V0280.mp4,S3,C2,60.5,1,animal,red_deer,"courtship,foraging,grooming,unknown,vigilance",1,train
E722,S3_C2_E722_V0280,3,22.433333333333334,25.433333333333334,3.0,1.0,animal_detection,S3/C2/S3_C2_E722_V0280.mp4,S3,C2,60.5,1,animal,red_deer,"courtship,foraging,grooming,unknown,vigilance",1,train
E723,S3_C2_E723_V0293,1,0.5,1.5,1.0,1.0,animal_detection,S3/C2/S3_C2_E723_V0293.mp4,S3,C2,2.0,1,animal,red_deer,"foraging,unknown,vigilance",2,train
E723,S3_C2_E723_V0287,1,2.25,3.25,1.0,1.0,animal_detection,S3/C2/S3_C2_E723_V0287.mp4,S3,C2,5.5,1,animal,red_deer,"foraging,unknown,vigilance",2,train
E723,S3_C2_E723_V0283,1,4.0,5.0,1.0,1.0,animal_detection,S3/C2/S3_C2_E723_V0283.mp4,S3,C2,9.0,1,animal,red_deer,"foraging,unknown,vigilance",2,train
E723,S3_C2_E723_V0293,2,0.0,2.0,2.0,1.0,animal_detection,S3/C2/S3_C2_E723_V0293.mp4,S3,C2,2.0,1,animal,red_deer,"foraging,unknown,vigilance",2,train
E723,S3_C2_E723_V0286,2,0.5,2.5,2.0,1.0,animal_detection,S3/C2/S3_C2_E723_V0286.mp4,S3,C2,3.0,1,animal,red_deer,"foraging,unknown,vigilance",2,train
E723,S3_C2_E723_V0281,2,6.5,8.5,2.0,1.0,animal_detection,S3/C2/S3_C2_E723_V0281.mp4,S3,C2,15.0,1,animal,red_deer,"foraging,unknown,vigilance",2,train
E723,S3_C2_E723_V0284,3,0.5,3.5,3.0,1.0,animal_detection,S3/C2/S3_C2_E723_V0284.mp4,S3,C2,4.0,1,animal,red_deer,"foraging,unknown,vigilance",2,train
E723,S3_C2_E723_V0298,3,1.75,4.75,3.0,1.0,animal_detection,S3/C2/S3_C2_E723_V0298.mp4,S3,C2,6.5,1,animal,red_deer,"foraging,unknown,vigilance",2,train
E723,S3_C2_E723_V0283,3,3.0,6.0,3.0,1.0,animal_detection,S3/C2/S3_C2_E723_V0283.mp4,S3,C2,9.0,1,animal,red_deer,"foraging,unknown,vigilance",2,train
E724,S3_C2_E724_V0304,1,2.75,3.75,1.0,1.0,animal_detection,S3/C2/S3_C2_E724_V0304.mp4,S3,C2,6.5,1,animal,red_deer,"foraging,unknown,vigilance",1,train
E724,S3_C2_E724_V0306,1,2.75,3.75,1.0,1.0,animal_detection,S3/C2/S3_C2_E724_V0306.mp4,S3,C2,6.5,1,animal,red_deer,"foraging,unknown,vigilance",1,train
E724,S3_C2_E724_V0303,1,4.25,5.25,1.0,1.0,animal_detection,S3/C2/S3_C2_E724_V0303.mp4,S3,C2,9.5,1,animal,red_deer,"foraging,unknown,vigilance",1,train
E724,S3_C2_E724_V0305,2,1.4,3.4,2.0,1.0,animal_detection,S3/C2/S3_C2_E724_V0305.mp4,S3,C2,5.0,1,animal,red_deer,"foraging,unknown,vigilance",1,train
E724,S3_C2_E724_V0304,2,2.25,4.25,2.0,1.0,animal_detection,S3/C2/S3_C2_E724_V0304.mp4,S3,C2,6.5,1,animal,red_deer,"foraging,unknown,vigilance",1,train
E724,S3_C2_E724_V0306,2,2.25,4.25,2.0,1.0,animal_detection,S3/C2/S3_C2_E724_V0306.mp4,S3,C2,6.5,1,animal,red_deer,"foraging,unknown,vigilance",1,train
E724,S3_C2_E724_V0305,3,0.8999999999999999,3.9,3.0,1.0,animal_detection,S3/C2/S3_C2_E724_V0305.mp4,S3,C2,5.0,1,animal,red_deer,"foraging,unknown,vigilance",1,train
E724,S3_C2_E724_V0304,3,1.75,4.75,3.0,1.0,animal_detection,S3/C2/S3_C2_E724_V0304.mp4,S3,C2,6.5,1,animal,red_deer,"foraging,unknown,vigilance",1,train
E724,S3_C2_E724_V0306,3,1.75,4.75,3.0,1.0,animal_detection,S3/C2/S3_C2_E724_V0306.mp4,S3,C2,6.5,1,animal,red_deer,"foraging,unknown,vigilance",1,train
E725,S3_C2_E725_V0308,1,0.41666666666666663,1.4166666666666665,0.9999999999999999,0.9999999999999999,animal_detection,S3/C2/S3_C2_E725_V0308.mp4,S3,C2,2.0,1,animal,red_deer,"courtship,foraging",2,train
E725,S3_C2_E725_V0310,1,0.8999999999999999,1.9,1.0,1.0,animal_detection,S3/C2/S3_C2_E725_V0310.mp4,S3,C2,3.0,1,animal,red_deer,"courtship,foraging",2,train
E725,S3_C2_E725_V0307,1,2.8833333333333333,3.8833333333333333,1.0,1.0,animal_detection,S3/C2/S3_C2_E725_V0307.mp4,S3,C2,7.0,1,animal,red_deer,"courtship,foraging",2,train
E725,S3_C2_E725_V0309,2,0.0,2.0,1.9666666666666666,0.9833333333333333,animal_detection,S3/C2/S3_C2_E725_V0309.mp4,S3,C2,2.0,1,animal,red_deer,"courtship,foraging",2,train
E725,S3_C2_E725_V0310,2,0.3999999999999999,2.4,2.0,1.0,animal_detection,S3/C2/S3_C2_E725_V0310.mp4,S3,C2,3.0,1,animal,red_deer,"courtship,foraging",2,train
E725,S3_C2_E725_V0307,2,2.3833333333333333,4.383333333333333,1.9999999999999996,0.9999999999999998,animal_detection,S3/C2/S3_C2_E725_V0307.mp4,S3,C2,7.0,1,animal,red_deer,"courtship,foraging",2,train
E725,S3_C2_E725_V0310,3,0.0,3.0,2.8,0.9333333333333332,animal_detection,S3/C2/S3_C2_E725_V0310.mp4,S3,C2,3.0,1,animal,red_deer,"courtship,foraging",2,train
E725,S3_C2_E725_V0307,3,1.8833333333333333,4.883333333333333,2.9999999999999996,0.9999999999999999,animal_detection,S3/C2/S3_C2_E725_V0307.mp4,S3,C2,7.0,1,animal,red_deer,"courtship,foraging",2,train
E726,S3_C2_E726_V0311,1,1.2833333333333334,2.283333333333333,0.9999999999999998,0.9999999999999998,animal_detection,S3/C2/S3_C2_E726_V0311.mp4,S3,C2,4.0,1,animal,red_deer,"courtship,foraging",1,train
E726,S3_C2_E726_V0311,2,0.7833333333333334,2.783333333333333,1.9999999999999998,0.9999999999999999,animal_detection,S3/C2/S3_C2_E726_V0311.mp4,S3,C2,4.0,1,animal,red_deer,"courtship,foraging",1,train
E726,S3_C2_E726_V0311,3,0.28333333333333344,3.283333333333333,3.0,1.0,animal_detection,S3/C2/S3_C2_E726_V0311.mp4,S3,C2,4.0,1,animal,red_deer,"courtship,foraging",1,train
E727,S3_C2_E727_V0316,1,0.8666666666666667,1.8666666666666667,1.0,1.0,animal_detection,S3/C2/S3_C2_E727_V0316.mp4,S3,C2,3.0,1,animal,red_deer,foraging,1,train
E727,S3_C2_E727_V0315,1,1.2833333333333334,2.283333333333333,0.9999999999999998,0.9999999999999998,animal_detection,S3/C2/S3_C2_E727_V0315.mp4,S3,C2,4.0,1,animal,red_deer,foraging,1,train
E727,S3_C2_E727_V0316,2,0.3666666666666667,2.3666666666666667,2.0,1.0,animal_detection,S3/C2/S3_C2_E727_V0316.mp4,S3,C2,3.0,1,animal,red_deer,foraging,1,train
E727,S3_C2_E727_V0315,2,0.7833333333333334,2.783333333333333,1.9999999999999998,0.9999999999999999,animal_detection,S3/C2/S3_C2_E727_V0315.mp4,S3,C2,4.0,1,animal,red_deer,foraging,1,train
E727,S3_C2_E727_V0316,3,0.0,3.0,2.7333333333333334,0.9111111111111111,animal_detection,S3/C2/S3_C2_E727_V0316.mp4,S3,C2,3.0,1,animal,red_deer,foraging,1,train
E727,S3_C2_E727_V0315,3,0.28333333333333344,3.283333333333333,3.0,1.0,animal_detection,S3/C2/S3_C2_E727_V0315.mp4,S3,C2,4.0,1,animal,red_deer,foraging,1,train
E729,S3_C2_E729_V0320,1,5.083333333333333,6.083333333333333,1.0,1.0,animal_detection,S3/C2/S3_C2_E729_V0320.mp4,S3,C2,60.5,1,animal,red_deer,"courtship,foraging,grooming,marking,unknown,vigilance",1,train
E729,S3_C2_E729_V0318,1,29.75,30.75,1.0,1.0,animal_detection,S3/C2/S3_C2_E729_V0318.mp4,S3,C2,60.5,1,animal,red_deer,"courtship,foraging,grooming,marking,unknown,vigilance",1,train
E729,S3_C2_E729_V0320,1,51.16666666666667,52.16666666666667,1.0,1.0,animal_detection,S3/C2/S3_C2_E729_V0320.mp4,S3,C2,60.5,1,animal,red_deer,"courtship,foraging,grooming,marking,unknown,vigilance",1,train
E729,S3_C2_E729_V0318,2,29.25,31.25,2.0,1.0,animal_detection,S3/C2/S3_C2_E729_V0318.mp4,S3,C2,60.5,1,animal,red_deer,"courtship,foraging,grooming,marking,unknown,vigilance",1,train
E729,S3_C2_E729_V0319,2,29.25,31.25,2.0,1.0,animal_detection,S3/C2/S3_C2_E729_V0319.mp4,S3,C2,60.5,1,animal,red_deer,"courtship,foraging,grooming,marking,unknown,vigilance",1,train
E729,S3_C2_E729_V0320,2,50.66666666666667,52.66666666666667,2.0,1.0,animal_detection,S3/C2/S3_C2_E729_V0320.mp4,S3,C2,60.5,1,animal,red_deer,"courtship,foraging,grooming,marking,unknown,vigilance",1,train
E729,S3_C2_E729_V0320,3,4.083333333333333,7.083333333333333,3.0,1.0,animal_detection,S3/C2/S3_C2_E729_V0320.mp4,S3,C2,60.5,1,animal,red_deer,"courtship,foraging,grooming,marking,unknown,vigilance",1,train
E729,S3_C2_E729_V0318,3,28.75,31.75,3.0,1.0,animal_detection,S3/C2/S3_C2_E729_V0318.mp4,S3,C2,60.5,1,animal,red_deer,"courtship,foraging,grooming,marking,unknown,vigilance",1,train
E729,S3_C2_E729_V0319,3,28.75,31.75,3.0,1.0,animal_detection,S3/C2/S3_C2_E729_V0319.mp4,S3,C2,60.5,1,animal,red_deer,"courtship,foraging,grooming,marking,unknown,vigilance",1,train
E730,S3_C2_E730_V0323,1,10.833333333333334,11.833333333333334,1.0,1.0,animal_detection,S3/C2/S3_C2_E730_V0323.mp4,S3,C2,60.5,1,animal,red_deer,"courtship,foraging,grooming,marking,unknown,vigilance",1,train
E730,S3_C2_E730_V0322,1,29.75,30.75,1.0,1.0,animal_detection,S3/C2/S3_C2_E730_V0322.mp4,S3,C2,60.5,1,animal,red_deer,"courtship,foraging,grooming,marking,unknown,vigilance",1,train
E730,S3_C2_E730_V0321,1,29.75,30.75,1.0,1.0,animal_detection,S3/C2/S3_C2_E730_V0321.mp4,S3,C2,60.5,1,animal,red_deer,"courtship,foraging,grooming,marking,unknown,vigilance",1,train
E730,S3_C2_E730_V0323,2,10.333333333333334,12.333333333333334,2.0,1.0,animal_detection,S3/C2/S3_C2_E730_V0323.mp4,S3,C2,60.5,1,animal,red_deer,"courtship,foraging,grooming,marking,unknown,vigilance",1,train
E730,S3_C2_E730_V0322,2,29.25,31.25,2.0,1.0,animal_detection,S3/C2/S3_C2_E730_V0322.mp4,S3,C2,60.5,1,animal,red_deer,"courtship,foraging,grooming,marking,unknown,vigilance",1,train
E730,S3_C2_E730_V0321,2,29.25,31.25,2.0,1.0,animal_detection,S3/C2/S3_C2_E730_V0321.mp4,S3,C2,60.5,1,animal,red_deer,"courtship,foraging,grooming,marking,unknown,vigilance",1,train
E730,S3_C2_E730_V0323,3,9.833333333333334,12.833333333333334,3.0,1.0,animal_detection,S3/C2/S3_C2_E730_V0323.mp4,S3,C2,60.5,1,animal,red_deer,"courtship,foraging,grooming,marking,unknown,vigilance",1,train
E730,S3_C2_E730_V0322,3,28.75,31.75,3.0,1.0,animal_detection,S3/C2/S3_C2_E730_V0322.mp4,S3,C2,60.5,1,animal,red_deer,"courtship,foraging,grooming,marking,unknown,vigilance",1,train
E730,S3_C2_E730_V0321,3,28.75,31.75,3.0,1.0,animal_detection,S3/C2/S3_C2_E730_V0321.mp4,S3,C2,60.5,1,animal,red_deer,"courtship,foraging,grooming,marking,unknown,vigilance",1,train
E731,S3_C2_E731_V0326,1,29.75,30.75,1.0,1.0,animal_detection,S3/C2/S3_C2_E731_V0326.mp4,S3,C2,60.5,1,animal,red_deer,"foraging,unknown,vigilance",1,train
E731,S3_C2_E731_V0325,1,29.75,30.75,1.0,1.0,animal_detection,S3/C2/S3_C2_E731_V0325.mp4,S3,C2,60.5,1,animal,red_deer,"foraging,unknown,vigilance",1,train
E731,S3_C2_E731_V0324,1,29.75,30.75,1.0,1.0,animal_detection,S3/C2/S3_C2_E731_V0324.mp4,S3,C2,60.5,1,animal,red_deer,"foraging,unknown,vigilance",1,train
E731,S3_C2_E731_V0325,2,29.25,31.25,2.0,1.0,animal_detection,S3/C2/S3_C2_E731_V0325.mp4,S3,C2,60.5,1,animal,red_deer,"foraging,unknown,vigilance",1,train
E731,S3_C2_E731_V0326,2,29.25,31.25,2.0,1.0,animal_detection,S3/C2/S3_C2_E731_V0326.mp4,S3,C2,60.5,1,animal,red_deer,"foraging,unknown,vigilance",1,train
E731,S3_C2_E731_V0324,2,29.25,31.25,2.0,1.0,animal_detection,S3/C2/S3_C2_E731_V0324.mp4,S3,C2,60.5,1,animal,red_deer,"foraging,unknown,vigilance",1,train
E731,S3_C2_E731_V0325,3,28.75,31.75,3.0,1.0,animal_detection,S3/C2/S3_C2_E731_V0325.mp4,S3,C2,60.5,1,animal,red_deer,"foraging,unknown,vigilance",1,train
E731,S3_C2_E731_V0324,3,28.75,31.75,3.0,1.0,animal_detection,S3/C2/S3_C2_E731_V0324.mp4,S3,C2,60.5,1,animal,red_deer,"foraging,unknown,vigilance",1,train
E731,S3_C2_E731_V0326,3,28.75,31.75,3.0,1.0,animal_detection,S3/C2/S3_C2_E731_V0326.mp4,S3,C2,60.5,1,animal,red_deer,"foraging,unknown,vigilance",1,train
E732,S3_C2_E732_V0338,1,0.4833333333333333,1.4833333333333334,1.0,1.0,animal_detection,S3/C2/S3_C2_E732_V0338.mp4,S3,C2,2.0,1,animal,red_deer,"foraging,grooming,unknown,vigilance",1,train
E732,S3_C2_E732_V0336,1,0.8333333333333333,1.8333333333333333,1.0,1.0,animal_detection,S3/C2/S3_C2_E732_V0336.mp4,S3,C2,3.0,1,animal,red_deer,"foraging,grooming,unknown,vigilance",1,train
E732,S3_C2_E732_V0327,1,1.9666666666666668,2.966666666666667,1.0,1.0,animal_detection,S3/C2/S3_C2_E732_V0327.mp4,S3,C2,5.0,1,animal,red_deer,"foraging,grooming,unknown,vigilance",1,train
E732,S3_C2_E732_V0340,2,0.0,2.0,1.6666666666666667,0.8333333333333334,animal_detection,S3/C2/S3_C2_E732_V0340.mp4,S3,C2,2.0,1,animal,red_deer,"foraging,grooming,unknown,vigilance",1,train
E732,S3_C2_E732_V0330,2,0.0,2.0,1.8,0.9,animal_detection,S3/C2/S3_C2_E732_V0330.mp4,S3,C2,2.0,1,animal,red_deer,"foraging,grooming,unknown,vigilance",1,train
E732,S3_C2_E732_V0337,2,0.1499999999999999,2.15,2.0,1.0,animal_detection,S3/C2/S3_C2_E732_V0337.mp4,S3,C2,2.5,1,animal,red_deer,"foraging,grooming,unknown,vigilance",1,train
E732,S3_C2_E732_V0336,3,0.0,3.0,2.6666666666666665,0.8888888888888888,animal_detection,S3/C2/S3_C2_E732_V0336.mp4,S3,C2,3.0,1,animal,red_deer,"foraging,grooming,unknown,vigilance",1,train
E732,S3_C2_E732_V0335,3,0.0,3.0,2.7,0.9,animal_detection,S3/C2/S3_C2_E732_V0335.mp4,S3,C2,3.0,1,animal,red_deer,"foraging,grooming,unknown,vigilance",1,train
E732,S3_C2_E732_V0327,3,0.9666666666666668,3.966666666666667,3.0,1.0,animal_detection,S3/C2/S3_C2_E732_V0327.mp4,S3,C2,5.0,1,animal,red_deer,"foraging,grooming,unknown,vigilance",1,train
E733,S3_C2_E733_V0342,1,0.8,1.8,1.0,1.0,animal_detection,S3/C2/S3_C2_E733_V0342.mp4,S3,C2,3.0,1,animal,red_deer,foraging,1,train
E733,S3_C2_E733_V0342,2,0.30000000000000004,2.3,1.9999999999999998,0.9999999999999999,animal_detection,S3/C2/S3_C2_E733_V0342.mp4,S3,C2,3.0,1,animal,red_deer,foraging,1,train
E733,S3_C2_E733_V0342,3,0.0,3.0,2.6,0.8666666666666667,animal_detection,S3/C2/S3_C2_E733_V0342.mp4,S3,C2,3.0,1,animal,red_deer,foraging,1,train
E734,S3_C2_E734_V0343,1,0.0,1.0,0.0,0.0,background,S3/C2/S3_C2_E734_V0343.mp4,S3,C2,60.5,0,background,none,none,0,train
E734,S3_C2_E734_V0343,1,29.75,30.75,0.0,0.0,background,S3/C2/S3_C2_E734_V0343.mp4,S3,C2,60.5,0,background,none,none,0,train
E734,S3_C2_E734_V0343,1,59.5,60.5,0.0,0.0,background,S3/C2/S3_C2_E734_V0343.mp4,S3,C2,60.5,0,background,none,none,0,train
E734,S3_C2_E734_V0343,2,0.0,2.0,0.0,0.0,background,S3/C2/S3_C2_E734_V0343.mp4,S3,C2,60.5,0,background,none,none,0,train
E734,S3_C2_E734_V0343,2,29.25,31.25,0.0,0.0,background,S3/C2/S3_C2_E734_V0343.mp4,S3,C2,60.5,0,background,none,none,0,train
E734,S3_C2_E734_V0343,2,58.5,60.5,0.0,0.0,background,S3/C2/S3_C2_E734_V0343.mp4,S3,C2,60.5,0,background,none,none,0,train
E734,S3_C2_E734_V0343,3,0.0,3.0,0.0,0.0,background,S3/C2/S3_C2_E734_V0343.mp4,S3,C2,60.5,0,background,none,none,0,train
E734,S3_C2_E734_V0343,3,28.75,31.75,0.0,0.0,background,S3/C2/S3_C2_E734_V0343.mp4,S3,C2,60.5,0,background,none,none,0,train
E734,S3_C2_E734_V0343,3,57.5,60.5,0.0,0.0,background,S3/C2/S3_C2_E734_V0343.mp4,S3,C2,60.5,0,background,none,none,0,train
E735,S3_C2_E735_V0344,1,29.75,30.75,1.0,1.0,animal_detection,S3/C2/S3_C2_E735_V0344.mp4,S3,C2,60.5,1,animal,red_deer,"courtship,foraging,marking,unknown,vigilance",1,train
E735,S3_C2_E735_V0346,1,29.75,30.75,1.0,1.0,animal_detection,S3/C2/S3_C2_E735_V0346.mp4,S3,C2,60.5,1,animal,red_deer,"courtship,foraging,marking,unknown,vigilance",1,train
E735,S3_C2_E735_V0347,1,29.75,30.75,1.0,1.0,animal_detection,S3/C2/S3_C2_E735_V0347.mp4,S3,C2,60.5,1,animal,red_deer,"courtship,foraging,marking,unknown,vigilance",1,train
E735,S3_C2_E735_V0345,2,29.25,31.25,2.0,1.0,animal_detection,S3/C2/S3_C2_E735_V0345.mp4,S3,C2,60.5,1,animal,red_deer,"courtship,foraging,marking,unknown,vigilance",1,train
E735,S3_C2_E735_V0346,2,29.25,31.25,2.0,1.0,animal_detection,S3/C2/S3_C2_E735_V0346.mp4,S3,C2,60.5,1,animal,red_deer,"courtship,foraging,marking,unknown,vigilance",1,train
E735,S3_C2_E735_V0344,2,29.25,31.25,2.0,1.0,animal_detection,S3/C2/S3_C2_E735_V0344.mp4,S3,C2,60.5,1,animal,red_deer,"courtship,foraging,marking,unknown,vigilance",1,train
E735,S3_C2_E735_V0346,3,28.75,31.75,3.0,1.0,animal_detection,S3/C2/S3_C2_E735_V0346.mp4,S3,C2,60.5,1,animal,red_deer,"courtship,foraging,marking,unknown,vigilance",1,train
E735,S3_C2_E735_V0348,3,28.75,31.75,3.0,1.0,animal_detection,S3/C2/S3_C2_E735_V0348.mp4,S3,C2,60.5,1,animal,red_deer,"courtship,foraging,marking,unknown,vigilance",1,train
E735,S3_C2_E735_V0345,3,28.75,31.75,3.0,1.0,animal_detection,S3/C2/S3_C2_E735_V0345.mp4,S3,C2,60.5,1,animal,red_deer,"courtship,foraging,marking,unknown,vigilance",1,train
E736,S3_C2_E736_V0353,1,2.0,3.0,1.0,1.0,animal_detection,S3/C2/S3_C2_E736_V0353.mp4,S3,C2,5.0,1,animal,red_deer,"foraging,marking,unknown,vigilance",1,train
E736,S3_C2_E736_V0351,1,2.25,3.25,1.0,1.0,animal_detection,S3/C2/S3_C2_E736_V0351.mp4,S3,C2,5.5,1,animal,red_deer,"foraging,marking,unknown,vigilance",1,train
E736,S3_C2_E736_V0350,1,29.75,30.75,1.0,1.0,animal_detection,S3/C2/S3_C2_E736_V0350.mp4,S3,C2,60.5,1,animal,red_deer,"foraging,marking,unknown,vigilance",1,train
E736,S3_C2_E736_V0354,2,0.25,2.25,2.0,1.0,animal_detection,S3/C2/S3_C2_E736_V0354.mp4,S3,C2,2.5,1,animal,red_deer,"foraging,marking,unknown,vigilance",1,train
E736,S3_C2_E736_V0351,2,1.75,3.75,2.0,1.0,animal_detection,S3/C2/S3_C2_E736_V0351.mp4,S3,C2,5.5,1,animal,red_deer,"foraging,marking,unknown,vigilance",1,train
E736,S3_C2_E736_V0350,2,29.25,31.25,2.0,1.0,animal_detection,S3/C2/S3_C2_E736_V0350.mp4,S3,C2,60.5,1,animal,red_deer,"foraging,marking,unknown,vigilance",1,train
E736,S3_C2_E736_V0353,3,1.0,4.0,3.0,1.0,animal_detection,S3/C2/S3_C2_E736_V0353.mp4,S3,C2,5.0,1,animal,red_deer,"foraging,marking,unknown,vigilance",1,train
E736,S3_C2_E736_V0351,3,1.25,4.25,3.0,1.0,animal_detection,S3/C2/S3_C2_E736_V0351.mp4,S3,C2,5.5,1,animal,red_deer,"foraging,marking,unknown,vigilance",1,train
E736,S3_C2_E736_V0350,3,28.75,31.75,3.0,1.0,animal_detection,S3/C2/S3_C2_E736_V0350.mp4,S3,C2,60.5,1,animal,red_deer,"foraging,marking,unknown,vigilance",1,train
E737,S3_C2_E737_V0355,1,1.75,2.75,1.0,1.0,animal_detection,S3/C2/S3_C2_E737_V0355.mp4,S3,C2,4.5,1,animal,red_deer,foraging,1,train
E737,S3_C2_E737_V0355,2,1.25,3.25,2.0,1.0,animal_detection,S3/C2/S3_C2_E737_V0355.mp4,S3,C2,4.5,1,animal,red_deer,foraging,1,train
E737,S3_C2_E737_V0355,3,0.75,3.75,3.0,1.0,animal_detection,S3/C2/S3_C2_E737_V0355.mp4,S3,C2,4.5,1,animal,red_deer,foraging,1,train
E738,S3_C2_E738_V0356,1,29.75,30.75,1.0,1.0,animal_detection,S3/C2/S3_C2_E738_V0356.mp4,S3,C2,60.5,1,animal,red_deer,"foraging,unknown,vigilance",1,train
E738,S3_C2_E738_V0356,2,29.25,31.25,2.0,1.0,animal_detection,S3/C2/S3_C2_E738_V0356.mp4,S3,C2,60.5,1,animal,red_deer,"foraging,unknown,vigilance",1,train
E738,S3_C2_E738_V0356,3,28.75,31.75,3.0,1.0,animal_detection,S3/C2/S3_C2_E738_V0356.mp4,S3,C2,60.5,1,animal,red_deer,"foraging,unknown,vigilance",1,train
E739,S3_C2_E739_V0357,1,0.2666666666666667,1.2666666666666666,0.9999999999999999,0.9999999999999999,animal_detection,S3/C2/S3_C2_E739_V0357.mp4,S3,C2,60.5,1,animal,red_deer,unknown,1,train
E739,S3_C2_E739_V0357,2,0.0,2.0,1.5333333333333334,0.7666666666666667,animal_detection,S3/C2/S3_C2_E739_V0357.mp4,S3,C2,60.5,1,animal,red_deer,unknown,1,train
E739,S3_C2_E739_V0357,3,0.0,3.0,1.5333333333333334,0.5111111111111112,animal_detection,S3/C2/S3_C2_E739_V0357.mp4,S3,C2,60.5,1,animal,red_deer,unknown,1,train
E741,S3_C2_E741_V0359,1,11.083333333333334,12.083333333333334,1.0,1.0,animal_detection,S3/C2/S3_C2_E741_V0359.mp4,S3,C2,60.5,1,animal,red_deer,vigilance,1,train
E741,S3_C2_E741_V0359,2,10.583333333333334,12.583333333333334,2.0,1.0,animal_detection,S3/C2/S3_C2_E741_V0359.mp4,S3,C2,60.5,1,animal,red_deer,vigilance,1,train
E741,S3_C2_E741_V0359,3,10.083333333333334,13.083333333333334,3.0,1.0,animal_detection,S3/C2/S3_C2_E741_V0359.mp4,S3,C2,60.5,1,animal,red_deer,vigilance,1,train
E742,S3_C2_E742_V0360,1,9.75,10.75,1.0,1.0,animal_detection,S3/C2/S3_C2_E742_V0360.mp4,S3,C2,20.5,1,animal,red_deer,"foraging,unknown",1,train
E742,S3_C2_E742_V0361,1,9.75,10.75,1.0,1.0,animal_detection,S3/C2/S3_C2_E742_V0361.mp4,S3,C2,20.5,1,animal,red_deer,"foraging,unknown",1,train
E742,S3_C2_E742_V0361,2,9.25,11.25,2.0,1.0,animal_detection,S3/C2/S3_C2_E742_V0361.mp4,S3,C2,20.5,1,animal,red_deer,"foraging,unknown",1,train
E742,S3_C2_E742_V0360,2,9.25,11.25,2.0,1.0,animal_detection,S3/C2/S3_C2_E742_V0360.mp4,S3,C2,20.5,1,animal,red_deer,"foraging,unknown",1,train
E742,S3_C2_E742_V0360,3,8.75,11.75,3.0,1.0,animal_detection,S3/C2/S3_C2_E742_V0360.mp4,S3,C2,20.5,1,animal,red_deer,"foraging,unknown",1,train
E742,S3_C2_E742_V0361,3,8.75,11.75,3.0,1.0,animal_detection,S3/C2/S3_C2_E742_V0361.mp4,S3,C2,20.5,1,animal,red_deer,"foraging,unknown",1,train
E743,S3_C2_E743_V0362,1,3.7333333333333334,4.733333333333333,1.0,1.0,animal_detection,S3/C2/S3_C2_E743_V0362.mp4,S3,C2,18.5,1,animal,red_deer,foraging,1,train
E743,S3_C2_E743_V0362,2,3.2333333333333334,5.233333333333333,2.0,1.0,animal_detection,S3/C2/S3_C2_E743_V0362.mp4,S3,C2,18.5,1,animal,red_deer,foraging,1,train
E743,S3_C2_E743_V0362,3,2.7333333333333334,5.733333333333333,3.0,1.0,animal_detection,S3/C2/S3_C2_E743_V0362.mp4,S3,C2,18.5,1,animal,red_deer,foraging,1,train
E744,S3_C2_E744_V0363,1,0.35,1.35,1.0,1.0,animal_detection,S3/C2/S3_C2_E744_V0363.mp4,S3,C2,2.0,1,animal,red_deer,foraging,1,train
E744,S3_C2_E744_V0363,2,0.0,2.0,1.7,0.85,animal_detection,S3/C2/S3_C2_E744_V0363.mp4,S3,C2,2.0,1,animal,red_deer,foraging,1,train
E745,S3_C2_E745_V0371,1,0.4666666666666667,1.4666666666666668,1.0,1.0,animal_detection,S3/C2/S3_C2_E745_V0371.mp4,S3,C2,2.0,1,animal,red_deer,foraging,1,train
E745,S3_C2_E745_V0371,2,0.0,2.0,1.9333333333333333,0.9666666666666667,animal_detection,S3/C2/S3_C2_E745_V0371.mp4,S3,C2,2.0,1,animal,red_deer,foraging,1,train
E746,S3_C2_E746_V0376,1,0.1333333333333333,1.1333333333333333,1.0,1.0,animal_detection,S3/C2/S3_C2_E746_V0376.mp4,S3,C2,1.5,1,animal,red_deer,foraging,2,train
E746,S3_C2_E746_V0375,1,0.25,1.25,1.0,1.0,animal_detection,S3/C2/S3_C2_E746_V0375.mp4,S3,C2,1.5,1,animal,red_deer,foraging,2,train
E746,S3_C2_E746_V0374,1,0.3833333333333333,1.3833333333333333,1.0,1.0,animal_detection,S3/C2/S3_C2_E746_V0374.mp4,S3,C2,2.0,1,animal,red_deer,foraging,2,train
E746,S3_C2_E746_V0374,2,0.0,2.0,1.7666666666666666,0.8833333333333333,animal_detection,S3/C2/S3_C2_E746_V0374.mp4,S3,C2,2.0,1,animal,red_deer,foraging,2,train
E747,S3_C2_E747_V0377,1,0.25,1.25,1.0,1.0,animal_detection,S3/C2/S3_C2_E747_V0377.mp4,S3,C2,1.5,1,animal,red_deer,foraging,1,train
E750,S3_C2_E750_V0381,1,0.0,1.0,0.0,0.0,background,S3/C2/S3_C2_E750_V0381.mp4,S3,C2,60.5,0,background,none,none,0,train
E750,S3_C2_E750_V0381,1,29.75,30.75,0.0,0.0,background,S3/C2/S3_C2_E750_V0381.mp4,S3,C2,60.5,0,background,none,none,0,train
E750,S3_C2_E750_V0381,1,59.5,60.5,0.0,0.0,background,S3/C2/S3_C2_E750_V0381.mp4,S3,C2,60.5,0,background,none,none,0,train
E750,S3_C2_E750_V0381,2,0.0,2.0,0.0,0.0,background,S3/C2/S3_C2_E750_V0381.mp4,S3,C2,60.5,0,background,none,none,0,train
E750,S3_C2_E750_V0381,2,29.25,31.25,0.0,0.0,background,S3/C2/S3_C2_E750_V0381.mp4,S3,C2,60.5,0,background,none,none,0,train
E750,S3_C2_E750_V0381,2,58.5,60.5,0.0,0.0,background,S3/C2/S3_C2_E750_V0381.mp4,S3,C2,60.5,0,background,none,none,0,train
E750,S3_C2_E750_V0381,3,0.0,3.0,0.0,0.0,background,S3/C2/S3_C2_E750_V0381.mp4,S3,C2,60.5,0,background,none,none,0,train
E750,S3_C2_E750_V0381,3,28.75,31.75,0.0,0.0,background,S3/C2/S3_C2_E750_V0381.mp4,S3,C2,60.5,0,background,none,none,0,train
E750,S3_C2_E750_V0381,3,57.5,60.5,0.0,0.0,background,S3/C2/S3_C2_E750_V0381.mp4,S3,C2,60.5,0,background,none,none,0,train
E751,S3_C2_E751_V0386,1,1.5666666666666669,2.566666666666667,1.0,1.0,animal_detection,S3/C2/S3_C2_E751_V0386.mp4,S3,C2,4.5,1,animal,red_deer,"foraging,vigilance",1,train
E751,S3_C2_E751_V0385,1,3.583333333333333,4.583333333333333,1.0,1.0,animal_detection,S3/C2/S3_C2_E751_V0385.mp4,S3,C2,8.5,1,animal,red_deer,"foraging,vigilance",1,train
E751,S3_C2_E751_V0384,1,7.283333333333333,8.283333333333333,1.0,1.0,animal_detection,S3/C2/S3_C2_E751_V0384.mp4,S3,C2,16.0,1,animal,red_deer,"foraging,vigilance",1,train
E751,S3_C2_E751_V0386,2,1.0666666666666669,3.066666666666667,2.0,1.0,animal_detection,S3/C2/S3_C2_E751_V0386.mp4,S3,C2,4.5,1,animal,red_deer,"foraging,vigilance",1,train
E751,S3_C2_E751_V0385,2,3.083333333333333,5.083333333333333,2.0,1.0,animal_detection,S3/C2/S3_C2_E751_V0385.mp4,S3,C2,8.5,1,animal,red_deer,"foraging,vigilance",1,train
E751,S3_C2_E751_V0384,2,6.783333333333333,8.783333333333333,2.0,1.0,animal_detection,S3/C2/S3_C2_E751_V0384.mp4,S3,C2,16.0,1,animal,red_deer,"foraging,vigilance",1,train
E751,S3_C2_E751_V0385,3,2.583333333333333,5.583333333333333,3.0,1.0,animal_detection,S3/C2/S3_C2_E751_V0385.mp4,S3,C2,8.5,1,animal,red_deer,"foraging,vigilance",1,train
E751,S3_C2_E751_V0383,3,8.283333333333333,11.283333333333333,3.0,1.0,animal_detection,S3/C2/S3_C2_E751_V0383.mp4,S3,C2,20.0,1,animal,red_deer,"foraging,vigilance",1,train
E751,S3_C2_E751_V0382,3,8.75,11.75,3.0,1.0,animal_detection,S3/C2/S3_C2_E751_V0382.mp4,S3,C2,20.5,1,animal,red_deer,"foraging,vigilance",1,train
E752,S3_C2_E752_V0387,1,3.8666666666666663,4.866666666666666,1.0,1.0,animal_detection,S3/C2/S3_C2_E752_V0387.mp4,S3,C2,12.0,1,animal,red_deer,vigilance,1,train
E752,S3_C2_E752_V0387,2,3.3666666666666663,5.366666666666666,2.0,1.0,animal_detection,S3/C2/S3_C2_E752_V0387.mp4,S3,C2,12.0,1,animal,red_deer,vigilance,1,train
E752,S3_C2_E752_V0387,3,2.8666666666666663,5.866666666666666,3.0,1.0,animal_detection,S3/C2/S3_C2_E752_V0387.mp4,S3,C2,12.0,1,animal,red_deer,vigilance,1,train
E753,S3_C2_E753_V0389,1,0.3666666666666667,1.3666666666666667,1.0,1.0,animal_detection,S3/C2/S3_C2_E753_V0389.mp4,S3,C2,2.0,1,animal,red_deer,foraging,1,train
E753,S3_C2_E753_V0388,1,3.4833333333333334,4.483333333333333,1.0,1.0,animal_detection,S3/C2/S3_C2_E753_V0388.mp4,S3,C2,8.0,1,animal,red_deer,foraging,1,train
E753,S3_C2_E753_V0389,2,0.0,2.0,1.7333333333333334,0.8666666666666667,animal_detection,S3/C2/S3_C2_E753_V0389.mp4,S3,C2,2.0,1,animal,red_deer,foraging,1,train
E753,S3_C2_E753_V0388,2,2.9833333333333334,4.983333333333333,2.0,1.0,animal_detection,S3/C2/S3_C2_E753_V0388.mp4,S3,C2,8.0,1,animal,red_deer,foraging,1,train
E753,S3_C2_E753_V0388,3,2.4833333333333334,5.483333333333333,3.0,1.0,animal_detection,S3/C2/S3_C2_E753_V0388.mp4,S3,C2,8.0,1,animal,red_deer,foraging,1,train
E754,S3_C2_E754_V0390,1,2.8666666666666667,3.8666666666666667,1.0,1.0,animal_detection,S3/C2/S3_C2_E754_V0390.mp4,S3,C2,7.0,1,animal,red_deer,foraging,1,train
E754,S3_C2_E754_V0390,2,2.3666666666666667,4.366666666666667,2.0000000000000004,1.0000000000000002,animal_detection,S3/C2/S3_C2_E754_V0390.mp4,S3,C2,7.0,1,animal,red_deer,foraging,1,train
E754,S3_C2_E754_V0390,3,1.8666666666666667,4.866666666666667,3.0000000000000004,1.0000000000000002,animal_detection,S3/C2/S3_C2_E754_V0390.mp4,S3,C2,7.0,1,animal,red_deer,foraging,1,train
E756,S3_C2_E756_V0392,1,1.4666666666666666,2.466666666666667,1.0000000000000002,1.0000000000000002,animal_detection,S3/C2/S3_C2_E756_V0392.mp4,S3,C2,4.0,1,animal,red_deer,foraging,1,train
E756,S3_C2_E756_V0392,2,0.9666666666666666,2.966666666666667,2.0,1.0,animal_detection,S3/C2/S3_C2_E756_V0392.mp4,S3,C2,4.0,1,animal,red_deer,foraging,1,train
E756,S3_C2_E756_V0392,3,0.46666666666666656,3.466666666666667,3.0,1.0,animal_detection,S3/C2/S3_C2_E756_V0392.mp4,S3,C2,4.0,1,animal,red_deer,foraging,1,train
E757,S3_C2_E757_V0394,1,0.5833333333333333,1.5833333333333333,1.0,1.0,animal_detection,S3/C2/S3_C2_E757_V0394.mp4,S3,C2,2.5,1,animal,red_deer,"courtship,foraging",1,train
E757,S3_C2_E757_V0393,1,0.7,1.7,1.0,1.0,animal_detection,S3/C2/S3_C2_E757_V0393.mp4,S3,C2,2.5,1,animal,red_deer,"courtship,foraging",1,train
E757,S3_C2_E757_V0394,2,0.08333333333333326,2.083333333333333,1.9999999999999998,0.9999999999999999,animal_detection,S3/C2/S3_C2_E757_V0394.mp4,S3,C2,2.5,1,animal,red_deer,"courtship,foraging",1,train
E757,S3_C2_E757_V0393,2,0.19999999999999996,2.2,2.0,1.0,animal_detection,S3/C2/S3_C2_E757_V0393.mp4,S3,C2,2.5,1,animal,red_deer,"courtship,foraging",1,train
E758,S3_C2_E758_V0404,1,0.09999999999999998,1.1,1.0,1.0,animal_detection,S3/C2/S3_C2_E758_V0404.mp4,S3,C2,1.5,1,animal,red_deer,"courtship,foraging",1,train
E758,S3_C2_E758_V0403,1,0.25,1.25,1.0,1.0,animal_detection,S3/C2/S3_C2_E758_V0403.mp4,S3,C2,1.5,1,animal,red_deer,"courtship,foraging",1,train
E758,S3_C2_E758_V0399,1,0.5,1.5,1.0,1.0,animal_detection,S3/C2/S3_C2_E758_V0399.mp4,S3,C2,2.0,1,animal,red_deer,"courtship,foraging",1,train
E758,S3_C2_E758_V0399,2,0.0,2.0,2.0,1.0,animal_detection,S3/C2/S3_C2_E758_V0399.mp4,S3,C2,2.0,1,animal,red_deer,"courtship,foraging",1,train
E759,S3_C2_E759_V0407,1,0.25,1.25,1.0,1.0,animal_detection,S3/C2/S3_C2_E759_V0407.mp4,S3,C2,1.5,1,animal,red_deer,foraging,1,train
E760,S3_C2_E760_V0411,1,0.9333333333333333,1.9333333333333333,1.0,1.0,animal_detection,S3/C2/S3_C2_E760_V0411.mp4,S3,C2,60.5,1,animal,red_deer,"courtship,foraging,grooming,marking,unknown,vigilance",1,train
E760,S3_C2_E760_V0409,1,29.75,30.75,1.0,1.0,animal_detection,S3/C2/S3_C2_E760_V0409.mp4,S3,C2,60.5,1,animal,red_deer,"courtship,foraging,grooming,marking,unknown,vigilance",1,train
E760,S3_C2_E760_V0410,1,29.75,30.75,1.0,1.0,animal_detection,S3/C2/S3_C2_E760_V0410.mp4,S3,C2,60.5,1,animal,red_deer,"courtship,foraging,grooming,marking,unknown,vigilance",1,train
E760,S3_C2_E760_V0411,2,0.43333333333333335,2.4333333333333336,2.0,1.0,animal_detection,S3/C2/S3_C2_E760_V0411.mp4,S3,C2,60.5,1,animal,red_deer,"courtship,foraging,grooming,marking,unknown,vigilance",1,train
E760,S3_C2_E760_V0409,2,29.25,31.25,2.0,1.0,animal_detection,S3/C2/S3_C2_E760_V0409.mp4,S3,C2,60.5,1,animal,red_deer,"courtship,foraging,grooming,marking,unknown,vigilance",1,train
E760,S3_C2_E760_V0410,2,29.25,31.25,2.0,1.0,animal_detection,S3/C2/S3_C2_E760_V0410.mp4,S3,C2,60.5,1,animal,red_deer,"courtship,foraging,grooming,marking,unknown,vigilance",1,train
E760,S3_C2_E760_V0411,3,0.0,3.0,2.8666666666666667,0.9555555555555556,animal_detection,S3/C2/S3_C2_E760_V0411.mp4,S3,C2,60.5,1,animal,red_deer,"courtship,foraging,grooming,marking,unknown,vigilance",1,train
E760,S3_C2_E760_V0409,3,28.75,31.75,3.0,1.0,animal_detection,S3/C2/S3_C2_E760_V0409.mp4,S3,C2,60.5,1,animal,red_deer,"courtship,foraging,grooming,marking,unknown,vigilance",1,train
E760,S3_C2_E760_V0410,3,28.75,31.75,3.0,1.0,animal_detection,S3/C2/S3_C2_E760_V0410.mp4,S3,C2,60.5,1,animal,red_deer,"courtship,foraging,grooming,marking,unknown,vigilance",1,train
E762,S3_C2_E762_V0413,1,19.466666666666665,20.466666666666665,1.0,1.0,animal_detection,S3/C2/S3_C2_E762_V0413.mp4,S3,C2,60.5,1,animal,red_deer,"foraging,grooming,marking,unknown,vigilance",1,train
E762,S3_C2_E762_V0412,1,29.75,30.75,1.0,1.0,animal_detection,S3/C2/S3_C2_E762_V0412.mp4,S3,C2,60.5,1,animal,red_deer,"foraging,grooming,marking,unknown,vigilance",1,train
E762,S3_C2_E762_V0413,2,18.966666666666665,20.966666666666665,2.0,1.0,animal_detection,S3/C2/S3_C2_E762_V0413.mp4,S3,C2,60.5,1,animal,red_deer,"foraging,grooming,marking,unknown,vigilance",1,train
E762,S3_C2_E762_V0412,2,29.25,31.25,2.0,1.0,animal_detection,S3/C2/S3_C2_E762_V0412.mp4,S3,C2,60.5,1,animal,red_deer,"foraging,grooming,marking,unknown,vigilance",1,train
E762,S3_C2_E762_V0413,3,18.466666666666665,21.466666666666665,3.0,1.0,animal_detection,S3/C2/S3_C2_E762_V0413.mp4,S3,C2,60.5,1,animal,red_deer,"foraging,grooming,marking,unknown,vigilance",1,train
E762,S3_C2_E762_V0412,3,28.75,31.75,3.0,1.0,animal_detection,S3/C2/S3_C2_E762_V0412.mp4,S3,C2,60.5,1,animal,red_deer,"foraging,grooming,marking,unknown,vigilance",1,train
E763,S3_C2_E763_V0416,1,4.5,5.5,1.0,1.0,animal_detection,S3/C2/S3_C2_E763_V0416.mp4,S3,C2,10.0,1,animal,red_deer,"courtship,foraging,marking,vigilance",1,train
E763,S3_C2_E763_V0415,1,8.0,9.0,1.0,1.0,animal_detection,S3/C2/S3_C2_E763_V0415.mp4,S3,C2,17.0,1,animal,red_deer,"courtship,foraging,marking,vigilance",1,train
E763,S3_C2_E763_V0414,1,29.75,30.75,1.0,1.0,animal_detection,S3/C2/S3_C2_E763_V0414.mp4,S3,C2,60.5,1,animal,red_deer,"courtship,foraging,marking,vigilance",1,train
E763,S3_C2_E763_V0416,2,4.0,6.0,2.0,1.0,animal_detection,S3/C2/S3_C2_E763_V0416.mp4,S3,C2,10.0,1,animal,red_deer,"courtship,foraging,marking,vigilance",1,train
E763,S3_C2_E763_V0415,2,7.5,9.5,2.0,1.0,animal_detection,S3/C2/S3_C2_E763_V0415.mp4,S3,C2,17.0,1,animal,red_deer,"courtship,foraging,marking,vigilance",1,train
E763,S3_C2_E763_V0414,2,29.25,31.25,2.0,1.0,animal_detection,S3/C2/S3_C2_E763_V0414.mp4,S3,C2,60.5,1,animal,red_deer,"courtship,foraging,marking,vigilance",1,train
E763,S3_C2_E763_V0416,3,3.5,6.5,3.0,1.0,animal_detection,S3/C2/S3_C2_E763_V0416.mp4,S3,C2,10.0,1,animal,red_deer,"courtship,foraging,marking,vigilance",1,train
E763,S3_C2_E763_V0415,3,7.0,10.0,3.0,1.0,animal_detection,S3/C2/S3_C2_E763_V0415.mp4,S3,C2,17.0,1,animal,red_deer,"courtship,foraging,marking,vigilance",1,train
E763,S3_C2_E763_V0414,3,28.75,31.75,3.0,1.0,animal_detection,S3/C2/S3_C2_E763_V0414.mp4,S3,C2,60.5,1,animal,red_deer,"courtship,foraging,marking,vigilance",1,train
E764,S3_C2_E764_V0423,1,0.09999999999999998,1.1,1.0,1.0,animal_detection,S3/C2/S3_C2_E764_V0423.mp4,S3,C2,1.5,1,animal,red_deer,"foraging,grooming,marking,unknown,vigilance",1,train
E764,S3_C2_E764_V0417,1,0.33333333333333337,1.3333333333333335,1.0,1.0,animal_detection,S3/C2/S3_C2_E764_V0417.mp4,S3,C2,2.0,1,animal,red_deer,"foraging,grooming,marking,unknown,vigilance",1,train
E764,S3_C2_E764_V0420,1,0.55,1.55,1.0,1.0,animal_detection,S3/C2/S3_C2_E764_V0420.mp4,S3,C2,2.5,1,animal,red_deer,"foraging,grooming,marking,unknown,vigilance",1,train
E764,S3_C2_E764_V0424,2,0.0,2.0,1.9333333333333333,0.9666666666666667,animal_detection,S3/C2/S3_C2_E764_V0424.mp4,S3,C2,2.0,1,animal,red_deer,"foraging,grooming,marking,unknown,vigilance",1,train
E764,S3_C2_E764_V0417,2,0.0,2.0,1.6666666666666667,0.8333333333333334,animal_detection,S3/C2/S3_C2_E764_V0417.mp4,S3,C2,2.0,1,animal,red_deer,"foraging,grooming,marking,unknown,vigilance",1,train
E764,S3_C2_E764_V0422,2,0.0,2.0,1.8333333333333333,0.9166666666666666,animal_detection,S3/C2/S3_C2_E764_V0422.mp4,S3,C2,2.0,1,animal,red_deer,"foraging,grooming,marking,unknown,vigilance",1,train
E765,S3_C2_E765_V0427,1,29.75,30.75,1.0,1.0,animal_detection,S3/C2/S3_C2_E765_V0427.mp4,S3,C2,60.5,1,animal,red_deer,"courtship,foraging,marking,vigilance",1,train
E765,S3_C2_E765_V0425,1,29.75,30.75,1.0,1.0,animal_detection,S3/C2/S3_C2_E765_V0425.mp4,S3,C2,60.5,1,animal,red_deer,"courtship,foraging,marking,vigilance",1,train
E765,S3_C2_E765_V0426,1,29.75,30.75,1.0,1.0,animal_detection,S3/C2/S3_C2_E765_V0426.mp4,S3,C2,60.5,1,animal,red_deer,"courtship,foraging,marking,vigilance",1,train
E765,S3_C2_E765_V0428,2,13.166666666666666,15.166666666666666,2.0,1.0,animal_detection,S3/C2/S3_C2_E765_V0428.mp4,S3,C2,60.5,1,animal,red_deer,"courtship,foraging,marking,vigilance",1,train
E765,S3_C2_E765_V0426,2,29.25,31.25,2.0,1.0,animal_detection,S3/C2/S3_C2_E765_V0426.mp4,S3,C2,60.5,1,animal,red_deer,"courtship,foraging,marking,vigilance",1,train
E765,S3_C2_E765_V0425,2,29.25,31.25,2.0,1.0,animal_detection,S3/C2/S3_C2_E765_V0425.mp4,S3,C2,60.5,1,animal,red_deer,"courtship,foraging,marking,vigilance",1,train
E765,S3_C2_E765_V0428,3,12.666666666666666,15.666666666666666,3.0,1.0,animal_detection,S3/C2/S3_C2_E765_V0428.mp4,S3,C2,60.5,1,animal,red_deer,"courtship,foraging,marking,vigilance",1,train
E765,S3_C2_E765_V0427,3,28.75,31.75,3.0,1.0,animal_detection,S3/C2/S3_C2_E765_V0427.mp4,S3,C2,60.5,1,animal,red_deer,"courtship,foraging,marking,vigilance",1,train
E765,S3_C2_E765_V0425,3,28.75,31.75,3.0,1.0,animal_detection,S3/C2/S3_C2_E765_V0425.mp4,S3,C2,60.5,1,animal,red_deer,"courtship,foraging,marking,vigilance",1,train
E766,S3_C2_E766_V0432,1,16.083333333333332,17.083333333333332,1.0,1.0,animal_detection,S3/C2/S3_C2_E766_V0432.mp4,S3,C2,60.5,1,animal,red_deer,"foraging,grooming,marking,unknown,vigilance",1,train
E766,S3_C2_E766_V0431,1,29.75,30.75,1.0,1.0,animal_detection,S3/C2/S3_C2_E766_V0431.mp4,S3,C2,60.5,1,animal,red_deer,"foraging,grooming,marking,unknown,vigilance",1,train
E766,S3_C2_E766_V0430,1,29.75,30.75,1.0,1.0,animal_detection,S3/C2/S3_C2_E766_V0430.mp4,S3,C2,60.5,1,animal,red_deer,"foraging,grooming,marking,unknown,vigilance",1,train
E766,S3_C2_E766_V0432,2,15.583333333333332,17.583333333333332,2.0,1.0,animal_detection,S3/C2/S3_C2_E766_V0432.mp4,S3,C2,60.5,1,animal,red_deer,"foraging,grooming,marking,unknown,vigilance",1,train
E766,S3_C2_E766_V0430,2,29.25,31.25,2.0,1.0,animal_detection,S3/C2/S3_C2_E766_V0430.mp4,S3,C2,60.5,1,animal,red_deer,"foraging,grooming,marking,unknown,vigilance",1,train
E766,S3_C2_E766_V0429,2,29.25,31.25,2.0,1.0,animal_detection,S3/C2/S3_C2_E766_V0429.mp4,S3,C2,60.5,1,animal,red_deer,"foraging,grooming,marking,unknown,vigilance",1,train
E766,S3_C2_E766_V0432,3,15.083333333333332,18.083333333333332,3.0,1.0,animal_detection,S3/C2/S3_C2_E766_V0432.mp4,S3,C2,60.5,1,animal,red_deer,"foraging,grooming,marking,unknown,vigilance",1,train
E766,S3_C2_E766_V0430,3,28.75,31.75,3.0,1.0,animal_detection,S3/C2/S3_C2_E766_V0430.mp4,S3,C2,60.5,1,animal,red_deer,"foraging,grooming,marking,unknown,vigilance",1,train
E766,S3_C2_E766_V0431,3,28.75,31.75,3.0,1.0,animal_detection,S3/C2/S3_C2_E766_V0431.mp4,S3,C2,60.5,1,animal,red_deer,"foraging,grooming,marking,unknown,vigilance",1,train
E768,S3_C2_E768_V0433,1,29.75,30.75,1.0,1.0,animal_detection,S3/C2/S3_C2_E768_V0433.mp4,S3,C2,60.5,1,animal,red_deer,"foraging,marking,unknown",2,train
E768,S3_C2_E768_V0433,2,29.25,31.25,2.0,1.0,animal_detection,S3/C2/S3_C2_E768_V0433.mp4,S3,C2,60.5,1,animal,red_deer,"foraging,marking,unknown",2,train
E768,S3_C2_E768_V0433,3,28.75,31.75,3.0,1.0,animal_detection,S3/C2/S3_C2_E768_V0433.mp4,S3,C2,60.5,1,animal,red_deer,"foraging,marking,unknown",2,train
E769,S3_C2_E769_V0441,1,20.183333333333334,21.183333333333334,1.0,1.0,animal_detection,S3/C2/S3_C2_E769_V0441.mp4,S3,C2,60.5,1,animal,red_deer,"camera_reaction,courtship,foraging,grooming,marking,unknown,vigilance",1,train
E769,S3_C2_E769_V0439,1,29.75,30.75,1.0,1.0,animal_detection,S3/C2/S3_C2_E769_V0439.mp4,S3,C2,60.5,1,animal,red_deer,"camera_reaction,courtship,foraging,grooming,marking,unknown,vigilance",1,train
E769,S3_C2_E769_V0440,1,29.75,30.75,1.0,1.0,animal_detection,S3/C2/S3_C2_E769_V0440.mp4,S3,C2,60.5,1,animal,red_deer,"camera_reaction,courtship,foraging,grooming,marking,unknown,vigilance",1,train
E769,S3_C2_E769_V0435,2,29.25,31.25,2.0,1.0,animal_detection,S3/C2/S3_C2_E769_V0435.mp4,S3,C2,60.5,1,animal,red_deer,"camera_reaction,courtship,foraging,grooming,marking,unknown,vigilance",1,train
E769,S3_C2_E769_V0436,2,29.25,31.25,2.0,1.0,animal_detection,S3/C2/S3_C2_E769_V0436.mp4,S3,C2,60.5,1,animal,red_deer,"camera_reaction,courtship,foraging,grooming,marking,unknown,vigilance",1,train
E769,S3_C2_E769_V0434,2,29.25,31.25,2.0,1.0,animal_detection,S3/C2/S3_C2_E769_V0434.mp4,S3,C2,60.5,1,animal,red_deer,"camera_reaction,courtship,foraging,grooming,marking,unknown,vigilance",1,train
E769,S3_C2_E769_V0435,3,28.75,31.75,3.0,1.0,animal_detection,S3/C2/S3_C2_E769_V0435.mp4,S3,C2,60.5,1,animal,red_deer,"camera_reaction,courtship,foraging,grooming,marking,unknown,vigilance",1,train
E769,S3_C2_E769_V0438,3,28.75,31.75,3.0,1.0,animal_detection,S3/C2/S3_C2_E769_V0438.mp4,S3,C2,60.5,1,animal,red_deer,"camera_reaction,courtship,foraging,grooming,marking,unknown,vigilance",1,train
E769,S3_C2_E769_V0436,3,28.75,31.75,3.0,1.0,animal_detection,S3/C2/S3_C2_E769_V0436.mp4,S3,C2,60.5,1,animal,red_deer,"camera_reaction,courtship,foraging,grooming,marking,unknown,vigilance",1,train
E773,S3_C2_E773_V0455,1,0.41666666666666663,1.4166666666666665,0.9999999999999999,0.9999999999999999,animal_detection,S3/C2/S3_C2_E773_V0455.mp4,S3,C2,2.0,1,animal,red_deer,vigilance,1,train
E773,S3_C2_E773_V0455,2,0.0,2.0,1.8333333333333333,0.9166666666666666,animal_detection,S3/C2/S3_C2_E773_V0455.mp4,S3,C2,2.0,1,animal,red_deer,vigilance,1,train
E774,S3_C2_E774_V0456,1,0.30000000000000004,1.3,1.0,1.0,animal_detection,S3/C2/S3_C2_E774_V0456.mp4,S3,C2,2.0,1,animal,red_deer,"courtship,unknown",3+,train
E774,S3_C2_E774_V0456,2,0.0,2.0,1.6,0.8,animal_detection,S3/C2/S3_C2_E774_V0456.mp4,S3,C2,2.0,1,animal,red_deer,"courtship,unknown",3+,train
E777,S3_C2_E777_V0463,1,5.0,6.0,1.0,1.0,animal_detection,S3/C2/S3_C2_E777_V0463.mp4,S3,C2,11.0,1,animal,red_deer,foraging,3+,train
E777,S3_C2_E777_V0463,2,4.5,6.5,2.0,1.0,animal_detection,S3/C2/S3_C2_E777_V0463.mp4,S3,C2,11.0,1,animal,red_deer,foraging,3+,train
E777,S3_C2_E777_V0463,3,4.0,7.0,3.0,1.0,animal_detection,S3/C2/S3_C2_E777_V0463.mp4,S3,C2,11.0,1,animal,red_deer,foraging,3+,train
E778,S3_C2_E778_V0465,1,3.8666666666666663,4.866666666666666,1.0,1.0,animal_detection,S3/C2/S3_C2_E778_V0465.mp4,S3,C2,60.5,1,animal,red_deer,"foraging,grooming,unknown",1,train
E778,S3_C2_E778_V0464,1,29.75,30.75,1.0,1.0,animal_detection,S3/C2/S3_C2_E778_V0464.mp4,S3,C2,60.5,1,animal,red_deer,"foraging,grooming,unknown",1,train
E778,S3_C2_E778_V0465,2,3.3666666666666663,5.366666666666666,2.0,1.0,animal_detection,S3/C2/S3_C2_E778_V0465.mp4,S3,C2,60.5,1,animal,red_deer,"foraging,grooming,unknown",1,train
E778,S3_C2_E778_V0464,2,29.25,31.25,2.0,1.0,animal_detection,S3/C2/S3_C2_E778_V0464.mp4,S3,C2,60.5,1,animal,red_deer,"foraging,grooming,unknown",1,train
E778,S3_C2_E778_V0465,3,2.8666666666666663,5.866666666666666,3.0,1.0,animal_detection,S3/C2/S3_C2_E778_V0465.mp4,S3,C2,60.5,1,animal,red_deer,"foraging,grooming,unknown",1,train
E778,S3_C2_E778_V0464,3,28.75,31.75,3.0,1.0,animal_detection,S3/C2/S3_C2_E778_V0464.mp4,S3,C2,60.5,1,animal,red_deer,"foraging,grooming,unknown",1,train
E779,S3_C2_E779_V0466,1,0.0,1.0,0.0,0.0,background,S3/C2/S3_C2_E779_V0466.mp4,S3,C2,60.5,0,background,none,none,0,train
E779,S3_C2_E779_V0466,1,29.75,30.75,0.0,0.0,background,S3/C2/S3_C2_E779_V0466.mp4,S3,C2,60.5,0,background,none,none,0,train
E779,S3_C2_E779_V0466,1,59.5,60.5,0.0,0.0,background,S3/C2/S3_C2_E779_V0466.mp4,S3,C2,60.5,0,background,none,none,0,train
E779,S3_C2_E779_V0466,2,0.0,2.0,0.0,0.0,background,S3/C2/S3_C2_E779_V0466.mp4,S3,C2,60.5,0,background,none,none,0,train
E779,S3_C2_E779_V0466,2,29.25,31.25,0.0,0.0,background,S3/C2/S3_C2_E779_V0466.mp4,S3,C2,60.5,0,background,none,none,0,train
E779,S3_C2_E779_V0466,2,58.5,60.5,0.0,0.0,background,S3/C2/S3_C2_E779_V0466.mp4,S3,C2,60.5,0,background,none,none,0,train
E779,S3_C2_E779_V0466,3,0.0,3.0,0.0,0.0,background,S3/C2/S3_C2_E779_V0466.mp4,S3,C2,60.5,0,background,none,none,0,train
E779,S3_C2_E779_V0466,3,28.75,31.75,0.0,0.0,background,S3/C2/S3_C2_E779_V0466.mp4,S3,C2,60.5,0,background,none,none,0,train
E779,S3_C2_E779_V0466,3,57.5,60.5,0.0,0.0,background,S3/C2/S3_C2_E779_V0466.mp4,S3,C2,60.5,0,background,none,none,0,train
E780,S3_C2_E780_V0472,1,29.75,30.75,1.0,1.0,animal_detection,S3/C2/S3_C2_E780_V0472.mp4,S3,C2,60.5,1,animal,red_deer,"courtship,foraging,grooming,marking,unknown,vigilance",1,train
E780,S3_C2_E780_V0467,1,29.75,30.75,1.0,1.0,animal_detection,S3/C2/S3_C2_E780_V0467.mp4,S3,C2,60.5,1,animal,red_deer,"courtship,foraging,grooming,marking,unknown,vigilance",1,train
E780,S3_C2_E780_V0468,1,29.75,30.75,1.0,1.0,animal_detection,S3/C2/S3_C2_E780_V0468.mp4,S3,C2,60.5,1,animal,red_deer,"courtship,foraging,grooming,marking,unknown,vigilance",1,train
E780,S3_C2_E780_V0471,2,29.25,31.25,2.0,1.0,animal_detection,S3/C2/S3_C2_E780_V0471.mp4,S3,C2,60.5,1,animal,red_deer,"courtship,foraging,grooming,marking,unknown,vigilance",1,train
E780,S3_C2_E780_V0467,2,29.25,31.25,2.0,1.0,animal_detection,S3/C2/S3_C2_E780_V0467.mp4,S3,C2,60.5,1,animal,red_deer,"courtship,foraging,grooming,marking,unknown,vigilance",1,train
E780,S3_C2_E780_V0469,2,29.25,31.25,2.0,1.0,animal_detection,S3/C2/S3_C2_E780_V0469.mp4,S3,C2,60.5,1,animal,red_deer,"courtship,foraging,grooming,marking,unknown,vigilance",1,train
E780,S3_C2_E780_V0469,3,28.75,31.75,3.0,1.0,animal_detection,S3/C2/S3_C2_E780_V0469.mp4,S3,C2,60.5,1,animal,red_deer,"courtship,foraging,grooming,marking,unknown,vigilance",1,train
E780,S3_C2_E780_V0467,3,28.75,31.75,3.0,1.0,animal_detection,S3/C2/S3_C2_E780_V0467.mp4,S3,C2,60.5,1,animal,red_deer,"courtship,foraging,grooming,marking,unknown,vigilance",1,train
E780,S3_C2_E780_V0470,3,28.75,31.75,3.0,1.0,animal_detection,S3/C2/S3_C2_E780_V0470.mp4,S3,C2,60.5,1,animal,red_deer,"courtship,foraging,grooming,marking,unknown,vigilance",1,train
E781,S3_C2_E781_V0473,1,0.5333333333333334,1.5333333333333334,1.0,1.0,animal_detection,S3/C2/S3_C2_E781_V0473.mp4,S3,C2,60.5,1,animal,red_deer,foraging,1,train
E781,S3_C2_E781_V0473,2,0.03333333333333344,2.033333333333333,1.9999999999999998,0.9999999999999999,animal_detection,S3/C2/S3_C2_E781_V0473.mp4,S3,C2,60.5,1,animal,red_deer,foraging,1,train
E781,S3_C2_E781_V0473,3,0.0,3.0,2.066666666666667,0.688888888888889,animal_detection,S3/C2/S3_C2_E781_V0473.mp4,S3,C2,60.5,1,animal,red_deer,foraging,1,train
E782,S3_C2_E782_V0476,1,0.25,1.25,1.0,1.0,animal_detection,S3/C2/S3_C2_E782_V0476.mp4,S3,C2,1.5,1,animal,red_deer,"courtship,foraging,vigilance",1,train
E782,S3_C2_E782_V0479,1,0.25,1.25,1.0,1.0,animal_detection,S3/C2/S3_C2_E782_V0479.mp4,S3,C2,1.5,1,animal,red_deer,"courtship,foraging,vigilance",1,train
E782,S3_C2_E782_V0480,1,0.25,1.25,1.0,1.0,animal_detection,S3/C2/S3_C2_E782_V0480.mp4,S3,C2,1.5,1,animal,red_deer,"courtship,foraging,vigilance",1,train
E782,S3_C2_E782_V0482,2,0.4833333333333334,2.4833333333333334,2.0,1.0,animal_detection,S3/C2/S3_C2_E782_V0482.mp4,S3,C2,3.0,1,animal,red_deer,"courtship,foraging,vigilance",1,train
E782,S3_C2_E782_V0481,2,0.5,2.5,2.0,1.0,animal_detection,S3/C2/S3_C2_E782_V0481.mp4,S3,C2,3.0,1,animal,red_deer,"courtship,foraging,vigilance",1,train
E782,S3_C2_E782_V0474,2,1.25,3.25,2.0,1.0,animal_detection,S3/C2/S3_C2_E782_V0474.mp4,S3,C2,4.5,1,animal,red_deer,"courtship,foraging,vigilance",1,train
E782,S3_C2_E782_V0481,3,0.0,3.0,3.0,1.0,animal_detection,S3/C2/S3_C2_E782_V0481.mp4,S3,C2,3.0,1,animal,red_deer,"courtship,foraging,vigilance",1,train
E782,S3_C2_E782_V0482,3,0.0,3.0,2.966666666666667,0.9888888888888889,animal_detection,S3/C2/S3_C2_E782_V0482.mp4,S3,C2,3.0,1,animal,red_deer,"courtship,foraging,vigilance",1,train
E782,S3_C2_E782_V0474,3,0.75,3.75,3.0,1.0,animal_detection,S3/C2/S3_C2_E782_V0474.mp4,S3,C2,4.5,1,animal,red_deer,"courtship,foraging,vigilance",1,train
E783,S3_C2_E783_V0485,1,0.16666666666666663,1.1666666666666665,0.9999999999999999,0.9999999999999999,animal_detection,S3/C2/S3_C2_E783_V0485.mp4,S3,C2,1.5,1,animal,red_deer,"foraging,grooming,resting",3+,train
E783,S3_C2_E783_V0484,1,0.21666666666666667,1.2166666666666668,1.0,1.0,animal_detection,S3/C2/S3_C2_E783_V0484.mp4,S3,C2,1.5,1,animal,red_deer,"foraging,grooming,resting",3+,train
E783,S3_C2_E783_V0483,1,0.2833333333333333,1.2833333333333332,0.9999999999999999,0.9999999999999999,animal_detection,S3/C2/S3_C2_E783_V0483.mp4,S3,C2,2.0,1,animal,red_deer,"foraging,grooming,resting",3+,train
E783,S3_C2_E783_V0483,2,0.0,2.0,1.5666666666666667,0.7833333333333333,animal_detection,S3/C2/S3_C2_E783_V0483.mp4,S3,C2,2.0,1,animal,red_deer,"foraging,grooming,resting",3+,train
E785,S3_C2_E785_V0498,1,0.2833333333333333,1.2833333333333332,0.9999999999999999,0.9999999999999999,animal_detection,S3/C2/S3_C2_E785_V0498.mp4,S3,C2,8.5,1,animal,red_deer,foraging,1,train
E785,S3_C2_E785_V0497,1,6.783333333333333,7.783333333333333,1.0,1.0,animal_detection,S3/C2/S3_C2_E785_V0497.mp4,S3,C2,15.0,1,animal,red_deer,foraging,1,train
E785,S3_C2_E785_V0498,2,0.0,2.0,1.5666666666666667,0.7833333333333333,animal_detection,S3/C2/S3_C2_E785_V0498.mp4,S3,C2,8.5,1,animal,red_deer,foraging,1,train
E785,S3_C2_E785_V0497,2,6.283333333333333,8.283333333333333,2.0,1.0,animal_detection,S3/C2/S3_C2_E785_V0497.mp4,S3,C2,15.0,1,animal,red_deer,foraging,1,train
E785,S3_C2_E785_V0498,3,0.0,3.0,1.5666666666666667,0.5222222222222223,animal_detection,S3/C2/S3_C2_E785_V0498.mp4,S3,C2,8.5,1,animal,red_deer,foraging,1,train
E785,S3_C2_E785_V0497,3,5.783333333333333,8.783333333333333,3.0,1.0,animal_detection,S3/C2/S3_C2_E785_V0497.mp4,S3,C2,15.0,1,animal,red_deer,foraging,1,train
E786,S3_C2_E786_V0503,1,0.15000000000000002,1.15,0.9999999999999999,0.9999999999999999,animal_detection,S3/C2/S3_C2_E786_V0503.mp4,S3,C2,1.5,1,animal,red_deer,"courtship,escaping,foraging,grooming,vigilance",2,train
E786,S3_C2_E786_V0502,1,0.8500000000000001,1.85,1.0,1.0,animal_detection,S3/C2/S3_C2_E786_V0502.mp4,S3,C2,3.0,1,animal,red_deer,"courtship,escaping,foraging,grooming,vigilance",2,train
E786,S3_C2_E786_V0504,1,2.216666666666667,3.216666666666667,1.0,1.0,animal_detection,S3/C2/S3_C2_E786_V0504.mp4,S3,C2,5.5,1,animal,red_deer,"courtship,escaping,foraging,grooming,vigilance",2,train
E786,S3_C2_E786_V0502,2,0.3500000000000001,2.35,2.0,1.0,animal_detection,S3/C2/S3_C2_E786_V0502.mp4,S3,C2,3.0,1,animal,red_deer,"courtship,escaping,foraging,grooming,vigilance",2,train
E786,S3_C2_E786_V0504,2,1.7166666666666668,3.716666666666667,2.0,1.0,animal_detection,S3/C2/S3_C2_E786_V0504.mp4,S3,C2,5.5,1,animal,red_deer,"courtship,escaping,foraging,grooming,vigilance",2,train
E786,S3_C2_E786_V0499,2,3.4833333333333334,5.483333333333333,2.0,1.0,animal_detection,S3/C2/S3_C2_E786_V0499.mp4,S3,C2,9.0,1,animal,red_deer,"courtship,escaping,foraging,grooming,vigilance",2,train
E786,S3_C2_E786_V0502,3,0.0,3.0,2.7,0.9,animal_detection,S3/C2/S3_C2_E786_V0502.mp4,S3,C2,3.0,1,animal,red_deer,"courtship,escaping,foraging,grooming,vigilance",2,train
E786,S3_C2_E786_V0500,3,0.5833333333333335,3.5833333333333335,3.0,1.0,animal_detection,S3/C2/S3_C2_E786_V0500.mp4,S3,C2,4.5,1,animal,red_deer,"courtship,escaping,foraging,grooming,vigilance",2,train
E786,S3_C2_E786_V0499,3,2.9833333333333334,5.983333333333333,3.0,1.0,animal_detection,S3/C2/S3_C2_E786_V0499.mp4,S3,C2,9.0,1,animal,red_deer,"courtship,escaping,foraging,grooming,vigilance",2,train
E787,S3_C2_E787_V0506,1,13.333333333333334,14.333333333333334,1.0,1.0,animal_detection,S3/C2/S3_C2_E787_V0506.mp4,S3,C2,60.5,1,animal,red_deer,"courtship,foraging,vigilance",1,train
E787,S3_C2_E787_V0506,2,12.833333333333334,14.833333333333334,2.0,1.0,animal_detection,S3/C2/S3_C2_E787_V0506.mp4,S3,C2,60.5,1,animal,red_deer,"courtship,foraging,vigilance",1,train
E787,S3_C2_E787_V0506,3,12.333333333333334,15.333333333333334,3.0,1.0,animal_detection,S3/C2/S3_C2_E787_V0506.mp4,S3,C2,60.5,1,animal,red_deer,"courtship,foraging,vigilance",1,train
E788,S3_C2_E788_V0511,1,0.16666666666666663,1.1666666666666665,0.9999999999999999,0.9999999999999999,animal_detection,S3/C2/S3_C2_E788_V0511.mp4,S3,C2,1.5,1,animal,red_deer,"courtship,foraging",2,train
E799,S3_C2_E799_V0535,1,29.75,30.75,1.0,1.0,animal_detection,S3/C2/S3_C2_E799_V0535.mp4,S3,C2,60.5,1,animal,red_deer,"courtship,foraging,resting,vigilance",1,train
E799,S3_C2_E799_V0535,2,29.25,31.25,2.0,1.0,animal_detection,S3/C2/S3_C2_E799_V0535.mp4,S3,C2,60.5,1,animal,red_deer,"courtship,foraging,resting,vigilance",1,train
E799,S3_C2_E799_V0535,3,28.75,31.75,3.0,1.0,animal_detection,S3/C2/S3_C2_E799_V0535.mp4,S3,C2,60.5,1,animal,red_deer,"courtship,foraging,resting,vigilance",1,train
E8,S1_C1_E8_V0024,1,2.1666666666666665,3.1666666666666665,1.0,1.0,animal_detection,S1/C1/S1_C1_E8_V0024.mp4,S1,C1,20.5,1,animal,red_deer,"camera_reaction,foraging,unknown,vigilance",2,train
E8,S1_C2_E8_V0022,1,9.75,10.75,1.0,1.0,animal_detection,S1/C2/S1_C2_E8_V0022.mp4,S1,C2,20.5,1,animal,red_deer,"camera_reaction,foraging,unknown,vigilance",2,train
E8,S1_C2_E8_V0021,1,9.9,10.9,1.0,1.0,animal_detection,S1/C2/S1_C2_E8_V0021.mp4,S1,C2,20.5,1,animal,red_deer,"camera_reaction,foraging,unknown,vigilance",2,train
E8,S1_C1_E8_V0024,2,1.6666666666666665,3.6666666666666665,2.0,1.0,animal_detection,S1/C1/S1_C1_E8_V0024.mp4,S1,C1,20.5,1,animal,red_deer,"camera_reaction,foraging,unknown,vigilance",2,train
E8,S1_C2_E8_V0024,2,9.25,11.25,2.0,1.0,animal_detection,S1/C2/S1_C2_E8_V0024.mp4,S1,C2,20.5,1,animal,red_deer,"camera_reaction,foraging,unknown,vigilance",2,train
E8,S1_C1_E8_V0028,2,9.25,11.25,2.0,1.0,animal_detection,S1/C1/S1_C1_E8_V0028.mp4,S1,C1,20.5,1,animal,red_deer,"camera_reaction,foraging,unknown,vigilance",2,train
E8,S1_C2_E8_V0023,3,3.8666666666666663,6.866666666666666,3.0,1.0,animal_detection,S1/C2/S1_C2_E8_V0023.mp4,S1,C2,20.5,1,animal,red_deer,"camera_reaction,foraging,unknown,vigilance",2,train
E8,S1_C2_E8_V0024,3,8.75,11.75,3.0,1.0,animal_detection,S1/C2/S1_C2_E8_V0024.mp4,S1,C2,20.5,1,animal,red_deer,"camera_reaction,foraging,unknown,vigilance",2,train
E8,S1_C2_E8_V0022,3,8.75,11.75,3.0,1.0,animal_detection,S1/C2/S1_C2_E8_V0022.mp4,S1,C2,20.5,1,animal,red_deer,"camera_reaction,foraging,unknown,vigilance",2,train
E800,S3_C2_E800_V0536,1,29.75,30.75,1.0,1.0,animal_detection,S3/C2/S3_C2_E800_V0536.mp4,S3,C2,60.5,1,animal,red_deer,"courtship,foraging,marking,vigilance",1,train
E800,S3_C2_E800_V0536,2,29.25,31.25,2.0,1.0,animal_detection,S3/C2/S3_C2_E800_V0536.mp4,S3,C2,60.5,1,animal,red_deer,"courtship,foraging,marking,vigilance",1,train
E800,S3_C2_E800_V0536,3,28.75,31.75,3.0,1.0,animal_detection,S3/C2/S3_C2_E800_V0536.mp4,S3,C2,60.5,1,animal,red_deer,"courtship,foraging,marking,vigilance",1,train
E801,S3_C2_E801_V0537,1,0.0,1.0,0.0,0.0,background,S3/C2/S3_C2_E801_V0537.mp4,S3,C2,60.5,0,background,none,none,0,train
E801,S3_C2_E801_V0537,1,29.75,30.75,0.0,0.0,background,S3/C2/S3_C2_E801_V0537.mp4,S3,C2,60.5,0,background,none,none,0,train
E801,S3_C2_E801_V0537,1,59.5,60.5,0.0,0.0,background,S3/C2/S3_C2_E801_V0537.mp4,S3,C2,60.5,0,background,none,none,0,train
E801,S3_C2_E801_V0537,2,0.0,2.0,0.0,0.0,background,S3/C2/S3_C2_E801_V0537.mp4,S3,C2,60.5,0,background,none,none,0,train
E801,S3_C2_E801_V0537,2,29.25,31.25,0.0,0.0,background,S3/C2/S3_C2_E801_V0537.mp4,S3,C2,60.5,0,background,none,none,0,train
E801,S3_C2_E801_V0537,2,58.5,60.5,0.0,0.0,background,S3/C2/S3_C2_E801_V0537.mp4,S3,C2,60.5,0,background,none,none,0,train
E801,S3_C2_E801_V0537,3,0.0,3.0,0.0,0.0,background,S3/C2/S3_C2_E801_V0537.mp4,S3,C2,60.5,0,background,none,none,0,train
E801,S3_C2_E801_V0537,3,28.75,31.75,0.0,0.0,background,S3/C2/S3_C2_E801_V0537.mp4,S3,C2,60.5,0,background,none,none,0,train
E801,S3_C2_E801_V0537,3,57.5,60.5,0.0,0.0,background,S3/C2/S3_C2_E801_V0537.mp4,S3,C2,60.5,0,background,none,none,0,train
E802,S3_C2_E802_V0538,1,29.75,30.75,1.0,1.0,animal_detection,S3/C2/S3_C2_E802_V0538.mp4,S3,C2,60.5,1,animal,red_deer,"courtship,foraging,marking,resting,unknown",1,train
E802,S3_C2_E802_V0538,2,29.25,31.25,2.0,1.0,animal_detection,S3/C2/S3_C2_E802_V0538.mp4,S3,C2,60.5,1,animal,red_deer,"courtship,foraging,marking,resting,unknown",1,train
E802,S3_C2_E802_V0538,3,28.75,31.75,3.0,1.0,animal_detection,S3/C2/S3_C2_E802_V0538.mp4,S3,C2,60.5,1,animal,red_deer,"courtship,foraging,marking,resting,unknown",1,train
E803,S3_C2_E803_V0540,1,2.683333333333333,3.683333333333333,1.0,1.0,animal_detection,S3/C2/S3_C2_E803_V0540.mp4,S3,C2,6.5,1,animal,red_deer,"foraging,grooming,marking,unknown,vigilance",2,train
E803,S3_C2_E803_V0542,1,2.9833333333333334,3.9833333333333334,1.0,1.0,animal_detection,S3/C2/S3_C2_E803_V0542.mp4,S3,C2,7.0,1,animal,red_deer,"foraging,grooming,marking,unknown,vigilance",2,train
E803,S3_C2_E803_V0539,1,4.583333333333333,5.583333333333333,1.0,1.0,animal_detection,S3/C2/S3_C2_E803_V0539.mp4,S3,C2,10.5,1,animal,red_deer,"foraging,grooming,marking,unknown,vigilance",2,train
E803,S3_C2_E803_V0544,2,1.2000000000000002,3.2,2.0,1.0,animal_detection,S3/C2/S3_C2_E803_V0544.mp4,S3,C2,4.5,1,animal,red_deer,"foraging,grooming,marking,unknown,vigilance",2,train
E803,S3_C2_E803_V0541,2,1.9833333333333334,3.9833333333333334,2.0,1.0,animal_detection,S3/C2/S3_C2_E803_V0541.mp4,S3,C2,6.0,1,animal,red_deer,"foraging,grooming,marking,unknown,vigilance",2,train
E803,S3_C2_E803_V0539,2,4.083333333333333,6.083333333333333,2.0,1.0,animal_detection,S3/C2/S3_C2_E803_V0539.mp4,S3,C2,10.5,1,animal,red_deer,"foraging,grooming,marking,unknown,vigilance",2,train
E803,S3_C2_E803_V0549,3,0.28333333333333344,3.283333333333333,3.0,1.0,animal_detection,S3/C2/S3_C2_E803_V0549.mp4,S3,C2,4.0,1,animal,red_deer,"foraging,grooming,marking,unknown,vigilance",2,train
E803,S3_C2_E803_V0540,3,1.6833333333333331,4.683333333333334,3.0000000000000004,1.0000000000000002,animal_detection,S3/C2/S3_C2_E803_V0540.mp4,S3,C2,6.5,1,animal,red_deer,"foraging,grooming,marking,unknown,vigilance",2,train
E803,S3_C2_E803_V0539,3,3.583333333333333,6.583333333333333,3.0,1.0,animal_detection,S3/C2/S3_C2_E803_V0539.mp4,S3,C2,10.5,1,animal,red_deer,"foraging,grooming,marking,unknown,vigilance",2,train
E804,S3_C2_E804_V0551,1,1.3833333333333333,2.3833333333333333,1.0,1.0,animal_detection,S3/C2/S3_C2_E804_V0551.mp4,S3,C2,4.0,1,animal,red_deer,"foraging,unknown,vigilance",1,train
E804,S3_C2_E804_V0550,1,1.9833333333333334,2.9833333333333334,1.0,1.0,animal_detection,S3/C2/S3_C2_E804_V0550.mp4,S3,C2,5.0,1,animal,red_deer,"foraging,unknown,vigilance",1,train
E804,S3_C2_E804_V0551,2,0.8833333333333333,2.8833333333333333,2.0,1.0,animal_detection,S3/C2/S3_C2_E804_V0551.mp4,S3,C2,4.0,1,animal,red_deer,"foraging,unknown,vigilance",1,train
E804,S3_C2_E804_V0550,2,1.4833333333333334,3.4833333333333334,2.0,1.0,animal_detection,S3/C2/S3_C2_E804_V0550.mp4,S3,C2,5.0,1,animal,red_deer,"foraging,unknown,vigilance",1,train
E804,S3_C2_E804_V0551,3,0.3833333333333333,3.3833333333333333,3.0,1.0,animal_detection,S3/C2/S3_C2_E804_V0551.mp4,S3,C2,4.0,1,animal,red_deer,"foraging,unknown,vigilance",1,train
E804,S3_C2_E804_V0550,3,0.9833333333333334,3.9833333333333334,3.0,1.0,animal_detection,S3/C2/S3_C2_E804_V0550.mp4,S3,C2,5.0,1,animal,red_deer,"foraging,unknown,vigilance",1,train
E806,S3_C2_E806_V0555,1,0.23333333333333328,1.2333333333333334,1.0,1.0,animal_detection,S3/C2/S3_C2_E806_V0555.mp4,S3,C2,1.5,1,animal,red_deer,"courtship,foraging,vigilance",1,train
E806,S3_C2_E806_V0554,1,2.0833333333333335,3.0833333333333335,1.0,1.0,animal_detection,S3/C2/S3_C2_E806_V0554.mp4,S3,C2,5.5,1,animal,red_deer,"courtship,foraging,vigilance",1,train
E806,S3_C2_E806_V0553,1,6.783333333333333,7.783333333333333,1.0,1.0,animal_detection,S3/C2/S3_C2_E806_V0553.mp4,S3,C2,15.0,1,animal,red_deer,"courtship,foraging,vigilance",1,train
E806,S3_C2_E806_V0554,2,1.5833333333333335,3.5833333333333335,2.0,1.0,animal_detection,S3/C2/S3_C2_E806_V0554.mp4,S3,C2,5.5,1,animal,red_deer,"courtship,foraging,vigilance",1,train
E806,S3_C2_E806_V0553,2,6.283333333333333,8.283333333333333,2.0,1.0,animal_detection,S3/C2/S3_C2_E806_V0553.mp4,S3,C2,15.0,1,animal,red_deer,"courtship,foraging,vigilance",1,train
E806,S3_C2_E806_V0554,3,1.0833333333333335,4.083333333333334,3.0000000000000004,1.0000000000000002,animal_detection,S3/C2/S3_C2_E806_V0554.mp4,S3,C2,5.5,1,animal,red_deer,"courtship,foraging,vigilance",1,train
E806,S3_C2_E806_V0553,3,5.783333333333333,8.783333333333333,3.0,1.0,animal_detection,S3/C2/S3_C2_E806_V0553.mp4,S3,C2,15.0,1,animal,red_deer,"courtship,foraging,vigilance",1,train
E807,S3_C2_E807_V0556,1,1.9666666666666668,2.966666666666667,1.0,1.0,animal_detection,S3/C2/S3_C2_E807_V0556.mp4,S3,C2,5.0,1,animal,red_deer,foraging,1,train
E807,S3_C2_E807_V0556,2,1.4666666666666668,3.466666666666667,2.0,1.0,animal_detection,S3/C2/S3_C2_E807_V0556.mp4,S3,C2,5.0,1,animal,red_deer,foraging,1,train
E807,S3_C2_E807_V0556,3,0.9666666666666668,3.966666666666667,3.0,1.0,animal_detection,S3/C2/S3_C2_E807_V0556.mp4,S3,C2,5.0,1,animal,red_deer,foraging,1,train
E809,S3_C2_E809_V0558,1,0.0,1.0,0.0,0.0,background,S3/C2/S3_C2_E809_V0558.mp4,S3,C2,60.5,0,background,none,none,0,train
E809,S3_C2_E809_V0558,1,29.75,30.75,0.0,0.0,background,S3/C2/S3_C2_E809_V0558.mp4,S3,C2,60.5,0,background,none,none,0,train
E809,S3_C2_E809_V0558,1,59.5,60.5,0.0,0.0,background,S3/C2/S3_C2_E809_V0558.mp4,S3,C2,60.5,0,background,none,none,0,train
E809,S3_C2_E809_V0558,2,0.0,2.0,0.0,0.0,background,S3/C2/S3_C2_E809_V0558.mp4,S3,C2,60.5,0,background,none,none,0,train
E809,S3_C2_E809_V0558,2,29.25,31.25,0.0,0.0,background,S3/C2/S3_C2_E809_V0558.mp4,S3,C2,60.5,0,background,none,none,0,train
E809,S3_C2_E809_V0558,2,58.5,60.5,0.0,0.0,background,S3/C2/S3_C2_E809_V0558.mp4,S3,C2,60.5,0,background,none,none,0,train
E809,S3_C2_E809_V0558,3,0.0,3.0,0.0,0.0,background,S3/C2/S3_C2_E809_V0558.mp4,S3,C2,60.5,0,background,none,none,0,train
E809,S3_C2_E809_V0558,3,28.75,31.75,0.0,0.0,background,S3/C2/S3_C2_E809_V0558.mp4,S3,C2,60.5,0,background,none,none,0,train
E809,S3_C2_E809_V0558,3,57.5,60.5,0.0,0.0,background,S3/C2/S3_C2_E809_V0558.mp4,S3,C2,60.5,0,background,none,none,0,train
E85,S1_C1_E85_V0195,1,8.4,9.4,1.0,1.0,animal_detection,S1/C1/S1_C1_E85_V0195.mp4,S1,C1,20.5,1,animal,red_deer,"foraging,vigilance",1,train
E85,S1_C1_E85_V0195,2,7.9,9.9,2.0,1.0,animal_detection,S1/C1/S1_C1_E85_V0195.mp4,S1,C1,20.5,1,animal,red_deer,"foraging,vigilance",1,train
E85,S1_C1_E85_V0195,3,7.4,10.4,3.0,1.0,animal_detection,S1/C1/S1_C1_E85_V0195.mp4,S1,C1,20.5,1,animal,red_deer,"foraging,vigilance",1,train
E86,S1_C1_E86_V0202,1,5.583333333333333,6.583333333333333,1.0,1.0,animal_detection,S1/C1/S1_C1_E86_V0202.mp4,S1,C1,12.5,1,animal,red_deer,"escaping,foraging,grooming,resting,unknown,vigilance",2,train
E86,S1_C1_E86_V0204,1,9.75,10.75,1.0,1.0,animal_detection,S1/C1/S1_C1_E86_V0204.mp4,S1,C1,20.5,1,animal,red_deer,"escaping,foraging,grooming,resting,unknown,vigilance",2,train
E86,S1_C1_E86_V0197,1,9.75,10.75,1.0,1.0,animal_detection,S1/C1/S1_C1_E86_V0197.mp4,S1,C1,20.5,1,animal,red_deer,"escaping,foraging,grooming,resting,unknown,vigilance",2,train
E86,S1_C1_E86_V0205,2,1.4666666666666668,3.466666666666667,2.0,1.0,animal_detection,S1/C1/S1_C1_E86_V0205.mp4,S1,C1,20.5,1,animal,red_deer,"escaping,foraging,grooming,resting,unknown,vigilance",2,train
E86,S1_C1_E86_V0202,2,5.083333333333333,7.083333333333333,2.0,1.0,animal_detection,S1/C1/S1_C1_E86_V0202.mp4,S1,C1,12.5,1,animal,red_deer,"escaping,foraging,grooming,resting,unknown,vigilance",2,train
E86,S1_C1_E86_V0197,2,9.25,11.25,2.0,1.0,animal_detection,S1/C1/S1_C1_E86_V0197.mp4,S1,C1,20.5,1,animal,red_deer,"escaping,foraging,grooming,resting,unknown,vigilance",2,train
E86,S1_C1_E86_V0206,3,1.75,4.75,3.0,1.0,animal_detection,S1/C1/S1_C1_E86_V0206.mp4,S1,C1,20.5,1,animal,red_deer,"escaping,foraging,grooming,resting,unknown,vigilance",2,train
E86,S1_C1_E86_V0202,3,4.583333333333333,7.583333333333333,3.0,1.0,animal_detection,S1/C1/S1_C1_E86_V0202.mp4,S1,C1,12.5,1,animal,red_deer,"escaping,foraging,grooming,resting,unknown,vigilance",2,train
E86,S1_C1_E86_V0205,3,5.050000000000001,8.05,0.833333333333333,0.2777777777777777,animal_detection,S1/C1/S1_C1_E86_V0205.mp4,S1,C1,20.5,1,animal,red_deer,"escaping,foraging,grooming,resting,unknown,vigilance",2,train
E9,S1_C1_E9_V0030,1,3.5666666666666664,4.566666666666666,1.0,1.0,animal_detection,S1/C1/S1_C1_E9_V0030.mp4,S1,C1,20.5,1,animal,red_deer,"foraging,vigilance",1,train
E9,S1_C1_E9_V0030,2,3.0666666666666664,5.066666666666666,2.0,1.0,animal_detection,S1/C1/S1_C1_E9_V0030.mp4,S1,C1,20.5,1,animal,red_deer,"foraging,vigilance",1,train
E9,S1_C1_E9_V0030,3,2.5666666666666664,5.566666666666666,3.0,1.0,animal_detection,S1/C1/S1_C1_E9_V0030.mp4,S1,C1,20.5,1,animal,red_deer,"foraging,vigilance",1,train
E91,S1_C1_E91_V0207,1,10.466666666666667,11.466666666666667,1.0,1.0,animal_detection,S1/C1/S1_C1_E91_V0207.mp4,S1,C1,120.5,1,animal,red_deer,"unknown,vigilance",1,train
E91,S1_C1_E91_V0207,2,9.966666666666667,11.966666666666667,2.0,1.0,animal_detection,S1/C1/S1_C1_E91_V0207.mp4,S1,C1,120.5,1,animal,red_deer,"unknown,vigilance",1,train
E91,S1_C1_E91_V0207,3,9.466666666666667,12.466666666666667,3.0,1.0,animal_detection,S1/C1/S1_C1_E91_V0207.mp4,S1,C1,120.5,1,animal,red_deer,"unknown,vigilance",1,train
E94,S1_C1_E94_V0217,1,7.5,8.5,1.0,1.0,animal_detection,S1/C1/S1_C1_E94_V0217.mp4,S1,C1,16.0,1,animal,red_deer,"foraging,unknown",1,train
E94,S1_C1_E94_V0214,1,9.75,10.75,1.0,1.0,animal_detection,S1/C1/S1_C1_E94_V0214.mp4,S1,C1,20.5,1,animal,red_deer,"foraging,unknown",1,train
E94,S1_C1_E94_V0211,1,9.75,10.75,1.0,1.0,animal_detection,S1/C1/S1_C1_E94_V0211.mp4,S1,C1,20.5,1,animal,red_deer,"foraging,unknown",1,train
E94,S1_C2_E94_V0113,2,2.05,4.05,2.0,1.0,animal_detection,S1/C2/S1_C2_E94_V0113.mp4,S1,C2,20.5,1,animal,red_deer,"foraging,unknown",1,train
E94,S1_C2_E94_V0098,2,9.25,11.25,2.0,1.0,animal_detection,S1/C2/S1_C2_E94_V0098.mp4,S1,C2,20.5,1,animal,red_deer,"foraging,unknown",1,train
E94,S1_C1_E94_V0210,2,9.25,11.25,2.0,1.0,animal_detection,S1/C1/S1_C1_E94_V0210.mp4,S1,C1,20.5,1,animal,red_deer,"foraging,unknown",1,train
E94,S1_C2_E94_V0112,3,8.75,11.75,3.0,1.0,animal_detection,S1/C2/S1_C2_E94_V0112.mp4,S1,C2,20.5,1,animal,red_deer,"foraging,unknown",1,train
E94,S1_C2_E94_V0099,3,8.75,11.75,3.0,1.0,animal_detection,S1/C2/S1_C2_E94_V0099.mp4,S1,C2,20.5,1,animal,red_deer,"foraging,unknown",1,train
E94,S1_C1_E94_V0212,3,8.75,11.75,3.0,1.0,animal_detection,S1/C1/S1_C1_E94_V0212.mp4,S1,C1,20.5,1,animal,red_deer,"foraging,unknown",1,train
E98,S1_C1_E98_V0232,1,1.4833333333333334,2.4833333333333334,1.0,1.0,animal_detection,S1/C1/S1_C1_E98_V0232.mp4,S1,C1,4.0,1,animal,red_deer,"foraging,unknown",1,train
E98,S1_C1_E98_V0235,1,1.5833333333333335,2.5833333333333335,1.0,1.0,animal_detection,S1/C1/S1_C1_E98_V0235.mp4,S1,C1,4.5,1,animal,red_deer,"foraging,unknown",1,train
E98,S1_C1_E98_V0224,1,4.583333333333333,5.583333333333333,1.0,1.0,animal_detection,S1/C1/S1_C1_E98_V0224.mp4,S1,C1,10.5,1,animal,red_deer,"foraging,unknown",1,train
E98,S1_C1_E98_V0236,2,0.0,2.0,1.8666666666666667,0.9333333333333333,animal_detection,S1/C1/S1_C1_E98_V0236.mp4,S1,C1,2.0,1,animal,red_deer,"foraging,unknown",1,train
E98,S1_C1_E98_V0227,2,3.083333333333333,5.083333333333333,2.0,1.0,animal_detection,S1/C1/S1_C1_E98_V0227.mp4,S1,C1,8.5,1,animal,red_deer,"foraging,unknown",1,train
E98,S1_C1_E98_V0221,2,9.25,11.25,2.0,1.0,animal_detection,S1/C1/S1_C1_E98_V0221.mp4,S1,C1,20.5,1,animal,red_deer,"foraging,unknown",1,train
E98,S1_C1_E98_V0225,3,0.0,3.0,3.0,1.0,animal_detection,S1/C1/S1_C1_E98_V0225.mp4,S1,C1,3.0,1,animal,red_deer,"foraging,unknown",1,train
E98,S1_C1_E98_V0240,3,0.10000000000000009,3.1,3.0,1.0,animal_detection,S1/C1/S1_C1_E98_V0240.mp4,S1,C1,20.5,1,animal,red_deer,"foraging,unknown",1,train
E98,S1_C1_E98_V0227,3,2.583333333333333,5.583333333333333,3.0,1.0,animal_detection,S1/C1/S1_C1_E98_V0227.mp4,S1,C1,8.5,1,animal,red_deer,"foraging,unknown",1,train
E99,S1_C2_E99_V0114,1,9.75,10.75,1.0,1.0,animal_detection,S1/C2/S1_C2_E99_V0114.mp4,S1,C2,20.5,1,animal,red_deer,"foraging,grooming,unknown,vigilance",2,train
E99,S1_C1_E99_V0241,1,9.75,10.75,1.0,1.0,animal_detection,S1/C1/S1_C1_E99_V0241.mp4,S1,C1,20.5,1,animal,red_deer,"foraging,grooming,unknown,vigilance",2,train
E99,S1_C2_E99_V0116,1,9.75,10.75,1.0,1.0,animal_detection,S1/C2/S1_C2_E99_V0116.mp4,S1,C2,20.5,1,animal,red_deer,"foraging,grooming,unknown,vigilance",2,train
E99,S1_C1_E99_V0246,2,0.0,2.0,2.0,1.0,animal_detection,S1/C1/S1_C1_E99_V0246.mp4,S1,C1,2.0,1,animal,red_deer,"foraging,grooming,unknown,vigilance",2,train
E99,S1_C1_E99_V0249,2,0.016666666666666607,2.0166666666666666,2.0,1.0,animal_detection,S1/C1/S1_C1_E99_V0249.mp4,S1,C1,2.5,1,animal,red_deer,"foraging,grooming,unknown,vigilance",2,train
E99,S1_C1_E99_V0245,2,0.75,2.75,2.0,1.0,animal_detection,S1/C1/S1_C1_E99_V0245.mp4,S1,C1,3.5,1,animal,red_deer,"foraging,grooming,unknown,vigilance",2,train
E99,S1_C1_E99_V0245,3,0.25,3.25,3.0,1.0,animal_detection,S1/C1/S1_C1_E99_V0245.mp4,S1,C1,3.5,1,animal,red_deer,"foraging,grooming,unknown,vigilance",2,train
E99,S1_C1_E99_V0243,3,3.9833333333333334,6.983333333333333,3.0,1.0,animal_detection,S1/C1/S1_C1_E99_V0243.mp4,S1,C1,11.0,1,animal,red_deer,"foraging,grooming,unknown,vigilance",2,train
E99,S1_C2_E99_V0114,3,8.75,11.75,3.0,1.0,animal_detection,S1/C2/S1_C2_E99_V0114.mp4,S1,C2,20.5,1,animal,red_deer,"foraging,grooming,unknown,vigilance",2,train
