event_id,feature_path,activities,species,weather,num_individuals,split,binary_label,label_name,num_videos,total_duration_s,site_ids,camera_ids,file_ids,file_paths,dense_num_videos,videos_with_detection,total_detections,discarded_videos,all_videos_discarded
E10,E10/E10_dtci_r11.npy,"foraging,unknown,vigilance",roe_deer,overcast,3+,train,1,animal,1,120.5,['S1'],['C1'],['S1_C1_E10_V0031'],['S1/C1/S1_C1_E10_V0031.mp4'],1,1,2087,0,False
E103,E103/E103_dtci_r11.npy,"foraging,unknown,vigilance",red_deer,clear,1,train,1,animal,10,104.0,['S1'],"['C1', 'C2']","['S1_C1_E103_V0253', 'S1_C1_E103_V0254', 'S1_C1_E103_V0255', 'S1_C1_E103_V0256', 'S1_C1_E103_V0257', 'S1_C1_E103_V0258', 'S1_C1_E103_V0259', 'S1_C1_E103_V0260', 'S1_C1_E103_V0261', 'S1_C2_E103_V0118']","['S1/C1/S1_C1_E103_V0253.mp4', 'S1/C1/S1_C1_E103_V0254.mp4', 'S1/C1/S1_C1_E103_V0255.mp4', 'S1/C1/S1_C1_E103_V0256.mp4', 'S1/C1/S1_C1_E103_V0257.mp4', 'S1/C1/S1_C1_E103_V0258.mp4', 'S1/C1/S1_C1_E103_V0259.mp4', 'S1/C1/S1_C1_E103_V0260.mp4', 'S1/C1/S1_C1_E103_V0261.mp4', 'S1/C2/S1_C2_E103_V0118.mp4']",10,9,2453,1,False
E104,E104/E104_dtci_r11.npy,"courtship,foraging,grooming,vigilance",red_deer,clear,1,train,1,animal,25,141.0,['S1'],"['C1', 'C2']","['S1_C1_E104_V0262', 'S1_C1_E104_V0263', 'S1_C1_E104_V0264', 'S1_C1_E104_V0265', 'S1_C1_E104_V0266', 'S1_C1_E104_V0267', 'S1_C1_E104_V0268', 'S1_C1_E104_V0269', 'S1_C1_E104_V0270', 'S1_C1_E104_V0271', 'S1_C1_E104_V0272', 'S1_C1_E104_V0273', 'S1_C1_E104_V0274', 'S1_C1_E104_V0275', 'S1_C1_E104_V0276', 'S1_C1_E104_V0277', 'S1_C1_E104_V0278', 'S1_C1_E104_V0279', 'S1_C1_E104_V0280', 'S1_C1_E104_V0281', 'S1_C1_E104_V0282', 'S1_C1_E104_V0283', 'S1_C1_E104_V0284', 'S1_C2_E104_V0119', 'S1_C2_E104_V0120']","['S1/C1/S1_C1_E104_V0262.mp4', 'S1/C1/S1_C1_E104_V0263.mp4', 'S1/C1/S1_C1_E104_V0264.mp4', 'S1/C1/S1_C1_E104_V0265.mp4', 'S1/C1/S1_C1_E104_V0266.mp4', 'S1/C1/S1_C1_E104_V0267.mp4', 'S1/C1/S1_C1_E104_V0268.mp4', 'S1/C1/S1_C1_E104_V0269.mp4', 'S1/C1/S1_C1_E104_V0270.mp4', 'S1/C1/S1_C1_E104_V0271.mp4', 'S1/C1/S1_C1_E104_V0272.mp4', 'S1/C1/S1_C1_E104_V0273.mp4', 'S1/C1/S1_C1_E104_V0274.mp4', 'S1/C1/S1_C1_E104_V0275.mp4', 'S1/C1/S1_C1_E104_V0276.mp4', 'S1/C1/S1_C1_E104_V0277.mp4', 'S1/C1/S1_C1_E104_V0278.mp4', 'S1/C1/S1_C1_E104_V0279.mp4', 'S1/C1/S1_C1_E104_V0280.mp4', 'S1/C1/S1_C1_E104_V0281.mp4', 'S1/C1/S1_C1_E104_V0282.mp4', 'S1/C1/S1_C1_E104_V0283.mp4', 'S1/C1/S1_C1_E104_V0284.mp4', 'S1/C2/S1_C2_E104_V0119.mp4', 'S1/C2/S1_C2_E104_V0120.mp4']",25,23,4059,2,False
E105,E105/E105_dtci_r11.npy,"courtship,foraging,marking,unknown,vigilance",red_deer,clear,1,train,1,animal,56,730.0,['S1'],"['C1', 'C2']","['S1_C1_E105_V0285', 'S1_C1_E105_V0286', 'S1_C1_E105_V0287', 'S1_C1_E105_V0288', 'S1_C1_E105_V0289', 'S1_C1_E105_V0290', 'S1_C1_E105_V0291', 'S1_C1_E105_V0292', 'S1_C1_E105_V0293', 'S1_C1_E105_V0294', 'S1_C1_E105_V0295', 'S1_C1_E105_V0296', 'S1_C1_E105_V0297', 'S1_C1_E105_V0298', 'S1_C1_E105_V0299', 'S1_C1_E105_V0300', 'S1_C1_E105_V0301', 'S1_C1_E105_V0302', 'S1_C1_E105_V0303', 'S1_C1_E105_V0304', 'S1_C1_E105_V0305', 'S1_C1_E105_V0306', 'S1_C1_E105_V0307', 'S1_C1_E105_V0308', 'S1_C1_E105_V0309', 'S1_C1_E105_V0310', 'S1_C2_E105_V0121', 'S1_C2_E105_V0122', 'S1_C2_E105_V0123', 'S1_C2_E105_V0124', 'S1_C2_E105_V0125', 'S1_C2_E105_V0126', 'S1_C2_E105_V0127', 'S1_C2_E105_V0128', 'S1_C2_E105_V0129', 'S1_C2_E105_V0130', 'S1_C2_E105_V0131', 'S1_C2_E105_V0132', 'S1_C2_E105_V0133', 'S1_C2_E105_V0134', 'S1_C2_E105_V0135', 'S1_C2_E105_V0136', 'S1_C2_E105_V0137', 'S1_C2_E105_V0138', 'S1_C2_E105_V0139', 'S1_C2_E105_V0140', 'S1_C2_E105_V0141', 'S1_C2_E105_V0142', 'S1_C2_E105_V0143', 'S1_C2_E105_V0144', 'S1_C2_E105_V0145', 'S1_C2_E105_V0146', 'S1_C2_E105_V0147', 'S1_C2_E105_V0148', 'S1_C2_E105_V0149', 'S1_C2_E105_V0150']","['S1/C1/S1_C1_E105_V0285.mp4', 'S1/C1/S1_C1_E105_V0286.mp4', 'S1/C1/S1_C1_E105_V0287.mp4', 'S1/C1/S1_C1_E105_V0288.mp4', 'S1/C1/S1_C1_E105_V0289.mp4', 'S1/C1/S1_C1_E105_V0290.mp4', 'S1/C1/S1_C1_E105_V0291.mp4', 'S1/C1/S1_C1_E105_V0292.mp4', 'S1/C1/S1_C1_E105_V0293.mp4', 'S1/C1/S1_C1_E105_V0294.mp4', 'S1/C1/S1_C1_E105_V0295.mp4', 'S1/C1/S1_C1_E105_V0296.mp4', 'S1/C1/S1_C1_E105_V0297.mp4', 'S1/C1/S1_C1_E105_V0298.mp4', 'S1/C1/S1_C1_E105_V0299.mp4', 'S1/C1/S1_C1_E105_V0300.mp4', 'S1/C1/S1_C1_E105_V0301.mp4', 'S1/C1/S1_C1_E105_V0302.mp4', 'S1/C1/S1_C1_E105_V0303.mp4', 'S1/C1/S1_C1_E105_V0304.mp4', 'S1/C1/S1_C1_E105_V0305.mp4', 'S1/C1/S1_C1_E105_V0306.mp4', 'S1/C1/S1_C1_E105_V0307.mp4', 'S1/C1/S1_C1_E105_V0308.mp4', 'S1/C1/S1_C1_E105_V0309.mp4', 'S1/C1/S1_C1_E105_V0310.mp4', 'S1/C2/S1_C2_E105_V0121.mp4', 'S1/C2/S1_C2_E105_V0122.mp4', 'S1/C2/S1_C2_E105_V0123.mp4', 'S1/C2/S1_C2_E105_V0124.mp4', 'S1/C2/S1_C2_E105_V0125.mp4', 'S1/C2/S1_C2_E105_V0126.mp4', 'S1/C2/S1_C2_E105_V0127.mp4', 'S1/C2/S1_C2_E105_V0128.mp4', 'S1/C2/S1_C2_E105_V0129.mp4', 'S1/C2/S1_C2_E105_V0130.mp4', 'S1/C2/S1_C2_E105_V0131.mp4', 'S1/C2/S1_C2_E105_V0132.mp4', 'S1/C2/S1_C2_E105_V0133.mp4', 'S1/C2/S1_C2_E105_V0134.mp4', 'S1/C2/S1_C2_E105_V0135.mp4', 'S1/C2/S1_C2_E105_V0136.mp4', 'S1/C2/S1_C2_E105_V0137.mp4', 'S1/C2/S1_C2_E105_V0138.mp4', 'S1/C2/S1_C2_E105_V0139.mp4', 'S1/C2/S1_C2_E105_V0140.mp4', 'S1/C2/S1_C2_E105_V0141.mp4', 'S1/C2/S1_C2_E105_V0142.mp4', 'S1/C2/S1_C2_E105_V0143.mp4', 'S1/C2/S1_C2_E105_V0144.mp4', 'S1/C2/S1_C2_E105_V0145.mp4', 'S1/C2/S1_C2_E105_V0146.mp4', 'S1/C2/S1_C2_E105_V0147.mp4', 'S1/C2/S1_C2_E105_V0148.mp4', 'S1/C2/S1_C2_E105_V0149.mp4', 'S1/C2/S1_C2_E105_V0150.mp4']",56,54,21616,2,False
E106,E106/E106_dtci_r11.npy,"foraging,unknown,vigilance",red_deer,clear,1,train,1,animal,21,135.0,['S1'],"['C1', 'C2']","['S1_C1_E106_V0311', 'S1_C1_E106_V0312', 'S1_C1_E106_V0313', 'S1_C1_E106_V0314', 'S1_C1_E106_V0315', 'S1_C1_E106_V0316', 'S1_C1_E106_V0317', 'S1_C1_E106_V0318', 'S1_C1_E106_V0319', 'S1_C1_E106_V0320', 'S1_C1_E106_V0321', 'S1_C1_E106_V0322', 'S1_C1_E106_V0323', 'S1_C1_E106_V0324', 'S1_C1_E106_V0325', 'S1_C1_E106_V0326', 'S1_C2_E106_V0151', 'S1_C2_E106_V0152', 'S1_C2_E106_V0153', 'S1_C2_E106_V0154', 'S1_C2_E106_V0155']","['S1/C1/S1_C1_E106_V0311.mp4', 'S1/C1/S1_C1_E106_V0312.mp4', 'S1/C1/S1_C1_E106_V0313.mp4', 'S1/C1/S1_C1_E106_V0314.mp4', 'S1/C1/S1_C1_E106_V0315.mp4', 'S1/C1/S1_C1_E106_V0316.mp4', 'S1/C1/S1_C1_E106_V0317.mp4', 'S1/C1/S1_C1_E106_V0318.mp4', 'S1/C1/S1_C1_E106_V0319.mp4', 'S1/C1/S1_C1_E106_V0320.mp4', 'S1/C1/S1_C1_E106_V0321.mp4', 'S1/C1/S1_C1_E106_V0322.mp4', 'S1/C1/S1_C1_E106_V0323.mp4', 'S1/C1/S1_C1_E106_V0324.mp4', 'S1/C1/S1_C1_E106_V0325.mp4', 'S1/C1/S1_C1_E106_V0326.mp4', 'S1/C2/S1_C2_E106_V0151.mp4', 'S1/C2/S1_C2_E106_V0152.mp4', 'S1/C2/S1_C2_E106_V0153.mp4', 'S1/C2/S1_C2_E106_V0154.mp4', 'S1/C2/S1_C2_E106_V0155.mp4']",21,13,3265,8,False
E107,E107/E107_dtci_r11.npy,foraging,red_deer,overcast,1,train,1,animal,16,119.0,['S1'],"['C1', 'C2']","['S1_C1_E107_V0327', 'S1_C1_E107_V0328', 'S1_C1_E107_V0329', 'S1_C1_E107_V0330', 'S1_C1_E107_V0331', 'S1_C1_E107_V0332', 'S1_C1_E107_V0333', 'S1_C1_E107_V0334', 'S1_C1_E107_V0335', 'S1_C1_E107_V0336', 'S1_C1_E107_V0337', 'S1_C1_E107_V0338', 'S1_C2_E107_V0156', 'S1_C2_E107_V0157', 'S1_C2_E107_V0158', 'S1_C2_E107_V0159']","['S1/C1/S1_C1_E107_V0327.mp4', 'S1/C1/S1_C1_E107_V0328.mp4', 'S1/C1/S1_C1_E107_V0329.mp4', 'S1/C1/S1_C1_E107_V0330.mp4', 'S1/C1/S1_C1_E107_V0331.mp4', 'S1/C1/S1_C1_E107_V0332.mp4', 'S1/C1/S1_C1_E107_V0333.mp4', 'S1/C1/S1_C1_E107_V0334.mp4', 'S1/C1/S1_C1_E107_V0335.mp4', 'S1/C1/S1_C1_E107_V0336.mp4', 'S1/C1/S1_C1_E107_V0337.mp4', 'S1/C1/S1_C1_E107_V0338.mp4', 'S1/C2/S1_C2_E107_V0156.mp4', 'S1/C2/S1_C2_E107_V0157.mp4', 'S1/C2/S1_C2_E107_V0158.mp4', 'S1/C2/S1_C2_E107_V0159.mp4']",16,16,3539,0,False
E108,E108/E108_dtci_r11.npy,foraging,red_deer,overcast,1,train,1,animal,1,20.5,['S1'],['C2'],['S1_C2_E108_V0160'],['S1/C2/S1_C2_E108_V0160.mp4'],1,1,615,0,False
E109,E109/E109_dtci_r11.npy,"foraging,unknown",red_deer,overcast,1,train,1,animal,4,46.5,['S1'],"['C1', 'C2']","['S1_C1_E109_V0339', 'S1_C1_E109_V0340', 'S1_C2_E109_V0161', 'S1_C2_E109_V0162']","['S1/C1/S1_C1_E109_V0339.mp4', 'S1/C1/S1_C1_E109_V0340.mp4', 'S1/C2/S1_C2_E109_V0161.mp4', 'S1/C2/S1_C2_E109_V0162.mp4']",4,3,1126,1,False
E115,E115/E115_dtci_r11.npy,"foraging,unknown,vigilance",red_deer,clear,1,train,1,animal,22,222.0,['S1'],"['C1', 'C2']","['S1_C1_E115_V0342', 'S1_C1_E115_V0343', 'S1_C1_E115_V0344', 'S1_C1_E115_V0345', 'S1_C1_E115_V0346', 'S1_C1_E115_V0347', 'S1_C1_E115_V0348', 'S1_C1_E115_V0349', 'S1_C1_E115_V0350', 'S1_C1_E115_V0351', 'S1_C1_E115_V0352', 'S1_C1_E115_V0353', 'S1_C1_E115_V0354', 'S1_C1_E115_V0355', 'S1_C1_E115_V0356', 'S1_C2_E115_V0163', 'S1_C2_E115_V0164', 'S1_C2_E115_V0165', 'S1_C2_E115_V0166', 'S1_C2_E115_V0167', 'S1_C2_E115_V0168', 'S1_C2_E115_V0169']","['S1/C1/S1_C1_E115_V0342.mp4', 'S1/C1/S1_C1_E115_V0343.mp4', 'S1/C1/S1_C1_E115_V0344.mp4', 'S1/C1/S1_C1_E115_V0345.mp4', 'S1/C1/S1_C1_E115_V0346.mp4', 'S1/C1/S1_C1_E115_V0347.mp4', 'S1/C1/S1_C1_E115_V0348.mp4', 'S1/C1/S1_C1_E115_V0349.mp4', 'S1/C1/S1_C1_E115_V0350.mp4', 'S1/C1/S1_C1_E115_V0351.mp4', 'S1/C1/S1_C1_E115_V0352.mp4', 'S1/C1/S1_C1_E115_V0353.mp4', 'S1/C1/S1_C1_E115_V0354.mp4', 'S1/C1/S1_C1_E115_V0355.mp4', 'S1/C1/S1_C1_E115_V0356.mp4', 'S1/C2/S1_C2_E115_V0163.mp4', 'S1/C2/S1_C2_E115_V0164.mp4', 'S1/C2/S1_C2_E115_V0165.mp4', 'S1/C2/S1_C2_E115_V0166.mp4', 'S1/C2/S1_C2_E115_V0167.mp4', 'S1/C2/S1_C2_E115_V0168.mp4', 'S1/C2/S1_C2_E115_V0169.mp4']",22,21,6184,1,False
E116,E116/E116_dtci_r11.npy,foraging,red_deer,clear,2,train,1,animal,2,34.5,['S1'],['C1'],"['S1_C1_E116_V0357', 'S1_C1_E116_V0358']","['S1/C1/S1_C1_E116_V0357.mp4', 'S1/C1/S1_C1_E116_V0358.mp4']",2,2,335,0,False
E117,E117/E117_dtci_r11.npy,"foraging,unknown",red_deer,clear,1,train,1,animal,24,214.5,['S1'],"['C1', 'C2']","['S1_C1_E117_V0359', 'S1_C1_E117_V0360', 'S1_C1_E117_V0361', 'S1_C1_E117_V0362', 'S1_C1_E117_V0363', 'S1_C1_E117_V0364', 'S1_C1_E117_V0365', 'S1_C1_E117_V0366', 'S1_C1_E117_V0367', 'S1_C1_E117_V0368', 'S1_C1_E117_V0369', 'S1_C1_E117_V0370', 'S1_C1_E117_V0371', 'S1_C1_E117_V0372', 'S1_C1_E117_V0373', 'S1_C1_E117_V0374', 'S1_C2_E117_V0170', 'S1_C2_E117_V0171', 'S1_C2_E117_V0172', 'S1_C2_E117_V0173', 'S1_C2_E117_V0174', 'S1_C2_E117_V0175', 'S1_C2_E117_V0176', 'S1_C2_E117_V0177']","['S1/C1/S1_C1_E117_V0359.mp4', 'S1/C1/S1_C1_E117_V0360.mp4', 'S1/C1/S1_C1_E117_V0361.mp4', 'S1/C1/S1_C1_E117_V0362.mp4', 'S1/C1/S1_C1_E117_V0363.mp4', 'S1/C1/S1_C1_E117_V0364.mp4', 'S1/C1/S1_C1_E117_V0365.mp4', 'S1/C1/S1_C1_E117_V0366.mp4', 'S1/C1/S1_C1_E117_V0367.mp4', 'S1/C1/S1_C1_E117_V0368.mp4', 'S1/C1/S1_C1_E117_V0369.mp4', 'S1/C1/S1_C1_E117_V0370.mp4', 'S1/C1/S1_C1_E117_V0371.mp4', 'S1/C1/S1_C1_E117_V0372.mp4', 'S1/C1/S1_C1_E117_V0373.mp4', 'S1/C1/S1_C1_E117_V0374.mp4', 'S1/C2/S1_C2_E117_V0170.mp4', 'S1/C2/S1_C2_E117_V0171.mp4', 'S1/C2/S1_C2_E117_V0172.mp4', 'S1/C2/S1_C2_E117_V0173.mp4', 'S1/C2/S1_C2_E117_V0174.mp4', 'S1/C2/S1_C2_E117_V0175.mp4', 'S1/C2/S1_C2_E117_V0176.mp4', 'S1/C2/S1_C2_E117_V0177.mp4']",24,24,6351,0,False
E118,E118/E118_dtci_r11.npy,"foraging,marking,unknown,vigilance",red_deer,clear,1,train,1,animal,32,101.5,['S1'],"['C1', 'C2']","['S1_C1_E118_V0375', 'S1_C1_E118_V0376', 'S1_C1_E118_V0377', 'S1_C1_E118_V0378', 'S1_C1_E118_V0379', 'S1_C1_E118_V0380', 'S1_C1_E118_V0381', 'S1_C1_E118_V0382', 'S1_C1_E118_V0383', 'S1_C1_E118_V0384', 'S1_C1_E118_V0385', 'S1_C1_E118_V0386', 'S1_C1_E118_V0387', 'S1_C1_E118_V0388', 'S1_C1_E118_V0389', 'S1_C1_E118_V0390', 'S1_C1_E118_V0391', 'S1_C1_E118_V0392', 'S1_C1_E118_V0393', 'S1_C1_E118_V0394', 'S1_C1_E118_V0395', 'S1_C1_E118_V0396', 'S1_C1_E118_V0397', 'S1_C1_E118_V0398', 'S1_C1_E118_V0399', 'S1_C1_E118_V0400', 'S1_C2_E118_V0178', 'S1_C2_E118_V0179', 'S1_C2_E118_V0180', 'S1_C2_E118_V0181', 'S1_C2_E118_V0182', 'S1_C2_E118_V0183']","['S1/C1/S1_C1_E118_V0375.mp4', 'S1/C1/S1_C1_E118_V0376.mp4', 'S1/C1/S1_C1_E118_V0377.mp4', 'S1/C1/S1_C1_E118_V0378.mp4', 'S1/C1/S1_C1_E118_V0379.mp4', 'S1/C1/S1_C1_E118_V0380.mp4', 'S1/C1/S1_C1_E118_V0381.mp4', 'S1/C1/S1_C1_E118_V0382.mp4', 'S1/C1/S1_C1_E118_V0383.mp4', 'S1/C1/S1_C1_E118_V0384.mp4', 'S1/C1/S1_C1_E118_V0385.mp4', 'S1/C1/S1_C1_E118_V0386.mp4', 'S1/C1/S1_C1_E118_V0387.mp4', 'S1/C1/S1_C1_E118_V0388.mp4', 'S1/C1/S1_C1_E118_V0389.mp4', 'S1/C1/S1_C1_E118_V0390.mp4', 'S1/C1/S1_C1_E118_V0391.mp4', 'S1/C1/S1_C1_E118_V0392.mp4', 'S1/C1/S1_C1_E118_V0393.mp4', 'S1/C1/S1_C1_E118_V0394.mp4', 'S1/C1/S1_C1_E118_V0395.mp4', 'S1/C1/S1_C1_E118_V0396.mp4', 'S1/C1/S1_C1_E118_V0397.mp4', 'S1/C1/S1_C1_E118_V0398.mp4', 'S1/C1/S1_C1_E118_V0399.mp4', 'S1/C1/S1_C1_E118_V0400.mp4', 'S1/C2/S1_C2_E118_V0178.mp4', 'S1/C2/S1_C2_E118_V0179.mp4', 'S1/C2/S1_C2_E118_V0180.mp4', 'S1/C2/S1_C2_E118_V0181.mp4', 'S1/C2/S1_C2_E118_V0182.mp4', 'S1/C2/S1_C2_E118_V0183.mp4']",32,12,2357,20,False
E121,E121/E121_dtci_r11.npy,"foraging,unknown,vigilance",red_deer,clear,1,train,1,animal,59,363.0,['S1'],"['C1', 'C2']","['S1_C1_E121_V0401', 'S1_C1_E121_V0402', 'S1_C1_E121_V0403', 'S1_C1_E121_V0404', 'S1_C1_E121_V0405', 'S1_C1_E121_V0406', 'S1_C1_E121_V0407', 'S1_C1_E121_V0408', 'S1_C1_E121_V0409', 'S1_C1_E121_V0410', 'S1_C1_E121_V0411', 'S1_C1_E121_V0412', 'S1_C1_E121_V0413', 'S1_C1_E121_V0414', 'S1_C1_E121_V0415', 'S1_C1_E121_V0416', 'S1_C1_E121_V0417', 'S1_C1_E121_V0418', 'S1_C1_E121_V0419', 'S1_C1_E121_V0420', 'S1_C1_E121_V0421', 'S1_C1_E121_V0422', 'S1_C1_E121_V0423', 'S1_C1_E121_V0424', 'S1_C1_E121_V0425', 'S1_C1_E121_V0426', 'S1_C1_E121_V0427', 'S1_C1_E121_V0428', 'S1_C1_E121_V0429', 'S1_C1_E121_V0430', 'S1_C1_E121_V0431', 'S1_C1_E121_V0432', 'S1_C1_E121_V0433', 'S1_C1_E121_V0434', 'S1_C1_E121_V0435', 'S1_C1_E121_V0436', 'S1_C1_E121_V0437', 'S1_C1_E121_V0438', 'S1_C1_E121_V0439', 'S1_C1_E121_V0440', 'S1_C1_E121_V0441', 'S1_C1_E121_V0442', 'S1_C1_E121_V0443', 'S1_C1_E121_V0444', 'S1_C1_E121_V0445', 'S1_C1_E121_V0446', 'S1_C1_E121_V0447', 'S1_C1_E121_V0448', 'S1_C1_E121_V0449', 'S1_C2_E121_V0184', 'S1_C2_E121_V0185', 'S1_C2_E121_V0186', 'S1_C2_E121_V0187', 'S1_C2_E121_V0188', 'S1_C2_E121_V0189', 'S1_C2_E121_V0190', 'S1_C2_E121_V0191', 'S1_C2_E121_V0192', 'S1_C2_E121_V0193']","['S1/C1/S1_C1_E121_V0401.mp4', 'S1/C1/S1_C1_E121_V0402.mp4', 'S1/C1/S1_C1_E121_V0403.mp4', 'S1/C1/S1_C1_E121_V0404.mp4', 'S1/C1/S1_C1_E121_V0405.mp4', 'S1/C1/S1_C1_E121_V0406.mp4', 'S1/C1/S1_C1_E121_V0407.mp4', 'S1/C1/S1_C1_E121_V0408.mp4', 'S1/C1/S1_C1_E121_V0409.mp4', 'S1/C1/S1_C1_E121_V0410.mp4', 'S1/C1/S1_C1_E121_V0411.mp4', 'S1/C1/S1_C1_E121_V0412.mp4', 'S1/C1/S1_C1_E121_V0413.mp4', 'S1/C1/S1_C1_E121_V0414.mp4', 'S1/C1/S1_C1_E121_V0415.mp4', 'S1/C1/S1_C1_E121_V0416.mp4', 'S1/C1/S1_C1_E121_V0417.mp4', 'S1/C1/S1_C1_E121_V0418.mp4', 'S1/C1/S1_C1_E121_V0419.mp4', 'S1/C1/S1_C1_E121_V0420.mp4', 'S1/C1/S1_C1_E121_V0421.mp4', 'S1/C1/S1_C1_E121_V0422.mp4', 'S1/C1/S1_C1_E121_V0423.mp4', 'S1/C1/S1_C1_E121_V0424.mp4', 'S1/C1/S1_C1_E121_V0425.mp4', 'S1/C1/S1_C1_E121_V0426.mp4', 'S1/C1/S1_C1_E121_V0427.mp4', 'S1/C1/S1_C1_E121_V0428.mp4', 'S1/C1/S1_C1_E121_V0429.mp4', 'S1/C1/S1_C1_E121_V0430.mp4', 'S1/C1/S1_C1_E121_V0431.mp4', 'S1/C1/S1_C1_E121_V0432.mp4', 'S1/C1/S1_C1_E121_V0433.mp4', 'S1/C1/S1_C1_E121_V0434.mp4', 'S1/C1/S1_C1_E121_V0435.mp4', 'S1/C1/S1_C1_E121_V0436.mp4', 'S1/C1/S1_C1_E121_V0437.mp4', 'S1/C1/S1_C1_E121_V0438.mp4', 'S1/C1/S1_C1_E121_V0439.mp4', 'S1/C1/S1_C1_E121_V0440.mp4', 'S1/C1/S1_C1_E121_V0441.mp4', 'S1/C1/S1_C1_E121_V0442.mp4', 'S1/C1/S1_C1_E121_V0443.mp4', 'S1/C1/S1_C1_E121_V0444.mp4', 'S1/C1/S1_C1_E121_V0445.mp4', 'S1/C1/S1_C1_E121_V0446.mp4', 'S1/C1/S1_C1_E121_V0447.mp4', 'S1/C1/S1_C1_E121_V0448.mp4', 'S1/C1/S1_C1_E121_V0449.mp4', 'S1/C2/S1_C2_E121_V0184.mp4', 'S1/C2/S1_C2_E121_V0185.mp4', 'S1/C2/S1_C2_E121_V0186.mp4', 'S1/C2/S1_C2_E121_V0187.mp4', 'S1/C2/S1_C2_E121_V0188.mp4', 'S1/C2/S1_C2_E121_V0189.mp4', 'S1/C2/S1_C2_E121_V0190.mp4', 'S1/C2/S1_C2_E121_V0191.mp4', 'S1/C2/S1_C2_E121_V0192.mp4', 'S1/C2/S1_C2_E121_V0193.mp4']",59,43,9611,16,False
E122,E122/E122_dtci_r11.npy,"courtship,foraging,unknown,vigilance",red_deer,clear,1,train,1,animal,123,364.5,['S1'],"['C1', 'C2']","['S1_C1_E122_V0450', 'S1_C1_E122_V0451', 'S1_C1_E122_V0452', 'S1_C1_E122_V0453', 'S1_C1_E122_V0454', 'S1_C1_E122_V0455', 'S1_C1_E122_V0456', 'S1_C1_E122_V0457', 'S1_C1_E122_V0458', 'S1_C1_E122_V0459', 'S1_C1_E122_V0460', 'S1_C1_E122_V0461', 'S1_C1_E122_V0462', 'S1_C1_E122_V0463', 'S1_C1_E122_V0464', 'S1_C1_E122_V0465', 'S1_C1_E122_V0466', 'S1_C1_E122_V0467', 'S1_C1_E122_V0468', 'S1_C1_E122_V0469', 'S1_C1_E122_V0470', 'S1_C1_E122_V0471', 'S1_C1_E122_V0472', 'S1_C1_E122_V0473', 'S1_C1_E122_V0474', 'S1_C1_E122_V0475', 'S1_C1_E122_V0476', 'S1_C1_E122_V0477', 'S1_C1_E122_V0478', 'S1_C1_E122_V0479', 'S1_C1_E122_V0480', 'S1_C1_E122_V0481', 'S1_C1_E122_V0482', 'S1_C1_E122_V0483', 'S1_C1_E122_V0484', 'S1_C1_E122_V0485', 'S1_C1_E122_V0486', 'S1_C1_E122_V0487', 'S1_C1_E122_V0488', 'S1_C1_E122_V0489', 'S1_C1_E122_V0490', 'S1_C1_E122_V0491', 'S1_C1_E122_V0492', 'S1_C1_E122_V0493', 'S1_C1_E122_V0494', 'S1_C1_E122_V0495', 'S1_C1_E122_V0496', 'S1_C1_E122_V0497', 'S1_C1_E122_V0498', 'S1_C1_E122_V0499', 'S1_C1_E122_V0500', 'S1_C2_E122_V0194', 'S1_C2_E122_V0195', 'S1_C2_E122_V0196', 'S1_C2_E122_V0197', 'S1_C2_E122_V0198', 'S1_C2_E122_V0199', 'S1_C2_E122_V0200', 'S1_C2_E122_V0201', 'S1_C2_E122_V0202', 'S1_C2_E122_V0203', 'S1_C2_E122_V0204', 'S1_C2_E122_V0205', 'S1_C2_E122_V0206', 'S1_C2_E122_V0207', 'S1_C2_E122_V0208', 'S1_C2_E122_V0209', 'S1_C2_E122_V0210', 'S1_C2_E122_V0211', 'S1_C2_E122_V0212', 'S1_C2_E122_V0213', 'S1_C2_E122_V0214', 'S1_C2_E122_V0215', 'S1_C2_E122_V0216', 'S1_C2_E122_V0217', 'S1_C2_E122_V0218', 'S1_C2_E122_V0219', 'S1_C2_E122_V0220', 'S1_C2_E122_V0221', 'S1_C2_E122_V0222', 'S1_C2_E122_V0223', 'S1_C2_E122_V0224', 'S1_C2_E122_V0225', 'S1_C2_E122_V0226', 'S1_C2_E122_V0227', 'S1_C2_E122_V0228', 'S1_C2_E122_V0229', 'S1_C2_E122_V0230', 'S1_C2_E122_V0231', 'S1_C2_E122_V0232', 'S1_C2_E122_V0233', 'S1_C2_E122_V0234', 'S1_C2_E122_V0235', 'S1_C2_E122_V0236', 'S1_C2_E122_V0237', 'S1_C2_E122_V0238', 'S1_C2_E122_V0239', 'S1_C2_E122_V0240', 'S1_C2_E122_V0241', 'S1_C2_E122_V0242', 'S1_C2_E122_V0243', 'S1_C2_E122_V0244', 'S1_C2_E122_V0245', 'S1_C2_E122_V0246', 'S1_C2_E122_V0247', 'S1_C2_E122_V0248', 'S1_C2_E122_V0249', 'S1_C2_E122_V0250', 'S1_C2_E122_V0251', 'S1_C2_E122_V0252', 'S1_C2_E122_V0253', 'S1_C2_E122_V0254', 'S1_C2_E122_V0255', 'S1_C2_E122_V0256', 'S1_C2_E122_V0257', 'S1_C2_E122_V0258', 'S1_C2_E122_V0259', 'S1_C2_E122_V0260', 'S1_C2_E122_V0261', 'S1_C2_E122_V0262', 'S1_C2_E122_V0263', 'S1_C2_E122_V0264', 'S1_C2_E122_V0265']","['S1/C1/S1_C1_E122_V0450.mp4', 'S1/C1/S1_C1_E122_V0451.mp4', 'S1/C1/S1_C1_E122_V0452.mp4', 'S1/C1/S1_C1_E122_V0453.mp4', 'S1/C1/S1_C1_E122_V0454.mp4', 'S1/C1/S1_C1_E122_V0455.mp4', 'S1/C1/S1_C1_E122_V0456.mp4', 'S1/C1/S1_C1_E122_V0457.mp4', 'S1/C1/S1_C1_E122_V0458.mp4', 'S1/C1/S1_C1_E122_V0459.mp4', 'S1/C1/S1_C1_E122_V0460.mp4', 'S1/C1/S1_C1_E122_V0461.mp4', 'S1/C1/S1_C1_E122_V0462.mp4', 'S1/C1/S1_C1_E122_V0463.mp4', 'S1/C1/S1_C1_E122_V0464.mp4', 'S1/C1/S1_C1_E122_V0465.mp4', 'S1/C1/S1_C1_E122_V0466.mp4', 'S1/C1/S1_C1_E122_V0467.mp4', 'S1/C1/S1_C1_E122_V0468.mp4', 'S1/C1/S1_C1_E122_V0469.mp4', 'S1/C1/S1_C1_E122_V0470.mp4', 'S1/C1/S1_C1_E122_V0471.mp4', 'S1/C1/S1_C1_E122_V0472.mp4', 'S1/C1/S1_C1_E122_V0473.mp4', 'S1/C1/S1_C1_E122_V0474.mp4', 'S1/C1/S1_C1_E122_V0475.mp4', 'S1/C1/S1_C1_E122_V0476.mp4', 'S1/C1/S1_C1_E122_V0477.mp4', 'S1/C1/S1_C1_E122_V0478.mp4', 'S1/C1/S1_C1_E122_V0479.mp4', 'S1/C1/S1_C1_E122_V0480.mp4', 'S1/C1/S1_C1_E122_V0481.mp4', 'S1/C1/S1_C1_E122_V0482.mp4', 'S1/C1/S1_C1_E122_V0483.mp4', 'S1/C1/S1_C1_E122_V0484.mp4', 'S1/C1/S1_C1_E122_V0485.mp4', 'S1/C1/S1_C1_E122_V0486.mp4', 'S1/C1/S1_C1_E122_V0487.mp4', 'S1/C1/S1_C1_E122_V0488.mp4', 'S1/C1/S1_C1_E122_V0489.mp4', 'S1/C1/S1_C1_E122_V0490.mp4', 'S1/C1/S1_C1_E122_V0491.mp4', 'S1/C1/S1_C1_E122_V0492.mp4', 'S1/C1/S1_C1_E122_V0493.mp4', 'S1/C1/S1_C1_E122_V0494.mp4', 'S1/C1/S1_C1_E122_V0495.mp4', 'S1/C1/S1_C1_E122_V0496.mp4', 'S1/C1/S1_C1_E122_V0497.mp4', 'S1/C1/S1_C1_E122_V0498.mp4', 'S1/C1/S1_C1_E122_V0499.mp4', 'S1/C1/S1_C1_E122_V0500.mp4', 'S1/C2/S1_C2_E122_V0194.mp4', 'S1/C2/S1_C2_E122_V0195.mp4', 'S1/C2/S1_C2_E122_V0196.mp4', 'S1/C2/S1_C2_E122_V0197.mp4', 'S1/C2/S1_C2_E122_V0198.mp4', 'S1/C2/S1_C2_E122_V0199.mp4', 'S1/C2/S1_C2_E122_V0200.mp4', 'S1/C2/S1_C2_E122_V0201.mp4', 'S1/C2/S1_C2_E122_V0202.mp4', 'S1/C2/S1_C2_E122_V0203.mp4', 'S1/C2/S1_C2_E122_V0204.mp4', 'S1/C2/S1_C2_E122_V0205.mp4', 'S1/C2/S1_C2_E122_V0206.mp4', 'S1/C2/S1_C2_E122_V0207.mp4', 'S1/C2/S1_C2_E122_V0208.mp4', 'S1/C2/S1_C2_E122_V0209.mp4', 'S1/C2/S1_C2_E122_V0210.mp4', 'S1/C2/S1_C2_E122_V0211.mp4', 'S1/C2/S1_C2_E122_V0212.mp4', 'S1/C2/S1_C2_E122_V0213.mp4', 'S1/C2/S1_C2_E122_V0214.mp4', 'S1/C2/S1_C2_E122_V0215.mp4', 'S1/C2/S1_C2_E122_V0216.mp4', 'S1/C2/S1_C2_E122_V0217.mp4', 'S1/C2/S1_C2_E122_V0218.mp4', 'S1/C2/S1_C2_E122_V0219.mp4', 'S1/C2/S1_C2_E122_V0220.mp4', 'S1/C2/S1_C2_E122_V0221.mp4', 'S1/C2/S1_C2_E122_V0222.mp4', 'S1/C2/S1_C2_E122_V0223.mp4', 'S1/C2/S1_C2_E122_V0224.mp4', 'S1/C2/S1_C2_E122_V0225.mp4', 'S1/C2/S1_C2_E122_V0226.mp4', 'S1/C2/S1_C2_E122_V0227.mp4', 'S1/C2/S1_C2_E122_V0228.mp4', 'S1/C2/S1_C2_E122_V0229.mp4', 'S1/C2/S1_C2_E122_V0230.mp4', 'S1/C2/S1_C2_E122_V0231.mp4', 'S1/C2/S1_C2_E122_V0232.mp4', 'S1/C2/S1_C2_E122_V0233.mp4', 'S1/C2/S1_C2_E122_V0234.mp4', 'S1/C2/S1_C2_E122_V0235.mp4', 'S1/C2/S1_C2_E122_V0236.mp4', 'S1/C2/S1_C2_E122_V0237.mp4', 'S1/C2/S1_C2_E122_V0238.mp4', 'S1/C2/S1_C2_E122_V0239.mp4', 'S1/C2/S1_C2_E122_V0240.mp4', 'S1/C2/S1_C2_E122_V0241.mp4', 'S1/C2/S1_C2_E122_V0242.mp4', 'S1/C2/S1_C2_E122_V0243.mp4', 'S1/C2/S1_C2_E122_V0244.mp4', 'S1/C2/S1_C2_E122_V0245.mp4', 'S1/C2/S1_C2_E122_V0246.mp4', 'S1/C2/S1_C2_E122_V0247.mp4', 'S1/C2/S1_C2_E122_V0248.mp4', 'S1/C2/S1_C2_E122_V0249.mp4', 'S1/C2/S1_C2_E122_V0250.mp4', 'S1/C2/S1_C2_E122_V0251.mp4', 'S1/C2/S1_C2_E122_V0252.mp4', 'S1/C2/S1_C2_E122_V0253.mp4', 'S1/C2/S1_C2_E122_V0254.mp4', 'S1/C2/S1_C2_E122_V0255.mp4', 'S1/C2/S1_C2_E122_V0256.mp4', 'S1/C2/S1_C2_E122_V0257.mp4', 'S1/C2/S1_C2_E122_V0258.mp4', 'S1/C2/S1_C2_E122_V0259.mp4', 'S1/C2/S1_C2_E122_V0260.mp4', 'S1/C2/S1_C2_E122_V0261.mp4', 'S1/C2/S1_C2_E122_V0262.mp4', 'S1/C2/S1_C2_E122_V0263.mp4', 'S1/C2/S1_C2_E122_V0264.mp4', 'S1/C2/S1_C2_E122_V0265.mp4']",123,84,8944,39,False
E123,E123/E123_dtci_r11.npy,"foraging,marking,unknown,vigilance",red_deer,clear,1,train,1,animal,78,132.96666666666667,['S1'],"['C1', 'C2']","['S1_C1_E123_V0501', 'S1_C1_E123_V0502', 'S1_C1_E123_V0503', 'S1_C1_E123_V0504', 'S1_C1_E123_V0505', 'S1_C1_E123_V0506', 'S1_C1_E123_V0507', 'S1_C1_E123_V0508', 'S1_C1_E123_V0509', 'S1_C1_E123_V0510', 'S1_C1_E123_V0511', 'S1_C1_E123_V0512', 'S1_C1_E123_V0513', 'S1_C1_E123_V0514', 'S1_C1_E123_V0515', 'S1_C1_E123_V0516', 'S1_C1_E123_V0517', 'S1_C1_E123_V0518', 'S1_C1_E123_V0519', 'S1_C1_E123_V0520', 'S1_C1_E123_V0521', 'S1_C1_E123_V0522', 'S1_C1_E123_V0523', 'S1_C1_E123_V0524', 'S1_C1_E123_V0525', 'S1_C1_E123_V0526', 'S1_C1_E123_V0527', 'S1_C1_E123_V0528', 'S1_C1_E123_V0529', 'S1_C1_E123_V0530', 'S1_C1_E123_V0531', 'S1_C1_E123_V0532', 'S1_C1_E123_V0533', 'S1_C1_E123_V0534', 'S1_C1_E123_V0535', 'S1_C1_E123_V0536', 'S1_C1_E123_V0537', 'S1_C1_E123_V0538', 'S1_C1_E123_V0539', 'S1_C1_E123_V0540', 'S1_C1_E123_V0541', 'S1_C1_E123_V0542', 'S1_C1_E123_V0543', 'S1_C1_E123_V0544', 'S1_C1_E123_V0545', 'S1_C1_E123_V0546', 'S1_C1_E123_V0547', 'S1_C1_E123_V0548', 'S1_C1_E123_V0549', 'S1_C1_E123_V0550', 'S1_C1_E123_V0551', 'S1_C1_E123_V0552', 'S1_C1_E123_V0553', 'S1_C1_E123_V0554', 'S1_C1_E123_V0555', 'S1_C1_E123_V0556', 'S1_C1_E123_V0557', 'S1_C1_E123_V0558', 'S1_C1_E123_V0559', 'S1_C1_E123_V0560', 'S1_C1_E123_V0561', 'S1_C1_E123_V0562', 'S1_C1_E123_V0563', 'S1_C1_E123_V0564', 'S1_C1_E123_V0565', 'S1_C1_E123_V0566', 'S1_C1_E123_V0567', 'S1_C1_E123_V0568', 'S1_C1_E123_V0569', 'S1_C1_E123_V0570', 'S1_C2_E123_V0266', 'S1_C2_E123_V0267', 'S1_C2_E123_V0268', 'S1_C2_E123_V0269', 'S1_C2_E123_V0270', 'S1_C2_E123_V0271', 'S1_C2_E123_V0272', 'S1_C2_E123_V0273']","['S1/C1/S1_C1_E123_V0501.mp4', 'S1/C1/S1_C1_E123_V0502.mp4', 'S1/C1/S1_C1_E123_V0503.mp4', 'S1/C1/S1_C1_E123_V0504.mp4', 'S1/C1/S1_C1_E123_V0505.mp4', 'S1/C1/S1_C1_E123_V0506.mp4', 'S1/C1/S1_C1_E123_V0507.mp4', 'S1/C1/S1_C1_E123_V0508.mp4', 'S1/C1/S1_C1_E123_V0509.mp4', 'S1/C1/S1_C1_E123_V0510.mp4', 'S1/C1/S1_C1_E123_V0511.mp4', 'S1/C1/S1_C1_E123_V0512.mp4', 'S1/C1/S1_C1_E123_V0513.mp4', 'S1/C1/S1_C1_E123_V0514.mp4', 'S1/C1/S1_C1_E123_V0515.mp4', 'S1/C1/S1_C1_E123_V0516.mp4', 'S1/C1/S1_C1_E123_V0517.mp4', 'S1/C1/S1_C1_E123_V0518.mp4', 'S1/C1/S1_C1_E123_V0519.mp4', 'S1/C1/S1_C1_E123_V0520.mp4', 'S1/C1/S1_C1_E123_V0521.mp4', 'S1/C1/S1_C1_E123_V0522.mp4', 'S1/C1/S1_C1_E123_V0523.mp4', 'S1/C1/S1_C1_E123_V0524.mp4', 'S1/C1/S1_C1_E123_V0525.mp4', 'S1/C1/S1_C1_E123_V0526.mp4', 'S1/C1/S1_C1_E123_V0527.mp4', 'S1/C1/S1_C1_E123_V0528.mp4', 'S1/C1/S1_C1_E123_V0529.mp4', 'S1/C1/S1_C1_E123_V0530.mp4', 'S1/C1/S1_C1_E123_V0531.mp4', 'S1/C1/S1_C1_E123_V0532.mp4', 'S1/C1/S1_C1_E123_V0533.mp4', 'S1/C1/S1_C1_E123_V0534.mp4', 'S1/C1/S1_C1_E123_V0535.mp4', 'S1/C1/S1_C1_E123_V0536.mp4', 'S1/C1/S1_C1_E123_V0537.mp4', 'S1/C1/S1_C1_E123_V0538.mp4', 'S1/C1/S1_C1_E123_V0539.mp4', 'S1/C1/S1_C1_E123_V0540.mp4', 'S1/C1/S1_C1_E123_V0541.mp4', 'S1/C1/S1_C1_E123_V0542.mp4', 'S1/C1/S1_C1_E123_V0543.mp4', 'S1/C1/S1_C1_E123_V0544.mp4', 'S1/C1/S1_C1_E123_V0545.mp4', 'S1/C1/S1_C1_E123_V0546.mp4', 'S1/C1/S1_C1_E123_V0547.mp4', 'S1/C1/S1_C1_E123_V0548.mp4', 'S1/C1/S1_C1_E123_V0549.mp4', 'S1/C1/S1_C1_E123_V0550.mp4', 'S1/C1/S1_C1_E123_V0551.mp4', 'S1/C1/S1_C1_E123_V0552.mp4', 'S1/C1/S1_C1_E123_V0553.mp4', 'S1/C1/S1_C1_E123_V0554.mp4', 'S1/C1/S1_C1_E123_V0555.mp4', 'S1/C1/S1_C1_E123_V0556.mp4', 'S1/C1/S1_C1_E123_V0557.mp4', 'S1/C1/S1_C1_E123_V0558.mp4', 'S1/C1/S1_C1_E123_V0559.mp4', 'S1/C1/S1_C1_E123_V0560.mp4', 'S1/C1/S1_C1_E123_V0561.mp4', 'S1/C1/S1_C1_E123_V0562.mp4', 'S1/C1/S1_C1_E123_V0563.mp4', 'S1/C1/S1_C1_E123_V0564.mp4', 'S1/C1/S1_C1_E123_V0565.mp4', 'S1/C1/S1_C1_E123_V0566.mp4', 'S1/C1/S1_C1_E123_V0567.mp4', 'S1/C1/S1_C1_E123_V0568.mp4', 'S1/C1/S1_C1_E123_V0569.mp4', 'S1/C1/S1_C1_E123_V0570.mp4', 'S1/C2/S1_C2_E123_V0266.mp4', 'S1/C2/S1_C2_E123_V0267.mp4', 'S1/C2/S1_C2_E123_V0268.mp4', 'S1/C2/S1_C2_E123_V0269.mp4', 'S1/C2/S1_C2_E123_V0270.mp4', 'S1/C2/S1_C2_E123_V0271.mp4', 'S1/C2/S1_C2_E123_V0272.mp4', 'S1/C2/S1_C2_E123_V0273.mp4']",78,11,1726,67,False
E125,E125/E125_dtci_r11.npy,"foraging,unknown",red_deer,overcast,1,train,1,animal,10,28.0,['S1'],"['C1', 'C2']","['S1_C1_E125_V0574', 'S1_C1_E125_V0575', 'S1_C2_E125_V0274', 'S1_C2_E125_V0275', 'S1_C2_E125_V0276', 'S1_C2_E125_V0277', 'S1_C2_E125_V0278', 'S1_C2_E125_V0279', 'S1_C2_E125_V0280', 'S1_C2_E125_V0281']","['S1/C1/S1_C1_E125_V0574.mp4', 'S1/C1/S1_C1_E125_V0575.mp4', 'S1/C2/S1_C2_E125_V0274.mp4', 'S1/C2/S1_C2_E125_V0275.mp4', 'S1/C2/S1_C2_E125_V0276.mp4', 'S1/C2/S1_C2_E125_V0277.mp4', 'S1/C2/S1_C2_E125_V0278.mp4', 'S1/C2/S1_C2_E125_V0279.mp4', 'S1/C2/S1_C2_E125_V0280.mp4', 'S1/C2/S1_C2_E125_V0281.mp4']",10,8,752,2,False
E126,E126/E126_dtci_r11.npy,"foraging,vigilance",red_deer,overcast,1,train,1,animal,1,120.5,['S1'],['C1'],['S1_C1_E126_V0576'],['S1/C1/S1_C1_E126_V0576.mp4'],1,1,647,0,False
E139,E139/E139_dtci_r11.npy,foraging,red_deer,overcast,1,train,1,animal,1,120.5,['S1'],['C1'],['S1_C1_E139_V0706'],['S1/C1/S1_C1_E139_V0706.mp4'],1,1,460,0,False
E140,E140/E140_dtci_r11.npy,none,none,sunny,0,train,0,background,2,241.0,['S1'],['C3'],"['S1_C3_E140_V0057', 'S1_C3_E140_V0058']","['S1/C3/S1_C3_E140_V0057.mp4', 'S1/C3/S1_C3_E140_V0058.mp4']",2,0,0,2,True
E142,E142/E142_dtci_r11.npy,foraging,red_deer,clear,1,train,1,animal,3,7.5,['S1'],['C1'],"['S1_C1_E142_V0707', 'S1_C1_E142_V0708', 'S1_C1_E142_V0709']","['S1/C1/S1_C1_E142_V0707.mp4', 'S1/C1/S1_C1_E142_V0708.mp4', 'S1/C1/S1_C1_E142_V0709.mp4']",3,2,168,1,False
E143,E143/E143_dtci_r11.npy,"foraging,vigilance",red_deer,clear,1,train,1,animal,24,104.0,['S1'],"['C1', 'C2']","['S1_C1_E143_V0710', 'S1_C1_E143_V0711', 'S1_C1_E143_V0712', 'S1_C1_E143_V0713', 'S1_C1_E143_V0714', 'S1_C1_E143_V0715', 'S1_C1_E143_V0716', 'S1_C1_E143_V0717', 'S1_C1_E143_V0718', 'S1_C1_E143_V0719', 'S1_C1_E143_V0720', 'S1_C1_E143_V0721', 'S1_C1_E143_V0722', 'S1_C1_E143_V0723', 'S1_C1_E143_V0724', 'S1_C1_E143_V0725', 'S1_C2_E143_V0320', 'S1_C2_E143_V0321', 'S1_C2_E143_V0322', 'S1_C2_E143_V0323', 'S1_C2_E143_V0324', 'S1_C2_E143_V0325', 'S1_C2_E143_V0326', 'S1_C2_E143_V0327']","['S1/C1/S1_C1_E143_V0710.mp4', 'S1/C1/S1_C1_E143_V0711.mp4', 'S1/C1/S1_C1_E143_V0712.mp4', 'S1/C1/S1_C1_E143_V0713.mp4', 'S1/C1/S1_C1_E143_V0714.mp4', 'S1/C1/S1_C1_E143_V0715.mp4', 'S1/C1/S1_C1_E143_V0716.mp4', 'S1/C1/S1_C1_E143_V0717.mp4', 'S1/C1/S1_C1_E143_V0718.mp4', 'S1/C1/S1_C1_E143_V0719.mp4', 'S1/C1/S1_C1_E143_V0720.mp4', 'S1/C1/S1_C1_E143_V0721.mp4', 'S1/C1/S1_C1_E143_V0722.mp4', 'S1/C1/S1_C1_E143_V0723.mp4', 'S1/C1/S1_C1_E143_V0724.mp4', 'S1/C1/S1_C1_E143_V0725.mp4', 'S1/C2/S1_C2_E143_V0320.mp4', 'S1/C2/S1_C2_E143_V0321.mp4', 'S1/C2/S1_C2_E143_V0322.mp4', 'S1/C2/S1_C2_E143_V0323.mp4', 'S1/C2/S1_C2_E143_V0324.mp4', 'S1/C2/S1_C2_E143_V0325.mp4', 'S1/C2/S1_C2_E143_V0326.mp4', 'S1/C2/S1_C2_E143_V0327.mp4']",24,18,2793,6,False
E144,E144/E144_dtci_r11.npy,"camera_reaction,vigilance",red_deer,clear,1,train,1,animal,2,41.0,['S1'],"['C2', 'C3']","['S1_C2_E144_V0328', 'S1_C3_E144_V0060']","['S1/C2/S1_C2_E144_V0328.mp4', 'S1/C3/S1_C3_E144_V0060.mp4']",2,2,499,0,False
E145,E145/E145_dtci_r11.npy,"camera_reaction,foraging,unknown",red_deer,clear,1,train,1,animal,29,86.0,['S1'],"['C1', 'C2', 'C3']","['S1_C1_E145_V0726', 'S1_C1_E145_V0727', 'S1_C1_E145_V0728', 'S1_C1_E145_V0729', 'S1_C1_E145_V0730', 'S1_C1_E145_V0731', 'S1_C1_E145_V0732', 'S1_C1_E145_V0733', 'S1_C1_E145_V0734', 'S1_C1_E145_V0735', 'S1_C1_E145_V0736', 'S1_C1_E145_V0737', 'S1_C2_E145_V0329', 'S1_C2_E145_V0330', 'S1_C2_E145_V0331', 'S1_C2_E145_V0332', 'S1_C2_E145_V0333', 'S1_C2_E145_V0334', 'S1_C2_E145_V0335', 'S1_C2_E145_V0336', 'S1_C2_E145_V0337', 'S1_C2_E145_V0338', 'S1_C2_E145_V0339', 'S1_C2_E145_V0340', 'S1_C2_E145_V0341', 'S1_C2_E145_V0342', 'S1_C2_E145_V0343', 'S1_C2_E145_V0344', 'S1_C3_E145_V0061']","['S1/C1/S1_C1_E145_V0726.mp4', 'S1/C1/S1_C1_E145_V0727.mp4', 'S1/C1/S1_C1_E145_V0728.mp4', 'S1/C1/S1_C1_E145_V0729.mp4', 'S1/C1/S1_C1_E145_V0730.mp4', 'S1/C1/S1_C1_E145_V0731.mp4', 'S1/C1/S1_C1_E145_V0732.mp4', 'S1/C1/S1_C1_E145_V0733.mp4', 'S1/C1/S1_C1_E145_V0734.mp4', 'S1/C1/S1_C1_E145_V0735.mp4', 'S1/C1/S1_C1_E145_V0736.mp4', 'S1/C1/S1_C1_E145_V0737.mp4', 'S1/C2/S1_C2_E145_V0329.mp4', 'S1/C2/S1_C2_E145_V0330.mp4', 'S1/C2/S1_C2_E145_V0331.mp4', 'S1/C2/S1_C2_E145_V0332.mp4', 'S1/C2/S1_C2_E145_V0333.mp4', 'S1/C2/S1_C2_E145_V0334.mp4', 'S1/C2/S1_C2_E145_V0335.mp4', 'S1/C2/S1_C2_E145_V0336.mp4', 'S1/C2/S1_C2_E145_V0337.mp4', 'S1/C2/S1_C2_E145_V0338.mp4', 'S1/C2/S1_C2_E145_V0339.mp4', 'S1/C2/S1_C2_E145_V0340.mp4', 'S1/C2/S1_C2_E145_V0341.mp4', 'S1/C2/S1_C2_E145_V0342.mp4', 'S1/C2/S1_C2_E145_V0343.mp4', 'S1/C2/S1_C2_E145_V0344.mp4', 'S1/C3/S1_C3_E145_V0061.mp4']",29,10,1700,19,False
E146,E146/E146_dtci_r11.npy,"foraging,grooming,unknown,vigilance",red_deer,overcast,1,train,1,animal,4,482.0,['S1'],"['C1', 'C2']","['S1_C1_E146_V0738', 'S1_C1_E146_V0739', 'S1_C2_E146_V0345', 'S1_C2_E146_V0346']","['S1/C1/S1_C1_E146_V0738.mp4', 'S1/C1/S1_C1_E146_V0739.mp4', 'S1/C2/S1_C2_E146_V0345.mp4', 'S1/C2/S1_C2_E146_V0346.mp4']",4,4,8867,0,False
E15,E15/E15_dtci_r11.npy,"camera_reaction,foraging,unknown,vigilance",roe_deer,overcast,1,train,1,animal,2,241.0,['S1'],"['C1', 'C2']","['S1_C1_E15_V0036', 'S1_C2_E15_V0026']","['S1/C1/S1_C1_E15_V0036.mp4', 'S1/C2/S1_C2_E15_V0026.mp4']",2,2,2134,0,False
E150,E150/E150_dtci_r11.npy,"foraging,unknown,vigilance",red_deer,clear,2,train,1,animal,54,116.5,['S1'],"['C1', 'C2']","['S1_C1_E150_V0740', 'S1_C1_E150_V0741', 'S1_C1_E150_V0742', 'S1_C1_E150_V0743', 'S1_C1_E150_V0744', 'S1_C1_E150_V0745', 'S1_C1_E150_V0746', 'S1_C1_E150_V0747', 'S1_C1_E150_V0748', 'S1_C1_E150_V0749', 'S1_C1_E150_V0750', 'S1_C1_E150_V0751', 'S1_C1_E150_V0752', 'S1_C1_E150_V0753', 'S1_C1_E150_V0754', 'S1_C1_E150_V0755', 'S1_C1_E150_V0756', 'S1_C1_E150_V0757', 'S1_C1_E150_V0758', 'S1_C1_E150_V0759', 'S1_C1_E150_V0760', 'S1_C1_E150_V0761', 'S1_C1_E150_V0762', 'S1_C1_E150_V0763', 'S1_C1_E150_V0764', 'S1_C1_E150_V0765', 'S1_C1_E150_V0766', 'S1_C1_E150_V0767', 'S1_C2_E150_V0347', 'S1_C2_E150_V0348', 'S1_C2_E150_V0349', 'S1_C2_E150_V0350', 'S1_C2_E150_V0351', 'S1_C2_E150_V0352', 'S1_C2_E150_V0353', 'S1_C2_E150_V0354', 'S1_C2_E150_V0355', 'S1_C2_E150_V0356', 'S1_C2_E150_V0357', 'S1_C2_E150_V0358', 'S1_C2_E150_V0359', 'S1_C2_E150_V0360', 'S1_C2_E150_V0361', 'S1_C2_E150_V0362', 'S1_C2_E150_V0363', 'S1_C2_E150_V0364', 'S1_C2_E150_V0365', 'S1_C2_E150_V0366', 'S1_C2_E150_V0367', 'S1_C2_E150_V0368', 'S1_C2_E150_V0369', 'S1_C2_E150_V0370', 'S1_C2_E150_V0371', 'S1_C2_E150_V0372']","['S1/C1/S1_C1_E150_V0740.mp4', 'S1/C1/S1_C1_E150_V0741.mp4', 'S1/C1/S1_C1_E150_V0742.mp4', 'S1/C1/S1_C1_E150_V0743.mp4', 'S1/C1/S1_C1_E150_V0744.mp4', 'S1/C1/S1_C1_E150_V0745.mp4', 'S1/C1/S1_C1_E150_V0746.mp4', 'S1/C1/S1_C1_E150_V0747.mp4', 'S1/C1/S1_C1_E150_V0748.mp4', 'S1/C1/S1_C1_E150_V0749.mp4', 'S1/C1/S1_C1_E150_V0750.mp4', 'S1/C1/S1_C1_E150_V0751.mp4', 'S1/C1/S1_C1_E150_V0752.mp4', 'S1/C1/S1_C1_E150_V0753.mp4', 'S1/C1/S1_C1_E150_V0754.mp4', 'S1/C1/S1_C1_E150_V0755.mp4', 'S1/C1/S1_C1_E150_V0756.mp4', 'S1/C1/S1_C1_E150_V0757.mp4', 'S1/C1/S1_C1_E150_V0758.mp4', 'S1/C1/S1_C1_E150_V0759.mp4', 'S1/C1/S1_C1_E150_V0760.mp4', 'S1/C1/S1_C1_E150_V0761.mp4', 'S1/C1/S1_C1_E150_V0762.mp4', 'S1/C1/S1_C1_E150_V0763.mp4', 'S1/C1/S1_C1_E150_V0764.mp4', 'S1/C1/S1_C1_E150_V0765.mp4', 'S1/C1/S1_C1_E150_V0766.mp4', 'S1/C1/S1_C1_E150_V0767.mp4', 'S1/C2/S1_C2_E150_V0347.mp4', 'S1/C2/S1_C2_E150_V0348.mp4', 'S1/C2/S1_C2_E150_V0349.mp4', 'S1/C2/S1_C2_E150_V0350.mp4', 'S1/C2/S1_C2_E150_V0351.mp4', 'S1/C2/S1_C2_E150_V0352.mp4', 'S1/C2/S1_C2_E150_V0353.mp4', 'S1/C2/S1_C2_E150_V0354.mp4', 'S1/C2/S1_C2_E150_V0355.mp4', 'S1/C2/S1_C2_E150_V0356.mp4', 'S1/C2/S1_C2_E150_V0357.mp4', 'S1/C2/S1_C2_E150_V0358.mp4', 'S1/C2/S1_C2_E150_V0359.mp4', 'S1/C2/S1_C2_E150_V0360.mp4', 'S1/C2/S1_C2_E150_V0361.mp4', 'S1/C2/S1_C2_E150_V0362.mp4', 'S1/C2/S1_C2_E150_V0363.mp4', 'S1/C2/S1_C2_E150_V0364.mp4', 'S1/C2/S1_C2_E150_V0365.mp4', 'S1/C2/S1_C2_E150_V0366.mp4', 'S1/C2/S1_C2_E150_V0367.mp4', 'S1/C2/S1_C2_E150_V0368.mp4', 'S1/C2/S1_C2_E150_V0369.mp4', 'S1/C2/S1_C2_E150_V0370.mp4', 'S1/C2/S1_C2_E150_V0371.mp4', 'S1/C2/S1_C2_E150_V0372.mp4']",54,24,2538,30,False
E151,E151/E151_dtci_r11.npy,"foraging,vigilance",red_deer,clear,1,train,1,animal,14,55.5,['S1'],"['C1', 'C2', 'C3']","['S1_C1_E151_V0768', 'S1_C1_E151_V0769', 'S1_C1_E151_V0770', 'S1_C1_E151_V0771', 'S1_C1_E151_V0772', 'S1_C2_E151_V0373', 'S1_C2_E151_V0374', 'S1_C2_E151_V0375', 'S1_C2_E151_V0376', 'S1_C2_E151_V0377', 'S1_C2_E151_V0378', 'S1_C2_E151_V0379', 'S1_C2_E151_V0380', 'S1_C3_E151_V0065']","['S1/C1/S1_C1_E151_V0768.mp4', 'S1/C1/S1_C1_E151_V0769.mp4', 'S1/C1/S1_C1_E151_V0770.mp4', 'S1/C1/S1_C1_E151_V0771.mp4', 'S1/C1/S1_C1_E151_V0772.mp4', 'S1/C2/S1_C2_E151_V0373.mp4', 'S1/C2/S1_C2_E151_V0374.mp4', 'S1/C2/S1_C2_E151_V0375.mp4', 'S1/C2/S1_C2_E151_V0376.mp4', 'S1/C2/S1_C2_E151_V0377.mp4', 'S1/C2/S1_C2_E151_V0378.mp4', 'S1/C2/S1_C2_E151_V0379.mp4', 'S1/C2/S1_C2_E151_V0380.mp4', 'S1/C3/S1_C3_E151_V0065.mp4']",14,10,1028,4,False
E16,E16/E16_dtci_r11.npy,"camera_reaction,foraging,unknown,vigilance",red_deer,clear,1,train,1,animal,8,164.0,['S1'],"['C1', 'C2']","['S1_C1_E16_V0037', 'S1_C1_E16_V0038', 'S1_C1_E16_V0039', 'S1_C1_E16_V0040', 'S1_C1_E16_V0041', 'S1_C2_E16_V0027', 'S1_C2_E16_V0028', 'S1_C2_E16_V0029']","['S1/C1/S1_C1_E16_V0037.mp4', 'S1/C1/S1_C1_E16_V0038.mp4', 'S1/C1/S1_C1_E16_V0039.mp4', 'S1/C1/S1_C1_E16_V0040.mp4', 'S1/C1/S1_C1_E16_V0041.mp4', 'S1/C2/S1_C2_E16_V0027.mp4', 'S1/C2/S1_C2_E16_V0028.mp4', 'S1/C2/S1_C2_E16_V0029.mp4']",8,8,3595,0,False
E166,E166/E166_dtci_r11.npy,none,none,sunny,0,train,0,background,1,120.5,['S1'],['C1'],['S1_C1_E166_V0781'],['S1/C1/S1_C1_E166_V0781.mp4'],1,0,0,1,True
E168,E168/E168_dtci_r11.npy,none,none,sunny,0,train,0,background,1,120.5,['S1'],['C1'],['S1_C1_E168_V0783'],['S1/C1/S1_C1_E168_V0783.mp4'],1,0,0,1,True
E169,E169/E169_dtci_r11.npy,"foraging,unknown,vigilance",roe_deer,clear,1,train,1,animal,5,146.0,['S1'],"['C1', 'C2', 'C3']","['S1_C1_E169_V0784', 'S1_C1_E169_V0785', 'S1_C1_E169_V0786', 'S1_C2_E169_V0393', 'S1_C3_E169_V0075']","['S1/C1/S1_C1_E169_V0784.mp4', 'S1/C1/S1_C1_E169_V0785.mp4', 'S1/C1/S1_C1_E169_V0786.mp4', 'S1/C2/S1_C2_E169_V0393.mp4', 'S1/C3/S1_C3_E169_V0075.mp4']",5,4,1509,1,False
E17,E17/E17_dtci_r11.npy,"camera_reaction,foraging,unknown,vigilance",red_deer,rainy,1,train,1,animal,8,164.0,['S1'],"['C1', 'C2']","['S1_C1_E17_V0042', 'S1_C1_E17_V0043', 'S1_C1_E17_V0044', 'S1_C1_E17_V0045', 'S1_C1_E17_V0046', 'S1_C2_E17_V0030', 'S1_C2_E17_V0031', 'S1_C2_E17_V0032']","['S1/C1/S1_C1_E17_V0042.mp4', 'S1/C1/S1_C1_E17_V0043.mp4', 'S1/C1/S1_C1_E17_V0044.mp4', 'S1/C1/S1_C1_E17_V0045.mp4', 'S1/C1/S1_C1_E17_V0046.mp4', 'S1/C2/S1_C2_E17_V0030.mp4', 'S1/C2/S1_C2_E17_V0031.mp4', 'S1/C2/S1_C2_E17_V0032.mp4']",8,7,3866,1,False
E170,E170/E170_dtci_r11.npy,"foraging,grooming,vigilance",red_deer,clear,1,train,1,animal,19,79.0,['S1'],"['C1', 'C2']","['S1_C1_E170_V0787', 'S1_C1_E170_V0788', 'S1_C1_E170_V0789', 'S1_C1_E170_V0790', 'S1_C1_E170_V0791', 'S1_C1_E170_V0792', 'S1_C1_E170_V0793', 'S1_C1_E170_V0794', 'S1_C1_E170_V0795', 'S1_C1_E170_V0796', 'S1_C1_E170_V0797', 'S1_C1_E170_V0798', 'S1_C1_E170_V0799', 'S1_C2_E170_V0394', 'S1_C2_E170_V0395', 'S1_C2_E170_V0396', 'S1_C2_E170_V0397', 'S1_C2_E170_V0398', 'S1_C2_E170_V0399']","['S1/C1/S1_C1_E170_V0787.mp4', 'S1/C1/S1_C1_E170_V0788.mp4', 'S1/C1/S1_C1_E170_V0789.mp4', 'S1/C1/S1_C1_E170_V0790.mp4', 'S1/C1/S1_C1_E170_V0791.mp4', 'S1/C1/S1_C1_E170_V0792.mp4', 'S1/C1/S1_C1_E170_V0793.mp4', 'S1/C1/S1_C1_E170_V0794.mp4', 'S1/C1/S1_C1_E170_V0795.mp4', 'S1/C1/S1_C1_E170_V0796.mp4', 'S1/C1/S1_C1_E170_V0797.mp4', 'S1/C1/S1_C1_E170_V0798.mp4', 'S1/C1/S1_C1_E170_V0799.mp4', 'S1/C2/S1_C2_E170_V0394.mp4', 'S1/C2/S1_C2_E170_V0395.mp4', 'S1/C2/S1_C2_E170_V0396.mp4', 'S1/C2/S1_C2_E170_V0397.mp4', 'S1/C2/S1_C2_E170_V0398.mp4', 'S1/C2/S1_C2_E170_V0399.mp4']",19,14,1804,5,False
E171,E171/E171_dtci_r11.npy,"foraging,unknown",red_deer,clear,1,train,1,animal,6,21.0,['S1'],"['C1', 'C2']","['S1_C1_E171_V0800', 'S1_C1_E171_V0801', 'S1_C1_E171_V0802', 'S1_C1_E171_V0803', 'S1_C1_E171_V0804', 'S1_C2_E171_V0400']","['S1/C1/S1_C1_E171_V0800.mp4', 'S1/C1/S1_C1_E171_V0801.mp4', 'S1/C1/S1_C1_E171_V0802.mp4', 'S1/C1/S1_C1_E171_V0803.mp4', 'S1/C1/S1_C1_E171_V0804.mp4', 'S1/C2/S1_C2_E171_V0400.mp4']",6,3,313,3,False
E172,E172/E172_dtci_r11.npy,foraging,red_deer,clear,1,train,1,animal,5,5.5,['S1'],['C1'],"['S1_C1_E172_V0805', 'S1_C1_E172_V0806', 'S1_C1_E172_V0807', 'S1_C1_E172_V0808', 'S1_C1_E172_V0809']","['S1/C1/S1_C1_E172_V0805.mp4', 'S1/C1/S1_C1_E172_V0806.mp4', 'S1/C1/S1_C1_E172_V0807.mp4', 'S1/C1/S1_C1_E172_V0808.mp4', 'S1/C1/S1_C1_E172_V0809.mp4']",5,1,45,4,False
E173,E173/E173_dtci_r11.npy,"foraging,vigilance",red_deer,clear,1,train,1,animal,5,15.0,['S1'],"['C1', 'C2']","['S1_C1_E173_V0810', 'S1_C1_E173_V0811', 'S1_C1_E173_V0812', 'S1_C1_E173_V0813', 'S1_C2_E173_V0401']","['S1/C1/S1_C1_E173_V0810.mp4', 'S1/C1/S1_C1_E173_V0811.mp4', 'S1/C1/S1_C1_E173_V0812.mp4', 'S1/C1/S1_C1_E173_V0813.mp4', 'S1/C2/S1_C2_E173_V0401.mp4']",5,2,267,3,False
E174,E174/E174_dtci_r11.npy,vigilance,red_deer,clear,1,train,1,animal,3,11.0,['S1'],"['C1', 'C2']","['S1_C1_E174_V0814', 'S1_C1_E174_V0815', 'S1_C2_E174_V0402']","['S1/C1/S1_C1_E174_V0814.mp4', 'S1/C1/S1_C1_E174_V0815.mp4', 'S1/C2/S1_C2_E174_V0402.mp4']",3,1,124,2,False
E175,E175/E175_dtci_r11.npy,vigilance,red_deer,clear,1,train,1,animal,6,14.0,['S1'],"['C1', 'C2']","['S1_C1_E175_V0816', 'S1_C1_E175_V0817', 'S1_C2_E175_V0403', 'S1_C2_E175_V0404', 'S1_C2_E175_V0405', 'S1_C2_E175_V0406']","['S1/C1/S1_C1_E175_V0816.mp4', 'S1/C1/S1_C1_E175_V0817.mp4', 'S1/C2/S1_C2_E175_V0403.mp4', 'S1/C2/S1_C2_E175_V0404.mp4', 'S1/C2/S1_C2_E175_V0405.mp4', 'S1/C2/S1_C2_E175_V0406.mp4']",6,2,260,4,False
E176,E176/E176_dtci_r11.npy,foraging,red_deer,clear,1,train,1,animal,4,11.5,['S1'],"['C1', 'C2']","['S1_C1_E176_V0818', 'S1_C1_E176_V0819', 'S1_C1_E176_V0820', 'S1_C2_E176_V0407']","['S1/C1/S1_C1_E176_V0818.mp4', 'S1/C1/S1_C1_E176_V0819.mp4', 'S1/C1/S1_C1_E176_V0820.mp4', 'S1/C2/S1_C2_E176_V0407.mp4']",4,1,205,3,False
E177,E177/E177_dtci_r11.npy,"courtship,foraging,vigilance",red_deer,overcast,1,train,1,animal,4,482.0,['S1'],"['C1', 'C2']","['S1_C1_E177_V0821', 'S1_C1_E177_V0822', 'S1_C1_E177_V0823', 'S1_C2_E177_V0408']","['S1/C1/S1_C1_E177_V0821.mp4', 'S1/C1/S1_C1_E177_V0822.mp4', 'S1/C1/S1_C1_E177_V0823.mp4', 'S1/C2/S1_C2_E177_V0408.mp4']",4,4,12330,0,False
E178,E178/E178_dtci_r11.npy,foraging,red_deer,overcast,1,train,1,animal,1,120.5,['S1'],['C1'],['S1_C1_E178_V0824'],['S1/C1/S1_C1_E178_V0824.mp4'],1,1,230,0,False
E179,E179/E179_dtci_r11.npy,unknown,red_deer,rainy,2,train,1,animal,1,11.5,['S1'],['C2'],['S1_C2_E179_V0409'],['S1/C2/S1_C2_E179_V0409.mp4'],1,1,148,0,False
E18,E18/E18_dtci_r11.npy,foraging,red_deer,clear,1,train,1,animal,3,61.5,['S1'],"['C1', 'C2']","['S1_C1_E18_V0047', 'S1_C1_E18_V0048', 'S1_C2_E18_V0033']","['S1/C1/S1_C1_E18_V0047.mp4', 'S1/C1/S1_C1_E18_V0048.mp4', 'S1/C2/S1_C2_E18_V0033.mp4']",3,2,543,1,False
E180,E180/E180_dtci_r11.npy,vigilance,red_deer,clear,1,train,1,animal,1,7.0,['S1'],['C2'],['S1_C2_E180_V0410'],['S1/C2/S1_C2_E180_V0410.mp4'],1,1,209,0,False
E181,E181/E181_dtci_r11.npy,"chasing,foraging,vigilance",red_deer,clear,2,train,1,animal,7,16.0,['S1'],['C2'],"['S1_C2_E181_V0411', 'S1_C2_E181_V0412', 'S1_C2_E181_V0413', 'S1_C2_E181_V0414', 'S1_C2_E181_V0415', 'S1_C2_E181_V0416', 'S1_C2_E181_V0417']","['S1/C2/S1_C2_E181_V0411.mp4', 'S1/C2/S1_C2_E181_V0412.mp4', 'S1/C2/S1_C2_E181_V0413.mp4', 'S1/C2/S1_C2_E181_V0414.mp4', 'S1/C2/S1_C2_E181_V0415.mp4', 'S1/C2/S1_C2_E181_V0416.mp4', 'S1/C2/S1_C2_E181_V0417.mp4']",7,5,366,2,False
E182,E182/E182_dtci_r11.npy,vigilance,red_deer,clear,1,train,1,animal,3,8.5,['S1'],['C2'],"['S1_C2_E182_V0418', 'S1_C2_E182_V0419', 'S1_C2_E182_V0420']","['S1/C2/S1_C2_E182_V0418.mp4', 'S1/C2/S1_C2_E182_V0419.mp4', 'S1/C2/S1_C2_E182_V0420.mp4']",3,1,155,2,False
E188,E188/E188_dtci_r11.npy,foraging,red_deer,clear,1,train,1,animal,1,5.0,['S1'],['C2'],['S1_C2_E188_V0423'],['S1/C2/S1_C2_E188_V0423.mp4'],1,1,139,0,False
E189,E189/E189_dtci_r11.npy,"foraging,grooming,unknown,vigilance",red_deer,overcast,1,train,1,animal,4,482.0,['S1'],"['C1', 'C2']","['S1_C1_E189_V0825', 'S1_C1_E189_V0826', 'S1_C2_E189_V0424', 'S1_C2_E189_V0425']","['S1/C1/S1_C1_E189_V0825.mp4', 'S1/C1/S1_C1_E189_V0826.mp4', 'S1/C2/S1_C2_E189_V0424.mp4', 'S1/C2/S1_C2_E189_V0425.mp4']",4,4,11541,0,False
E190,E190/E190_dtci_r11.npy,"foraging,unknown,vigilance",red_deer,overcast,1,train,1,animal,3,361.5,['S1'],"['C1', 'C2', 'C3']","['S1_C1_E190_V0827', 'S1_C2_E190_V0426', 'S1_C3_E190_V0079']","['S1/C1/S1_C1_E190_V0827.mp4', 'S1/C2/S1_C2_E190_V0426.mp4', 'S1/C3/S1_C3_E190_V0079.mp4']",3,3,849,0,False
E191,E191/E191_dtci_r11.npy,"courtship,foraging",red_deer,clear,1,train,1,animal,13,45.5,['S1'],"['C1', 'C2', 'C3']","['S1_C1_E191_V0828', 'S1_C1_E191_V0829', 'S1_C2_E191_V0427', 'S1_C2_E191_V0428', 'S1_C2_E191_V0429', 'S1_C2_E191_V0430', 'S1_C2_E191_V0431', 'S1_C2_E191_V0432', 'S1_C2_E191_V0433', 'S1_C2_E191_V0434', 'S1_C2_E191_V0435', 'S1_C2_E191_V0436', 'S1_C3_E191_V0080']","['S1/C1/S1_C1_E191_V0828.mp4', 'S1/C1/S1_C1_E191_V0829.mp4', 'S1/C2/S1_C2_E191_V0427.mp4', 'S1/C2/S1_C2_E191_V0428.mp4', 'S1/C2/S1_C2_E191_V0429.mp4', 'S1/C2/S1_C2_E191_V0430.mp4', 'S1/C2/S1_C2_E191_V0431.mp4', 'S1/C2/S1_C2_E191_V0432.mp4', 'S1/C2/S1_C2_E191_V0433.mp4', 'S1/C2/S1_C2_E191_V0434.mp4', 'S1/C2/S1_C2_E191_V0435.mp4', 'S1/C2/S1_C2_E191_V0436.mp4', 'S1/C3/S1_C3_E191_V0080.mp4']",13,6,1000,7,False
E193,E193/E193_dtci_r11.npy,foraging,red_deer,overcast,1,train,1,animal,1,120.5,['S1'],['C1'],['S1_C1_E193_V0832'],['S1/C1/S1_C1_E193_V0832.mp4'],1,1,211,0,False
E194,E194/E194_dtci_r11.npy,"courtship,foraging,grooming,unknown,vigilance",red_deer,overcast,1,train,1,animal,4,482.0,['S1'],"['C1', 'C2']","['S1_C1_E194_V0833', 'S1_C1_E194_V0834', 'S1_C1_E194_V0835', 'S1_C2_E194_V0438']","['S1/C1/S1_C1_E194_V0833.mp4', 'S1/C1/S1_C1_E194_V0834.mp4', 'S1/C1/S1_C1_E194_V0835.mp4', 'S1/C2/S1_C2_E194_V0438.mp4']",4,4,10433,0,False
E196,E196/E196_dtci_r11.npy,"foraging,vigilance",red_deer,clear,1,train,1,animal,9,22.5,['S1'],['C2'],"['S1_C2_E196_V0443', 'S1_C2_E196_V0444', 'S1_C2_E196_V0445', 'S1_C2_E196_V0446', 'S1_C2_E196_V0447', 'S1_C2_E196_V0448', 'S1_C2_E196_V0449', 'S1_C2_E196_V0450', 'S1_C2_E196_V0451']","['S1/C2/S1_C2_E196_V0443.mp4', 'S1/C2/S1_C2_E196_V0444.mp4', 'S1/C2/S1_C2_E196_V0445.mp4', 'S1/C2/S1_C2_E196_V0446.mp4', 'S1/C2/S1_C2_E196_V0447.mp4', 'S1/C2/S1_C2_E196_V0448.mp4', 'S1/C2/S1_C2_E196_V0449.mp4', 'S1/C2/S1_C2_E196_V0450.mp4', 'S1/C2/S1_C2_E196_V0451.mp4']",9,6,544,3,False
E197,E197/E197_dtci_r11.npy,"courtship,foraging,vigilance",red_deer,clear,1,train,1,animal,17,37.0,['S1'],['C2'],"['S1_C2_E197_V0452', 'S1_C2_E197_V0453', 'S1_C2_E197_V0454', 'S1_C2_E197_V0455', 'S1_C2_E197_V0456', 'S1_C2_E197_V0457', 'S1_C2_E197_V0458', 'S1_C2_E197_V0459', 'S1_C2_E197_V0460', 'S1_C2_E197_V0461', 'S1_C2_E197_V0462', 'S1_C2_E197_V0463', 'S1_C2_E197_V0464', 'S1_C2_E197_V0465', 'S1_C2_E197_V0466', 'S1_C2_E197_V0467', 'S1_C2_E197_V0468']","['S1/C2/S1_C2_E197_V0452.mp4', 'S1/C2/S1_C2_E197_V0453.mp4', 'S1/C2/S1_C2_E197_V0454.mp4', 'S1/C2/S1_C2_E197_V0455.mp4', 'S1/C2/S1_C2_E197_V0456.mp4', 'S1/C2/S1_C2_E197_V0457.mp4', 'S1/C2/S1_C2_E197_V0458.mp4', 'S1/C2/S1_C2_E197_V0459.mp4', 'S1/C2/S1_C2_E197_V0460.mp4', 'S1/C2/S1_C2_E197_V0461.mp4', 'S1/C2/S1_C2_E197_V0462.mp4', 'S1/C2/S1_C2_E197_V0463.mp4', 'S1/C2/S1_C2_E197_V0464.mp4', 'S1/C2/S1_C2_E197_V0465.mp4', 'S1/C2/S1_C2_E197_V0466.mp4', 'S1/C2/S1_C2_E197_V0467.mp4', 'S1/C2/S1_C2_E197_V0468.mp4']",17,9,751,8,False
E198,E198/E198_dtci_r11.npy,"foraging,vigilance",red_deer,rainy,1,train,1,animal,48,77.0,['S1'],"['C2', 'C3']","['S1_C2_E198_V0469', 'S1_C2_E198_V0470', 'S1_C2_E198_V0471', 'S1_C2_E198_V0472', 'S1_C2_E198_V0473', 'S1_C2_E198_V0474', 'S1_C2_E198_V0475', 'S1_C2_E198_V0476', 'S1_C2_E198_V0477', 'S1_C2_E198_V0478', 'S1_C2_E198_V0479', 'S1_C2_E198_V0480', 'S1_C2_E198_V0481', 'S1_C2_E198_V0482', 'S1_C2_E198_V0483', 'S1_C2_E198_V0484', 'S1_C2_E198_V0485', 'S1_C2_E198_V0486', 'S1_C2_E198_V0487', 'S1_C2_E198_V0488', 'S1_C2_E198_V0489', 'S1_C2_E198_V0490', 'S1_C2_E198_V0491', 'S1_C2_E198_V0492', 'S1_C2_E198_V0493', 'S1_C2_E198_V0494', 'S1_C2_E198_V0495', 'S1_C2_E198_V0496', 'S1_C2_E198_V0497', 'S1_C2_E198_V0498', 'S1_C2_E198_V0499', 'S1_C2_E198_V0500', 'S1_C2_E198_V0501', 'S1_C2_E198_V0502', 'S1_C2_E198_V0503', 'S1_C2_E198_V0504', 'S1_C2_E198_V0505', 'S1_C2_E198_V0506', 'S1_C2_E198_V0507', 'S1_C2_E198_V0508', 'S1_C2_E198_V0509', 'S1_C2_E198_V0510', 'S1_C2_E198_V0511', 'S1_C2_E198_V0512', 'S1_C2_E198_V0513', 'S1_C2_E198_V0514', 'S1_C2_E198_V0515', 'S1_C3_E198_V0082']","['S1/C2/S1_C2_E198_V0469.mp4', 'S1/C2/S1_C2_E198_V0470.mp4', 'S1/C2/S1_C2_E198_V0471.mp4', 'S1/C2/S1_C2_E198_V0472.mp4', 'S1/C2/S1_C2_E198_V0473.mp4', 'S1/C2/S1_C2_E198_V0474.mp4', 'S1/C2/S1_C2_E198_V0475.mp4', 'S1/C2/S1_C2_E198_V0476.mp4', 'S1/C2/S1_C2_E198_V0477.mp4', 'S1/C2/S1_C2_E198_V0478.mp4', 'S1/C2/S1_C2_E198_V0479.mp4', 'S1/C2/S1_C2_E198_V0480.mp4', 'S1/C2/S1_C2_E198_V0481.mp4', 'S1/C2/S1_C2_E198_V0482.mp4', 'S1/C2/S1_C2_E198_V0483.mp4', 'S1/C2/S1_C2_E198_V0484.mp4', 'S1/C2/S1_C2_E198_V0485.mp4', 'S1/C2/S1_C2_E198_V0486.mp4', 'S1/C2/S1_C2_E198_V0487.mp4', 'S1/C2/S1_C2_E198_V0488.mp4', 'S1/C2/S1_C2_E198_V0489.mp4', 'S1/C2/S1_C2_E198_V0490.mp4', 'S1/C2/S1_C2_E198_V0491.mp4', 'S1/C2/S1_C2_E198_V0492.mp4', 'S1/C2/S1_C2_E198_V0493.mp4', 'S1/C2/S1_C2_E198_V0494.mp4', 'S1/C2/S1_C2_E198_V0495.mp4', 'S1/C2/S1_C2_E198_V0496.mp4', 'S1/C2/S1_C2_E198_V0497.mp4', 'S1/C2/S1_C2_E198_V0498.mp4', 'S1/C2/S1_C2_E198_V0499.mp4', 'S1/C2/S1_C2_E198_V0500.mp4', 'S1/C2/S1_C2_E198_V0501.mp4', 'S1/C2/S1_C2_E198_V0502.mp4', 'S1/C2/S1_C2_E198_V0503.mp4', 'S1/C2/S1_C2_E198_V0504.mp4', 'S1/C2/S1_C2_E198_V0505.mp4', 'S1/C2/S1_C2_E198_V0506.mp4', 'S1/C2/S1_C2_E198_V0507.mp4', 'S1/C2/S1_C2_E198_V0508.mp4', 'S1/C2/S1_C2_E198_V0509.mp4', 'S1/C2/S1_C2_E198_V0510.mp4', 'S1/C2/S1_C2_E198_V0511.mp4', 'S1/C2/S1_C2_E198_V0512.mp4', 'S1/C2/S1_C2_E198_V0513.mp4', 'S1/C2/S1_C2_E198_V0514.mp4', 'S1/C2/S1_C2_E198_V0515.mp4', 'S1/C3/S1_C3_E198_V0082.mp4']",48,6,894,42,False
E200,E200/E200_dtci_r11.npy,"foraging,vigilance",red_deer,rainy,1,train,1,animal,2,21.5,['S1'],"['C2', 'C3']","['S1_C2_E200_V0516', 'S1_C3_E200_V0084']","['S1/C2/S1_C2_E200_V0516.mp4', 'S1/C3/S1_C3_E200_V0084.mp4']",2,1,585,1,False
E202,E202/E202_dtci_r11.npy,"unknown,vigilance",red_deer,overcast,1,train,1,animal,1,120.5,['S1'],['C2'],['S1_C2_E202_V0517'],['S1/C2/S1_C2_E202_V0517.mp4'],1,1,556,0,False
E204,E204/E204_dtci_r11.npy,none,none,sunny,0,train,0,background,2,241.0,['S1'],['C1'],"['S1_C1_E204_V0840', 'S1_C1_E204_V0841']","['S1/C1/S1_C1_E204_V0840.mp4', 'S1/C1/S1_C1_E204_V0841.mp4']",2,0,0,2,True
E205,E205/E205_dtci_r11.npy,none,none,sunny,0,train,0,background,2,241.0,['S1'],['C1'],"['S1_C1_E205_V0842', 'S1_C1_E205_V0843']","['S1/C1/S1_C1_E205_V0842.mp4', 'S1/C1/S1_C1_E205_V0843.mp4']",2,0,0,2,True
E208,E208/E208_dtci_r11.npy,none,none,sunny,0,train,0,background,2,241.0,['S1'],['C1'],"['S1_C1_E208_V0847', 'S1_C1_E208_V0848']","['S1/C1/S1_C1_E208_V0847.mp4', 'S1/C1/S1_C1_E208_V0848.mp4']",2,0,0,2,True
E21,E21/E21_dtci_r11.npy,none,none,sunny,0,train,0,background,2,241.0,['S1'],"['C1', 'C2']","['S1_C1_E21_V0051', 'S1_C2_E21_V0035']","['S1/C1/S1_C1_E21_V0051.mp4', 'S1/C2/S1_C2_E21_V0035.mp4']",2,0,0,2,True
E210,E210/E210_dtci_r11.npy,none,none,sunny,0,train,0,background,4,482.0,['S1'],['C1'],"['S1_C1_E210_V0850', 'S1_C1_E210_V0851', 'S1_C1_E210_V0852', 'S1_C1_E210_V0853']","['S1/C1/S1_C1_E210_V0850.mp4', 'S1/C1/S1_C1_E210_V0851.mp4', 'S1/C1/S1_C1_E210_V0852.mp4', 'S1/C1/S1_C1_E210_V0853.mp4']",4,0,0,4,True
E216,E216/E216_dtci_r11.npy,foraging,red_deer,overcast,1,train,1,animal,1,120.5,['S1'],['C1'],['S1_C1_E216_V0857'],['S1/C1/S1_C1_E216_V0857.mp4'],1,1,57,0,False
E217,E217/E217_dtci_r11.npy,unknown,red_deer,overcast,1,train,1,animal,1,120.5,['S1'],['C1'],['S1_C1_E217_V0858'],['S1/C1/S1_C1_E217_V0858.mp4'],1,1,57,0,False
E218,E218/E218_dtci_r11.npy,none,none,sunny,0,train,0,background,1,120.5,['S1'],['C1'],['S1_C1_E218_V0859'],['S1/C1/S1_C1_E218_V0859.mp4'],1,0,0,1,True
E219,E219/E219_dtci_r11.npy,"foraging,vigilance",red_deer,clear,1,train,1,animal,4,32.0,['S1'],"['C2', 'C3']","['S1_C2_E219_V0519', 'S1_C2_E219_V0520', 'S1_C2_E219_V0521', 'S1_C3_E219_V0088']","['S1/C2/S1_C2_E219_V0519.mp4', 'S1/C2/S1_C2_E219_V0520.mp4', 'S1/C2/S1_C2_E219_V0521.mp4', 'S1/C3/S1_C3_E219_V0088.mp4']",4,4,880,0,False
E221,E221/E221_dtci_r11.npy,none,none,sunny,0,train,0,background,1,120.5,['S1'],['C1'],['S1_C1_E221_V0861'],['S1/C1/S1_C1_E221_V0861.mp4'],1,0,0,1,True
E222,E222/E222_dtci_r11.npy,foraging,red_deer,overcast,1,train,1,animal,1,120.5,['S1'],['C1'],['S1_C1_E222_V0862'],['S1/C1/S1_C1_E222_V0862.mp4'],1,1,122,0,False
E224,E224/E224_dtci_r11.npy,foraging,red_deer,clear,1,train,1,animal,1,20.5,['S1'],['C3'],['S1_C3_E224_V0089'],['S1/C3/S1_C3_E224_V0089.mp4'],1,1,55,0,False
E227,E227/E227_dtci_r11.npy,none,none,sunny,0,train,0,background,1,120.5,['S1'],['C1'],['S1_C1_E227_V0864'],['S1/C1/S1_C1_E227_V0864.mp4'],1,0,0,1,True
E228,E228/E228_dtci_r11.npy,none,none,sunny,0,train,0,background,2,241.0,['S1'],"['C1', 'C3']","['S1_C1_E228_V0865', 'S1_C3_E228_V0090']","['S1/C1/S1_C1_E228_V0865.mp4', 'S1/C3/S1_C3_E228_V0090.mp4']",2,0,0,2,True
E230,E230/E230_dtci_r11.npy,none,none,sunny,0,train,0,background,1,120.5,['S1'],['C1'],['S1_C1_E230_V0867'],['S1/C1/S1_C1_E230_V0867.mp4'],1,0,0,1,True
E231,E231/E231_dtci_r11.npy,foraging,red_deer,clear,1,train,1,animal,5,5.5,['S1'],['C2'],"['S1_C2_E231_V0524', 'S1_C2_E231_V0525', 'S1_C2_E231_V0526', 'S1_C2_E231_V0527', 'S1_C2_E231_V0528']","['S1/C2/S1_C2_E231_V0524.mp4', 'S1/C2/S1_C2_E231_V0525.mp4', 'S1/C2/S1_C2_E231_V0526.mp4', 'S1/C2/S1_C2_E231_V0527.mp4', 'S1/C2/S1_C2_E231_V0528.mp4']",5,1,36,4,False
E237,E237/E237_dtci_r11.npy,"camera_reaction,courtship,foraging",red_deer,clear,1,train,1,animal,5,33.0,['S1'],"['C2', 'C3']","['S1_C2_E237_V0529', 'S1_C2_E237_V0530', 'S1_C2_E237_V0531', 'S1_C2_E237_V0532', 'S1_C3_E237_V0092']","['S1/C2/S1_C2_E237_V0529.mp4', 'S1/C2/S1_C2_E237_V0530.mp4', 'S1/C2/S1_C2_E237_V0531.mp4', 'S1/C2/S1_C2_E237_V0532.mp4', 'S1/C3/S1_C3_E237_V0092.mp4']",5,3,367,2,False
E238,E238/E238_dtci_r11.npy,vigilance,red_deer,clear,1,train,1,animal,5,6.0,['S1'],['C2'],"['S1_C2_E238_V0533', 'S1_C2_E238_V0534', 'S1_C2_E238_V0535', 'S1_C2_E238_V0536', 'S1_C2_E238_V0537']","['S1/C2/S1_C2_E238_V0533.mp4', 'S1/C2/S1_C2_E238_V0534.mp4', 'S1/C2/S1_C2_E238_V0535.mp4', 'S1/C2/S1_C2_E238_V0536.mp4', 'S1/C2/S1_C2_E238_V0537.mp4']",5,2,80,3,False
E24,E24/E24_dtci_r11.npy,none,none,sunny,0,train,0,background,2,241.0,['S1'],['C1'],"['S1_C1_E24_V0056', 'S1_C1_E24_V0057']","['S1/C1/S1_C1_E24_V0056.mp4', 'S1/C1/S1_C1_E24_V0057.mp4']",2,0,0,2,True
E242,E242/E242_dtci_r11.npy,none,none,sunny,0,train,0,background,2,241.0,['S1'],['C1'],"['S1_C1_E242_V0873', 'S1_C1_E242_V0874']","['S1/C1/S1_C1_E242_V0873.mp4', 'S1/C1/S1_C1_E242_V0874.mp4']",2,0,0,2,True
E243,E243/E243_dtci_r11.npy,"foraging,unknown",red_deer,clear,1,train,1,animal,14,42.0,['S1'],"['C2', 'C3']","['S1_C2_E243_V0540', 'S1_C2_E243_V0541', 'S1_C2_E243_V0542', 'S1_C2_E243_V0543', 'S1_C2_E243_V0544', 'S1_C2_E243_V0545', 'S1_C2_E243_V0546', 'S1_C2_E243_V0547', 'S1_C2_E243_V0548', 'S1_C2_E243_V0549', 'S1_C2_E243_V0550', 'S1_C2_E243_V0551', 'S1_C2_E243_V0552', 'S1_C3_E243_V0093']","['S1/C2/S1_C2_E243_V0540.mp4', 'S1/C2/S1_C2_E243_V0541.mp4', 'S1/C2/S1_C2_E243_V0542.mp4', 'S1/C2/S1_C2_E243_V0543.mp4', 'S1/C2/S1_C2_E243_V0544.mp4', 'S1/C2/S1_C2_E243_V0545.mp4', 'S1/C2/S1_C2_E243_V0546.mp4', 'S1/C2/S1_C2_E243_V0547.mp4', 'S1/C2/S1_C2_E243_V0548.mp4', 'S1/C2/S1_C2_E243_V0549.mp4', 'S1/C2/S1_C2_E243_V0550.mp4', 'S1/C2/S1_C2_E243_V0551.mp4', 'S1/C2/S1_C2_E243_V0552.mp4', 'S1/C3/S1_C3_E243_V0093.mp4']",14,3,686,11,False
E244,E244/E244_dtci_r11.npy,foraging,red_deer,clear,1,train,1,animal,7,9.0,['S1'],['C2'],"['S1_C2_E244_V0553', 'S1_C2_E244_V0554', 'S1_C2_E244_V0555', 'S1_C2_E244_V0556', 'S1_C2_E244_V0557', 'S1_C2_E244_V0558', 'S1_C2_E244_V0559']","['S1/C2/S1_C2_E244_V0553.mp4', 'S1/C2/S1_C2_E244_V0554.mp4', 'S1/C2/S1_C2_E244_V0555.mp4', 'S1/C2/S1_C2_E244_V0556.mp4', 'S1/C2/S1_C2_E244_V0557.mp4', 'S1/C2/S1_C2_E244_V0558.mp4', 'S1/C2/S1_C2_E244_V0559.mp4']",7,2,109,5,False
E248,E248/E248_dtci_r11.npy,none,none,sunny,0,train,0,background,1,120.5,['S1'],['C1'],['S1_C1_E248_V0877'],['S1/C1/S1_C1_E248_V0877.mp4'],1,0,0,1,True
E25,E25/E25_dtci_r11.npy,"escaping,unknown,vigilance",roe_deer,overcast,1,train,1,animal,1,120.5,['S1'],['C2'],['S1_C2_E25_V0036'],['S1/C2/S1_C2_E25_V0036.mp4'],1,1,527,0,False
E251,E251/E251_dtci_r11.npy,foraging,red_deer,clear,1,train,1,animal,13,14.5,['S1'],['C2'],"['S1_C2_E251_V0560', 'S1_C2_E251_V0561', 'S1_C2_E251_V0562', 'S1_C2_E251_V0563', 'S1_C2_E251_V0564', 'S1_C2_E251_V0565', 'S1_C2_E251_V0566', 'S1_C2_E251_V0567', 'S1_C2_E251_V0568', 'S1_C2_E251_V0569', 'S1_C2_E251_V0570', 'S1_C2_E251_V0571', 'S1_C2_E251_V0572']","['S1/C2/S1_C2_E251_V0560.mp4', 'S1/C2/S1_C2_E251_V0561.mp4', 'S1/C2/S1_C2_E251_V0562.mp4', 'S1/C2/S1_C2_E251_V0563.mp4', 'S1/C2/S1_C2_E251_V0564.mp4', 'S1/C2/S1_C2_E251_V0565.mp4', 'S1/C2/S1_C2_E251_V0566.mp4', 'S1/C2/S1_C2_E251_V0567.mp4', 'S1/C2/S1_C2_E251_V0568.mp4', 'S1/C2/S1_C2_E251_V0569.mp4', 'S1/C2/S1_C2_E251_V0570.mp4', 'S1/C2/S1_C2_E251_V0571.mp4', 'S1/C2/S1_C2_E251_V0572.mp4']",13,1,40,12,False
E252,E252/E252_dtci_r11.npy,foraging,red_deer,clear,1,train,1,animal,3,4.0,['S1'],['C2'],"['S1_C2_E252_V0573', 'S1_C2_E252_V0574', 'S1_C2_E252_V0575']","['S1/C2/S1_C2_E252_V0573.mp4', 'S1/C2/S1_C2_E252_V0574.mp4', 'S1/C2/S1_C2_E252_V0575.mp4']",3,1,47,2,False
E260,E260/E260_dtci_r11.npy,"camera_reaction,foraging,vigilance",red_deer,clear,1,train,1,animal,9,184.5,['S2'],"['C1', 'C2']","['S2_C1_E260_V0017', 'S2_C1_E260_V0018', 'S2_C1_E260_V0019', 'S2_C1_E260_V0020', 'S2_C1_E260_V0021', 'S2_C1_E260_V0022', 'S2_C2_E260_V0018', 'S2_C2_E260_V0019', 'S2_C2_E260_V0020']","['S2/C1/S2_C1_E260_V0017.mp4', 'S2/C1/S2_C1_E260_V0018.mp4', 'S2/C1/S2_C1_E260_V0019.mp4', 'S2/C1/S2_C1_E260_V0020.mp4', 'S2/C1/S2_C1_E260_V0021.mp4', 'S2/C1/S2_C1_E260_V0022.mp4', 'S2/C2/S2_C2_E260_V0018.mp4', 'S2/C2/S2_C2_E260_V0019.mp4', 'S2/C2/S2_C2_E260_V0020.mp4']",9,9,4842,0,False
E263,E263/E263_dtci_r11.npy,"foraging,grooming,unknown,vigilance",red_deer,sunny,1,train,1,animal,3,361.5,['S2'],"['C1', 'C2', 'C3']","['S2_C1_E263_V0023', 'S2_C2_E263_V0023', 'S2_C3_E263_V0018']","['S2/C1/S2_C1_E263_V0023.mp4', 'S2/C2/S2_C2_E263_V0023.mp4', 'S2/C3/S2_C3_E263_V0018.mp4']",3,3,1481,0,False
E264,E264/E264_dtci_r11.npy,unknown,red_deer,overcast,1,train,1,animal,2,241.0,['S2'],"['C1', 'C3']","['S2_C1_E264_V0024', 'S2_C3_E264_V0019']","['S2/C1/S2_C1_E264_V0024.mp4', 'S2/C3/S2_C3_E264_V0019.mp4']",2,1,53,1,False
E265,E265/E265_dtci_r11.npy,"camera_reaction,foraging,unknown,vigilance",red_deer,clear,3+,train,1,animal,11,225.5,['S2'],"['C1', 'C2', 'C3']","['S2_C1_E265_V0025', 'S2_C1_E265_V0026', 'S2_C1_E265_V0027', 'S2_C1_E265_V0028', 'S2_C1_E265_V0029', 'S2_C1_E265_V0030', 'S2_C2_E265_V0024', 'S2_C2_E265_V0025', 'S2_C3_E265_V0020', 'S2_C3_E265_V0021', 'S2_C3_E265_V0022']","['S2/C1/S2_C1_E265_V0025.mp4', 'S2/C1/S2_C1_E265_V0026.mp4', 'S2/C1/S2_C1_E265_V0027.mp4', 'S2/C1/S2_C1_E265_V0028.mp4', 'S2/C1/S2_C1_E265_V0029.mp4', 'S2/C1/S2_C1_E265_V0030.mp4', 'S2/C2/S2_C2_E265_V0024.mp4', 'S2/C2/S2_C2_E265_V0025.mp4', 'S2/C3/S2_C3_E265_V0020.mp4', 'S2/C3/S2_C3_E265_V0021.mp4', 'S2/C3/S2_C3_E265_V0022.mp4']",11,10,5017,1,False
E266,E266/E266_dtci_r11.npy,foraging,red_deer,rainy,1,train,1,animal,1,20.5,['S2'],['C3'],['S2_C3_E266_V0023'],['S2/C3/S2_C3_E266_V0023.mp4'],1,1,370,0,False
E27,E27/E27_dtci_r11.npy,"camera_reaction,foraging,unknown,vigilance",red_deer,rainy,1,train,1,animal,8,164.0,['S1'],"['C1', 'C2', 'C3']","['S1_C1_E27_V0059', 'S1_C1_E27_V0060', 'S1_C1_E27_V0061', 'S1_C1_E27_V0062', 'S1_C2_E27_V0037', 'S1_C2_E27_V0038', 'S1_C3_E27_V0016', 'S1_C3_E27_V0017']","['S1/C1/S1_C1_E27_V0059.mp4', 'S1/C1/S1_C1_E27_V0060.mp4', 'S1/C1/S1_C1_E27_V0061.mp4', 'S1/C1/S1_C1_E27_V0062.mp4', 'S1/C2/S1_C2_E27_V0037.mp4', 'S1/C2/S1_C2_E27_V0038.mp4', 'S1/C3/S1_C3_E27_V0016.mp4', 'S1/C3/S1_C3_E27_V0017.mp4']",8,7,4040,1,False
E274,E274/E274_dtci_r11.npy,"camera_reaction,foraging,vigilance",red_deer,overcast,1,train,1,animal,1,120.5,['S2'],['C1'],['S2_C1_E274_V0033'],['S2/C1/S2_C1_E274_V0033.mp4'],1,1,959,0,False
E276,E276/E276_dtci_r11.npy,foraging,red_deer,clear,1,train,1,animal,1,20.5,['S2'],['C1'],['S2_C1_E276_V0035'],['S2/C1/S2_C1_E276_V0035.mp4'],1,1,73,0,False
E277,E277/E277_dtci_r11.npy,"foraging,vigilance",roe_deer,clear,1,train,1,animal,1,20.5,['S2'],['C3'],['S2_C3_E277_V0038'],['S2/C3/S2_C3_E277_V0038.mp4'],1,1,615,0,False
E28,E28/E28_dtci_r11.npy,"foraging,unknown,vigilance",red_deer,overcast,1,train,1,animal,2,41.0,['S1'],"['C1', 'C2']","['S1_C1_E28_V0063', 'S1_C2_E28_V0039']","['S1/C1/S1_C1_E28_V0063.mp4', 'S1/C2/S1_C2_E28_V0039.mp4']",2,1,615,1,False
E281,E281/E281_dtci_r11.npy,"foraging,unknown,vigilance",red_deer,overcast,1,train,1,animal,3,361.5,['S2'],"['C1', 'C2', 'C3']","['S2_C1_E281_V0038', 'S2_C2_E281_V0038', 'S2_C3_E281_V0047']","['S2/C1/S2_C1_E281_V0038.mp4', 'S2/C2/S2_C2_E281_V0038.mp4', 'S2/C3/S2_C3_E281_V0047.mp4']",3,3,5704,0,False
E284,E284/E284_dtci_r11.npy,"camera_reaction,foraging,unknown,vigilance",red_deer,clear,1,train,1,animal,5,102.5,['S2'],"['C1', 'C2', 'C3']","['S2_C1_E284_V0039', 'S2_C1_E284_V0040', 'S2_C2_E284_V0040', 'S2_C3_E284_V0049', 'S2_C3_E284_V0050']","['S2/C1/S2_C1_E284_V0039.mp4', 'S2/C1/S2_C1_E284_V0040.mp4', 'S2/C2/S2_C2_E284_V0040.mp4', 'S2/C3/S2_C3_E284_V0049.mp4', 'S2/C3/S2_C3_E284_V0050.mp4']",5,5,2120,0,False
E285,E285/E285_dtci_r11.npy,"camera_reaction,foraging,unknown,vigilance",red_deer,sunny,3+,train,1,animal,2,241.0,['S2'],"['C1', 'C3']","['S2_C1_E285_V0041', 'S2_C3_E285_V0051']","['S2/C1/S2_C1_E285_V0041.mp4', 'S2/C3/S2_C3_E285_V0051.mp4']",2,2,2581,0,False
E29,E29/E29_dtci_r11.npy,"camera_reaction,foraging,grooming,unknown,vigilance",red_deer,overcast,1,train,1,animal,3,361.5,['S1'],"['C1', 'C2']","['S1_C1_E29_V0064', 'S1_C1_E29_V0065', 'S1_C2_E29_V0040']","['S1/C1/S1_C1_E29_V0064.mp4', 'S1/C1/S1_C1_E29_V0065.mp4', 'S1/C2/S1_C2_E29_V0040.mp4']",3,2,4098,1,False
E30,E30/E30_dtci_r11.npy,"foraging,unknown",red_deer,rainy,1,train,1,animal,2,41.0,['S1'],"['C1', 'C2']","['S1_C1_E30_V0066', 'S1_C2_E30_V0041']","['S1/C1/S1_C1_E30_V0066.mp4', 'S1/C2/S1_C2_E30_V0041.mp4']",2,2,907,0,False
E307,E307/E307_dtci_r11.npy,"foraging,unknown,vigilance",red_deer,clear,2,train,1,animal,6,123.0,['S2'],"['C1', 'C2', 'C3']","['S2_C1_E307_V0054', 'S2_C1_E307_V0055', 'S2_C2_E307_V0059', 'S2_C2_E307_V0060', 'S2_C3_E307_V0076', 'S2_C3_E307_V0077']","['S2/C1/S2_C1_E307_V0054.mp4', 'S2/C1/S2_C1_E307_V0055.mp4', 'S2/C2/S2_C2_E307_V0059.mp4', 'S2/C2/S2_C2_E307_V0060.mp4', 'S2/C3/S2_C3_E307_V0076.mp4', 'S2/C3/S2_C3_E307_V0077.mp4']",6,6,2967,0,False
E308,E308/E308_dtci_r11.npy,"foraging,unknown,vigilance",red_deer,clear,3+,train,1,animal,13,266.5,['S2'],"['C1', 'C2', 'C3']","['S2_C1_E308_V0056', 'S2_C1_E308_V0057', 'S2_C1_E308_V0058', 'S2_C1_E308_V0059', 'S2_C1_E308_V0060', 'S2_C2_E308_V0061', 'S2_C2_E308_V0062', 'S2_C3_E308_V0078', 'S2_C3_E308_V0079', 'S2_C3_E308_V0080', 'S2_C3_E308_V0081', 'S2_C3_E308_V0082', 'S2_C3_E308_V0083']","['S2/C1/S2_C1_E308_V0056.mp4', 'S2/C1/S2_C1_E308_V0057.mp4', 'S2/C1/S2_C1_E308_V0058.mp4', 'S2/C1/S2_C1_E308_V0059.mp4', 'S2/C1/S2_C1_E308_V0060.mp4', 'S2/C2/S2_C2_E308_V0061.mp4', 'S2/C2/S2_C2_E308_V0062.mp4', 'S2/C3/S2_C3_E308_V0078.mp4', 'S2/C3/S2_C3_E308_V0079.mp4', 'S2/C3/S2_C3_E308_V0080.mp4', 'S2/C3/S2_C3_E308_V0081.mp4', 'S2/C3/S2_C3_E308_V0082.mp4', 'S2/C3/S2_C3_E308_V0083.mp4']",13,13,6023,0,False
E311,E311/E311_dtci_r11.npy,"foraging,grooming,unknown,vigilance",red_deer,rainy,1,train,1,animal,1,20.5,['S2'],['C3'],['S2_C3_E311_V0084'],['S2/C3/S2_C3_E311_V0084.mp4'],1,1,615,0,False
E312,E312/E312_dtci_r11.npy,unknown,red_deer,sunny,1,train,1,animal,3,361.5,['S2'],"['C1', 'C2', 'C3']","['S2_C1_E312_V0062', 'S2_C2_E312_V0064', 'S2_C3_E312_V0085']","['S2/C1/S2_C1_E312_V0062.mp4', 'S2/C2/S2_C2_E312_V0064.mp4', 'S2/C3/S2_C3_E312_V0085.mp4']",3,2,221,1,False
E313,E313/E313_dtci_r11.npy,"foraging,unknown,vigilance",red_deer,sunny,3+,train,1,animal,2,241.0,['S2'],"['C2', 'C3']","['S2_C2_E313_V0065', 'S2_C3_E313_V0086']","['S2/C2/S2_C2_E313_V0065.mp4', 'S2/C3/S2_C3_E313_V0086.mp4']",2,2,7020,0,False
E323,E323/E323_dtci_r11.npy,"camera_reaction,foraging,unknown,vigilance",red_deer,clear,1,train,1,animal,8,164.0,['S2'],"['C1', 'C2', 'C3']","['S2_C1_E323_V0072', 'S2_C1_E323_V0073', 'S2_C1_E323_V0074', 'S2_C2_E323_V0071', 'S2_C2_E323_V0072', 'S2_C2_E323_V0073', 'S2_C3_E323_V0090', 'S2_C3_E323_V0091']","['S2/C1/S2_C1_E323_V0072.mp4', 'S2/C1/S2_C1_E323_V0073.mp4', 'S2/C1/S2_C1_E323_V0074.mp4', 'S2/C2/S2_C2_E323_V0071.mp4', 'S2/C2/S2_C2_E323_V0072.mp4', 'S2/C2/S2_C2_E323_V0073.mp4', 'S2/C3/S2_C3_E323_V0090.mp4', 'S2/C3/S2_C3_E323_V0091.mp4']",8,8,3644,0,False
E324,E324/E324_dtci_r11.npy,"foraging,vigilance",fox,clear,1,train,1,animal,1,20.5,['S2'],['C3'],['S2_C3_E324_V0092'],['S2/C3/S2_C3_E324_V0092.mp4'],1,1,118,0,False
E327,E327/E327_dtci_r11.npy,"foraging,vigilance",fox,clear,1,train,1,animal,1,20.5,['S2'],['C3'],['S2_C3_E327_V0095'],['S2/C3/S2_C3_E327_V0095.mp4'],1,1,416,0,False
E33,E33/E33_dtci_r11.npy,"foraging,unknown,vigilance",red_deer,overcast,2,train,1,animal,4,482.0,['S1'],"['C1', 'C2']","['S1_C1_E33_V0069', 'S1_C1_E33_V0070', 'S1_C2_E33_V0042', 'S1_C2_E33_V0043']","['S1/C1/S1_C1_E33_V0069.mp4', 'S1/C1/S1_C1_E33_V0070.mp4', 'S1/C2/S1_C2_E33_V0042.mp4', 'S1/C2/S1_C2_E33_V0043.mp4']",4,4,4322,0,False
E330,E330/E330_dtci_r11.npy,unknown,red_deer,sunny,1,train,1,animal,2,241.0,['S2'],"['C2', 'C3']","['S2_C2_E330_V0077', 'S2_C3_E330_V0096']","['S2/C2/S2_C2_E330_V0077.mp4', 'S2/C3/S2_C3_E330_V0096.mp4']",2,1,53,1,False
E332,E332/E332_dtci_r11.npy,"foraging,unknown,vigilance",roe_deer,overcast,1,train,1,animal,3,361.5,['S2'],"['C1', 'C2', 'C3']","['S2_C1_E332_V0076', 'S2_C2_E332_V0079', 'S2_C3_E332_V0097']","['S2/C1/S2_C1_E332_V0076.mp4', 'S2/C2/S2_C2_E332_V0079.mp4', 'S2/C3/S2_C3_E332_V0097.mp4']",3,3,1105,0,False
E334,E334/E334_dtci_r11.npy,"foraging,unknown,vigilance",red_deer,clear,1,train,1,animal,4,82.0,['S2'],"['C1', 'C2', 'C3']","['S2_C1_E334_V0077', 'S2_C2_E334_V0080', 'S2_C3_E334_V0099', 'S2_C3_E334_V0100']","['S2/C1/S2_C1_E334_V0077.mp4', 'S2/C2/S2_C2_E334_V0080.mp4', 'S2/C3/S2_C3_E334_V0099.mp4', 'S2/C3/S2_C3_E334_V0100.mp4']",4,3,1242,1,False
E336,E336/E336_dtci_r11.npy,"foraging,unknown,vigilance",roe_deer,overcast,1,train,1,animal,1,120.5,['S2'],['C2'],['S2_C2_E336_V0081'],['S2/C2/S2_C2_E336_V0081.mp4'],1,1,3614,0,False
E339,E339/E339_dtci_r11.npy,"chasing,foraging,unknown,vigilance",red_deer,clear,3+,train,1,animal,8,164.0,['S2'],"['C1', 'C2', 'C3']","['S2_C1_E339_V0079', 'S2_C1_E339_V0080', 'S2_C1_E339_V0081', 'S2_C2_E339_V0083', 'S2_C2_E339_V0084', 'S2_C2_E339_V0085', 'S2_C3_E339_V0102', 'S2_C3_E339_V0103']","['S2/C1/S2_C1_E339_V0079.mp4', 'S2/C1/S2_C1_E339_V0080.mp4', 'S2/C1/S2_C1_E339_V0081.mp4', 'S2/C2/S2_C2_E339_V0083.mp4', 'S2/C2/S2_C2_E339_V0084.mp4', 'S2/C2/S2_C2_E339_V0085.mp4', 'S2/C3/S2_C3_E339_V0102.mp4', 'S2/C3/S2_C3_E339_V0103.mp4']",8,8,4775,0,False
E34,E34/E34_dtci_r11.npy,"foraging,unknown,vigilance",red_deer,overcast,2,train,1,animal,2,241.0,['S1'],"['C1', 'C2']","['S1_C1_E34_V0071', 'S1_C2_E34_V0044']","['S1/C1/S1_C1_E34_V0071.mp4', 'S1/C2/S1_C2_E34_V0044.mp4']",2,2,1961,0,False
E340,E340/E340_dtci_r11.npy,"foraging,unknown",red_deer,clear,2,train,1,animal,1,20.5,['S2'],['C3'],['S2_C3_E340_V0104'],['S2/C3/S2_C3_E340_V0104.mp4'],1,1,617,0,False
E341,E341/E341_dtci_r11.npy,"foraging,vigilance",red_deer,rainy,1,train,1,animal,3,61.5,['S2'],"['C1', 'C2', 'C3']","['S2_C1_E341_V0082', 'S2_C2_E341_V0086', 'S2_C3_E341_V0105']","['S2/C1/S2_C1_E341_V0082.mp4', 'S2/C2/S2_C2_E341_V0086.mp4', 'S2/C3/S2_C3_E341_V0105.mp4']",3,3,877,0,False
E343,E343/E343_dtci_r11.npy,"escaping,foraging,unknown,vigilance",red_deer,clear,1,train,1,animal,3,61.5,['S2'],"['C1', 'C2', 'C3']","['S2_C1_E343_V0083', 'S2_C2_E343_V0087', 'S2_C3_E343_V0107']","['S2/C1/S2_C1_E343_V0083.mp4', 'S2/C2/S2_C2_E343_V0087.mp4', 'S2/C3/S2_C3_E343_V0107.mp4']",3,3,1041,0,False
E344,E344/E344_dtci_r11.npy,"foraging,vigilance",red_deer,clear,1,train,1,animal,4,82.0,['S2'],"['C2', 'C3']","['S2_C2_E344_V0088', 'S2_C2_E344_V0089', 'S2_C3_E344_V0108', 'S2_C3_E344_V0109']","['S2/C2/S2_C2_E344_V0088.mp4', 'S2/C2/S2_C2_E344_V0089.mp4', 'S2/C3/S2_C3_E344_V0108.mp4', 'S2/C3/S2_C3_E344_V0109.mp4']",4,4,1207,0,False
E347,E347/E347_dtci_r11.npy,"foraging,vigilance",red_deer,clear,1,train,1,animal,3,61.5,['S2'],"['C1', 'C2', 'C3']","['S2_C1_E347_V0084', 'S2_C2_E347_V0092', 'S2_C3_E347_V0110']","['S2/C1/S2_C1_E347_V0084.mp4', 'S2/C2/S2_C2_E347_V0092.mp4', 'S2/C3/S2_C3_E347_V0110.mp4']",3,3,1493,0,False
E349,E349/E349_dtci_r11.npy,"escaping,foraging,unknown,vigilance",red_deer,rainy,1,train,1,animal,3,61.5,['S2'],"['C1', 'C2', 'C3']","['S2_C1_E349_V0085', 'S2_C2_E349_V0094', 'S2_C3_E349_V0111']","['S2/C1/S2_C1_E349_V0085.mp4', 'S2/C2/S2_C2_E349_V0094.mp4', 'S2/C3/S2_C3_E349_V0111.mp4']",3,3,1628,0,False
E350,E350/E350_dtci_r11.npy,"camera_reaction,foraging,unknown,vigilance",red_deer,clear,1,train,1,animal,5,102.5,['S2'],"['C1', 'C2', 'C3']","['S2_C1_E350_V0086', 'S2_C2_E350_V0095', 'S2_C2_E350_V0096', 'S2_C3_E350_V0112', 'S2_C3_E350_V0113']","['S2/C1/S2_C1_E350_V0086.mp4', 'S2/C2/S2_C2_E350_V0095.mp4', 'S2/C2/S2_C2_E350_V0096.mp4', 'S2/C3/S2_C3_E350_V0112.mp4', 'S2/C3/S2_C3_E350_V0113.mp4']",5,5,2902,0,False
E351,E351/E351_dtci_r11.npy,"courtship,foraging,unknown,vigilance",red_deer,rainy,3+,train,1,animal,3,61.5,['S2'],['C2'],"['S2_C2_E351_V0097', 'S2_C2_E351_V0098', 'S2_C2_E351_V0099']","['S2/C2/S2_C2_E351_V0097.mp4', 'S2/C2/S2_C2_E351_V0098.mp4', 'S2/C2/S2_C2_E351_V0099.mp4']",3,3,2287,0,False
E353,E353/E353_dtci_r11.npy,"foraging,grooming,unknown,vigilance",red_deer,clear,3+,train,1,animal,4,82.0,['S2'],['C1'],"['S2_C1_E353_V0087', 'S2_C1_E353_V0088', 'S2_C1_E353_V0089', 'S2_C1_E353_V0090']","['S2/C1/S2_C1_E353_V0087.mp4', 'S2/C1/S2_C1_E353_V0088.mp4', 'S2/C1/S2_C1_E353_V0089.mp4', 'S2/C1/S2_C1_E353_V0090.mp4']",4,4,2940,0,False
E357,E357/E357_dtci_r11.npy,"foraging,unknown,vigilance",red_deer,clear,2,train,1,animal,3,61.5,['S2'],['C1'],"['S2_C1_E357_V0091', 'S2_C1_E357_V0092', 'S2_C1_E357_V0093']","['S2/C1/S2_C1_E357_V0091.mp4', 'S2/C1/S2_C1_E357_V0092.mp4', 'S2/C1/S2_C1_E357_V0093.mp4']",3,3,1750,0,False
E358,E358/E358_dtci_r11.npy,"courtship,foraging,unknown",red_deer,clear,3+,train,1,animal,2,41.0,['S2'],"['C1', 'C2']","['S2_C1_E358_V0094', 'S2_C2_E358_V0105']","['S2/C1/S2_C1_E358_V0094.mp4', 'S2/C2/S2_C2_E358_V0105.mp4']",2,2,1086,0,False
E359,E359/E359_dtci_r11.npy,"foraging,vigilance",red_deer,clear,1,train,1,animal,2,41.0,['S2'],"['C1', 'C2']","['S2_C1_E359_V0095', 'S2_C2_E359_V0106']","['S2/C1/S2_C1_E359_V0095.mp4', 'S2/C2/S2_C2_E359_V0106.mp4']",2,2,757,0,False
E36,E36/E36_dtci_r11.npy,"escaping,foraging,unknown,vigilance",red_deer,overcast,2,train,1,animal,4,482.0,['S1'],"['C1', 'C2', 'C3']","['S1_C1_E36_V0073', 'S1_C1_E36_V0074', 'S1_C2_E36_V0046', 'S1_C3_E36_V0018']","['S1/C1/S1_C1_E36_V0073.mp4', 'S1/C1/S1_C1_E36_V0074.mp4', 'S1/C2/S1_C2_E36_V0046.mp4', 'S1/C3/S1_C3_E36_V0018.mp4']",4,4,7911,0,False
E360,E360/E360_dtci_r11.npy,"foraging,vigilance",red_deer,clear,1,train,1,animal,1,20.5,['S2'],['C1'],['S2_C1_E360_V0096'],['S2/C1/S2_C1_E360_V0096.mp4'],1,1,175,0,False
E361,E361/E361_dtci_r11.npy,"foraging,unknown",red_deer,clear,2,train,1,animal,1,20.5,['S2'],['C1'],['S2_C1_E361_V0097'],['S2/C1/S2_C1_E361_V0097.mp4'],1,1,680,0,False
E362,E362/E362_dtci_r11.npy,foraging,red_deer,clear,3+,train,1,animal,1,20.5,['S2'],['C3'],['S2_C3_E362_V0114'],['S2/C3/S2_C3_E362_V0114.mp4'],1,1,775,0,False
E363,E363/E363_dtci_r11.npy,foraging,red_deer,clear,1,train,1,animal,2,41.0,['S2'],"['C1', 'C2']","['S2_C1_E363_V0098', 'S2_C2_E363_V0107']","['S2/C1/S2_C1_E363_V0098.mp4', 'S2/C2/S2_C2_E363_V0107.mp4']",2,2,732,0,False
E365,E365/E365_dtci_r11.npy,"foraging,grooming,unknown,vigilance",red_deer,sunny,1,train,1,animal,5,602.5,['S2'],"['C1', 'C2', 'C3']","['S2_C1_E365_V0100', 'S2_C2_E365_V0109', 'S2_C2_E365_V0110', 'S2_C3_E365_V0115', 'S2_C3_E365_V0116']","['S2/C1/S2_C1_E365_V0100.mp4', 'S2/C2/S2_C2_E365_V0109.mp4', 'S2/C2/S2_C2_E365_V0110.mp4', 'S2/C3/S2_C3_E365_V0115.mp4', 'S2/C3/S2_C3_E365_V0116.mp4']",5,5,8686,0,False
E366,E366/E366_dtci_r11.npy,"unknown,vigilance",red_deer,clear,1,train,1,animal,3,61.5,['S2'],"['C1', 'C2', 'C3']","['S2_C1_E366_V0101', 'S2_C2_E366_V0111', 'S2_C3_E366_V0117']","['S2/C1/S2_C1_E366_V0101.mp4', 'S2/C2/S2_C2_E366_V0111.mp4', 'S2/C3/S2_C3_E366_V0117.mp4']",3,3,802,0,False
E367,E367/E367_dtci_r11.npy,"foraging,unknown,vigilance",red_deer,clear,1,train,1,animal,3,61.5,['S2'],"['C1', 'C2', 'C3']","['S2_C1_E367_V0102', 'S2_C2_E367_V0112', 'S2_C3_E367_V0118']","['S2/C1/S2_C1_E367_V0102.mp4', 'S2/C2/S2_C2_E367_V0112.mp4', 'S2/C3/S2_C3_E367_V0118.mp4']",3,3,715,0,False
E368,E368/E368_dtci_r11.npy,"courtship,vigilance",red_deer,clear,1,train,1,animal,2,41.0,['S2'],"['C1', 'C2']","['S2_C1_E368_V0103', 'S2_C2_E368_V0113']","['S2/C1/S2_C1_E368_V0103.mp4', 'S2/C2/S2_C2_E368_V0113.mp4']",2,2,384,0,False
E369,E369/E369_dtci_r11.npy,"foraging,unknown,vigilance",red_deer,clear,2,train,1,animal,2,41.0,['S2'],"['C1', 'C2']","['S2_C1_E369_V0104', 'S2_C2_E369_V0114']","['S2/C1/S2_C1_E369_V0104.mp4', 'S2/C2/S2_C2_E369_V0114.mp4']",2,2,1378,0,False
E37,E37/E37_dtci_r11.npy,"foraging,vigilance",red_deer,overcast,1,train,1,animal,4,482.0,['S1'],"['C1', 'C2', 'C3']","['S1_C1_E37_V0075', 'S1_C1_E37_V0076', 'S1_C2_E37_V0047', 'S1_C3_E37_V0019']","['S1/C1/S1_C1_E37_V0075.mp4', 'S1/C1/S1_C1_E37_V0076.mp4', 'S1/C2/S1_C2_E37_V0047.mp4', 'S1/C3/S1_C3_E37_V0019.mp4']",4,4,9022,0,False
E370,E370/E370_dtci_r11.npy,foraging,red_deer,clear,1,train,1,animal,1,20.5,['S2'],['C2'],['S2_C2_E370_V0115'],['S2/C2/S2_C2_E370_V0115.mp4'],1,1,188,0,False
E371,E371/E371_dtci_r11.npy,"foraging,unknown",red_deer,clear,2,train,1,animal,3,61.5,['S2'],"['C1', 'C2', 'C3']","['S2_C1_E371_V0105', 'S2_C2_E371_V0116', 'S2_C3_E371_V0119']","['S2/C1/S2_C1_E371_V0105.mp4', 'S2/C2/S2_C2_E371_V0116.mp4', 'S2/C3/S2_C3_E371_V0119.mp4']",3,3,177,0,False
E374,E374/E374_dtci_r11.npy,"foraging,unknown,vigilance",red_deer,clear,3+,train,1,animal,2,41.0,['S2'],['C3'],"['S2_C3_E374_V0121', 'S2_C3_E374_V0122']","['S2/C3/S2_C3_E374_V0121.mp4', 'S2/C3/S2_C3_E374_V0122.mp4']",2,2,1775,0,False
E375,E375/E375_dtci_r11.npy,"unknown,vigilance",red_deer,clear,1,train,1,animal,3,61.5,['S2'],"['C1', 'C2', 'C3']","['S2_C1_E375_V0106', 'S2_C2_E375_V0118', 'S2_C3_E375_V0123']","['S2/C1/S2_C1_E375_V0106.mp4', 'S2/C2/S2_C2_E375_V0118.mp4', 'S2/C3/S2_C3_E375_V0123.mp4']",3,2,269,1,False
E376,E376/E376_dtci_r11.npy,"foraging,unknown,vigilance",red_deer,clear,1,train,1,animal,3,61.5,['S2'],"['C1', 'C2', 'C3']","['S2_C1_E376_V0107', 'S2_C2_E376_V0119', 'S2_C3_E376_V0124']","['S2/C1/S2_C1_E376_V0107.mp4', 'S2/C2/S2_C2_E376_V0119.mp4', 'S2/C3/S2_C3_E376_V0124.mp4']",3,3,1074,0,False
E377,E377/E377_dtci_r11.npy,"foraging,marking",red_deer,clear,1,train,1,animal,2,41.0,['S2'],"['C1', 'C2']","['S2_C1_E377_V0108', 'S2_C2_E377_V0120']","['S2/C1/S2_C1_E377_V0108.mp4', 'S2/C2/S2_C2_E377_V0120.mp4']",2,2,718,0,False
E378,E378/E378_dtci_r11.npy,"chasing,courtship,escaping,unknown",red_deer,sunny,3+,train,1,animal,2,241.0,['S2'],"['C1', 'C2']","['S2_C1_E378_V0109', 'S2_C2_E378_V0121']","['S2/C1/S2_C1_E378_V0109.mp4', 'S2/C2/S2_C2_E378_V0121.mp4']",2,2,676,0,False
E38,E38/E38_dtci_r11.npy,"camera_reaction,foraging,unknown,vigilance",red_deer,clear,1,train,1,animal,27,753.5,['S1'],"['C1', 'C2']","['S1_C1_E38_V0077', 'S1_C1_E38_V0078', 'S1_C1_E38_V0079', 'S1_C1_E38_V0080', 'S1_C1_E38_V0081', 'S1_C1_E38_V0082', 'S1_C1_E38_V0083', 'S1_C1_E38_V0084', 'S1_C1_E38_V0085', 'S1_C1_E38_V0086', 'S1_C1_E38_V0087', 'S1_C1_E38_V0088', 'S1_C1_E38_V0089', 'S1_C1_E38_V0090', 'S1_C2_E38_V0048', 'S1_C2_E38_V0049', 'S1_C2_E38_V0050', 'S1_C2_E38_V0051', 'S1_C2_E38_V0052', 'S1_C2_E38_V0053', 'S1_C2_E38_V0054', 'S1_C2_E38_V0055', 'S1_C2_E38_V0056', 'S1_C2_E38_V0057', 'S1_C2_E38_V0058', 'S1_C2_E38_V0059', 'S1_C2_E38_V0060']","['S1/C1/S1_C1_E38_V0077.mp4', 'S1/C1/S1_C1_E38_V0078.mp4', 'S1/C1/S1_C1_E38_V0079.mp4', 'S1/C1/S1_C1_E38_V0080.mp4', 'S1/C1/S1_C1_E38_V0081.mp4', 'S1/C1/S1_C1_E38_V0082.mp4', 'S1/C1/S1_C1_E38_V0083.mp4', 'S1/C1/S1_C1_E38_V0084.mp4', 'S1/C1/S1_C1_E38_V0085.mp4', 'S1/C1/S1_C1_E38_V0086.mp4', 'S1/C1/S1_C1_E38_V0087.mp4', 'S1/C1/S1_C1_E38_V0088.mp4', 'S1/C1/S1_C1_E38_V0089.mp4', 'S1/C1/S1_C1_E38_V0090.mp4', 'S1/C2/S1_C2_E38_V0048.mp4', 'S1/C2/S1_C2_E38_V0049.mp4', 'S1/C2/S1_C2_E38_V0050.mp4', 'S1/C2/S1_C2_E38_V0051.mp4', 'S1/C2/S1_C2_E38_V0052.mp4', 'S1/C2/S1_C2_E38_V0053.mp4', 'S1/C2/S1_C2_E38_V0054.mp4', 'S1/C2/S1_C2_E38_V0055.mp4', 'S1/C2/S1_C2_E38_V0056.mp4', 'S1/C2/S1_C2_E38_V0057.mp4', 'S1/C2/S1_C2_E38_V0058.mp4', 'S1/C2/S1_C2_E38_V0059.mp4', 'S1/C2/S1_C2_E38_V0060.mp4']",27,27,20230,0,False
E387,E387/E387_dtci_r11.npy,foraging,red_deer,clear,1,train,1,animal,2,41.0,['S2'],"['C1', 'C2']","['S2_C1_E387_V0112', 'S2_C2_E387_V0129']","['S2/C1/S2_C1_E387_V0112.mp4', 'S2/C2/S2_C2_E387_V0129.mp4']",2,2,462,0,False
E388,E388/E388_dtci_r11.npy,"foraging,vigilance",red_deer,clear,1,train,1,animal,3,61.5,['S2'],"['C1', 'C2', 'C3']","['S2_C1_E388_V0113', 'S2_C2_E388_V0130', 'S2_C3_E388_V0127']","['S2/C1/S2_C1_E388_V0113.mp4', 'S2/C2/S2_C2_E388_V0130.mp4', 'S2/C3/S2_C3_E388_V0127.mp4']",3,3,1205,0,False
E389,E389/E389_dtci_r11.npy,foraging,wolf,clear,1,train,1,animal,1,20.5,['S2'],['C2'],['S2_C2_E389_V0131'],['S2/C2/S2_C2_E389_V0131.mp4'],1,1,70,0,False
E39,E39/E39_dtci_r11.npy,"foraging,unknown",red_deer,clear,1,train,1,animal,2,41.0,['S1'],"['C1', 'C2']","['S1_C1_E39_V0091', 'S1_C2_E39_V0061']","['S1/C1/S1_C1_E39_V0091.mp4', 'S1/C2/S1_C2_E39_V0061.mp4']",2,1,425,1,False
E390,E390/E390_dtci_r11.npy,"foraging,unknown,vigilance",red_deer,clear,1,train,1,animal,2,41.0,['S2'],"['C1', 'C2']","['S2_C1_E390_V0114', 'S2_C2_E390_V0132']","['S2/C1/S2_C1_E390_V0114.mp4', 'S2/C2/S2_C2_E390_V0132.mp4']",2,2,702,0,False
E393,E393/E393_dtci_r11.npy,"foraging,unknown,vigilance",red_deer,sunny,2,train,1,animal,3,361.5,['S2'],"['C1', 'C2', 'C3']","['S2_C1_E393_V0116', 'S2_C2_E393_V0134', 'S2_C3_E393_V0129']","['S2/C1/S2_C1_E393_V0116.mp4', 'S2/C2/S2_C2_E393_V0134.mp4', 'S2/C3/S2_C3_E393_V0129.mp4']",3,3,2223,0,False
E394,E394/E394_dtci_r11.npy,"chasing,escaping","red_deer,wolf",clear,3+,train,1,animal,4,82.0,['S2'],"['C1', 'C2', 'C3']","['S2_C1_E394_V0117', 'S2_C2_E394_V0135', 'S2_C3_E394_V0130', 'S2_C3_E394_V0131']","['S2/C1/S2_C1_E394_V0117.mp4', 'S2/C2/S2_C2_E394_V0135.mp4', 'S2/C3/S2_C3_E394_V0130.mp4', 'S2/C3/S2_C3_E394_V0131.mp4']",4,4,415,0,False
E4,E4/E4_dtci_r11.npy,"foraging,unknown,vigilance",red_deer,clear,3+,train,1,animal,5,102.5,['S1'],['C1'],"['S1_C1_E4_V0016', 'S1_C1_E4_V0017', 'S1_C1_E4_V0018', 'S1_C1_E4_V0019', 'S1_C1_E4_V0020']","['S1/C1/S1_C1_E4_V0016.mp4', 'S1/C1/S1_C1_E4_V0017.mp4', 'S1/C1/S1_C1_E4_V0018.mp4', 'S1/C1/S1_C1_E4_V0019.mp4', 'S1/C1/S1_C1_E4_V0020.mp4']",5,5,3305,0,False
E40,E40/E40_dtci_r11.npy,"foraging,unknown,vigilance",red_deer,rainy,2,train,1,animal,25,512.5,['S1'],"['C1', 'C2']","['S1_C1_E40_V0092', 'S1_C1_E40_V0093', 'S1_C1_E40_V0094', 'S1_C1_E40_V0095', 'S1_C1_E40_V0096', 'S1_C1_E40_V0097', 'S1_C1_E40_V0098', 'S1_C1_E40_V0099', 'S1_C1_E40_V0100', 'S1_C1_E40_V0101', 'S1_C1_E40_V0102', 'S1_C1_E40_V0103', 'S1_C1_E40_V0104', 'S1_C1_E40_V0105', 'S1_C1_E40_V0106', 'S1_C2_E40_V0062', 'S1_C2_E40_V0063', 'S1_C2_E40_V0064', 'S1_C2_E40_V0065', 'S1_C2_E40_V0066', 'S1_C2_E40_V0067', 'S1_C2_E40_V0068', 'S1_C2_E40_V0069', 'S1_C2_E40_V0070', 'S1_C2_E40_V0071']","['S1/C1/S1_C1_E40_V0092.mp4', 'S1/C1/S1_C1_E40_V0093.mp4', 'S1/C1/S1_C1_E40_V0094.mp4', 'S1/C1/S1_C1_E40_V0095.mp4', 'S1/C1/S1_C1_E40_V0096.mp4', 'S1/C1/S1_C1_E40_V0097.mp4', 'S1/C1/S1_C1_E40_V0098.mp4', 'S1/C1/S1_C1_E40_V0099.mp4', 'S1/C1/S1_C1_E40_V0100.mp4', 'S1/C1/S1_C1_E40_V0101.mp4', 'S1/C1/S1_C1_E40_V0102.mp4', 'S1/C1/S1_C1_E40_V0103.mp4', 'S1/C1/S1_C1_E40_V0104.mp4', 'S1/C1/S1_C1_E40_V0105.mp4', 'S1/C1/S1_C1_E40_V0106.mp4', 'S1/C2/S1_C2_E40_V0062.mp4', 'S1/C2/S1_C2_E40_V0063.mp4', 'S1/C2/S1_C2_E40_V0064.mp4', 'S1/C2/S1_C2_E40_V0065.mp4', 'S1/C2/S1_C2_E40_V0066.mp4', 'S1/C2/S1_C2_E40_V0067.mp4', 'S1/C2/S1_C2_E40_V0068.mp4', 'S1/C2/S1_C2_E40_V0069.mp4', 'S1/C2/S1_C2_E40_V0070.mp4', 'S1/C2/S1_C2_E40_V0071.mp4']",25,24,24871,1,False
E407,E407/E407_dtci_r11.npy,"camera_reaction,foraging,vigilance",red_deer,clear,1,train,1,animal,5,102.5,['S3'],"['C1', 'C2', 'C3']","['S3_C1_E407_V0159', 'S3_C2_E407_V0022', 'S3_C3_E407_V0058', 'S3_C3_E407_V0059', 'S3_C3_E407_V0060']","['S3/C1/S3_C1_E407_V0159.mp4', 'S3/C2/S3_C2_E407_V0022.mp4', 'S3/C3/S3_C3_E407_V0058.mp4', 'S3/C3/S3_C3_E407_V0059.mp4', 'S3/C3/S3_C3_E407_V0060.mp4']",5,3,1828,2,False
E413,E413/E413_dtci_r11.npy,none,none,overcast,0,train,0,background,1,120.5,['S3'],['C2'],['S3_C2_E413_V0024'],['S3/C2/S3_C2_E413_V0024.mp4'],1,0,0,1,True
E418,E418/E418_dtci_r11.npy,"foraging,vigilance",red_deer,clear,1,train,1,animal,15,307.5,['S3'],"['C1', 'C2', 'C3']","['S3_C1_E418_V0234', 'S3_C1_E418_V0235', 'S3_C2_E418_V0030', 'S3_C2_E418_V0031', 'S3_C3_E418_V0067', 'S3_C3_E418_V0068', 'S3_C3_E418_V0069', 'S3_C3_E418_V0070', 'S3_C3_E418_V0071', 'S3_C3_E418_V0072', 'S3_C3_E418_V0073', 'S3_C3_E418_V0074', 'S3_C3_E418_V0075', 'S3_C3_E418_V0076', 'S3_C3_E418_V0077']","['S3/C1/S3_C1_E418_V0234.mp4', 'S3/C1/S3_C1_E418_V0235.mp4', 'S3/C2/S3_C2_E418_V0030.mp4', 'S3/C2/S3_C2_E418_V0031.mp4', 'S3/C3/S3_C3_E418_V0067.mp4', 'S3/C3/S3_C3_E418_V0068.mp4', 'S3/C3/S3_C3_E418_V0069.mp4', 'S3/C3/S3_C3_E418_V0070.mp4', 'S3/C3/S3_C3_E418_V0071.mp4', 'S3/C3/S3_C3_E418_V0072.mp4', 'S3/C3/S3_C3_E418_V0073.mp4', 'S3/C3/S3_C3_E418_V0074.mp4', 'S3/C3/S3_C3_E418_V0075.mp4', 'S3/C3/S3_C3_E418_V0076.mp4', 'S3/C3/S3_C3_E418_V0077.mp4']",15,15,9224,0,False
E419,E419/E419_dtci_r11.npy,"foraging,grooming,unknown,vigilance",red_deer,clear,1,train,1,animal,19,389.5,['S3'],"['C1', 'C2', 'C3']","['S3_C1_E419_V0236', 'S3_C1_E419_V0237', 'S3_C2_E419_V0032', 'S3_C2_E419_V0033', 'S3_C2_E419_V0034', 'S3_C2_E419_V0035', 'S3_C2_E419_V0036', 'S3_C2_E419_V0037', 'S3_C2_E419_V0038', 'S3_C2_E419_V0039', 'S3_C3_E419_V0078', 'S3_C3_E419_V0079', 'S3_C3_E419_V0080', 'S3_C3_E419_V0081', 'S3_C3_E419_V0082', 'S3_C3_E419_V0083', 'S3_C3_E419_V0084', 'S3_C3_E419_V0085', 'S3_C3_E419_V0086']","['S3/C1/S3_C1_E419_V0236.mp4', 'S3/C1/S3_C1_E419_V0237.mp4', 'S3/C2/S3_C2_E419_V0032.mp4', 'S3/C2/S3_C2_E419_V0033.mp4', 'S3/C2/S3_C2_E419_V0034.mp4', 'S3/C2/S3_C2_E419_V0035.mp4', 'S3/C2/S3_C2_E419_V0036.mp4', 'S3/C2/S3_C2_E419_V0037.mp4', 'S3/C2/S3_C2_E419_V0038.mp4', 'S3/C2/S3_C2_E419_V0039.mp4', 'S3/C3/S3_C3_E419_V0078.mp4', 'S3/C3/S3_C3_E419_V0079.mp4', 'S3/C3/S3_C3_E419_V0080.mp4', 'S3/C3/S3_C3_E419_V0081.mp4', 'S3/C3/S3_C3_E419_V0082.mp4', 'S3/C3/S3_C3_E419_V0083.mp4', 'S3/C3/S3_C3_E419_V0084.mp4', 'S3/C3/S3_C3_E419_V0085.mp4', 'S3/C3/S3_C3_E419_V0086.mp4']",19,19,11272,0,False
E42,E42/E42_dtci_r11.npy,"foraging,vigilance",red_deer,overcast,1,train,1,animal,3,361.5,['S1'],"['C1', 'C2']","['S1_C1_E42_V0107', 'S1_C1_E42_V0108', 'S1_C2_E42_V0072']","['S1/C1/S1_C1_E42_V0107.mp4', 'S1/C1/S1_C1_E42_V0108.mp4', 'S1/C2/S1_C2_E42_V0072.mp4']",3,2,3189,1,False
E429,E429/E429_dtci_r11.npy,none,none,sunny,0,train,0,background,10,605.0,['S3'],['C1'],"['S3_C1_E429_V0335', 'S3_C1_E429_V0336', 'S3_C1_E429_V0337', 'S3_C1_E429_V0338', 'S3_C1_E429_V0339', 'S3_C1_E429_V0340', 'S3_C1_E429_V0341', 'S3_C1_E429_V0342', 'S3_C1_E429_V0343', 'S3_C1_E429_V0344']","['S3/C1/S3_C1_E429_V0335.mp4', 'S3/C1/S3_C1_E429_V0336.mp4', 'S3/C1/S3_C1_E429_V0337.mp4', 'S3/C1/S3_C1_E429_V0338.mp4', 'S3/C1/S3_C1_E429_V0339.mp4', 'S3/C1/S3_C1_E429_V0340.mp4', 'S3/C1/S3_C1_E429_V0341.mp4', 'S3/C1/S3_C1_E429_V0342.mp4', 'S3/C1/S3_C1_E429_V0343.mp4', 'S3/C1/S3_C1_E429_V0344.mp4']",10,0,0,10,True
E437,E437/E437_dtci_r11.npy,"foraging,vigilance",red_deer,clear,2,train,1,animal,10,205.0,['S3'],"['C1', 'C2', 'C3']","['S3_C1_E437_V0355', 'S3_C1_E437_V0356', 'S3_C2_E437_V0047', 'S3_C2_E437_V0048', 'S3_C2_E437_V0049', 'S3_C3_E437_V0095', 'S3_C3_E437_V0096', 'S3_C3_E437_V0097', 'S3_C3_E437_V0098', 'S3_C3_E437_V0099']","['S3/C1/S3_C1_E437_V0355.mp4', 'S3/C1/S3_C1_E437_V0356.mp4', 'S3/C2/S3_C2_E437_V0047.mp4', 'S3/C2/S3_C2_E437_V0048.mp4', 'S3/C2/S3_C2_E437_V0049.mp4', 'S3/C3/S3_C3_E437_V0095.mp4', 'S3/C3/S3_C3_E437_V0096.mp4', 'S3/C3/S3_C3_E437_V0097.mp4', 'S3/C3/S3_C3_E437_V0098.mp4', 'S3/C3/S3_C3_E437_V0099.mp4']",10,10,3973,0,False
E453,E453/E453_dtci_r11.npy,"escaping,foraging,unknown,vigilance",red_deer,rainy,2,train,1,animal,5,102.5,['S3'],"['C2', 'C3']","['S3_C2_E453_V0057', 'S3_C2_E453_V0058', 'S3_C3_E453_V0159', 'S3_C3_E453_V0160', 'S3_C3_E453_V0161']","['S3/C2/S3_C2_E453_V0057.mp4', 'S3/C2/S3_C2_E453_V0058.mp4', 'S3/C3/S3_C3_E453_V0159.mp4', 'S3/C3/S3_C3_E453_V0160.mp4', 'S3/C3/S3_C3_E453_V0161.mp4']",5,5,1795,0,False
E454,E454/E454_dtci_r11.npy,"foraging,vigilance",red_deer,rainy,1,train,1,animal,8,164.0,['S3'],"['C2', 'C3']","['S3_C2_E454_V0059', 'S3_C2_E454_V0060', 'S3_C3_E454_V0162', 'S3_C3_E454_V0163', 'S3_C3_E454_V0164', 'S3_C3_E454_V0165', 'S3_C3_E454_V0166', 'S3_C3_E454_V0167']","['S3/C2/S3_C2_E454_V0059.mp4', 'S3/C2/S3_C2_E454_V0060.mp4', 'S3/C3/S3_C3_E454_V0162.mp4', 'S3/C3/S3_C3_E454_V0163.mp4', 'S3/C3/S3_C3_E454_V0164.mp4', 'S3/C3/S3_C3_E454_V0165.mp4', 'S3/C3/S3_C3_E454_V0166.mp4', 'S3/C3/S3_C3_E454_V0167.mp4']",8,8,4651,0,False
E455,E455/E455_dtci_r11.npy,"camera_reaction,foraging,unknown,vigilance",red_deer,rainy,2,train,1,animal,5,102.5,['S3'],"['C2', 'C3']","['S3_C2_E455_V0061', 'S3_C2_E455_V0062', 'S3_C3_E455_V0168', 'S3_C3_E455_V0169', 'S3_C3_E455_V0170']","['S3/C2/S3_C2_E455_V0061.mp4', 'S3/C2/S3_C2_E455_V0062.mp4', 'S3/C3/S3_C3_E455_V0168.mp4', 'S3/C3/S3_C3_E455_V0169.mp4', 'S3/C3/S3_C3_E455_V0170.mp4']",5,5,2201,0,False
E462,E462/E462_dtci_r11.npy,"foraging,unknown,vigilance",red_deer,rainy,2,train,1,animal,6,108.5,['S3'],"['C1', 'C2', 'C3']","['S3_C1_E462_V0546', 'S3_C2_E462_V0067', 'S3_C2_E462_V0068', 'S3_C3_E462_V0179', 'S3_C3_E462_V0180', 'S3_C3_E462_V0181']","['S3/C1/S3_C1_E462_V0546.mp4', 'S3/C2/S3_C2_E462_V0067.mp4', 'S3/C2/S3_C2_E462_V0068.mp4', 'S3/C3/S3_C3_E462_V0179.mp4', 'S3/C3/S3_C3_E462_V0180.mp4', 'S3/C3/S3_C3_E462_V0181.mp4']",6,6,4043,0,False
E465,E465/E465_dtci_r11.npy,"foraging,vigilance",red_deer,rainy,2,train,1,animal,1,20.5,['S3'],['C2'],['S3_C2_E465_V0069'],['S3/C2/S3_C2_E465_V0069.mp4'],1,1,907,0,False
E466,E466/E466_dtci_r11.npy,foraging,red_deer,overcast,1,train,1,animal,1,60.5,['S3'],['C2'],['S3_C2_E466_V0070'],['S3/C2/S3_C2_E466_V0070.mp4'],1,1,1814,0,False
E476,E476/E476_dtci_r11.npy,"courtship,foraging,grooming,marking,resting,unknown,vigilance",red_deer,clear,1,train,1,animal,29,368.0,['S3'],"['C2', 'C3']","['S3_C2_E476_V0071', 'S3_C2_E476_V0072', 'S3_C2_E476_V0073', 'S3_C2_E476_V0074', 'S3_C2_E476_V0075', 'S3_C2_E476_V0076', 'S3_C3_E476_V0212', 'S3_C3_E476_V0213', 'S3_C3_E476_V0214', 'S3_C3_E476_V0215', 'S3_C3_E476_V0216', 'S3_C3_E476_V0217', 'S3_C3_E476_V0218', 'S3_C3_E476_V0219', 'S3_C3_E476_V0220', 'S3_C3_E476_V0221', 'S3_C3_E476_V0222', 'S3_C3_E476_V0223', 'S3_C3_E476_V0224', 'S3_C3_E476_V0225', 'S3_C3_E476_V0226', 'S3_C3_E476_V0227', 'S3_C3_E476_V0228', 'S3_C3_E476_V0229', 'S3_C3_E476_V0230', 'S3_C3_E476_V0231', 'S3_C3_E476_V0232', 'S3_C3_E476_V0233', 'S3_C3_E476_V0234']","['S3/C2/S3_C2_E476_V0071.mp4', 'S3/C2/S3_C2_E476_V0072.mp4', 'S3/C2/S3_C2_E476_V0073.mp4', 'S3/C2/S3_C2_E476_V0074.mp4', 'S3/C2/S3_C2_E476_V0075.mp4', 'S3/C2/S3_C2_E476_V0076.mp4', 'S3/C3/S3_C3_E476_V0212.mp4', 'S3/C3/S3_C3_E476_V0213.mp4', 'S3/C3/S3_C3_E476_V0214.mp4', 'S3/C3/S3_C3_E476_V0215.mp4', 'S3/C3/S3_C3_E476_V0216.mp4', 'S3/C3/S3_C3_E476_V0217.mp4', 'S3/C3/S3_C3_E476_V0218.mp4', 'S3/C3/S3_C3_E476_V0219.mp4', 'S3/C3/S3_C3_E476_V0220.mp4', 'S3/C3/S3_C3_E476_V0221.mp4', 'S3/C3/S3_C3_E476_V0222.mp4', 'S3/C3/S3_C3_E476_V0223.mp4', 'S3/C3/S3_C3_E476_V0224.mp4', 'S3/C3/S3_C3_E476_V0225.mp4', 'S3/C3/S3_C3_E476_V0226.mp4', 'S3/C3/S3_C3_E476_V0227.mp4', 'S3/C3/S3_C3_E476_V0228.mp4', 'S3/C3/S3_C3_E476_V0229.mp4', 'S3/C3/S3_C3_E476_V0230.mp4', 'S3/C3/S3_C3_E476_V0231.mp4', 'S3/C3/S3_C3_E476_V0232.mp4', 'S3/C3/S3_C3_E476_V0233.mp4', 'S3/C3/S3_C3_E476_V0234.mp4']",29,29,10749,0,False
E477,E477/E477_dtci_r11.npy,none,none,sunny,0,train,0,background,1,60.5,['S3'],['C3'],['S3_C3_E477_V0235'],['S3/C3/S3_C3_E477_V0235.mp4'],1,0,0,1,True
E478,E478/E478_dtci_r11.npy,none,none,sunny,0,train,0,background,2,121.0,['S3'],['C3'],"['S3_C3_E478_V0236', 'S3_C3_E478_V0237']","['S3/C3/S3_C3_E478_V0236.mp4', 'S3/C3/S3_C3_E478_V0237.mp4']",2,0,0,2,True
E484,E484/E484_dtci_r11.npy,none,none,sunny,0,train,0,background,1,60.5,['S3'],['C3'],['S3_C3_E484_V0251'],['S3/C3/S3_C3_E484_V0251.mp4'],1,0,0,1,True
E486,E486/E486_dtci_r11.npy,none,none,sunny,0,train,0,background,4,242.0,['S3'],['C3'],"['S3_C3_E486_V0253', 'S3_C3_E486_V0254', 'S3_C3_E486_V0255', 'S3_C3_E486_V0256']","['S3/C3/S3_C3_E486_V0253.mp4', 'S3/C3/S3_C3_E486_V0254.mp4', 'S3/C3/S3_C3_E486_V0255.mp4', 'S3/C3/S3_C3_E486_V0256.mp4']",4,0,0,4,True
E49,E49/E49_dtci_r11.npy,"camera_reaction,foraging,unknown,vigilance",roe_deer,overcast,3+,train,1,animal,2,241.0,['S1'],"['C1', 'C2']","['S1_C1_E49_V0112', 'S1_C2_E49_V0075']","['S1/C1/S1_C1_E49_V0112.mp4', 'S1/C2/S1_C2_E49_V0075.mp4']",2,2,4963,0,False
E491,E491/E491_dtci_r11.npy,none,none,sunny,0,train,0,background,2,121.0,['S3'],"['C2', 'C3']","['S3_C2_E491_V0077', 'S3_C3_E491_V0261']","['S3/C2/S3_C2_E491_V0077.mp4', 'S3/C3/S3_C3_E491_V0261.mp4']",2,0,0,2,True
E493,E493/E493_dtci_r11.npy,none,none,sunny,0,train,0,background,1,60.5,['S3'],['C2'],['S3_C2_E493_V0078'],['S3/C2/S3_C2_E493_V0078.mp4'],1,0,0,1,True
E495,E495/E495_dtci_r11.npy,none,none,sunny,0,train,0,background,6,363.0,['S3'],"['C2', 'C3']","['S3_C2_E495_V0080', 'S3_C3_E495_V0265', 'S3_C3_E495_V0266', 'S3_C3_E495_V0267', 'S3_C3_E495_V0268', 'S3_C3_E495_V0269']","['S3/C2/S3_C2_E495_V0080.mp4', 'S3/C3/S3_C3_E495_V0265.mp4', 'S3/C3/S3_C3_E495_V0266.mp4', 'S3/C3/S3_C3_E495_V0267.mp4', 'S3/C3/S3_C3_E495_V0268.mp4', 'S3/C3/S3_C3_E495_V0269.mp4']",6,0,0,6,True
E496,E496/E496_dtci_r11.npy,none,none,sunny,0,train,0,background,2,121.0,['S3'],['C3'],"['S3_C3_E496_V0270', 'S3_C3_E496_V0271']","['S3/C3/S3_C3_E496_V0270.mp4', 'S3/C3/S3_C3_E496_V0271.mp4']",2,0,0,2,True
E50,E50/E50_dtci_r11.npy,"camera_reaction,foraging,unknown,vigilance",red_deer,clear,3+,train,1,animal,5,102.5,['S1'],"['C1', 'C2']","['S1_C1_E50_V0113', 'S1_C1_E50_V0114', 'S1_C1_E50_V0115', 'S1_C2_E50_V0076', 'S1_C2_E50_V0077']","['S1/C1/S1_C1_E50_V0113.mp4', 'S1/C1/S1_C1_E50_V0114.mp4', 'S1/C1/S1_C1_E50_V0115.mp4', 'S1/C2/S1_C2_E50_V0076.mp4', 'S1/C2/S1_C2_E50_V0077.mp4']",5,5,3734,0,False
E500,E500/E500_dtci_r11.npy,none,none,sunny,0,train,0,background,1,60.5,['S3'],['C2'],['S3_C2_E500_V0081'],['S3/C2/S3_C2_E500_V0081.mp4'],1,0,0,1,True
E51,E51/E51_dtci_r11.npy,foraging,hare,clear,1,train,1,animal,2,41.0,['S1'],"['C1', 'C2']","['S1_C1_E51_V0116', 'S1_C2_E51_V0078']","['S1/C1/S1_C1_E51_V0116.mp4', 'S1/C2/S1_C2_E51_V0078.mp4']",2,1,390,1,False
E53,E53/E53_dtci_r11.npy,"foraging,unknown,vigilance",red_deer,overcast,1,train,1,animal,2,241.0,['S1'],"['C1', 'C2']","['S1_C1_E53_V0118', 'S1_C2_E53_V0079']","['S1/C1/S1_C1_E53_V0118.mp4', 'S1/C2/S1_C2_E53_V0079.mp4']",2,1,433,1,False
E55,E55/E55_dtci_r11.npy,"foraging,vigilance",red_deer,clear,1,train,1,animal,1,20.5,['S1'],['C2'],['S1_C2_E55_V0080'],['S1/C2/S1_C2_E55_V0080.mp4'],1,1,291,0,False
E561,E561/E561_dtci_r11.npy,"foraging,unknown",red_deer,clear,3+,train,1,animal,10,52.0,['S3'],"['C2', 'C3']","['S3_C2_E561_V0101', 'S3_C2_E561_V0102', 'S3_C3_E561_V0459', 'S3_C3_E561_V0460', 'S3_C3_E561_V0461', 'S3_C3_E561_V0462', 'S3_C3_E561_V0463', 'S3_C3_E561_V0464', 'S3_C3_E561_V0465', 'S3_C3_E561_V0466']","['S3/C2/S3_C2_E561_V0101.mp4', 'S3/C2/S3_C2_E561_V0102.mp4', 'S3/C3/S3_C3_E561_V0459.mp4', 'S3/C3/S3_C3_E561_V0460.mp4', 'S3/C3/S3_C3_E561_V0461.mp4', 'S3/C3/S3_C3_E561_V0462.mp4', 'S3/C3/S3_C3_E561_V0463.mp4', 'S3/C3/S3_C3_E561_V0464.mp4', 'S3/C3/S3_C3_E561_V0465.mp4', 'S3/C3/S3_C3_E561_V0466.mp4']",10,6,2525,4,False
E566,E566/E566_dtci_r11.npy,none,none,sunny,0,train,0,background,2,121.0,['S3'],['C3'],"['S3_C3_E566_V0471', 'S3_C3_E566_V0472']","['S3/C3/S3_C3_E566_V0471.mp4', 'S3/C3/S3_C3_E566_V0472.mp4']",2,0,0,2,True
E567,E567/E567_dtci_r11.npy,none,none,sunny,0,train,0,background,1,60.5,['S3'],['C3'],['S3_C3_E567_V0473'],['S3/C3/S3_C3_E567_V0473.mp4'],1,0,0,1,True
E568,E568/E568_dtci_r11.npy,none,none,sunny,0,train,0,background,1,60.5,['S3'],['C3'],['S3_C3_E568_V0474'],['S3/C3/S3_C3_E568_V0474.mp4'],1,0,0,1,True
E569,E569/E569_dtci_r11.npy,none,none,sunny,0,train,0,background,2,121.0,['S3'],"['C2', 'C3']","['S3_C2_E569_V0103', 'S3_C3_E569_V0475']","['S3/C2/S3_C2_E569_V0103.mp4', 'S3/C3/S3_C3_E569_V0475.mp4']",2,0,0,2,True
E57,E57/E57_dtci_r11.npy,unknown,roe_deer,sunny,1,train,1,animal,2,241.0,['S1'],"['C1', 'C2']","['S1_C1_E57_V0141', 'S1_C2_E57_V0089']","['S1/C1/S1_C1_E57_V0141.mp4', 'S1/C2/S1_C2_E57_V0089.mp4']",2,1,47,1,False
E571,E571/E571_dtci_r11.npy,none,none,sunny,0,train,0,background,7,423.5,['S3'],['C3'],"['S3_C3_E571_V0492', 'S3_C3_E571_V0493', 'S3_C3_E571_V0494', 'S3_C3_E571_V0495', 'S3_C3_E571_V0496', 'S3_C3_E571_V0497', 'S3_C3_E571_V0498']","['S3/C3/S3_C3_E571_V0492.mp4', 'S3/C3/S3_C3_E571_V0493.mp4', 'S3/C3/S3_C3_E571_V0494.mp4', 'S3/C3/S3_C3_E571_V0495.mp4', 'S3/C3/S3_C3_E571_V0496.mp4', 'S3/C3/S3_C3_E571_V0497.mp4', 'S3/C3/S3_C3_E571_V0498.mp4']",7,0,0,7,True
E576,E576/E576_dtci_r11.npy,none,none,sunny,0,train,0,background,1,60.5,['S3'],['C3'],['S3_C3_E576_V0505'],['S3/C3/S3_C3_E576_V0505.mp4'],1,0,0,1,True
E581,E581/E581_dtci_r11.npy,"foraging,unknown,vigilance",red_deer,clear,2,train,1,animal,21,127.5,['S3'],"['C2', 'C3']","['S3_C2_E581_V0106', 'S3_C2_E581_V0107', 'S3_C2_E581_V0108', 'S3_C2_E581_V0109', 'S3_C2_E581_V0110', 'S3_C3_E581_V0508', 'S3_C3_E581_V0509', 'S3_C3_E581_V0510', 'S3_C3_E581_V0511', 'S3_C3_E581_V0512', 'S3_C3_E581_V0513', 'S3_C3_E581_V0514', 'S3_C3_E581_V0515', 'S3_C3_E581_V0516', 'S3_C3_E581_V0517', 'S3_C3_E581_V0518', 'S3_C3_E581_V0519', 'S3_C3_E581_V0520', 'S3_C3_E581_V0521', 'S3_C3_E581_V0522', 'S3_C3_E581_V0523']","['S3/C2/S3_C2_E581_V0106.mp4', 'S3/C2/S3_C2_E581_V0107.mp4', 'S3/C2/S3_C2_E581_V0108.mp4', 'S3/C2/S3_C2_E581_V0109.mp4', 'S3/C2/S3_C2_E581_V0110.mp4', 'S3/C3/S3_C3_E581_V0508.mp4', 'S3/C3/S3_C3_E581_V0509.mp4', 'S3/C3/S3_C3_E581_V0510.mp4', 'S3/C3/S3_C3_E581_V0511.mp4', 'S3/C3/S3_C3_E581_V0512.mp4', 'S3/C3/S3_C3_E581_V0513.mp4', 'S3/C3/S3_C3_E581_V0514.mp4', 'S3/C3/S3_C3_E581_V0515.mp4', 'S3/C3/S3_C3_E581_V0516.mp4', 'S3/C3/S3_C3_E581_V0517.mp4', 'S3/C3/S3_C3_E581_V0518.mp4', 'S3/C3/S3_C3_E581_V0519.mp4', 'S3/C3/S3_C3_E581_V0520.mp4', 'S3/C3/S3_C3_E581_V0521.mp4', 'S3/C3/S3_C3_E581_V0522.mp4', 'S3/C3/S3_C3_E581_V0523.mp4']",21,16,5415,5,False
E582,E582/E582_dtci_r11.npy,"foraging,vigilance",red_deer,clear,3+,train,1,animal,10,72.0,['S3'],"['C2', 'C3']","['S3_C2_E582_V0111', 'S3_C2_E582_V0112', 'S3_C2_E582_V0113', 'S3_C3_E582_V0524', 'S3_C3_E582_V0525', 'S3_C3_E582_V0526', 'S3_C3_E582_V0527', 'S3_C3_E582_V0528', 'S3_C3_E582_V0529', 'S3_C3_E582_V0530']","['S3/C2/S3_C2_E582_V0111.mp4', 'S3/C2/S3_C2_E582_V0112.mp4', 'S3/C2/S3_C2_E582_V0113.mp4', 'S3/C3/S3_C3_E582_V0524.mp4', 'S3/C3/S3_C3_E582_V0525.mp4', 'S3/C3/S3_C3_E582_V0526.mp4', 'S3/C3/S3_C3_E582_V0527.mp4', 'S3/C3/S3_C3_E582_V0528.mp4', 'S3/C3/S3_C3_E582_V0529.mp4', 'S3/C3/S3_C3_E582_V0530.mp4']",10,5,2871,5,False
E585,E585/E585_dtci_r11.npy,none,none,sunny,0,train,0,background,2,121.0,['S3'],['C3'],"['S3_C3_E585_V0533', 'S3_C3_E585_V0534']","['S3/C3/S3_C3_E585_V0533.mp4', 'S3/C3/S3_C3_E585_V0534.mp4']",2,0,0,2,True
E586,E586/E586_dtci_r11.npy,none,none,sunny,0,train,0,background,2,121.0,['S3'],['C3'],"['S3_C3_E586_V0535', 'S3_C3_E586_V0536']","['S3/C3/S3_C3_E586_V0535.mp4', 'S3/C3/S3_C3_E586_V0536.mp4']",2,0,0,2,True
E587,E587/E587_dtci_r11.npy,none,none,sunny,0,train,0,background,1,60.5,['S3'],['C3'],['S3_C3_E587_V0537'],['S3/C3/S3_C3_E587_V0537.mp4'],1,0,0,1,True
E589,E589/E589_dtci_r11.npy,none,none,sunny,0,train,0,background,6,363.0,['S3'],['C3'],"['S3_C3_E589_V0539', 'S3_C3_E589_V0540', 'S3_C3_E589_V0541', 'S3_C3_E589_V0542', 'S3_C3_E589_V0543', 'S3_C3_E589_V0544']","['S3/C3/S3_C3_E589_V0539.mp4', 'S3/C3/S3_C3_E589_V0540.mp4', 'S3/C3/S3_C3_E589_V0541.mp4', 'S3/C3/S3_C3_E589_V0542.mp4', 'S3/C3/S3_C3_E589_V0543.mp4', 'S3/C3/S3_C3_E589_V0544.mp4']",6,0,0,6,True
E593,E593/E593_dtci_r11.npy,none,none,sunny,0,train,0,background,1,60.5,['S3'],['C2'],['S3_C2_E593_V0114'],['S3/C2/S3_C2_E593_V0114.mp4'],1,0,0,1,True
E597,E597/E597_dtci_r11.npy,"camera_reaction,foraging,vigilance",red_deer,clear,1,train,1,animal,2,41.0,['S3'],['C2'],"['S3_C2_E597_V0116', 'S3_C2_E597_V0117']","['S3/C2/S3_C2_E597_V0116.mp4', 'S3/C2/S3_C2_E597_V0117.mp4']",2,2,1002,0,False
E616,E616/E616_dtci_r11.npy,"foraging,vigilance",red_deer,clear,1,train,1,animal,5,102.5,['S3'],['C2'],"['S3_C2_E616_V0126', 'S3_C2_E616_V0127', 'S3_C2_E616_V0128', 'S3_C2_E616_V0129', 'S3_C2_E616_V0130']","['S3/C2/S3_C2_E616_V0126.mp4', 'S3/C2/S3_C2_E616_V0127.mp4', 'S3/C2/S3_C2_E616_V0128.mp4', 'S3/C2/S3_C2_E616_V0129.mp4', 'S3/C2/S3_C2_E616_V0130.mp4']",5,5,2507,0,False
E617,E617/E617_dtci_r11.npy,"foraging,vigilance",red_deer,clear,1,train,1,animal,3,61.5,['S3'],['C2'],"['S3_C2_E617_V0131', 'S3_C2_E617_V0132', 'S3_C2_E617_V0133']","['S3/C2/S3_C2_E617_V0131.mp4', 'S3/C2/S3_C2_E617_V0132.mp4', 'S3/C2/S3_C2_E617_V0133.mp4']",3,3,1845,0,False
E619,E619/E619_dtci_r11.npy,"foraging,vigilance",red_deer,clear,1,train,1,animal,1,20.5,['S3'],['C2'],['S3_C2_E619_V0135'],['S3/C2/S3_C2_E619_V0135.mp4'],1,1,615,0,False
E629,E629/E629_dtci_r11.npy,none,none,sunny,0,train,0,background,2,121.0,['S3'],"['C2', 'C3']","['S3_C2_E629_V0136', 'S3_C3_E629_V0604']","['S3/C2/S3_C2_E629_V0136.mp4', 'S3/C3/S3_C3_E629_V0604.mp4']",2,0,0,2,True
E631,E631/E631_dtci_r11.npy,none,none,sunny,0,train,0,background,3,181.5,['S3'],['C3'],"['S3_C3_E631_V0606', 'S3_C3_E631_V0607', 'S3_C3_E631_V0608']","['S3/C3/S3_C3_E631_V0606.mp4', 'S3/C3/S3_C3_E631_V0607.mp4', 'S3/C3/S3_C3_E631_V0608.mp4']",3,0,0,3,True
E634,E634/E634_dtci_r11.npy,none,none,sunny,0,train,0,background,1,60.5,['S3'],['C3'],['S3_C3_E634_V0611'],['S3/C3/S3_C3_E634_V0611.mp4'],1,0,0,1,True
E638,E638/E638_dtci_r11.npy,foraging,red_deer,clear,1,train,1,animal,3,61.5,['S3'],['C2'],"['S3_C2_E638_V0137', 'S3_C2_E638_V0138', 'S3_C2_E638_V0139']","['S3/C2/S3_C2_E638_V0137.mp4', 'S3/C2/S3_C2_E638_V0138.mp4', 'S3/C2/S3_C2_E638_V0139.mp4']",3,3,1384,0,False
E639,E639/E639_dtci_r11.npy,"foraging,unknown",red_deer,clear,1,train,1,animal,2,41.0,['S3'],['C2'],"['S3_C2_E639_V0140', 'S3_C2_E639_V0141']","['S3/C2/S3_C2_E639_V0140.mp4', 'S3/C2/S3_C2_E639_V0141.mp4']",2,2,778,0,False
E640,E640/E640_dtci_r11.npy,"foraging,marking",red_deer,clear,1,train,1,animal,1,20.5,['S3'],['C2'],['S3_C2_E640_V0142'],['S3/C2/S3_C2_E640_V0142.mp4'],1,1,615,0,False
E641,E641/E641_dtci_r11.npy,foraging,red_deer,clear,1,train,1,animal,1,20.5,['S3'],['C2'],['S3_C2_E641_V0143'],['S3/C2/S3_C2_E641_V0143.mp4'],1,1,615,0,False
E642,E642/E642_dtci_r11.npy,"chasing,courtship,escaping,foraging,grooming,marking,resting,unknown,vigilance",red_deer,overcast,3+,train,1,animal,11,665.5,['S3'],"['C2', 'C3']","['S3_C2_E642_V0144', 'S3_C2_E642_V0145', 'S3_C2_E642_V0146', 'S3_C3_E642_V0616', 'S3_C3_E642_V0617', 'S3_C3_E642_V0618', 'S3_C3_E642_V0619', 'S3_C3_E642_V0620', 'S3_C3_E642_V0621', 'S3_C3_E642_V0622', 'S3_C3_E642_V0623']","['S3/C2/S3_C2_E642_V0144.mp4', 'S3/C2/S3_C2_E642_V0145.mp4', 'S3/C2/S3_C2_E642_V0146.mp4', 'S3/C3/S3_C3_E642_V0616.mp4', 'S3/C3/S3_C3_E642_V0617.mp4', 'S3/C3/S3_C3_E642_V0618.mp4', 'S3/C3/S3_C3_E642_V0619.mp4', 'S3/C3/S3_C3_E642_V0620.mp4', 'S3/C3/S3_C3_E642_V0621.mp4', 'S3/C3/S3_C3_E642_V0622.mp4', 'S3/C3/S3_C3_E642_V0623.mp4']",11,11,32741,0,False
E644,E644/E644_dtci_r11.npy,none,none,sunny,0,train,0,background,1,60.5,['S3'],['C3'],['S3_C3_E644_V0625'],['S3/C3/S3_C3_E644_V0625.mp4'],1,0,0,1,True
E654,E654/E654_dtci_r11.npy,none,none,sunny,0,train,0,background,1,60.5,['S3'],['C2'],['S3_C2_E654_V0147'],['S3/C2/S3_C2_E654_V0147.mp4'],1,0,0,1,True
E657,E657/E657_dtci_r11.npy,foraging,red_deer,clear,1,train,1,animal,2,41.0,['S3'],['C2'],"['S3_C2_E657_V0148', 'S3_C2_E657_V0149']","['S3/C2/S3_C2_E657_V0148.mp4', 'S3/C2/S3_C2_E657_V0149.mp4']",2,2,1230,0,False
E658,E658/E658_dtci_r11.npy,foraging,red_deer,overcast,1,train,1,animal,1,20.5,['S3'],['C2'],['S3_C2_E658_V0150'],['S3/C2/S3_C2_E658_V0150.mp4'],1,1,615,0,False
E659,E659/E659_dtci_r11.npy,"foraging,vigilance",red_deer,overcast,3+,train,1,animal,2,41.0,['S3'],['C2'],"['S3_C2_E659_V0151', 'S3_C2_E659_V0152']","['S3/C2/S3_C2_E659_V0151.mp4', 'S3/C2/S3_C2_E659_V0152.mp4']",2,1,1715,1,False
E663,E663/E663_dtci_r11.npy,none,none,sunny,0,train,0,background,3,181.5,['S3'],['C3'],"['S3_C3_E663_V0644', 'S3_C3_E663_V0645', 'S3_C3_E663_V0646']","['S3/C3/S3_C3_E663_V0644.mp4', 'S3/C3/S3_C3_E663_V0645.mp4', 'S3/C3/S3_C3_E663_V0646.mp4']",3,0,0,3,True
E670,E670/E670_dtci_r11.npy,"courtship,foraging,marking,unknown,vigilance",red_deer,clear,1,train,1,animal,11,225.5,['S3'],['C2'],"['S3_C2_E670_V0154', 'S3_C2_E670_V0155', 'S3_C2_E670_V0156', 'S3_C2_E670_V0157', 'S3_C2_E670_V0158', 'S3_C2_E670_V0159', 'S3_C2_E670_V0160', 'S3_C2_E670_V0161', 'S3_C2_E670_V0162', 'S3_C2_E670_V0163', 'S3_C2_E670_V0164']","['S3/C2/S3_C2_E670_V0154.mp4', 'S3/C2/S3_C2_E670_V0155.mp4', 'S3/C2/S3_C2_E670_V0156.mp4', 'S3/C2/S3_C2_E670_V0157.mp4', 'S3/C2/S3_C2_E670_V0158.mp4', 'S3/C2/S3_C2_E670_V0159.mp4', 'S3/C2/S3_C2_E670_V0160.mp4', 'S3/C2/S3_C2_E670_V0161.mp4', 'S3/C2/S3_C2_E670_V0162.mp4', 'S3/C2/S3_C2_E670_V0163.mp4', 'S3/C2/S3_C2_E670_V0164.mp4']",11,11,6224,0,False
E671,E671/E671_dtci_r11.npy,"foraging,vigilance",red_deer,clear,1,train,1,animal,3,61.5,['S3'],['C2'],"['S3_C2_E671_V0165', 'S3_C2_E671_V0166', 'S3_C2_E671_V0167']","['S3/C2/S3_C2_E671_V0165.mp4', 'S3/C2/S3_C2_E671_V0166.mp4', 'S3/C2/S3_C2_E671_V0167.mp4']",3,3,1436,0,False
E672,E672/E672_dtci_r11.npy,"foraging,grooming,unknown",red_deer,clear,1,train,1,animal,1,20.5,['S3'],['C2'],['S3_C2_E672_V0168'],['S3/C2/S3_C2_E672_V0168.mp4'],1,1,615,0,False
E673,E673/E673_dtci_r11.npy,"courtship,foraging",red_deer,overcast,1,train,1,animal,1,20.5,['S3'],['C2'],['S3_C2_E673_V0169'],['S3/C2/S3_C2_E673_V0169.mp4'],1,1,239,0,False
E684,E684/E684_dtci_r11.npy,"foraging,vigilance",red_deer,clear,1,train,1,animal,2,41.0,['S3'],['C2'],"['S3_C2_E684_V0170', 'S3_C2_E684_V0171']","['S3/C2/S3_C2_E684_V0170.mp4', 'S3/C2/S3_C2_E684_V0171.mp4']",2,2,936,0,False
E692,E692/E692_dtci_r11.npy,"foraging,grooming,marking,unknown,vigilance",red_deer,overcast,1,train,1,animal,6,363.0,['S3'],"['C2', 'C3']","['S3_C2_E692_V0180', 'S3_C2_E692_V0181', 'S3_C3_E692_V0698', 'S3_C3_E692_V0699', 'S3_C3_E692_V0700', 'S3_C3_E692_V0701']","['S3/C2/S3_C2_E692_V0180.mp4', 'S3/C2/S3_C2_E692_V0181.mp4', 'S3/C3/S3_C3_E692_V0698.mp4', 'S3/C3/S3_C3_E692_V0699.mp4', 'S3/C3/S3_C3_E692_V0700.mp4', 'S3/C3/S3_C3_E692_V0701.mp4']",6,6,10890,0,False
E693,E693/E693_dtci_r11.npy,"courtship,escaping,foraging,grooming,playing,unknown,vigilance",red_deer,overcast,3+,train,1,animal,8,484.0,['S3'],"['C2', 'C3']","['S3_C2_E693_V0182', 'S3_C2_E693_V0183', 'S3_C2_E693_V0184', 'S3_C3_E693_V0702', 'S3_C3_E693_V0703', 'S3_C3_E693_V0704', 'S3_C3_E693_V0705', 'S3_C3_E693_V0706']","['S3/C2/S3_C2_E693_V0182.mp4', 'S3/C2/S3_C2_E693_V0183.mp4', 'S3/C2/S3_C2_E693_V0184.mp4', 'S3/C3/S3_C3_E693_V0702.mp4', 'S3/C3/S3_C3_E693_V0703.mp4', 'S3/C3/S3_C3_E693_V0704.mp4', 'S3/C3/S3_C3_E693_V0705.mp4', 'S3/C3/S3_C3_E693_V0706.mp4']",8,8,36604,0,False
E698,E698/E698_dtci_r11.npy,foraging,red_deer,clear,1,train,1,animal,1,20.5,['S3'],['C2'],['S3_C2_E698_V0185'],['S3/C2/S3_C2_E698_V0185.mp4'],1,1,585,0,False
E703,E703/E703_dtci_r11.npy,none,none,sunny,0,train,0,background,1,60.5,['S3'],['C2'],['S3_C2_E703_V0191'],['S3/C2/S3_C2_E703_V0191.mp4'],1,0,0,1,True
E704,E704/E704_dtci_r11.npy,"foraging,grooming,unknown,vigilance",red_deer,clear,2,train,1,animal,3,61.5,['S3'],['C2'],"['S3_C2_E704_V0192', 'S3_C2_E704_V0193', 'S3_C2_E704_V0194']","['S3/C2/S3_C2_E704_V0192.mp4', 'S3/C2/S3_C2_E704_V0193.mp4', 'S3/C2/S3_C2_E704_V0194.mp4']",3,3,2184,0,False
E705,E705/E705_dtci_r11.npy,foraging,red_deer,clear,1,train,1,animal,1,20.5,['S3'],['C2'],['S3_C2_E705_V0195'],['S3/C2/S3_C2_E705_V0195.mp4'],1,1,62,0,False
E706,E706/E706_dtci_r11.npy,"courtship,foraging,grooming,marking,resting,unknown,vigilance",red_deer,clear,1,train,1,animal,38,779.0,['S3'],['C2'],"['S3_C2_E706_V0196', 'S3_C2_E706_V0197', 'S3_C2_E706_V0198', 'S3_C2_E706_V0199', 'S3_C2_E706_V0200', 'S3_C2_E706_V0201', 'S3_C2_E706_V0202', 'S3_C2_E706_V0203', 'S3_C2_E706_V0204', 'S3_C2_E706_V0205', 'S3_C2_E706_V0206', 'S3_C2_E706_V0207', 'S3_C2_E706_V0208', 'S3_C2_E706_V0209', 'S3_C2_E706_V0210', 'S3_C2_E706_V0211', 'S3_C2_E706_V0212', 'S3_C2_E706_V0213', 'S3_C2_E706_V0214', 'S3_C2_E706_V0215', 'S3_C2_E706_V0216', 'S3_C2_E706_V0217', 'S3_C2_E706_V0218', 'S3_C2_E706_V0219', 'S3_C2_E706_V0220', 'S3_C2_E706_V0221', 'S3_C2_E706_V0222', 'S3_C2_E706_V0223', 'S3_C2_E706_V0224', 'S3_C2_E706_V0225', 'S3_C2_E706_V0226', 'S3_C2_E706_V0227', 'S3_C2_E706_V0228', 'S3_C2_E706_V0229', 'S3_C2_E706_V0230', 'S3_C2_E706_V0231', 'S3_C2_E706_V0232', 'S3_C2_E706_V0233']","['S3/C2/S3_C2_E706_V0196.mp4', 'S3/C2/S3_C2_E706_V0197.mp4', 'S3/C2/S3_C2_E706_V0198.mp4', 'S3/C2/S3_C2_E706_V0199.mp4', 'S3/C2/S3_C2_E706_V0200.mp4', 'S3/C2/S3_C2_E706_V0201.mp4', 'S3/C2/S3_C2_E706_V0202.mp4', 'S3/C2/S3_C2_E706_V0203.mp4', 'S3/C2/S3_C2_E706_V0204.mp4', 'S3/C2/S3_C2_E706_V0205.mp4', 'S3/C2/S3_C2_E706_V0206.mp4', 'S3/C2/S3_C2_E706_V0207.mp4', 'S3/C2/S3_C2_E706_V0208.mp4', 'S3/C2/S3_C2_E706_V0209.mp4', 'S3/C2/S3_C2_E706_V0210.mp4', 'S3/C2/S3_C2_E706_V0211.mp4', 'S3/C2/S3_C2_E706_V0212.mp4', 'S3/C2/S3_C2_E706_V0213.mp4', 'S3/C2/S3_C2_E706_V0214.mp4', 'S3/C2/S3_C2_E706_V0215.mp4', 'S3/C2/S3_C2_E706_V0216.mp4', 'S3/C2/S3_C2_E706_V0217.mp4', 'S3/C2/S3_C2_E706_V0218.mp4', 'S3/C2/S3_C2_E706_V0219.mp4', 'S3/C2/S3_C2_E706_V0220.mp4', 'S3/C2/S3_C2_E706_V0221.mp4', 'S3/C2/S3_C2_E706_V0222.mp4', 'S3/C2/S3_C2_E706_V0223.mp4', 'S3/C2/S3_C2_E706_V0224.mp4', 'S3/C2/S3_C2_E706_V0225.mp4', 'S3/C2/S3_C2_E706_V0226.mp4', 'S3/C2/S3_C2_E706_V0227.mp4', 'S3/C2/S3_C2_E706_V0228.mp4', 'S3/C2/S3_C2_E706_V0229.mp4', 'S3/C2/S3_C2_E706_V0230.mp4', 'S3/C2/S3_C2_E706_V0231.mp4', 'S3/C2/S3_C2_E706_V0232.mp4', 'S3/C2/S3_C2_E706_V0233.mp4']",38,38,22889,0,False
E707,E707/E707_dtci_r11.npy,"foraging,marking,resting,unknown,vigilance",red_deer,clear,1,train,1,animal,5,102.5,['S3'],['C2'],"['S3_C2_E707_V0234', 'S3_C2_E707_V0235', 'S3_C2_E707_V0236', 'S3_C2_E707_V0237', 'S3_C2_E707_V0238']","['S3/C2/S3_C2_E707_V0234.mp4', 'S3/C2/S3_C2_E707_V0235.mp4', 'S3/C2/S3_C2_E707_V0236.mp4', 'S3/C2/S3_C2_E707_V0237.mp4', 'S3/C2/S3_C2_E707_V0238.mp4']",5,5,2612,0,False
E708,E708/E708_dtci_r11.npy,"foraging,marking",red_deer,clear,1,train,1,animal,2,41.0,['S3'],['C2'],"['S3_C2_E708_V0239', 'S3_C2_E708_V0240']","['S3/C2/S3_C2_E708_V0239.mp4', 'S3/C2/S3_C2_E708_V0240.mp4']",2,2,1183,0,False
E709,E709/E709_dtci_r11.npy,"courtship,foraging,vigilance",red_deer,clear,1,train,1,animal,4,82.0,['S3'],['C2'],"['S3_C2_E709_V0241', 'S3_C2_E709_V0242', 'S3_C2_E709_V0243', 'S3_C2_E709_V0244']","['S3/C2/S3_C2_E709_V0241.mp4', 'S3/C2/S3_C2_E709_V0242.mp4', 'S3/C2/S3_C2_E709_V0243.mp4', 'S3/C2/S3_C2_E709_V0244.mp4']",4,4,2460,0,False
E710,E710/E710_dtci_r11.npy,"foraging,grooming,playing,unknown",red_deer,overcast,2,train,1,animal,2,121.0,['S3'],['C2'],"['S3_C2_E710_V0245', 'S3_C2_E710_V0246']","['S3/C2/S3_C2_E710_V0245.mp4', 'S3/C2/S3_C2_E710_V0246.mp4']",2,2,3106,0,False
E711,E711/E711_dtci_r11.npy,foraging,red_deer,rainy,1,train,1,animal,1,20.5,['S3'],['C2'],['S3_C2_E711_V0247'],['S3/C2/S3_C2_E711_V0247.mp4'],1,1,614,0,False
E712,E712/E712_dtci_r11.npy,"foraging,grooming,resting,vigilance",red_deer,sunny,2,train,1,animal,2,121.0,['S3'],['C2'],"['S3_C2_E712_V0248', 'S3_C2_E712_V0249']","['S3/C2/S3_C2_E712_V0248.mp4', 'S3/C2/S3_C2_E712_V0249.mp4']",2,2,4950,0,False
E714,E714/E714_dtci_r11.npy,"foraging,vigilance",red_deer,overcast,1,train,1,animal,1,20.5,['S3'],['C2'],['S3_C2_E714_V0251'],['S3/C2/S3_C2_E714_V0251.mp4'],1,1,546,0,False
E715,E715/E715_dtci_r11.npy,"foraging,marking,vigilance",red_deer,clear,1,train,1,animal,2,41.0,['S3'],['C2'],"['S3_C2_E715_V0252', 'S3_C2_E715_V0253']","['S3/C2/S3_C2_E715_V0252.mp4', 'S3/C2/S3_C2_E715_V0253.mp4']",2,2,655,0,False
E716,E716/E716_dtci_r11.npy,"foraging,grooming,marking,vigilance",red_deer,clear,2,train,1,animal,6,123.0,['S3'],['C2'],"['S3_C2_E716_V0254', 'S3_C2_E716_V0255', 'S3_C2_E716_V0256', 'S3_C2_E716_V0257', 'S3_C2_E716_V0258', 'S3_C2_E716_V0259']","['S3/C2/S3_C2_E716_V0254.mp4', 'S3/C2/S3_C2_E716_V0255.mp4', 'S3/C2/S3_C2_E716_V0256.mp4', 'S3/C2/S3_C2_E716_V0257.mp4', 'S3/C2/S3_C2_E716_V0258.mp4', 'S3/C2/S3_C2_E716_V0259.mp4']",6,6,5520,0,False
E717,E717/E717_dtci_r11.npy,foraging,red_deer,rainy,1,train,1,animal,2,41.0,['S3'],['C2'],"['S3_C2_E717_V0260', 'S3_C2_E717_V0261']","['S3/C2/S3_C2_E717_V0260.mp4', 'S3/C2/S3_C2_E717_V0261.mp4']",2,2,678,0,False
E718,E718/E718_dtci_r11.npy,"foraging,marking,resting",red_deer,rainy,1,train,1,animal,7,143.5,['S3'],['C2'],"['S3_C2_E718_V0262', 'S3_C2_E718_V0263', 'S3_C2_E718_V0264', 'S3_C2_E718_V0265', 'S3_C2_E718_V0266', 'S3_C2_E718_V0267', 'S3_C2_E718_V0268']","['S3/C2/S3_C2_E718_V0262.mp4', 'S3/C2/S3_C2_E718_V0263.mp4', 'S3/C2/S3_C2_E718_V0264.mp4', 'S3/C2/S3_C2_E718_V0265.mp4', 'S3/C2/S3_C2_E718_V0266.mp4', 'S3/C2/S3_C2_E718_V0267.mp4', 'S3/C2/S3_C2_E718_V0268.mp4']",7,7,4305,0,False
E719,E719/E719_dtci_r11.npy,"foraging,unknown",red_deer,rainy,2,train,1,animal,8,90.0,['S3'],['C2'],"['S3_C2_E719_V0269', 'S3_C2_E719_V0270', 'S3_C2_E719_V0271', 'S3_C2_E719_V0272', 'S3_C2_E719_V0273', 'S3_C2_E719_V0274', 'S3_C2_E719_V0275', 'S3_C2_E719_V0276']","['S3/C2/S3_C2_E719_V0269.mp4', 'S3/C2/S3_C2_E719_V0270.mp4', 'S3/C2/S3_C2_E719_V0271.mp4', 'S3/C2/S3_C2_E719_V0272.mp4', 'S3/C2/S3_C2_E719_V0273.mp4', 'S3/C2/S3_C2_E719_V0274.mp4', 'S3/C2/S3_C2_E719_V0275.mp4', 'S3/C2/S3_C2_E719_V0276.mp4']",8,8,1990,0,False
E720,E720/E720_dtci_r11.npy,"foraging,vigilance",red_deer,rainy,1,train,1,animal,2,41.0,['S3'],['C2'],"['S3_C2_E720_V0277', 'S3_C2_E720_V0278']","['S3/C2/S3_C2_E720_V0277.mp4', 'S3/C2/S3_C2_E720_V0278.mp4']",2,2,802,0,False
E721,E721/E721_dtci_r11.npy,foraging,red_deer,rainy,1,train,1,animal,1,20.5,['S3'],['C2'],['S3_C2_E721_V0279'],['S3/C2/S3_C2_E721_V0279.mp4'],1,1,92,0,False
E722,E722/E722_dtci_r11.npy,"courtship,foraging,grooming,unknown,vigilance",red_deer,rainy,1,train,1,animal,1,60.5,['S3'],['C2'],['S3_C2_E722_V0280'],['S3/C2/S3_C2_E722_V0280.mp4'],1,1,1436,0,False
E723,E723/E723_dtci_r11.npy,"foraging,unknown,vigilance",red_deer,rainy,2,train,1,animal,22,73.5,['S3'],['C2'],"['S3_C2_E723_V0281', 'S3_C2_E723_V0282', 'S3_C2_E723_V0283', 'S3_C2_E723_V0284', 'S3_C2_E723_V0285', 'S3_C2_E723_V0286', 'S3_C2_E723_V0287', 'S3_C2_E723_V0288', 'S3_C2_E723_V0289', 'S3_C2_E723_V0290', 'S3_C2_E723_V0291', 'S3_C2_E723_V0292', 'S3_C2_E723_V0293', 'S3_C2_E723_V0294', 'S3_C2_E723_V0295', 'S3_C2_E723_V0296', 'S3_C2_E723_V0297', 'S3_C2_E723_V0298', 'S3_C2_E723_V0299', 'S3_C2_E723_V0300', 'S3_C2_E723_V0301', 'S3_C2_E723_V0302']","['S3/C2/S3_C2_E723_V0281.mp4', 'S3/C2/S3_C2_E723_V0282.mp4', 'S3/C2/S3_C2_E723_V0283.mp4', 'S3/C2/S3_C2_E723_V0284.mp4', 'S3/C2/S3_C2_E723_V0285.mp4', 'S3/C2/S3_C2_E723_V0286.mp4', 'S3/C2/S3_C2_E723_V0287.mp4', 'S3/C2/S3_C2_E723_V0288.mp4', 'S3/C2/S3_C2_E723_V0289.mp4', 'S3/C2/S3_C2_E723_V0290.mp4', 'S3/C2/S3_C2_E723_V0291.mp4', 'S3/C2/S3_C2_E723_V0292.mp4', 'S3/C2/S3_C2_E723_V0293.mp4', 'S3/C2/S3_C2_E723_V0294.mp4', 'S3/C2/S3_C2_E723_V0295.mp4', 'S3/C2/S3_C2_E723_V0296.mp4', 'S3/C2/S3_C2_E723_V0297.mp4', 'S3/C2/S3_C2_E723_V0298.mp4', 'S3/C2/S3_C2_E723_V0299.mp4', 'S3/C2/S3_C2_E723_V0300.mp4', 'S3/C2/S3_C2_E723_V0301.mp4', 'S3/C2/S3_C2_E723_V0302.mp4']",22,18,2153,4,False
E724,E724/E724_dtci_r11.npy,"foraging,unknown,vigilance",red_deer,rainy,1,train,1,animal,4,27.5,['S3'],['C2'],"['S3_C2_E724_V0303', 'S3_C2_E724_V0304', 'S3_C2_E724_V0305', 'S3_C2_E724_V0306']","['S3/C2/S3_C2_E724_V0303.mp4', 'S3/C2/S3_C2_E724_V0304.mp4', 'S3/C2/S3_C2_E724_V0305.mp4', 'S3/C2/S3_C2_E724_V0306.mp4']",4,4,819,0,False
E725,E725/E725_dtci_r11.npy,"courtship,foraging",red_deer,rainy,2,train,1,animal,4,14.0,['S3'],['C2'],"['S3_C2_E725_V0307', 'S3_C2_E725_V0308', 'S3_C2_E725_V0309', 'S3_C2_E725_V0310']","['S3/C2/S3_C2_E725_V0307.mp4', 'S3/C2/S3_C2_E725_V0308.mp4', 'S3/C2/S3_C2_E725_V0309.mp4', 'S3/C2/S3_C2_E725_V0310.mp4']",4,4,401,0,False
E726,E726/E726_dtci_r11.npy,"courtship,foraging",red_deer,overcast,1,train,1,animal,4,7.0,['S3'],['C2'],"['S3_C2_E726_V0311', 'S3_C2_E726_V0312', 'S3_C2_E726_V0313', 'S3_C2_E726_V0314']","['S3/C2/S3_C2_E726_V0311.mp4', 'S3/C2/S3_C2_E726_V0312.mp4', 'S3/C2/S3_C2_E726_V0313.mp4', 'S3/C2/S3_C2_E726_V0314.mp4']",4,1,107,3,False
E727,E727/E727_dtci_r11.npy,foraging,red_deer,overcast,1,train,1,animal,2,7.0,['S3'],['C2'],"['S3_C2_E727_V0315', 'S3_C2_E727_V0316']","['S3/C2/S3_C2_E727_V0315.mp4', 'S3/C2/S3_C2_E727_V0316.mp4']",2,2,189,0,False
E729,E729/E729_dtci_r11.npy,"courtship,foraging,grooming,marking,unknown,vigilance",red_deer,overcast,1,train,1,animal,3,181.5,['S3'],['C2'],"['S3_C2_E729_V0318', 'S3_C2_E729_V0319', 'S3_C2_E729_V0320']","['S3/C2/S3_C2_E729_V0318.mp4', 'S3/C2/S3_C2_E729_V0319.mp4', 'S3/C2/S3_C2_E729_V0320.mp4']",3,3,4495,0,False
E730,E730/E730_dtci_r11.npy,"courtship,foraging,grooming,marking,unknown,vigilance",red_deer,overcast,1,train,1,animal,3,181.5,['S3'],['C2'],"['S3_C2_E730_V0321', 'S3_C2_E730_V0322', 'S3_C2_E730_V0323']","['S3/C2/S3_C2_E730_V0321.mp4', 'S3/C2/S3_C2_E730_V0322.mp4', 'S3/C2/S3_C2_E730_V0323.mp4']",3,3,4310,0,False
E731,E731/E731_dtci_r11.npy,"foraging,unknown,vigilance",red_deer,overcast,1,train,1,animal,3,181.5,['S3'],['C2'],"['S3_C2_E731_V0324', 'S3_C2_E731_V0325', 'S3_C2_E731_V0326']","['S3/C2/S3_C2_E731_V0324.mp4', 'S3/C2/S3_C2_E731_V0325.mp4', 'S3/C2/S3_C2_E731_V0326.mp4']",3,3,5445,0,False
E732,E732/E732_dtci_r11.npy,"foraging,grooming,unknown,vigilance",red_deer,clear,1,train,1,animal,15,39.5,['S3'],['C2'],"['S3_C2_E732_V0327', 'S3_C2_E732_V0328', 'S3_C2_E732_V0329', 'S3_C2_E732_V0330', 'S3_C2_E732_V0331', 'S3_C2_E732_V0332', 'S3_C2_E732_V0333', 'S3_C2_E732_V0334', 'S3_C2_E732_V0335', 'S3_C2_E732_V0336', 'S3_C2_E732_V0337', 'S3_C2_E732_V0338', 'S3_C2_E732_V0339', 'S3_C2_E732_V0340', 'S3_C2_E732_V0341']","['S3/C2/S3_C2_E732_V0327.mp4', 'S3/C2/S3_C2_E732_V0328.mp4', 'S3/C2/S3_C2_E732_V0329.mp4', 'S3/C2/S3_C2_E732_V0330.mp4', 'S3/C2/S3_C2_E732_V0331.mp4', 'S3/C2/S3_C2_E732_V0332.mp4', 'S3/C2/S3_C2_E732_V0333.mp4', 'S3/C2/S3_C2_E732_V0334.mp4', 'S3/C2/S3_C2_E732_V0335.mp4', 'S3/C2/S3_C2_E732_V0336.mp4', 'S3/C2/S3_C2_E732_V0337.mp4', 'S3/C2/S3_C2_E732_V0338.mp4', 'S3/C2/S3_C2_E732_V0339.mp4', 'S3/C2/S3_C2_E732_V0340.mp4', 'S3/C2/S3_C2_E732_V0341.mp4']",15,15,1082,0,False
E733,E733/E733_dtci_r11.npy,foraging,red_deer,clear,1,train,1,animal,1,3.0,['S3'],['C2'],['S3_C2_E733_V0342'],['S3/C2/S3_C2_E733_V0342.mp4'],1,1,78,0,False
E734,E734/E734_dtci_r11.npy,none,none,sunny,0,train,0,background,1,60.5,['S3'],['C2'],['S3_C2_E734_V0343'],['S3/C2/S3_C2_E734_V0343.mp4'],1,0,0,1,True
E735,E735/E735_dtci_r11.npy,"courtship,foraging,marking,unknown,vigilance",red_deer,sunny,1,train,1,animal,6,363.0,['S3'],['C2'],"['S3_C2_E735_V0344', 'S3_C2_E735_V0345', 'S3_C2_E735_V0346', 'S3_C2_E735_V0347', 'S3_C2_E735_V0348', 'S3_C2_E735_V0349']","['S3/C2/S3_C2_E735_V0344.mp4', 'S3/C2/S3_C2_E735_V0345.mp4', 'S3/C2/S3_C2_E735_V0346.mp4', 'S3/C2/S3_C2_E735_V0347.mp4', 'S3/C2/S3_C2_E735_V0348.mp4', 'S3/C2/S3_C2_E735_V0349.mp4']",6,6,9307,0,False
E736,E736/E736_dtci_r11.npy,"foraging,marking,unknown,vigilance",red_deer,clear,1,train,1,animal,5,74.5,['S3'],['C2'],"['S3_C2_E736_V0350', 'S3_C2_E736_V0351', 'S3_C2_E736_V0352', 'S3_C2_E736_V0353', 'S3_C2_E736_V0354']","['S3/C2/S3_C2_E736_V0350.mp4', 'S3/C2/S3_C2_E736_V0351.mp4', 'S3/C2/S3_C2_E736_V0352.mp4', 'S3/C2/S3_C2_E736_V0353.mp4', 'S3/C2/S3_C2_E736_V0354.mp4']",5,4,2205,1,False
E737,E737/E737_dtci_r11.npy,foraging,red_deer,clear,1,train,1,animal,1,4.5,['S3'],['C2'],['S3_C2_E737_V0355'],['S3/C2/S3_C2_E737_V0355.mp4'],1,1,135,0,False
E738,E738/E738_dtci_r11.npy,"foraging,unknown,vigilance",red_deer,sunny,1,train,1,animal,1,60.5,['S3'],['C2'],['S3_C2_E738_V0356'],['S3/C2/S3_C2_E738_V0356.mp4'],1,1,1815,0,False
E739,E739/E739_dtci_r11.npy,unknown,red_deer,sunny,1,train,1,animal,1,60.5,['S3'],['C2'],['S3_C2_E739_V0357'],['S3/C2/S3_C2_E739_V0357.mp4'],1,1,46,0,False
E741,E741/E741_dtci_r11.npy,vigilance,red_deer,sunny,1,train,1,animal,1,60.5,['S3'],['C2'],['S3_C2_E741_V0359'],['S3/C2/S3_C2_E741_V0359.mp4'],1,1,695,0,False
E742,E742/E742_dtci_r11.npy,"foraging,unknown",red_deer,clear,1,train,1,animal,2,41.0,['S3'],['C2'],"['S3_C2_E742_V0360', 'S3_C2_E742_V0361']","['S3/C2/S3_C2_E742_V0360.mp4', 'S3/C2/S3_C2_E742_V0361.mp4']",2,2,1230,0,False
E743,E743/E743_dtci_r11.npy,foraging,red_deer,clear,1,train,1,animal,1,18.5,['S3'],['C2'],['S3_C2_E743_V0362'],['S3/C2/S3_C2_E743_V0362.mp4'],1,1,254,0,False
E744,E744/E744_dtci_r11.npy,foraging,red_deer,overcast,1,train,1,animal,8,8.5,['S3'],['C2'],"['S3_C2_E744_V0363', 'S3_C2_E744_V0364', 'S3_C2_E744_V0365', 'S3_C2_E744_V0366', 'S3_C2_E744_V0367', 'S3_C2_E744_V0368', 'S3_C2_E744_V0369', 'S3_C2_E744_V0370']","['S3/C2/S3_C2_E744_V0363.mp4', 'S3/C2/S3_C2_E744_V0364.mp4', 'S3/C2/S3_C2_E744_V0365.mp4', 'S3/C2/S3_C2_E744_V0366.mp4', 'S3/C2/S3_C2_E744_V0367.mp4', 'S3/C2/S3_C2_E744_V0368.mp4', 'S3/C2/S3_C2_E744_V0369.mp4', 'S3/C2/S3_C2_E744_V0370.mp4']",8,1,51,7,False
E745,E745/E745_dtci_r11.npy,foraging,red_deer,overcast,1,train,1,animal,3,4.0,['S3'],['C2'],"['S3_C2_E745_V0371', 'S3_C2_E745_V0372', 'S3_C2_E745_V0373']","['S3/C2/S3_C2_E745_V0371.mp4', 'S3/C2/S3_C2_E745_V0372.mp4', 'S3/C2/S3_C2_E745_V0373.mp4']",3,1,58,2,False
E746,E746/E746_dtci_r11.npy,foraging,red_deer,overcast,2,train,1,animal,3,5.0,['S3'],['C2'],"['S3_C2_E746_V0374', 'S3_C2_E746_V0375', 'S3_C2_E746_V0376']","['S3/C2/S3_C2_E746_V0374.mp4', 'S3/C2/S3_C2_E746_V0375.mp4', 'S3/C2/S3_C2_E746_V0376.mp4']",3,3,136,0,False
E747,E747/E747_dtci_r11.npy,foraging,red_deer,overcast,1,train,1,animal,2,2.5,['S3'],['C2'],"['S3_C2_E747_V0377', 'S3_C2_E747_V0378']","['S3/C2/S3_C2_E747_V0377.mp4', 'S3/C2/S3_C2_E747_V0378.mp4']",2,1,45,1,False
E750,E750/E750_dtci_r11.npy,none,none,sunny,0,train,0,background,1,60.5,['S3'],['C2'],['S3_C2_E750_V0381'],['S3/C2/S3_C2_E750_V0381.mp4'],1,0,0,1,True
E751,E751/E751_dtci_r11.npy,"foraging,vigilance",red_deer,clear,1,train,1,animal,5,69.5,['S3'],['C2'],"['S3_C2_E751_V0382', 'S3_C2_E751_V0383', 'S3_C2_E751_V0384', 'S3_C2_E751_V0385', 'S3_C2_E751_V0386']","['S3/C2/S3_C2_E751_V0382.mp4', 'S3/C2/S3_C2_E751_V0383.mp4', 'S3/C2/S3_C2_E751_V0384.mp4', 'S3/C2/S3_C2_E751_V0385.mp4', 'S3/C2/S3_C2_E751_V0386.mp4']",5,5,2038,0,False
E752,E752/E752_dtci_r11.npy,vigilance,red_deer,clear,1,train,1,animal,1,12.0,['S3'],['C2'],['S3_C2_E752_V0387'],['S3/C2/S3_C2_E752_V0387.mp4'],1,1,262,0,False
E753,E753/E753_dtci_r11.npy,foraging,red_deer,clear,1,train,1,animal,2,10.0,['S3'],['C2'],"['S3_C2_E753_V0388', 'S3_C2_E753_V0389']","['S3/C2/S3_C2_E753_V0388.mp4', 'S3/C2/S3_C2_E753_V0389.mp4']",2,2,291,0,False
E754,E754/E754_dtci_r11.npy,foraging,red_deer,clear,1,train,1,animal,1,7.0,['S3'],['C2'],['S3_C2_E754_V0390'],['S3/C2/S3_C2_E754_V0390.mp4'],1,1,202,0,False
E756,E756/E756_dtci_r11.npy,foraging,red_deer,clear,1,train,1,animal,1,4.0,['S3'],['C2'],['S3_C2_E756_V0392'],['S3/C2/S3_C2_E756_V0392.mp4'],1,1,118,0,False
E757,E757/E757_dtci_r11.npy,"courtship,foraging",red_deer,clear,1,train,1,animal,6,9.0,['S3'],['C2'],"['S3_C2_E757_V0393', 'S3_C2_E757_V0394', 'S3_C2_E757_V0395', 'S3_C2_E757_V0396', 'S3_C2_E757_V0397', 'S3_C2_E757_V0398']","['S3/C2/S3_C2_E757_V0393.mp4', 'S3/C2/S3_C2_E757_V0394.mp4', 'S3/C2/S3_C2_E757_V0395.mp4', 'S3/C2/S3_C2_E757_V0396.mp4', 'S3/C2/S3_C2_E757_V0397.mp4', 'S3/C2/S3_C2_E757_V0398.mp4']",6,2,137,4,False
E758,E758/E758_dtci_r11.npy,"courtship,foraging",red_deer,clear,1,train,1,animal,6,7.5,['S3'],['C2'],"['S3_C2_E758_V0399', 'S3_C2_E758_V0400', 'S3_C2_E758_V0401', 'S3_C2_E758_V0402', 'S3_C2_E758_V0403', 'S3_C2_E758_V0404']","['S3/C2/S3_C2_E758_V0399.mp4', 'S3/C2/S3_C2_E758_V0400.mp4', 'S3/C2/S3_C2_E758_V0401.mp4', 'S3/C2/S3_C2_E758_V0402.mp4', 'S3/C2/S3_C2_E758_V0403.mp4', 'S3/C2/S3_C2_E758_V0404.mp4']",6,3,141,3,False
E759,E759/E759_dtci_r11.npy,foraging,red_deer,overcast,1,train,1,animal,4,4.5,['S3'],['C2'],"['S3_C2_E759_V0405', 'S3_C2_E759_V0406', 'S3_C2_E759_V0407', 'S3_C2_E759_V0408']","['S3/C2/S3_C2_E759_V0405.mp4', 'S3/C2/S3_C2_E759_V0406.mp4', 'S3/C2/S3_C2_E759_V0407.mp4', 'S3/C2/S3_C2_E759_V0408.mp4']",4,1,45,3,False
E760,E760/E760_dtci_r11.npy,"courtship,foraging,grooming,marking,unknown,vigilance",red_deer,sunny,1,train,1,animal,3,181.5,['S3'],['C2'],"['S3_C2_E760_V0409', 'S3_C2_E760_V0410', 'S3_C2_E760_V0411']","['S3/C2/S3_C2_E760_V0409.mp4', 'S3/C2/S3_C2_E760_V0410.mp4', 'S3/C2/S3_C2_E760_V0411.mp4']",3,3,3716,0,False
E762,E762/E762_dtci_r11.npy,"foraging,grooming,marking,unknown,vigilance",red_deer,sunny,1,train,1,animal,2,121.0,['S3'],['C2'],"['S3_C2_E762_V0412', 'S3_C2_E762_V0413']","['S3/C2/S3_C2_E762_V0412.mp4', 'S3/C2/S3_C2_E762_V0413.mp4']",2,2,3013,0,False
E763,E763/E763_dtci_r11.npy,"courtship,foraging,marking,vigilance",red_deer,clear,1,train,1,animal,3,87.5,['S3'],['C2'],"['S3_C2_E763_V0414', 'S3_C2_E763_V0415', 'S3_C2_E763_V0416']","['S3/C2/S3_C2_E763_V0414.mp4', 'S3/C2/S3_C2_E763_V0415.mp4', 'S3/C2/S3_C2_E763_V0416.mp4']",3,3,2625,0,False
E764,E764/E764_dtci_r11.npy,"foraging,grooming,marking,unknown,vigilance",red_deer,clear,1,train,1,animal,8,14.5,['S3'],['C2'],"['S3_C2_E764_V0417', 'S3_C2_E764_V0418', 'S3_C2_E764_V0419', 'S3_C2_E764_V0420', 'S3_C2_E764_V0421', 'S3_C2_E764_V0422', 'S3_C2_E764_V0423', 'S3_C2_E764_V0424']","['S3/C2/S3_C2_E764_V0417.mp4', 'S3/C2/S3_C2_E764_V0418.mp4', 'S3/C2/S3_C2_E764_V0419.mp4', 'S3/C2/S3_C2_E764_V0420.mp4', 'S3/C2/S3_C2_E764_V0421.mp4', 'S3/C2/S3_C2_E764_V0422.mp4', 'S3/C2/S3_C2_E764_V0423.mp4', 'S3/C2/S3_C2_E764_V0424.mp4']",8,6,313,2,False
E765,E765/E765_dtci_r11.npy,"courtship,foraging,marking,vigilance",red_deer,sunny,1,train,1,animal,4,242.0,['S3'],['C2'],"['S3_C2_E765_V0425', 'S3_C2_E765_V0426', 'S3_C2_E765_V0427', 'S3_C2_E765_V0428']","['S3/C2/S3_C2_E765_V0425.mp4', 'S3/C2/S3_C2_E765_V0426.mp4', 'S3/C2/S3_C2_E765_V0427.mp4', 'S3/C2/S3_C2_E765_V0428.mp4']",4,4,6295,0,False
E766,E766/E766_dtci_r11.npy,"foraging,grooming,marking,unknown,vigilance",red_deer,sunny,1,train,1,animal,4,242.0,['S3'],['C2'],"['S3_C2_E766_V0429', 'S3_C2_E766_V0430', 'S3_C2_E766_V0431', 'S3_C2_E766_V0432']","['S3/C2/S3_C2_E766_V0429.mp4', 'S3/C2/S3_C2_E766_V0430.mp4', 'S3/C2/S3_C2_E766_V0431.mp4', 'S3/C2/S3_C2_E766_V0432.mp4']",4,4,6440,0,False
E768,E768/E768_dtci_r11.npy,"foraging,marking,unknown",red_deer,sunny,2,train,1,animal,1,60.5,['S3'],['C2'],['S3_C2_E768_V0433'],['S3/C2/S3_C2_E768_V0433.mp4'],1,1,1837,0,False
E769,E769/E769_dtci_r11.npy,"camera_reaction,courtship,foraging,grooming,marking,unknown,vigilance",red_deer,overcast,1,train,1,animal,8,484.0,['S3'],['C2'],"['S3_C2_E769_V0434', 'S3_C2_E769_V0435', 'S3_C2_E769_V0436', 'S3_C2_E769_V0437', 'S3_C2_E769_V0438', 'S3_C2_E769_V0439', 'S3_C2_E769_V0440', 'S3_C2_E769_V0441']","['S3/C2/S3_C2_E769_V0434.mp4', 'S3/C2/S3_C2_E769_V0435.mp4', 'S3/C2/S3_C2_E769_V0436.mp4', 'S3/C2/S3_C2_E769_V0437.mp4', 'S3/C2/S3_C2_E769_V0438.mp4', 'S3/C2/S3_C2_E769_V0439.mp4', 'S3/C2/S3_C2_E769_V0440.mp4', 'S3/C2/S3_C2_E769_V0441.mp4']",8,8,13946,0,False
E773,E773/E773_dtci_r11.npy,vigilance,red_deer,clear,1,train,1,animal,1,2.0,['S3'],['C2'],['S3_C2_E773_V0455'],['S3/C2/S3_C2_E773_V0455.mp4'],1,1,55,0,False
E774,E774/E774_dtci_r11.npy,"courtship,unknown",red_deer,clear,3+,train,1,animal,3,4.0,['S3'],['C2'],"['S3_C2_E774_V0456', 'S3_C2_E774_V0457', 'S3_C2_E774_V0458']","['S3/C2/S3_C2_E774_V0456.mp4', 'S3/C2/S3_C2_E774_V0457.mp4', 'S3/C2/S3_C2_E774_V0458.mp4']",3,1,144,2,False
E777,E777/E777_dtci_r11.npy,foraging,red_deer,overcast,3+,train,1,animal,1,11.0,['S3'],['C2'],['S3_C2_E777_V0463'],['S3/C2/S3_C2_E777_V0463.mp4'],1,1,330,0,False
E778,E778/E778_dtci_r11.npy,"foraging,grooming,unknown",red_deer,sunny,1,train,1,animal,2,121.0,['S3'],['C2'],"['S3_C2_E778_V0464', 'S3_C2_E778_V0465']","['S3/C2/S3_C2_E778_V0464.mp4', 'S3/C2/S3_C2_E778_V0465.mp4']",2,2,2077,0,False
E779,E779/E779_dtci_r11.npy,none,none,sunny,0,train,0,background,1,60.5,['S3'],['C2'],['S3_C2_E779_V0466'],['S3/C2/S3_C2_E779_V0466.mp4'],1,0,0,1,True
E780,E780/E780_dtci_r11.npy,"courtship,foraging,grooming,marking,unknown,vigilance",red_deer,sunny,1,train,1,animal,6,363.0,['S3'],['C2'],"['S3_C2_E780_V0467', 'S3_C2_E780_V0468', 'S3_C2_E780_V0469', 'S3_C2_E780_V0470', 'S3_C2_E780_V0471', 'S3_C2_E780_V0472']","['S3/C2/S3_C2_E780_V0467.mp4', 'S3/C2/S3_C2_E780_V0468.mp4', 'S3/C2/S3_C2_E780_V0469.mp4', 'S3/C2/S3_C2_E780_V0470.mp4', 'S3/C2/S3_C2_E780_V0471.mp4', 'S3/C2/S3_C2_E780_V0472.mp4']",6,6,10890,0,False
E781,E781/E781_dtci_r11.npy,foraging,red_deer,sunny,1,train,1,animal,1,60.5,['S3'],['C2'],['S3_C2_E781_V0473'],['S3/C2/S3_C2_E781_V0473.mp4'],1,1,62,0,False
E782,E782/E782_dtci_r11.npy,"courtship,foraging,vigilance",red_deer,clear,1,train,1,animal,9,18.0,['S3'],['C2'],"['S3_C2_E782_V0474', 'S3_C2_E782_V0475', 'S3_C2_E782_V0476', 'S3_C2_E782_V0477', 'S3_C2_E782_V0478', 'S3_C2_E782_V0479', 'S3_C2_E782_V0480', 'S3_C2_E782_V0481', 'S3_C2_E782_V0482']","['S3/C2/S3_C2_E782_V0474.mp4', 'S3/C2/S3_C2_E782_V0475.mp4', 'S3/C2/S3_C2_E782_V0476.mp4', 'S3/C2/S3_C2_E782_V0477.mp4', 'S3/C2/S3_C2_E782_V0478.mp4', 'S3/C2/S3_C2_E782_V0479.mp4', 'S3/C2/S3_C2_E782_V0480.mp4', 'S3/C2/S3_C2_E782_V0481.mp4', 'S3/C2/S3_C2_E782_V0482.mp4']",9,6,449,3,False
E783,E783/E783_dtci_r11.npy,"foraging,grooming,resting",red_deer,clear,3+,train,1,animal,13,14.5,['S3'],['C2'],"['S3_C2_E783_V0483', 'S3_C2_E783_V0484', 'S3_C2_E783_V0485', 'S3_C2_E783_V0486', 'S3_C2_E783_V0487', 'S3_C2_E783_V0488', 'S3_C2_E783_V0489', 'S3_C2_E783_V0490', 'S3_C2_E783_V0491', 'S3_C2_E783_V0492', 'S3_C2_E783_V0493', 'S3_C2_E783_V0494', 'S3_C2_E783_V0495']","['S3/C2/S3_C2_E783_V0483.mp4', 'S3/C2/S3_C2_E783_V0484.mp4', 'S3/C2/S3_C2_E783_V0485.mp4', 'S3/C2/S3_C2_E783_V0486.mp4', 'S3/C2/S3_C2_E783_V0487.mp4', 'S3/C2/S3_C2_E783_V0488.mp4', 'S3/C2/S3_C2_E783_V0489.mp4', 'S3/C2/S3_C2_E783_V0490.mp4', 'S3/C2/S3_C2_E783_V0491.mp4', 'S3/C2/S3_C2_E783_V0492.mp4', 'S3/C2/S3_C2_E783_V0493.mp4', 'S3/C2/S3_C2_E783_V0494.mp4', 'S3/C2/S3_C2_E783_V0495.mp4']",13,3,311,10,False
E785,E785/E785_dtci_r11.npy,foraging,red_deer,clear,1,train,1,animal,2,23.5,['S3'],['C2'],"['S3_C2_E785_V0497', 'S3_C2_E785_V0498']","['S3/C2/S3_C2_E785_V0497.mp4', 'S3/C2/S3_C2_E785_V0498.mp4']",2,2,484,0,False
E786,E786/E786_dtci_r11.npy,"courtship,escaping,foraging,grooming,vigilance",red_deer,clear,2,train,1,animal,7,30.0,['S3'],['C2'],"['S3_C2_E786_V0499', 'S3_C2_E786_V0500', 'S3_C2_E786_V0501', 'S3_C2_E786_V0502', 'S3_C2_E786_V0503', 'S3_C2_E786_V0504', 'S3_C2_E786_V0505']","['S3/C2/S3_C2_E786_V0499.mp4', 'S3/C2/S3_C2_E786_V0500.mp4', 'S3/C2/S3_C2_E786_V0501.mp4', 'S3/C2/S3_C2_E786_V0502.mp4', 'S3/C2/S3_C2_E786_V0503.mp4', 'S3/C2/S3_C2_E786_V0504.mp4', 'S3/C2/S3_C2_E786_V0505.mp4']",7,6,1368,1,False
E787,E787/E787_dtci_r11.npy,"courtship,foraging,vigilance",red_deer,sunny,1,train,1,animal,1,60.5,['S3'],['C2'],['S3_C2_E787_V0506'],['S3/C2/S3_C2_E787_V0506.mp4'],1,1,830,0,False
E788,E788/E788_dtci_r11.npy,"courtship,foraging",red_deer,clear,2,train,1,animal,6,5.466666666666667,['S3'],['C2'],"['S3_C2_E788_V0507', 'S3_C2_E788_V0508', 'S3_C2_E788_V0509', 'S3_C2_E788_V0510', 'S3_C2_E788_V0511', 'S3_C2_E788_V0512']","['S3/C2/S3_C2_E788_V0507.mp4', 'S3/C2/S3_C2_E788_V0508.mp4', 'S3/C2/S3_C2_E788_V0509.mp4', 'S3/C2/S3_C2_E788_V0510.mp4', 'S3/C2/S3_C2_E788_V0511.mp4', 'S3/C2/S3_C2_E788_V0512.mp4']",6,1,79,5,False
E799,E799/E799_dtci_r11.npy,"courtship,foraging,resting,vigilance",red_deer,sunny,1,train,1,animal,1,60.5,['S3'],['C2'],['S3_C2_E799_V0535'],['S3/C2/S3_C2_E799_V0535.mp4'],1,1,1815,0,False
E8,E8/E8_dtci_r11.npy,"camera_reaction,foraging,unknown,vigilance",red_deer,clear,2,train,1,animal,11,225.5,['S1'],"['C1', 'C2']","['S1_C1_E8_V0024', 'S1_C1_E8_V0025', 'S1_C1_E8_V0026', 'S1_C1_E8_V0027', 'S1_C1_E8_V0028', 'S1_C1_E8_V0029', 'S1_C2_E8_V0021', 'S1_C2_E8_V0022', 'S1_C2_E8_V0023', 'S1_C2_E8_V0024', 'S1_C2_E8_V0025']","['S1/C1/S1_C1_E8_V0024.mp4', 'S1/C1/S1_C1_E8_V0025.mp4', 'S1/C1/S1_C1_E8_V0026.mp4', 'S1/C1/S1_C1_E8_V0027.mp4', 'S1/C1/S1_C1_E8_V0028.mp4', 'S1/C1/S1_C1_E8_V0029.mp4', 'S1/C2/S1_C2_E8_V0021.mp4', 'S1/C2/S1_C2_E8_V0022.mp4', 'S1/C2/S1_C2_E8_V0023.mp4', 'S1/C2/S1_C2_E8_V0024.mp4', 'S1/C2/S1_C2_E8_V0025.mp4']",11,10,5752,1,False
E800,E800/E800_dtci_r11.npy,"courtship,foraging,marking,vigilance",red_deer,sunny,1,train,1,animal,1,60.5,['S3'],['C2'],['S3_C2_E800_V0536'],['S3/C2/S3_C2_E800_V0536.mp4'],1,1,1815,0,False
E801,E801/E801_dtci_r11.npy,none,none,sunny,0,train,0,background,1,60.5,['S3'],['C2'],['S3_C2_E801_V0537'],['S3/C2/S3_C2_E801_V0537.mp4'],1,0,0,1,True
E802,E802/E802_dtci_r11.npy,"courtship,foraging,marking,resting,unknown",red_deer,sunny,1,train,1,animal,1,60.5,['S3'],['C2'],['S3_C2_E802_V0538'],['S3/C2/S3_C2_E802_V0538.mp4'],1,1,1815,0,False
E803,E803/E803_dtci_r11.npy,"foraging,grooming,marking,unknown,vigilance",red_deer,clear,2,train,1,animal,11,48.0,['S3'],['C2'],"['S3_C2_E803_V0539', 'S3_C2_E803_V0540', 'S3_C2_E803_V0541', 'S3_C2_E803_V0542', 'S3_C2_E803_V0543', 'S3_C2_E803_V0544', 'S3_C2_E803_V0545', 'S3_C2_E803_V0546', 'S3_C2_E803_V0547', 'S3_C2_E803_V0548', 'S3_C2_E803_V0549']","['S3/C2/S3_C2_E803_V0539.mp4', 'S3/C2/S3_C2_E803_V0540.mp4', 'S3/C2/S3_C2_E803_V0541.mp4', 'S3/C2/S3_C2_E803_V0542.mp4', 'S3/C2/S3_C2_E803_V0543.mp4', 'S3/C2/S3_C2_E803_V0544.mp4', 'S3/C2/S3_C2_E803_V0545.mp4', 'S3/C2/S3_C2_E803_V0546.mp4', 'S3/C2/S3_C2_E803_V0547.mp4', 'S3/C2/S3_C2_E803_V0548.mp4', 'S3/C2/S3_C2_E803_V0549.mp4']",11,8,2058,3,False
E804,E804/E804_dtci_r11.npy,"foraging,unknown,vigilance",red_deer,clear,1,train,1,animal,2,9.0,['S3'],['C2'],"['S3_C2_E804_V0550', 'S3_C2_E804_V0551']","['S3/C2/S3_C2_E804_V0550.mp4', 'S3/C2/S3_C2_E804_V0551.mp4']",2,2,262,0,False
E806,E806/E806_dtci_r11.npy,"courtship,foraging,vigilance",red_deer,clear,1,train,1,animal,3,22.0,['S3'],['C2'],"['S3_C2_E806_V0553', 'S3_C2_E806_V0554', 'S3_C2_E806_V0555']","['S3/C2/S3_C2_E806_V0553.mp4', 'S3/C2/S3_C2_E806_V0554.mp4', 'S3/C2/S3_C2_E806_V0555.mp4']",3,3,636,0,False
E807,E807/E807_dtci_r11.npy,foraging,red_deer,clear,1,train,1,animal,1,5.0,['S3'],['C2'],['S3_C2_E807_V0556'],['S3/C2/S3_C2_E807_V0556.mp4'],1,1,148,0,False
E809,E809/E809_dtci_r11.npy,none,none,sunny,0,train,0,background,1,60.5,['S3'],['C2'],['S3_C2_E809_V0558'],['S3/C2/S3_C2_E809_V0558.mp4'],1,0,0,1,True
E85,E85/E85_dtci_r11.npy,"foraging,vigilance",red_deer,clear,1,train,1,animal,1,20.5,['S1'],['C1'],['S1_C1_E85_V0195'],['S1/C1/S1_C1_E85_V0195.mp4'],1,1,532,0,False
E86,E86/E86_dtci_r11.npy,"escaping,foraging,grooming,resting,unknown,vigilance",red_deer,clear,2,train,1,animal,11,217.5,['S1'],['C1'],"['S1_C1_E86_V0196', 'S1_C1_E86_V0197', 'S1_C1_E86_V0198', 'S1_C1_E86_V0199', 'S1_C1_E86_V0200', 'S1_C1_E86_V0201', 'S1_C1_E86_V0202', 'S1_C1_E86_V0203', 'S1_C1_E86_V0204', 'S1_C1_E86_V0205', 'S1_C1_E86_V0206']","['S1/C1/S1_C1_E86_V0196.mp4', 'S1/C1/S1_C1_E86_V0197.mp4', 'S1/C1/S1_C1_E86_V0198.mp4', 'S1/C1/S1_C1_E86_V0199.mp4', 'S1/C1/S1_C1_E86_V0200.mp4', 'S1/C1/S1_C1_E86_V0201.mp4', 'S1/C1/S1_C1_E86_V0202.mp4', 'S1/C1/S1_C1_E86_V0203.mp4', 'S1/C1/S1_C1_E86_V0204.mp4', 'S1/C1/S1_C1_E86_V0205.mp4', 'S1/C1/S1_C1_E86_V0206.mp4']",11,11,5741,0,False
E9,E9/E9_dtci_r11.npy,"foraging,vigilance",red_deer,clear,1,train,1,animal,1,20.5,['S1'],['C1'],['S1_C1_E9_V0030'],['S1/C1/S1_C1_E9_V0030.mp4'],1,1,244,0,False
E91,E91/E91_dtci_r11.npy,"unknown,vigilance",red_deer,sunny,1,train,1,animal,1,120.5,['S1'],['C1'],['S1_C1_E91_V0207'],['S1/C1/S1_C1_E91_V0207.mp4'],1,1,656,0,False
E94,E94/E94_dtci_r11.npy,"foraging,unknown",red_deer,clear,1,train,1,animal,27,518.0,['S1'],"['C1', 'C2']","['S1_C1_E94_V0210', 'S1_C1_E94_V0211', 'S1_C1_E94_V0212', 'S1_C1_E94_V0213', 'S1_C1_E94_V0214', 'S1_C1_E94_V0215', 'S1_C1_E94_V0216', 'S1_C1_E94_V0217', 'S1_C1_E94_V0218', 'S1_C1_E94_V0219', 'S1_C2_E94_V0097', 'S1_C2_E94_V0098', 'S1_C2_E94_V0099', 'S1_C2_E94_V0100', 'S1_C2_E94_V0101', 'S1_C2_E94_V0102', 'S1_C2_E94_V0103', 'S1_C2_E94_V0104', 'S1_C2_E94_V0105', 'S1_C2_E94_V0106', 'S1_C2_E94_V0107', 'S1_C2_E94_V0108', 'S1_C2_E94_V0109', 'S1_C2_E94_V0110', 'S1_C2_E94_V0111', 'S1_C2_E94_V0112', 'S1_C2_E94_V0113']","['S1/C1/S1_C1_E94_V0210.mp4', 'S1/C1/S1_C1_E94_V0211.mp4', 'S1/C1/S1_C1_E94_V0212.mp4', 'S1/C1/S1_C1_E94_V0213.mp4', 'S1/C1/S1_C1_E94_V0214.mp4', 'S1/C1/S1_C1_E94_V0215.mp4', 'S1/C1/S1_C1_E94_V0216.mp4', 'S1/C1/S1_C1_E94_V0217.mp4', 'S1/C1/S1_C1_E94_V0218.mp4', 'S1/C1/S1_C1_E94_V0219.mp4', 'S1/C2/S1_C2_E94_V0097.mp4', 'S1/C2/S1_C2_E94_V0098.mp4', 'S1/C2/S1_C2_E94_V0099.mp4', 'S1/C2/S1_C2_E94_V0100.mp4', 'S1/C2/S1_C2_E94_V0101.mp4', 'S1/C2/S1_C2_E94_V0102.mp4', 'S1/C2/S1_C2_E94_V0103.mp4', 'S1/C2/S1_C2_E94_V0104.mp4', 'S1/C2/S1_C2_E94_V0105.mp4', 'S1/C2/S1_C2_E94_V0106.mp4', 'S1/C2/S1_C2_E94_V0107.mp4', 'S1/C2/S1_C2_E94_V0108.mp4', 'S1/C2/S1_C2_E94_V0109.mp4', 'S1/C2/S1_C2_E94_V0110.mp4', 'S1/C2/S1_C2_E94_V0111.mp4', 'S1/C2/S1_C2_E94_V0112.mp4', 'S1/C2/S1_C2_E94_V0113.mp4']",27,27,14601,0,False
E98,E98/E98_dtci_r11.npy,"foraging,unknown",red_deer,clear,1,train,1,animal,20,160.0,['S1'],['C1'],"['S1_C1_E98_V0221', 'S1_C1_E98_V0222', 'S1_C1_E98_V0223', 'S1_C1_E98_V0224', 'S1_C1_E98_V0225', 'S1_C1_E98_V0226', 'S1_C1_E98_V0227', 'S1_C1_E98_V0228', 'S1_C1_E98_V0229', 'S1_C1_E98_V0230', 'S1_C1_E98_V0231', 'S1_C1_E98_V0232', 'S1_C1_E98_V0233', 'S1_C1_E98_V0234', 'S1_C1_E98_V0235', 'S1_C1_E98_V0236', 'S1_C1_E98_V0237', 'S1_C1_E98_V0238', 'S1_C1_E98_V0239', 'S1_C1_E98_V0240']","['S1/C1/S1_C1_E98_V0221.mp4', 'S1/C1/S1_C1_E98_V0222.mp4', 'S1/C1/S1_C1_E98_V0223.mp4', 'S1/C1/S1_C1_E98_V0224.mp4', 'S1/C1/S1_C1_E98_V0225.mp4', 'S1/C1/S1_C1_E98_V0226.mp4', 'S1/C1/S1_C1_E98_V0227.mp4', 'S1/C1/S1_C1_E98_V0228.mp4', 'S1/C1/S1_C1_E98_V0229.mp4', 'S1/C1/S1_C1_E98_V0230.mp4', 'S1/C1/S1_C1_E98_V0231.mp4', 'S1/C1/S1_C1_E98_V0232.mp4', 'S1/C1/S1_C1_E98_V0233.mp4', 'S1/C1/S1_C1_E98_V0234.mp4', 'S1/C1/S1_C1_E98_V0235.mp4', 'S1/C1/S1_C1_E98_V0236.mp4', 'S1/C1/S1_C1_E98_V0237.mp4', 'S1/C1/S1_C1_E98_V0238.mp4', 'S1/C1/S1_C1_E98_V0239.mp4', 'S1/C1/S1_C1_E98_V0240.mp4']",20,19,4039,1,False
E99,E99/E99_dtci_r11.npy,"foraging,grooming,unknown,vigilance",red_deer,overcast,2,train,1,animal,14,154.5,['S1'],"['C1', 'C2']","['S1_C1_E99_V0241', 'S1_C1_E99_V0242', 'S1_C1_E99_V0243', 'S1_C1_E99_V0244', 'S1_C1_E99_V0245', 'S1_C1_E99_V0246', 'S1_C1_E99_V0247', 'S1_C1_E99_V0248', 'S1_C1_E99_V0249', 'S1_C1_E99_V0250', 'S1_C2_E99_V0114', 'S1_C2_E99_V0115', 'S1_C2_E99_V0116', 'S1_C2_E99_V0117']","['S1/C1/S1_C1_E99_V0241.mp4', 'S1/C1/S1_C1_E99_V0242.mp4', 'S1/C1/S1_C1_E99_V0243.mp4', 'S1/C1/S1_C1_E99_V0244.mp4', 'S1/C1/S1_C1_E99_V0245.mp4', 'S1/C1/S1_C1_E99_V0246.mp4', 'S1/C1/S1_C1_E99_V0247.mp4', 'S1/C1/S1_C1_E99_V0248.mp4', 'S1/C1/S1_C1_E99_V0249.mp4', 'S1/C1/S1_C1_E99_V0250.mp4', 'S1/C2/S1_C2_E99_V0114.mp4', 'S1/C2/S1_C2_E99_V0115.mp4', 'S1/C2/S1_C2_E99_V0116.mp4', 'S1/C2/S1_C2_E99_V0117.mp4']",14,14,6203,0,False
E130,E130/E130_dtci_r11.npy,"courtship,foraging,unknown,vigilance",red_deer,overcast,1,test,1,animal,53,154.5,['S1'],"['C1', 'C2']","['S1_C1_E130_V0577', 'S1_C1_E130_V0578', 'S1_C1_E130_V0579', 'S1_C1_E130_V0580', 'S1_C1_E130_V0581', 'S1_C1_E130_V0582', 'S1_C1_E130_V0583', 'S1_C1_E130_V0584', 'S1_C1_E130_V0585', 'S1_C1_E130_V0586', 'S1_C1_E130_V0587', 'S1_C1_E130_V0588', 'S1_C1_E130_V0589', 'S1_C1_E130_V0590', 'S1_C1_E130_V0591', 'S1_C1_E130_V0592', 'S1_C1_E130_V0593', 'S1_C1_E130_V0594', 'S1_C1_E130_V0595', 'S1_C1_E130_V0596', 'S1_C1_E130_V0597', 'S1_C1_E130_V0598', 'S1_C1_E130_V0599', 'S1_C1_E130_V0600', 'S1_C1_E130_V0601', 'S1_C1_E130_V0602', 'S1_C1_E130_V0603', 'S1_C1_E130_V0604', 'S1_C1_E130_V0605', 'S1_C1_E130_V0606', 'S1_C1_E130_V0607', 'S1_C1_E130_V0608', 'S1_C1_E130_V0609', 'S1_C1_E130_V0610', 'S1_C1_E130_V0611', 'S1_C1_E130_V0612', 'S1_C1_E130_V0613', 'S1_C1_E130_V0614', 'S1_C1_E130_V0615', 'S1_C1_E130_V0616', 'S1_C1_E130_V0617', 'S1_C1_E130_V0618', 'S1_C1_E130_V0619', 'S1_C1_E130_V0620', 'S1_C1_E130_V0621', 'S1_C1_E130_V0622', 'S1_C1_E130_V0623', 'S1_C1_E130_V0624', 'S1_C1_E130_V0625', 'S1_C2_E130_V0282', 'S1_C2_E130_V0283', 'S1_C2_E130_V0284', 'S1_C2_E130_V0285']","['S1/C1/S1_C1_E130_V0577.mp4', 'S1/C1/S1_C1_E130_V0578.mp4', 'S1/C1/S1_C1_E130_V0579.mp4', 'S1/C1/S1_C1_E130_V0580.mp4', 'S1/C1/S1_C1_E130_V0581.mp4', 'S1/C1/S1_C1_E130_V0582.mp4', 'S1/C1/S1_C1_E130_V0583.mp4', 'S1/C1/S1_C1_E130_V0584.mp4', 'S1/C1/S1_C1_E130_V0585.mp4', 'S1/C1/S1_C1_E130_V0586.mp4', 'S1/C1/S1_C1_E130_V0587.mp4', 'S1/C1/S1_C1_E130_V0588.mp4', 'S1/C1/S1_C1_E130_V0589.mp4', 'S1/C1/S1_C1_E130_V0590.mp4', 'S1/C1/S1_C1_E130_V0591.mp4', 'S1/C1/S1_C1_E130_V0592.mp4', 'S1/C1/S1_C1_E130_V0593.mp4', 'S1/C1/S1_C1_E130_V0594.mp4', 'S1/C1/S1_C1_E130_V0595.mp4', 'S1/C1/S1_C1_E130_V0596.mp4', 'S1/C1/S1_C1_E130_V0597.mp4', 'S1/C1/S1_C1_E130_V0598.mp4', 'S1/C1/S1_C1_E130_V0599.mp4', 'S1/C1/S1_C1_E130_V0600.mp4', 'S1/C1/S1_C1_E130_V0601.mp4', 'S1/C1/S1_C1_E130_V0602.mp4', 'S1/C1/S1_C1_E130_V0603.mp4', 'S1/C1/S1_C1_E130_V0604.mp4', 'S1/C1/S1_C1_E130_V0605.mp4', 'S1/C1/S1_C1_E130_V0606.mp4', 'S1/C1/S1_C1_E130_V0607.mp4', 'S1/C1/S1_C1_E130_V0608.mp4', 'S1/C1/S1_C1_E130_V0609.mp4', 'S1/C1/S1_C1_E130_V0610.mp4', 'S1/C1/S1_C1_E130_V0611.mp4', 'S1/C1/S1_C1_E130_V0612.mp4', 'S1/C1/S1_C1_E130_V0613.mp4', 'S1/C1/S1_C1_E130_V0614.mp4', 'S1/C1/S1_C1_E130_V0615.mp4', 'S1/C1/S1_C1_E130_V0616.mp4', 'S1/C1/S1_C1_E130_V0617.mp4', 'S1/C1/S1_C1_E130_V0618.mp4', 'S1/C1/S1_C1_E130_V0619.mp4', 'S1/C1/S1_C1_E130_V0620.mp4', 'S1/C1/S1_C1_E130_V0621.mp4', 'S1/C1/S1_C1_E130_V0622.mp4', 'S1/C1/S1_C1_E130_V0623.mp4', 'S1/C1/S1_C1_E130_V0624.mp4', 'S1/C1/S1_C1_E130_V0625.mp4', 'S1/C2/S1_C2_E130_V0282.mp4', 'S1/C2/S1_C2_E130_V0283.mp4', 'S1/C2/S1_C2_E130_V0284.mp4', 'S1/C2/S1_C2_E130_V0285.mp4']",53,25,3558,28,False
E131,E131/E131_dtci_r11.npy,"foraging,unknown",red_deer,overcast,1,test,1,animal,20,69.5,['S1'],"['C1', 'C2']","['S1_C1_E131_V0626', 'S1_C1_E131_V0627', 'S1_C1_E131_V0628', 'S1_C1_E131_V0629', 'S1_C2_E131_V0286', 'S1_C2_E131_V0287', 'S1_C2_E131_V0288', 'S1_C2_E131_V0289', 'S1_C2_E131_V0290', 'S1_C2_E131_V0291', 'S1_C2_E131_V0292', 'S1_C2_E131_V0293', 'S1_C2_E131_V0294', 'S1_C2_E131_V0295', 'S1_C2_E131_V0296', 'S1_C2_E131_V0297', 'S1_C2_E131_V0298', 'S1_C2_E131_V0299', 'S1_C2_E131_V0300', 'S1_C2_E131_V0301']","['S1/C1/S1_C1_E131_V0626.mp4', 'S1/C1/S1_C1_E131_V0627.mp4', 'S1/C1/S1_C1_E131_V0628.mp4', 'S1/C1/S1_C1_E131_V0629.mp4', 'S1/C2/S1_C2_E131_V0286.mp4', 'S1/C2/S1_C2_E131_V0287.mp4', 'S1/C2/S1_C2_E131_V0288.mp4', 'S1/C2/S1_C2_E131_V0289.mp4', 'S1/C2/S1_C2_E131_V0290.mp4', 'S1/C2/S1_C2_E131_V0291.mp4', 'S1/C2/S1_C2_E131_V0292.mp4', 'S1/C2/S1_C2_E131_V0293.mp4', 'S1/C2/S1_C2_E131_V0294.mp4', 'S1/C2/S1_C2_E131_V0295.mp4', 'S1/C2/S1_C2_E131_V0296.mp4', 'S1/C2/S1_C2_E131_V0297.mp4', 'S1/C2/S1_C2_E131_V0298.mp4', 'S1/C2/S1_C2_E131_V0299.mp4', 'S1/C2/S1_C2_E131_V0300.mp4', 'S1/C2/S1_C2_E131_V0301.mp4']",20,17,1874,3,False
E132,E132/E132_dtci_r11.npy,foraging,red_deer,rainy,1,test,1,animal,6,7.0,['S1'],['C1'],"['S1_C1_E132_V0630', 'S1_C1_E132_V0631', 'S1_C1_E132_V0632', 'S1_C1_E132_V0633', 'S1_C1_E132_V0634', 'S1_C1_E132_V0635']","['S1/C1/S1_C1_E132_V0630.mp4', 'S1/C1/S1_C1_E132_V0631.mp4', 'S1/C1/S1_C1_E132_V0632.mp4', 'S1/C1/S1_C1_E132_V0633.mp4', 'S1/C1/S1_C1_E132_V0634.mp4', 'S1/C1/S1_C1_E132_V0635.mp4']",6,1,59,5,False
E133,E133/E133_dtci_r11.npy,foraging,red_deer,rainy,1,test,1,animal,9,11.5,['S1'],['C1'],"['S1_C1_E133_V0636', 'S1_C1_E133_V0637', 'S1_C1_E133_V0638', 'S1_C1_E133_V0639', 'S1_C1_E133_V0640', 'S1_C1_E133_V0641', 'S1_C1_E133_V0642', 'S1_C1_E133_V0643', 'S1_C1_E133_V0644']","['S1/C1/S1_C1_E133_V0636.mp4', 'S1/C1/S1_C1_E133_V0637.mp4', 'S1/C1/S1_C1_E133_V0638.mp4', 'S1/C1/S1_C1_E133_V0639.mp4', 'S1/C1/S1_C1_E133_V0640.mp4', 'S1/C1/S1_C1_E133_V0641.mp4', 'S1/C1/S1_C1_E133_V0642.mp4', 'S1/C1/S1_C1_E133_V0643.mp4', 'S1/C1/S1_C1_E133_V0644.mp4']",9,2,97,7,False
E134,E134/E134_dtci_r11.npy,"foraging,unknown",red_deer,overcast,1,test,1,animal,20,41.5,['S1'],"['C1', 'C2']","['S1_C1_E134_V0645', 'S1_C1_E134_V0646', 'S1_C1_E134_V0647', 'S1_C1_E134_V0648', 'S1_C1_E134_V0649', 'S1_C1_E134_V0650', 'S1_C1_E134_V0651', 'S1_C1_E134_V0652', 'S1_C1_E134_V0653', 'S1_C1_E134_V0654', 'S1_C1_E134_V0655', 'S1_C1_E134_V0656', 'S1_C1_E134_V0657', 'S1_C1_E134_V0658', 'S1_C1_E134_V0659', 'S1_C1_E134_V0660', 'S1_C2_E134_V0302', 'S1_C2_E134_V0303', 'S1_C2_E134_V0304', 'S1_C2_E134_V0305']","['S1/C1/S1_C1_E134_V0645.mp4', 'S1/C1/S1_C1_E134_V0646.mp4', 'S1/C1/S1_C1_E134_V0647.mp4', 'S1/C1/S1_C1_E134_V0648.mp4', 'S1/C1/S1_C1_E134_V0649.mp4', 'S1/C1/S1_C1_E134_V0650.mp4', 'S1/C1/S1_C1_E134_V0651.mp4', 'S1/C1/S1_C1_E134_V0652.mp4', 'S1/C1/S1_C1_E134_V0653.mp4', 'S1/C1/S1_C1_E134_V0654.mp4', 'S1/C1/S1_C1_E134_V0655.mp4', 'S1/C1/S1_C1_E134_V0656.mp4', 'S1/C1/S1_C1_E134_V0657.mp4', 'S1/C1/S1_C1_E134_V0658.mp4', 'S1/C1/S1_C1_E134_V0659.mp4', 'S1/C1/S1_C1_E134_V0660.mp4', 'S1/C2/S1_C2_E134_V0302.mp4', 'S1/C2/S1_C2_E134_V0303.mp4', 'S1/C2/S1_C2_E134_V0304.mp4', 'S1/C2/S1_C2_E134_V0305.mp4']",20,4,708,16,False
E135,E135/E135_dtci_r11.npy,foraging,red_deer,overcast,1,test,1,animal,1,120.5,['S1'],['C1'],['S1_C1_E135_V0661'],['S1/C1/S1_C1_E135_V0661.mp4'],1,1,841,0,False
E136,E136/E136_dtci_r11.npy,"foraging,unknown,vigilance",red_deer,rainy,1,test,1,animal,24,127.0,['S1'],"['C1', 'C2', 'C3']","['S1_C1_E136_V0662', 'S1_C1_E136_V0663', 'S1_C1_E136_V0664', 'S1_C1_E136_V0665', 'S1_C1_E136_V0666', 'S1_C1_E136_V0667', 'S1_C1_E136_V0668', 'S1_C1_E136_V0669', 'S1_C1_E136_V0670', 'S1_C1_E136_V0671', 'S1_C1_E136_V0672', 'S1_C1_E136_V0673', 'S1_C1_E136_V0674', 'S1_C2_E136_V0306', 'S1_C2_E136_V0307', 'S1_C2_E136_V0308', 'S1_C2_E136_V0309', 'S1_C2_E136_V0310', 'S1_C2_E136_V0311', 'S1_C2_E136_V0312', 'S1_C2_E136_V0313', 'S1_C2_E136_V0314', 'S1_C2_E136_V0315', 'S1_C3_E136_V0056']","['S1/C1/S1_C1_E136_V0662.mp4', 'S1/C1/S1_C1_E136_V0663.mp4', 'S1/C1/S1_C1_E136_V0664.mp4', 'S1/C1/S1_C1_E136_V0665.mp4', 'S1/C1/S1_C1_E136_V0666.mp4', 'S1/C1/S1_C1_E136_V0667.mp4', 'S1/C1/S1_C1_E136_V0668.mp4', 'S1/C1/S1_C1_E136_V0669.mp4', 'S1/C1/S1_C1_E136_V0670.mp4', 'S1/C1/S1_C1_E136_V0671.mp4', 'S1/C1/S1_C1_E136_V0672.mp4', 'S1/C1/S1_C1_E136_V0673.mp4', 'S1/C1/S1_C1_E136_V0674.mp4', 'S1/C2/S1_C2_E136_V0306.mp4', 'S1/C2/S1_C2_E136_V0307.mp4', 'S1/C2/S1_C2_E136_V0308.mp4', 'S1/C2/S1_C2_E136_V0309.mp4', 'S1/C2/S1_C2_E136_V0310.mp4', 'S1/C2/S1_C2_E136_V0311.mp4', 'S1/C2/S1_C2_E136_V0312.mp4', 'S1/C2/S1_C2_E136_V0313.mp4', 'S1/C2/S1_C2_E136_V0314.mp4', 'S1/C2/S1_C2_E136_V0315.mp4', 'S1/C3/S1_C3_E136_V0056.mp4']",24,22,3715,2,False
E137,E137/E137_dtci_r11.npy,"foraging,unknown",red_deer,clear,1,test,1,animal,28,69.5,['S1'],"['C1', 'C2']","['S1_C1_E137_V0675', 'S1_C1_E137_V0676', 'S1_C1_E137_V0677', 'S1_C1_E137_V0678', 'S1_C1_E137_V0679', 'S1_C1_E137_V0680', 'S1_C1_E137_V0681', 'S1_C1_E137_V0682', 'S1_C1_E137_V0683', 'S1_C1_E137_V0684', 'S1_C1_E137_V0685', 'S1_C1_E137_V0686', 'S1_C1_E137_V0687', 'S1_C1_E137_V0688', 'S1_C1_E137_V0689', 'S1_C1_E137_V0690', 'S1_C1_E137_V0691', 'S1_C1_E137_V0692', 'S1_C1_E137_V0693', 'S1_C1_E137_V0694', 'S1_C1_E137_V0695', 'S1_C1_E137_V0696', 'S1_C1_E137_V0697', 'S1_C1_E137_V0698', 'S1_C2_E137_V0316', 'S1_C2_E137_V0317', 'S1_C2_E137_V0318', 'S1_C2_E137_V0319']","['S1/C1/S1_C1_E137_V0675.mp4', 'S1/C1/S1_C1_E137_V0676.mp4', 'S1/C1/S1_C1_E137_V0677.mp4', 'S1/C1/S1_C1_E137_V0678.mp4', 'S1/C1/S1_C1_E137_V0679.mp4', 'S1/C1/S1_C1_E137_V0680.mp4', 'S1/C1/S1_C1_E137_V0681.mp4', 'S1/C1/S1_C1_E137_V0682.mp4', 'S1/C1/S1_C1_E137_V0683.mp4', 'S1/C1/S1_C1_E137_V0684.mp4', 'S1/C1/S1_C1_E137_V0685.mp4', 'S1/C1/S1_C1_E137_V0686.mp4', 'S1/C1/S1_C1_E137_V0687.mp4', 'S1/C1/S1_C1_E137_V0688.mp4', 'S1/C1/S1_C1_E137_V0689.mp4', 'S1/C1/S1_C1_E137_V0690.mp4', 'S1/C1/S1_C1_E137_V0691.mp4', 'S1/C1/S1_C1_E137_V0692.mp4', 'S1/C1/S1_C1_E137_V0693.mp4', 'S1/C1/S1_C1_E137_V0694.mp4', 'S1/C1/S1_C1_E137_V0695.mp4', 'S1/C1/S1_C1_E137_V0696.mp4', 'S1/C1/S1_C1_E137_V0697.mp4', 'S1/C1/S1_C1_E137_V0698.mp4', 'S1/C2/S1_C2_E137_V0316.mp4', 'S1/C2/S1_C2_E137_V0317.mp4', 'S1/C2/S1_C2_E137_V0318.mp4', 'S1/C2/S1_C2_E137_V0319.mp4']",28,8,1147,20,False
E138,E138/E138_dtci_r11.npy,"courtship,unknown,vigilance",red_deer,clear,1,test,1,animal,7,8.5,['S1'],['C1'],"['S1_C1_E138_V0699', 'S1_C1_E138_V0700', 'S1_C1_E138_V0701', 'S1_C1_E138_V0702', 'S1_C1_E138_V0703', 'S1_C1_E138_V0704', 'S1_C1_E138_V0705']","['S1/C1/S1_C1_E138_V0699.mp4', 'S1/C1/S1_C1_E138_V0700.mp4', 'S1/C1/S1_C1_E138_V0701.mp4', 'S1/C1/S1_C1_E138_V0702.mp4', 'S1/C1/S1_C1_E138_V0703.mp4', 'S1/C1/S1_C1_E138_V0704.mp4', 'S1/C1/S1_C1_E138_V0705.mp4']",7,2,78,5,False
E153,E153/E153_dtci_r11.npy,vigilance,red_deer,overcast,1,test,1,animal,4,10.0,['S1'],"['C1', 'C2']","['S1_C1_E153_V0776', 'S1_C1_E153_V0777', 'S1_C2_E153_V0383', 'S1_C2_E153_V0384']","['S1/C1/S1_C1_E153_V0776.mp4', 'S1/C1/S1_C1_E153_V0777.mp4', 'S1/C2/S1_C2_E153_V0383.mp4', 'S1/C2/S1_C2_E153_V0384.mp4']",4,1,179,3,False
E154,E154/E154_dtci_r11.npy,"foraging,unknown",red_deer,clear,1,test,1,animal,5,30.0,['S1'],"['C1', 'C2', 'C3']","['S1_C1_E154_V0778', 'S1_C2_E154_V0385', 'S1_C2_E154_V0386', 'S1_C2_E154_V0387', 'S1_C3_E154_V0066']","['S1/C1/S1_C1_E154_V0778.mp4', 'S1/C2/S1_C2_E154_V0385.mp4', 'S1/C2/S1_C2_E154_V0386.mp4', 'S1/C2/S1_C2_E154_V0387.mp4', 'S1/C3/S1_C3_E154_V0066.mp4']",5,2,246,3,False
E155,E155/E155_dtci_r11.npy,"foraging,vigilance",red_deer,overcast,1,test,1,animal,4,7.5,['S1'],"['C1', 'C2']","['S1_C1_E155_V0779', 'S1_C2_E155_V0388', 'S1_C2_E155_V0389', 'S1_C2_E155_V0390']","['S1/C1/S1_C1_E155_V0779.mp4', 'S1/C2/S1_C2_E155_V0388.mp4', 'S1/C2/S1_C2_E155_V0389.mp4', 'S1/C2/S1_C2_E155_V0390.mp4']",4,2,146,2,False
E162,E162/E162_dtci_r11.npy,"courtship,escaping,unknown",red_deer,overcast,3+,test,1,animal,2,241.0,['S1'],"['C1', 'C2']","['S1_C1_E162_V0780', 'S1_C2_E162_V0391']","['S1/C1/S1_C1_E162_V0780.mp4', 'S1/C2/S1_C2_E162_V0391.mp4']",2,1,76,1,False
E163,E163/E163_dtci_r11.npy,foraging,red_deer,clear,1,test,1,animal,1,17.5,['S1'],['C2'],['S1_C2_E163_V0392'],['S1/C2/S1_C2_E163_V0392.mp4'],1,1,514,0,False
E268,E268/E268_dtci_r11.npy,"foraging,vigilance",red_deer,rainy,1,test,1,animal,1,20.5,['S2'],['C3'],['S2_C3_E268_V0025'],['S2/C3/S2_C3_E268_V0025.mp4'],1,1,558,0,False
E270,E270/E270_dtci_r11.npy,"foraging,unknown,vigilance",red_deer,rainy,2,test,1,animal,14,287.0,['S2'],"['C1', 'C2', 'C3']","['S2_C1_E270_V0031', 'S2_C1_E270_V0032', 'S2_C2_E270_V0027', 'S2_C2_E270_V0028', 'S2_C2_E270_V0029', 'S2_C2_E270_V0030', 'S2_C2_E270_V0031', 'S2_C3_E270_V0026', 'S2_C3_E270_V0027', 'S2_C3_E270_V0028', 'S2_C3_E270_V0029', 'S2_C3_E270_V0030', 'S2_C3_E270_V0031', 'S2_C3_E270_V0032']","['S2/C1/S2_C1_E270_V0031.mp4', 'S2/C1/S2_C1_E270_V0032.mp4', 'S2/C2/S2_C2_E270_V0027.mp4', 'S2/C2/S2_C2_E270_V0028.mp4', 'S2/C2/S2_C2_E270_V0029.mp4', 'S2/C2/S2_C2_E270_V0030.mp4', 'S2/C2/S2_C2_E270_V0031.mp4', 'S2/C3/S2_C3_E270_V0026.mp4', 'S2/C3/S2_C3_E270_V0027.mp4', 'S2/C3/S2_C3_E270_V0028.mp4', 'S2/C3/S2_C3_E270_V0029.mp4', 'S2/C3/S2_C3_E270_V0030.mp4', 'S2/C3/S2_C3_E270_V0031.mp4', 'S2/C3/S2_C3_E270_V0032.mp4']",14,13,7106,1,False
E288,E288/E288_dtci_r11.npy,"foraging,unknown",roe_deer,clear,1,test,1,animal,2,41.0,['S2'],['C3'],"['S2_C3_E288_V0054', 'S2_C3_E288_V0055']","['S2/C3/S2_C3_E288_V0054.mp4', 'S2/C3/S2_C3_E288_V0055.mp4']",2,1,615,1,False
E290,E290/E290_dtci_r11.npy,"foraging,vigilance",red_deer,clear,1,test,1,animal,4,82.0,['S2'],"['C1', 'C2', 'C3']","['S2_C1_E290_V0042', 'S2_C2_E290_V0042', 'S2_C3_E290_V0057', 'S2_C3_E290_V0058']","['S2/C1/S2_C1_E290_V0042.mp4', 'S2/C2/S2_C2_E290_V0042.mp4', 'S2/C3/S2_C3_E290_V0057.mp4', 'S2/C3/S2_C3_E290_V0058.mp4']",4,4,1393,0,False
E291,E291/E291_dtci_r11.npy,"foraging,unknown",red_deer,clear,2,test,1,animal,3,61.5,['S2'],"['C1', 'C2', 'C3']","['S2_C1_E291_V0043', 'S2_C2_E291_V0043', 'S2_C3_E291_V0059']","['S2/C1/S2_C1_E291_V0043.mp4', 'S2/C2/S2_C2_E291_V0043.mp4', 'S2/C3/S2_C3_E291_V0059.mp4']",3,3,2288,0,False
E292,E292/E292_dtci_r11.npy,chasing,"red_deer,wolf",clear,3+,test,1,animal,6,123.0,['S2'],"['C1', 'C2', 'C3']","['S2_C1_E292_V0044', 'S2_C1_E292_V0045', 'S2_C2_E292_V0044', 'S2_C2_E292_V0045', 'S2_C3_E292_V0060', 'S2_C3_E292_V0061']","['S2/C1/S2_C1_E292_V0044.mp4', 'S2/C1/S2_C1_E292_V0045.mp4', 'S2/C2/S2_C2_E292_V0044.mp4', 'S2/C2/S2_C2_E292_V0045.mp4', 'S2/C3/S2_C3_E292_V0060.mp4', 'S2/C3/S2_C3_E292_V0061.mp4']",6,2,217,4,False
E293,E293/E293_dtci_r11.npy,unknown,red_deer,clear,1,test,1,animal,3,61.5,['S2'],"['C1', 'C2', 'C3']","['S2_C1_E293_V0046', 'S2_C2_E293_V0046', 'S2_C3_E293_V0062']","['S2/C1/S2_C1_E293_V0046.mp4', 'S2/C2/S2_C2_E293_V0046.mp4', 'S2/C3/S2_C3_E293_V0062.mp4']",3,2,133,1,False
E297,E297/E297_dtci_r11.npy,none,none,sunny,0,test,0,background,1,120.5,['S2'],['C2'],['S2_C2_E297_V0048'],['S2/C2/S2_C2_E297_V0048.mp4'],1,0,0,1,True
E300,E300/E300_dtci_r11.npy,"camera_reaction,foraging,unknown,vigilance",red_deer,clear,2,test,1,animal,6,123.0,['S2'],"['C1', 'C2', 'C3']","['S2_C1_E300_V0047', 'S2_C1_E300_V0048', 'S2_C2_E300_V0050', 'S2_C2_E300_V0051', 'S2_C3_E300_V0067', 'S2_C3_E300_V0068']","['S2/C1/S2_C1_E300_V0047.mp4', 'S2/C1/S2_C1_E300_V0048.mp4', 'S2/C2/S2_C2_E300_V0050.mp4', 'S2/C2/S2_C2_E300_V0051.mp4', 'S2/C3/S2_C3_E300_V0067.mp4', 'S2/C3/S2_C3_E300_V0068.mp4']",6,6,4310,0,False
E301,E301/E301_dtci_r11.npy,"camera_reaction,foraging,unknown,vigilance",red_deer,overcast,3+,test,1,animal,3,361.5,['S2'],"['C1', 'C2', 'C3']","['S2_C1_E301_V0049', 'S2_C2_E301_V0052', 'S2_C3_E301_V0069']","['S2/C1/S2_C1_E301_V0049.mp4', 'S2/C2/S2_C2_E301_V0052.mp4', 'S2/C3/S2_C3_E301_V0069.mp4']",3,3,9584,0,False
E304,E304/E304_dtci_r11.npy,"foraging,unknown,vigilance",red_deer,sunny,3+,test,1,animal,3,361.5,['S2'],"['C1', 'C2', 'C3']","['S2_C1_E304_V0050', 'S2_C2_E304_V0055', 'S2_C3_E304_V0070']","['S2/C1/S2_C1_E304_V0050.mp4', 'S2/C2/S2_C2_E304_V0055.mp4', 'S2/C3/S2_C3_E304_V0070.mp4']",3,3,4199,0,False
E305,E305/E305_dtci_r11.npy,"chasing,unknown,vigilance",red_deer,sunny,2,test,1,animal,3,361.5,['S2'],"['C1', 'C2', 'C3']","['S2_C1_E305_V0051', 'S2_C2_E305_V0056', 'S2_C3_E305_V0071']","['S2/C1/S2_C1_E305_V0051.mp4', 'S2/C2/S2_C2_E305_V0056.mp4', 'S2/C3/S2_C3_E305_V0071.mp4']",3,3,692,0,False
E306,E306/E306_dtci_r11.npy,"foraging,unknown,vigilance",red_deer,clear,1,test,1,animal,8,364.0,['S2'],"['C1', 'C2', 'C3']","['S2_C1_E306_V0052', 'S2_C1_E306_V0053', 'S2_C2_E306_V0057', 'S2_C2_E306_V0058', 'S2_C3_E306_V0072', 'S2_C3_E306_V0073', 'S2_C3_E306_V0074', 'S2_C3_E306_V0075']","['S2/C1/S2_C1_E306_V0052.mp4', 'S2/C1/S2_C1_E306_V0053.mp4', 'S2/C2/S2_C2_E306_V0057.mp4', 'S2/C2/S2_C2_E306_V0058.mp4', 'S2/C3/S2_C3_E306_V0072.mp4', 'S2/C3/S2_C3_E306_V0073.mp4', 'S2/C3/S2_C3_E306_V0074.mp4', 'S2/C3/S2_C3_E306_V0075.mp4']",8,8,8210,0,False
E319,E319/E319_dtci_r11.npy,foraging,red_deer,clear,1,test,1,animal,1,20.5,['S2'],['C3'],['S2_C3_E319_V0089'],['S2/C3/S2_C3_E319_V0089.mp4'],1,1,189,0,False
E32,E32/E32_dtci_r11.npy,"foraging,vigilance",red_deer,rainy,1,test,1,animal,1,120.5,['S1'],['C1'],['S1_C1_E32_V0068'],['S1/C1/S1_C1_E32_V0068.mp4'],1,1,655,0,False
E321,E321/E321_dtci_r11.npy,none,none,sunny,0,test,0,background,1,120.5,['S2'],['C1'],['S2_C1_E321_V0067'],['S2/C1/S2_C1_E321_V0067.mp4'],1,0,0,1,True
E322,E322/E322_dtci_r11.npy,none,none,sunny,0,test,0,background,4,482.0,['S2'],['C1'],"['S2_C1_E322_V0068', 'S2_C1_E322_V0069', 'S2_C1_E322_V0070', 'S2_C1_E322_V0071']","['S2/C1/S2_C1_E322_V0068.mp4', 'S2/C1/S2_C1_E322_V0069.mp4', 'S2/C1/S2_C1_E322_V0070.mp4', 'S2/C1/S2_C1_E322_V0071.mp4']",4,0,0,4,True
E333,E333/E333_dtci_r11.npy,"foraging,unknown,vigilance",roe_deer,overcast,1,test,1,animal,1,120.5,['S2'],['C3'],['S2_C3_E333_V0098'],['S2/C3/S2_C3_E333_V0098.mp4'],1,1,2591,0,False
E384,E384/E384_dtci_r11.npy,"foraging,vigilance",red_deer,clear,1,test,1,animal,3,61.5,['S2'],"['C1', 'C2', 'C3']","['S2_C1_E384_V0110', 'S2_C2_E384_V0127', 'S2_C3_E384_V0125']","['S2/C1/S2_C1_E384_V0110.mp4', 'S2/C2/S2_C2_E384_V0127.mp4', 'S2/C3/S2_C3_E384_V0125.mp4']",3,3,1115,0,False
E385,E385/E385_dtci_r11.npy,"foraging,vigilance",fox,clear,1,test,1,animal,1,20.5,['S2'],['C3'],['S2_C3_E385_V0126'],['S2/C3/S2_C3_E385_V0126.mp4'],1,1,606,0,False
E460,E460/E460_dtci_r11.npy,"foraging,vigilance",red_deer,rainy,3+,test,1,animal,13,247.0,['S3'],"['C1', 'C2', 'C3']","['S3_C1_E460_V0544', 'S3_C1_E460_V0545', 'S3_C2_E460_V0063', 'S3_C2_E460_V0064', 'S3_C2_E460_V0065', 'S3_C2_E460_V0066', 'S3_C3_E460_V0171', 'S3_C3_E460_V0172', 'S3_C3_E460_V0173', 'S3_C3_E460_V0174', 'S3_C3_E460_V0175', 'S3_C3_E460_V0176', 'S3_C3_E460_V0177']","['S3/C1/S3_C1_E460_V0544.mp4', 'S3/C1/S3_C1_E460_V0545.mp4', 'S3/C2/S3_C2_E460_V0063.mp4', 'S3/C2/S3_C2_E460_V0064.mp4', 'S3/C2/S3_C2_E460_V0065.mp4', 'S3/C2/S3_C2_E460_V0066.mp4', 'S3/C3/S3_C3_E460_V0171.mp4', 'S3/C3/S3_C3_E460_V0172.mp4', 'S3/C3/S3_C3_E460_V0173.mp4', 'S3/C3/S3_C3_E460_V0174.mp4', 'S3/C3/S3_C3_E460_V0175.mp4', 'S3/C3/S3_C3_E460_V0176.mp4', 'S3/C3/S3_C3_E460_V0177.mp4']",13,13,7625,0,False
E461,E461/E461_dtci_r11.npy,vigilance,red_deer,rainy,1,test,1,animal,1,20.5,['S3'],['C3'],['S3_C3_E461_V0178'],['S3/C3/S3_C3_E461_V0178.mp4'],1,1,154,0,False
E501,E501/E501_dtci_r11.npy,"foraging,vigilance",red_deer,clear,1,test,1,animal,6,118.0,['S3'],"['C2', 'C3']","['S3_C2_E501_V0082', 'S3_C2_E501_V0083', 'S3_C3_E501_V0277', 'S3_C3_E501_V0278', 'S3_C3_E501_V0279', 'S3_C3_E501_V0280']","['S3/C2/S3_C2_E501_V0082.mp4', 'S3/C2/S3_C2_E501_V0083.mp4', 'S3/C3/S3_C3_E501_V0277.mp4', 'S3/C3/S3_C3_E501_V0278.mp4', 'S3/C3/S3_C3_E501_V0279.mp4', 'S3/C3/S3_C3_E501_V0280.mp4']",6,6,3111,0,False
E503,E503/E503_dtci_r11.npy,none,none,sunny,0,test,0,background,6,363.0,['S3'],['C3'],"['S3_C3_E503_V0282', 'S3_C3_E503_V0283', 'S3_C3_E503_V0284', 'S3_C3_E503_V0285', 'S3_C3_E503_V0286', 'S3_C3_E503_V0287']","['S3/C3/S3_C3_E503_V0282.mp4', 'S3/C3/S3_C3_E503_V0283.mp4', 'S3/C3/S3_C3_E503_V0284.mp4', 'S3/C3/S3_C3_E503_V0285.mp4', 'S3/C3/S3_C3_E503_V0286.mp4', 'S3/C3/S3_C3_E503_V0287.mp4']",6,0,0,6,True
E504,E504/E504_dtci_r11.npy,none,none,sunny,0,test,0,background,1,60.5,['S3'],['C3'],['S3_C3_E504_V0288'],['S3/C3/S3_C3_E504_V0288.mp4'],1,0,0,1,True
E505,E505/E505_dtci_r11.npy,none,none,sunny,0,test,0,background,2,121.0,['S3'],['C3'],"['S3_C3_E505_V0289', 'S3_C3_E505_V0290']","['S3/C3/S3_C3_E505_V0289.mp4', 'S3/C3/S3_C3_E505_V0290.mp4']",2,0,0,2,True
E506,E506/E506_dtci_r11.npy,none,none,sunny,0,test,0,background,1,60.5,['S3'],['C3'],['S3_C3_E506_V0291'],['S3/C3/S3_C3_E506_V0291.mp4'],1,0,0,1,True
E507,E507/E507_dtci_r11.npy,none,none,sunny,0,test,0,background,1,60.5,['S3'],['C3'],['S3_C3_E507_V0292'],['S3/C3/S3_C3_E507_V0292.mp4'],1,0,0,1,True
E508,E508/E508_dtci_r11.npy,none,none,sunny,0,test,0,background,1,60.5,['S3'],['C3'],['S3_C3_E508_V0293'],['S3/C3/S3_C3_E508_V0293.mp4'],1,0,0,1,True
E509,E509/E509_dtci_r11.npy,none,none,sunny,0,test,0,background,1,60.5,['S3'],['C2'],['S3_C2_E509_V0084'],['S3/C2/S3_C2_E509_V0084.mp4'],1,0,0,1,True
E515,E515/E515_dtci_r11.npy,"foraging,grooming,unknown,vigilance",red_deer,overcast,2,test,1,animal,5,302.5,['S3'],"['C2', 'C3']","['S3_C2_E515_V0086', 'S3_C3_E515_V0313', 'S3_C3_E515_V0314', 'S3_C3_E515_V0315', 'S3_C3_E515_V0316']","['S3/C2/S3_C2_E515_V0086.mp4', 'S3/C3/S3_C3_E515_V0313.mp4', 'S3/C3/S3_C3_E515_V0314.mp4', 'S3/C3/S3_C3_E515_V0315.mp4', 'S3/C3/S3_C3_E515_V0316.mp4']",5,4,7256,1,False
E523,E523/E523_dtci_r11.npy,none,none,sunny,0,test,0,background,1,60.5,['S3'],['C3'],['S3_C3_E523_V0324'],['S3/C3/S3_C3_E523_V0324.mp4'],1,0,0,1,True
E524,E524/E524_dtci_r11.npy,"foraging,grooming,marking,resting,unknown,vigilance",red_deer,clear,1,test,1,animal,11,147.0,['S3'],"['C2', 'C3']","['S3_C2_E524_V0087', 'S3_C2_E524_V0088', 'S3_C3_E524_V0325', 'S3_C3_E524_V0326', 'S3_C3_E524_V0327', 'S3_C3_E524_V0328', 'S3_C3_E524_V0329', 'S3_C3_E524_V0330', 'S3_C3_E524_V0331', 'S3_C3_E524_V0332', 'S3_C3_E524_V0333']","['S3/C2/S3_C2_E524_V0087.mp4', 'S3/C2/S3_C2_E524_V0088.mp4', 'S3/C3/S3_C3_E524_V0325.mp4', 'S3/C3/S3_C3_E524_V0326.mp4', 'S3/C3/S3_C3_E524_V0327.mp4', 'S3/C3/S3_C3_E524_V0328.mp4', 'S3/C3/S3_C3_E524_V0329.mp4', 'S3/C3/S3_C3_E524_V0330.mp4', 'S3/C3/S3_C3_E524_V0331.mp4', 'S3/C3/S3_C3_E524_V0332.mp4', 'S3/C3/S3_C3_E524_V0333.mp4']",11,9,2919,2,False
E525,E525/E525_dtci_r11.npy,"foraging,grooming,marking,unknown,vigilance",red_deer,clear,1,test,1,animal,14,110.0,['S3'],"['C2', 'C3']","['S3_C2_E525_V0089', 'S3_C2_E525_V0090', 'S3_C2_E525_V0091', 'S3_C3_E525_V0334', 'S3_C3_E525_V0335', 'S3_C3_E525_V0336', 'S3_C3_E525_V0337', 'S3_C3_E525_V0338', 'S3_C3_E525_V0339', 'S3_C3_E525_V0340', 'S3_C3_E525_V0341', 'S3_C3_E525_V0342', 'S3_C3_E525_V0343', 'S3_C3_E525_V0344']","['S3/C2/S3_C2_E525_V0089.mp4', 'S3/C2/S3_C2_E525_V0090.mp4', 'S3/C2/S3_C2_E525_V0091.mp4', 'S3/C3/S3_C3_E525_V0334.mp4', 'S3/C3/S3_C3_E525_V0335.mp4', 'S3/C3/S3_C3_E525_V0336.mp4', 'S3/C3/S3_C3_E525_V0337.mp4', 'S3/C3/S3_C3_E525_V0338.mp4', 'S3/C3/S3_C3_E525_V0339.mp4', 'S3/C3/S3_C3_E525_V0340.mp4', 'S3/C3/S3_C3_E525_V0341.mp4', 'S3/C3/S3_C3_E525_V0342.mp4', 'S3/C3/S3_C3_E525_V0343.mp4', 'S3/C3/S3_C3_E525_V0344.mp4']",14,12,2943,2,False
E526,E526/E526_dtci_r11.npy,foraging,red_deer,overcast,1,test,1,animal,1,60.5,['S3'],['C3'],['S3_C3_E526_V0345'],['S3/C3/S3_C3_E526_V0345.mp4'],1,1,1815,0,False
E529,E529/E529_dtci_r11.npy,none,none,sunny,0,test,0,background,4,242.0,['S3'],['C3'],"['S3_C3_E529_V0348', 'S3_C3_E529_V0349', 'S3_C3_E529_V0350', 'S3_C3_E529_V0351']","['S3/C3/S3_C3_E529_V0348.mp4', 'S3/C3/S3_C3_E529_V0349.mp4', 'S3/C3/S3_C3_E529_V0350.mp4', 'S3/C3/S3_C3_E529_V0351.mp4']",4,0,0,4,True
E532,E532/E532_dtci_r11.npy,none,none,sunny,0,test,0,background,6,363.0,['S3'],['C3'],"['S3_C3_E532_V0354', 'S3_C3_E532_V0355', 'S3_C3_E532_V0356', 'S3_C3_E532_V0357', 'S3_C3_E532_V0358', 'S3_C3_E532_V0359']","['S3/C3/S3_C3_E532_V0354.mp4', 'S3/C3/S3_C3_E532_V0355.mp4', 'S3/C3/S3_C3_E532_V0356.mp4', 'S3/C3/S3_C3_E532_V0357.mp4', 'S3/C3/S3_C3_E532_V0358.mp4', 'S3/C3/S3_C3_E532_V0359.mp4']",6,0,0,6,True
E534,E534/E534_dtci_r11.npy,none,none,sunny,0,test,0,background,4,242.0,['S3'],['C3'],"['S3_C3_E534_V0361', 'S3_C3_E534_V0362', 'S3_C3_E534_V0363', 'S3_C3_E534_V0364']","['S3/C3/S3_C3_E534_V0361.mp4', 'S3/C3/S3_C3_E534_V0362.mp4', 'S3/C3/S3_C3_E534_V0363.mp4', 'S3/C3/S3_C3_E534_V0364.mp4']",4,0,0,4,True
E535,E535/E535_dtci_r11.npy,none,none,sunny,0,test,0,background,3,181.5,['S3'],['C3'],"['S3_C3_E535_V0365', 'S3_C3_E535_V0366', 'S3_C3_E535_V0367']","['S3/C3/S3_C3_E535_V0365.mp4', 'S3/C3/S3_C3_E535_V0366.mp4', 'S3/C3/S3_C3_E535_V0367.mp4']",3,0,0,3,True
E536,E536/E536_dtci_r11.npy,none,none,sunny,0,test,0,background,2,121.0,['S3'],"['C2', 'C3']","['S3_C2_E536_V0092', 'S3_C3_E536_V0368']","['S3/C2/S3_C2_E536_V0092.mp4', 'S3/C3/S3_C3_E536_V0368.mp4']",2,0,0,2,True
E540,E540/E540_dtci_r11.npy,none,none,sunny,0,test,0,background,2,121.0,['S3'],['C3'],"['S3_C3_E540_V0373', 'S3_C3_E540_V0374']","['S3/C3/S3_C3_E540_V0373.mp4', 'S3/C3/S3_C3_E540_V0374.mp4']",2,0,0,2,True
E541,E541/E541_dtci_r11.npy,none,none,sunny,0,test,0,background,2,121.0,['S3'],['C3'],"['S3_C3_E541_V0375', 'S3_C3_E541_V0376']","['S3/C3/S3_C3_E541_V0375.mp4', 'S3/C3/S3_C3_E541_V0376.mp4']",2,0,0,2,True
E545,E545/E545_dtci_r11.npy,"camera_reaction,courtship,foraging,grooming,marking,playing,resting,unknown,vigilance",red_deer,clear,2,test,1,animal,67,306.5,['S3'],"['C2', 'C3']","['S3_C2_E545_V0093', 'S3_C2_E545_V0094', 'S3_C2_E545_V0095', 'S3_C2_E545_V0096', 'S3_C2_E545_V0097', 'S3_C2_E545_V0098', 'S3_C3_E545_V0381', 'S3_C3_E545_V0382', 'S3_C3_E545_V0383', 'S3_C3_E545_V0384', 'S3_C3_E545_V0385', 'S3_C3_E545_V0386', 'S3_C3_E545_V0387', 'S3_C3_E545_V0388', 'S3_C3_E545_V0389', 'S3_C3_E545_V0390', 'S3_C3_E545_V0391', 'S3_C3_E545_V0392', 'S3_C3_E545_V0393', 'S3_C3_E545_V0394', 'S3_C3_E545_V0395', 'S3_C3_E545_V0396', 'S3_C3_E545_V0397', 'S3_C3_E545_V0398', 'S3_C3_E545_V0399', 'S3_C3_E545_V0400', 'S3_C3_E545_V0401', 'S3_C3_E545_V0402', 'S3_C3_E545_V0403', 'S3_C3_E545_V0404', 'S3_C3_E545_V0405', 'S3_C3_E545_V0406', 'S3_C3_E545_V0407', 'S3_C3_E545_V0408', 'S3_C3_E545_V0409', 'S3_C3_E545_V0410', 'S3_C3_E545_V0411', 'S3_C3_E545_V0412', 'S3_C3_E545_V0413', 'S3_C3_E545_V0414', 'S3_C3_E545_V0415', 'S3_C3_E545_V0416', 'S3_C3_E545_V0417', 'S3_C3_E545_V0418', 'S3_C3_E545_V0419', 'S3_C3_E545_V0420', 'S3_C3_E545_V0421', 'S3_C3_E545_V0422', 'S3_C3_E545_V0423', 'S3_C3_E545_V0424', 'S3_C3_E545_V0425', 'S3_C3_E545_V0426', 'S3_C3_E545_V0427', 'S3_C3_E545_V0428', 'S3_C3_E545_V0429', 'S3_C3_E545_V0430', 'S3_C3_E545_V0431', 'S3_C3_E545_V0432', 'S3_C3_E545_V0433', 'S3_C3_E545_V0434', 'S3_C3_E545_V0435', 'S3_C3_E545_V0436', 'S3_C3_E545_V0437', 'S3_C3_E545_V0438', 'S3_C3_E545_V0439', 'S3_C3_E545_V0440', 'S3_C3_E545_V0441']","['S3/C2/S3_C2_E545_V0093.mp4', 'S3/C2/S3_C2_E545_V0094.mp4', 'S3/C2/S3_C2_E545_V0095.mp4', 'S3/C2/S3_C2_E545_V0096.mp4', 'S3/C2/S3_C2_E545_V0097.mp4', 'S3/C2/S3_C2_E545_V0098.mp4', 'S3/C3/S3_C3_E545_V0381.mp4', 'S3/C3/S3_C3_E545_V0382.mp4', 'S3/C3/S3_C3_E545_V0383.mp4', 'S3/C3/S3_C3_E545_V0384.mp4', 'S3/C3/S3_C3_E545_V0385.mp4', 'S3/C3/S3_C3_E545_V0386.mp4', 'S3/C3/S3_C3_E545_V0387.mp4', 'S3/C3/S3_C3_E545_V0388.mp4', 'S3/C3/S3_C3_E545_V0389.mp4', 'S3/C3/S3_C3_E545_V0390.mp4', 'S3/C3/S3_C3_E545_V0391.mp4', 'S3/C3/S3_C3_E545_V0392.mp4', 'S3/C3/S3_C3_E545_V0393.mp4', 'S3/C3/S3_C3_E545_V0394.mp4', 'S3/C3/S3_C3_E545_V0395.mp4', 'S3/C3/S3_C3_E545_V0396.mp4', 'S3/C3/S3_C3_E545_V0397.mp4', 'S3/C3/S3_C3_E545_V0398.mp4', 'S3/C3/S3_C3_E545_V0399.mp4', 'S3/C3/S3_C3_E545_V0400.mp4', 'S3/C3/S3_C3_E545_V0401.mp4', 'S3/C3/S3_C3_E545_V0402.mp4', 'S3/C3/S3_C3_E545_V0403.mp4', 'S3/C3/S3_C3_E545_V0404.mp4', 'S3/C3/S3_C3_E545_V0405.mp4', 'S3/C3/S3_C3_E545_V0406.mp4', 'S3/C3/S3_C3_E545_V0407.mp4', 'S3/C3/S3_C3_E545_V0408.mp4', 'S3/C3/S3_C3_E545_V0409.mp4', 'S3/C3/S3_C3_E545_V0410.mp4', 'S3/C3/S3_C3_E545_V0411.mp4', 'S3/C3/S3_C3_E545_V0412.mp4', 'S3/C3/S3_C3_E545_V0413.mp4', 'S3/C3/S3_C3_E545_V0414.mp4', 'S3/C3/S3_C3_E545_V0415.mp4', 'S3/C3/S3_C3_E545_V0416.mp4', 'S3/C3/S3_C3_E545_V0417.mp4', 'S3/C3/S3_C3_E545_V0418.mp4', 'S3/C3/S3_C3_E545_V0419.mp4', 'S3/C3/S3_C3_E545_V0420.mp4', 'S3/C3/S3_C3_E545_V0421.mp4', 'S3/C3/S3_C3_E545_V0422.mp4', 'S3/C3/S3_C3_E545_V0423.mp4', 'S3/C3/S3_C3_E545_V0424.mp4', 'S3/C3/S3_C3_E545_V0425.mp4', 'S3/C3/S3_C3_E545_V0426.mp4', 'S3/C3/S3_C3_E545_V0427.mp4', 'S3/C3/S3_C3_E545_V0428.mp4', 'S3/C3/S3_C3_E545_V0429.mp4', 'S3/C3/S3_C3_E545_V0430.mp4', 'S3/C3/S3_C3_E545_V0431.mp4', 'S3/C3/S3_C3_E545_V0432.mp4', 'S3/C3/S3_C3_E545_V0433.mp4', 'S3/C3/S3_C3_E545_V0434.mp4', 'S3/C3/S3_C3_E545_V0435.mp4', 'S3/C3/S3_C3_E545_V0436.mp4', 'S3/C3/S3_C3_E545_V0437.mp4', 'S3/C3/S3_C3_E545_V0438.mp4', 'S3/C3/S3_C3_E545_V0439.mp4', 'S3/C3/S3_C3_E545_V0440.mp4', 'S3/C3/S3_C3_E545_V0441.mp4']",67,45,7105,22,False
E546,E546/E546_dtci_r11.npy,"foraging,vigilance",red_deer,clear,1,test,1,animal,1,20.5,['S3'],['C2'],['S3_C2_E546_V0099'],['S3/C2/S3_C2_E546_V0099.mp4'],1,1,503,0,False
E548,E548/E548_dtci_r11.npy,none,none,sunny,0,test,0,background,1,60.5,['S3'],['C3'],['S3_C3_E548_V0443'],['S3/C3/S3_C3_E548_V0443.mp4'],1,0,0,1,True
E549,E549/E549_dtci_r11.npy,none,none,sunny,0,test,0,background,2,121.0,['S3'],['C3'],"['S3_C3_E549_V0444', 'S3_C3_E549_V0445']","['S3/C3/S3_C3_E549_V0444.mp4', 'S3/C3/S3_C3_E549_V0445.mp4']",2,0,0,2,True
E552,E552/E552_dtci_r11.npy,none,none,sunny,0,test,0,background,3,181.5,['S3'],['C3'],"['S3_C3_E552_V0448', 'S3_C3_E552_V0449', 'S3_C3_E552_V0450']","['S3/C3/S3_C3_E552_V0448.mp4', 'S3/C3/S3_C3_E552_V0449.mp4', 'S3/C3/S3_C3_E552_V0450.mp4']",3,0,0,3,True
E554,E554/E554_dtci_r11.npy,none,none,sunny,0,test,0,background,1,60.5,['S3'],['C2'],['S3_C2_E554_V0100'],['S3/C2/S3_C2_E554_V0100.mp4'],1,0,0,1,True
E560,E560/E560_dtci_r11.npy,unknown,red_deer,clear,2,test,1,animal,1,5.0,['S3'],['C3'],['S3_C3_E560_V0458'],['S3/C3/S3_C3_E560_V0458.mp4'],1,1,110,0,False
E598,E598/E598_dtci_r11.npy,none,none,sunny,0,test,0,background,3,181.5,['S3'],['C3'],"['S3_C3_E598_V0553', 'S3_C3_E598_V0554', 'S3_C3_E598_V0555']","['S3/C3/S3_C3_E598_V0553.mp4', 'S3/C3/S3_C3_E598_V0554.mp4', 'S3/C3/S3_C3_E598_V0555.mp4']",3,0,0,3,True
E60,E60/E60_dtci_r11.npy,"foraging,unknown,vigilance",roe_deer,clear,3+,test,1,animal,3,61.5,['S1'],"['C1', 'C2']","['S1_C1_E60_V0143', 'S1_C1_E60_V0144', 'S1_C2_E60_V0090']","['S1/C1/S1_C1_E60_V0143.mp4', 'S1/C1/S1_C1_E60_V0144.mp4', 'S1/C2/S1_C2_E60_V0090.mp4']",3,3,1293,0,False
E604,E604/E604_dtci_r11.npy,none,none,sunny,0,test,0,background,1,60.5,['S3'],['C3'],['S3_C3_E604_V0564'],['S3/C3/S3_C3_E604_V0564.mp4'],1,0,0,1,True
E607,E607/E607_dtci_r11.npy,none,none,sunny,0,test,0,background,6,363.0,['S3'],"['C2', 'C3']","['S3_C2_E607_V0118', 'S3_C2_E607_V0119', 'S3_C2_E607_V0120', 'S3_C3_E607_V0568', 'S3_C3_E607_V0569', 'S3_C3_E607_V0570']","['S3/C2/S3_C2_E607_V0118.mp4', 'S3/C2/S3_C2_E607_V0119.mp4', 'S3/C2/S3_C2_E607_V0120.mp4', 'S3/C3/S3_C3_E607_V0568.mp4', 'S3/C3/S3_C3_E607_V0569.mp4', 'S3/C3/S3_C3_E607_V0570.mp4']",6,0,0,6,True
E608,E608/E608_dtci_r11.npy,none,none,sunny,0,test,0,background,7,423.5,['S3'],"['C2', 'C3']","['S3_C2_E608_V0121', 'S3_C3_E608_V0571', 'S3_C3_E608_V0572', 'S3_C3_E608_V0573', 'S3_C3_E608_V0574', 'S3_C3_E608_V0575', 'S3_C3_E608_V0576']","['S3/C2/S3_C2_E608_V0121.mp4', 'S3/C3/S3_C3_E608_V0571.mp4', 'S3/C3/S3_C3_E608_V0572.mp4', 'S3/C3/S3_C3_E608_V0573.mp4', 'S3/C3/S3_C3_E608_V0574.mp4', 'S3/C3/S3_C3_E608_V0575.mp4', 'S3/C3/S3_C3_E608_V0576.mp4']",7,0,0,7,True
E61,E61/E61_dtci_r11.npy,camera_reaction,hare,clear,1,test,1,animal,2,41.0,['S1'],"['C1', 'C3']","['S1_C1_E61_V0145', 'S1_C3_E61_V0029']","['S1/C1/S1_C1_E61_V0145.mp4', 'S1/C3/S1_C3_E61_V0029.mp4']",2,1,318,1,False
E614,E614/E614_dtci_r11.npy,"foraging,vigilance",red_deer,clear,1,test,1,animal,4,23.5,['S3'],"['C2', 'C3']","['S3_C2_E614_V0123', 'S3_C3_E614_V0589', 'S3_C3_E614_V0590', 'S3_C3_E614_V0591']","['S3/C2/S3_C2_E614_V0123.mp4', 'S3/C3/S3_C3_E614_V0589.mp4', 'S3/C3/S3_C3_E614_V0590.mp4', 'S3/C3/S3_C3_E614_V0591.mp4']",4,1,615,3,False
E615,E615/E615_dtci_r11.npy,"foraging,vigilance",red_deer,clear,2,test,1,animal,2,41.0,['S3'],['C2'],"['S3_C2_E615_V0124', 'S3_C2_E615_V0125']","['S3/C2/S3_C2_E615_V0124.mp4', 'S3/C2/S3_C2_E615_V0125.mp4']",2,2,1230,0,False
E66,E66/E66_dtci_r11.npy,"foraging,unknown,vigilance",red_deer,overcast,2,test,1,animal,2,241.0,['S1'],"['C1', 'C2']","['S1_C1_E66_V0152', 'S1_C2_E66_V0092']","['S1/C1/S1_C1_E66_V0152.mp4', 'S1/C2/S1_C2_E66_V0092.mp4']",2,2,1818,0,False
E67,E67/E67_dtci_r11.npy,"camera_reaction,foraging,unknown",red_deer,clear,1,test,1,animal,4,82.0,['S1'],['C3'],"['S1_C3_E67_V0030', 'S1_C3_E67_V0031', 'S1_C3_E67_V0032', 'S1_C3_E67_V0033']","['S1/C3/S1_C3_E67_V0030.mp4', 'S1/C3/S1_C3_E67_V0031.mp4', 'S1/C3/S1_C3_E67_V0032.mp4', 'S1/C3/S1_C3_E67_V0033.mp4']",4,3,1845,1,False
E68,E68/E68_dtci_r11.npy,"foraging,unknown,vigilance",red_deer,clear,1,test,1,animal,29,368.5,['S1'],['C1'],"['S1_C1_E68_V0153', 'S1_C1_E68_V0154', 'S1_C1_E68_V0155', 'S1_C1_E68_V0156', 'S1_C1_E68_V0157', 'S1_C1_E68_V0158', 'S1_C1_E68_V0159', 'S1_C1_E68_V0160', 'S1_C1_E68_V0161', 'S1_C1_E68_V0162', 'S1_C1_E68_V0163', 'S1_C1_E68_V0164', 'S1_C1_E68_V0165', 'S1_C1_E68_V0166', 'S1_C1_E68_V0167', 'S1_C1_E68_V0168', 'S1_C1_E68_V0169', 'S1_C1_E68_V0170', 'S1_C1_E68_V0171', 'S1_C1_E68_V0172', 'S1_C1_E68_V0173', 'S1_C1_E68_V0174', 'S1_C1_E68_V0175', 'S1_C1_E68_V0176', 'S1_C1_E68_V0177', 'S1_C1_E68_V0178', 'S1_C1_E68_V0179', 'S1_C1_E68_V0180', 'S1_C1_E68_V0181']","['S1/C1/S1_C1_E68_V0153.mp4', 'S1/C1/S1_C1_E68_V0154.mp4', 'S1/C1/S1_C1_E68_V0155.mp4', 'S1/C1/S1_C1_E68_V0156.mp4', 'S1/C1/S1_C1_E68_V0157.mp4', 'S1/C1/S1_C1_E68_V0158.mp4', 'S1/C1/S1_C1_E68_V0159.mp4', 'S1/C1/S1_C1_E68_V0160.mp4', 'S1/C1/S1_C1_E68_V0161.mp4', 'S1/C1/S1_C1_E68_V0162.mp4', 'S1/C1/S1_C1_E68_V0163.mp4', 'S1/C1/S1_C1_E68_V0164.mp4', 'S1/C1/S1_C1_E68_V0165.mp4', 'S1/C1/S1_C1_E68_V0166.mp4', 'S1/C1/S1_C1_E68_V0167.mp4', 'S1/C1/S1_C1_E68_V0168.mp4', 'S1/C1/S1_C1_E68_V0169.mp4', 'S1/C1/S1_C1_E68_V0170.mp4', 'S1/C1/S1_C1_E68_V0171.mp4', 'S1/C1/S1_C1_E68_V0172.mp4', 'S1/C1/S1_C1_E68_V0173.mp4', 'S1/C1/S1_C1_E68_V0174.mp4', 'S1/C1/S1_C1_E68_V0175.mp4', 'S1/C1/S1_C1_E68_V0176.mp4', 'S1/C1/S1_C1_E68_V0177.mp4', 'S1/C1/S1_C1_E68_V0178.mp4', 'S1/C1/S1_C1_E68_V0179.mp4', 'S1/C1/S1_C1_E68_V0180.mp4', 'S1/C1/S1_C1_E68_V0181.mp4']",29,29,10819,0,False
E685,E685/E685_dtci_r11.npy,"foraging,marking,vigilance",red_deer,rainy,1,test,1,animal,3,61.5,['S3'],['C2'],"['S3_C2_E685_V0172', 'S3_C2_E685_V0173', 'S3_C2_E685_V0174']","['S3/C2/S3_C2_E685_V0172.mp4', 'S3/C2/S3_C2_E685_V0173.mp4', 'S3/C2/S3_C2_E685_V0174.mp4']",3,3,1476,0,False
E686,E686/E686_dtci_r11.npy,"escaping,foraging,unknown,vigilance",red_deer,clear,2,test,1,animal,3,61.5,['S3'],['C2'],"['S3_C2_E686_V0175', 'S3_C2_E686_V0176', 'S3_C2_E686_V0177']","['S3/C2/S3_C2_E686_V0175.mp4', 'S3/C2/S3_C2_E686_V0176.mp4', 'S3/C2/S3_C2_E686_V0177.mp4']",3,3,842,0,False
E699,E699/E699_dtci_r11.npy,"foraging,vigilance",red_deer,sunny,1,test,1,animal,2,121.0,['S3'],['C2'],"['S3_C2_E699_V0186', 'S3_C2_E699_V0187']","['S3/C2/S3_C2_E699_V0186.mp4', 'S3/C2/S3_C2_E699_V0187.mp4']",2,2,1888,0,False
E701,E701/E701_dtci_r11.npy,foraging,red_deer,clear,1,test,1,animal,1,20.5,['S3'],['C2'],['S3_C2_E701_V0189'],['S3/C2/S3_C2_E701_V0189.mp4'],1,1,615,0,False
E702,E702/E702_dtci_r11.npy,foraging,red_deer,clear,1,test,1,animal,1,20.5,['S3'],['C2'],['S3_C2_E702_V0190'],['S3/C2/S3_C2_E702_V0190.mp4'],1,1,481,0,False
E75,E75/E75_dtci_r11.npy,none,none,sunny,0,test,0,background,1,120.5,['S1'],['C1'],['S1_C1_E75_V0185'],['S1/C1/S1_C1_E75_V0185.mp4'],1,0,0,1,True
E78,E78/E78_dtci_r11.npy,none,none,sunny,0,test,0,background,1,120.5,['S1'],['C1'],['S1_C1_E78_V0188'],['S1/C1/S1_C1_E78_V0188.mp4'],1,0,0,1,True
E789,E789/E789_dtci_r11.npy,foraging,red_deer,overcast,1,test,1,animal,1,8.5,['S3'],['C2'],['S3_C2_E789_V0513'],['S3/C2/S3_C2_E789_V0513.mp4'],1,1,251,0,False
E790,E790/E790_dtci_r11.npy,foraging,red_deer,overcast,1,test,1,animal,1,8.0,['S3'],['C2'],['S3_C2_E790_V0514'],['S3/C2/S3_C2_E790_V0514.mp4'],1,1,227,0,False
E791,E791/E791_dtci_r11.npy,foraging,red_deer,overcast,1,test,1,animal,6,19.5,['S3'],['C2'],"['S3_C2_E791_V0515', 'S3_C2_E791_V0516', 'S3_C2_E791_V0517', 'S3_C2_E791_V0518', 'S3_C2_E791_V0519', 'S3_C2_E791_V0520']","['S3/C2/S3_C2_E791_V0515.mp4', 'S3/C2/S3_C2_E791_V0516.mp4', 'S3/C2/S3_C2_E791_V0517.mp4', 'S3/C2/S3_C2_E791_V0518.mp4', 'S3/C2/S3_C2_E791_V0519.mp4', 'S3/C2/S3_C2_E791_V0520.mp4']",6,3,392,3,False
E792,E792/E792_dtci_r11.npy,"courtship,foraging,grooming,marking,resting,unknown,vigilance",red_deer,sunny,1,test,1,animal,13,786.5,['S3'],['C2'],"['S3_C2_E792_V0521', 'S3_C2_E792_V0522', 'S3_C2_E792_V0523', 'S3_C2_E792_V0524', 'S3_C2_E792_V0525', 'S3_C2_E792_V0526', 'S3_C2_E792_V0527', 'S3_C2_E792_V0528', 'S3_C2_E792_V0529', 'S3_C2_E792_V0530', 'S3_C2_E792_V0531', 'S3_C2_E792_V0532', 'S3_C2_E792_V0533']","['S3/C2/S3_C2_E792_V0521.mp4', 'S3/C2/S3_C2_E792_V0522.mp4', 'S3/C2/S3_C2_E792_V0523.mp4', 'S3/C2/S3_C2_E792_V0524.mp4', 'S3/C2/S3_C2_E792_V0525.mp4', 'S3/C2/S3_C2_E792_V0526.mp4', 'S3/C2/S3_C2_E792_V0527.mp4', 'S3/C2/S3_C2_E792_V0528.mp4', 'S3/C2/S3_C2_E792_V0529.mp4', 'S3/C2/S3_C2_E792_V0530.mp4', 'S3/C2/S3_C2_E792_V0531.mp4', 'S3/C2/S3_C2_E792_V0532.mp4', 'S3/C2/S3_C2_E792_V0533.mp4']",13,13,21890,0,False
E84,E84/E84_dtci_r11.npy,"foraging,unknown,vigilance",red_deer,clear,1,test,1,animal,3,61.5,['S1'],"['C1', 'C2', 'C3']","['S1_C1_E84_V0194', 'S1_C2_E84_V0093', 'S1_C3_E84_V0038']","['S1/C1/S1_C1_E84_V0194.mp4', 'S1/C2/S1_C2_E84_V0093.mp4', 'S1/C3/S1_C3_E84_V0038.mp4']",3,3,990,0,False
