event_id,file_id,anchor_s,anchor_source,file_path,site_id,cam_id,duration,remote_video_path,binary_label,label_name,species,activities,num_individuals,split,start_1s,end_1s,start_2s,end_2s,anchor_index,sample_id,dataset_split,audio_path
E130,S1_C1_E130_V0579,1.3,animal_detection,S1/C1/S1_C1_E130_V0579.mp4,S1,C1,3.0,raw_videos/S1/C1/S1_C1_E130_V0579.mp4,1,animal,red_deer,"courtship,foraging,unknown,vigilance",1,test,0.8,1.8,0.3,2.3,0,E130_0,test,..\data\audio_cache\full\S1_C1_E130_V0579.flac
E130,S1_C1_E130_V0581,1.3333333333333333,animal_detection,S1/C1/S1_C1_E130_V0581.mp4,S1,C1,3.0,raw_videos/S1/C1/S1_C1_E130_V0581.mp4,1,animal,red_deer,"courtship,foraging,unknown,vigilance",1,test,0.8333333333333333,1.8333333333333333,0.3333333333333332,2.333333333333333,1,E130_1,test,..\data\audio_cache\full\S1_C1_E130_V0581.flac
E130,S1_C1_E130_V0585,1.3166666666666669,animal_detection,S1/C1/S1_C1_E130_V0585.mp4,S1,C1,3.0,raw_videos/S1/C1/S1_C1_E130_V0585.mp4,1,animal,red_deer,"courtship,foraging,unknown,vigilance",1,test,0.8166666666666667,1.8166666666666669,0.3166666666666666,2.3166666666666664,2,E130_2,test,..\data\audio_cache\full\S1_C1_E130_V0585.flac
E131,S1_C2_E131_V0289,1.3833333333333333,animal_detection,S1/C2/S1_C2_E131_V0289.mp4,S1,C2,3.0,raw_videos/S1/C2/S1_C2_E131_V0289.mp4,1,animal,red_deer,"foraging,unknown",1,test,0.8833333333333333,1.8833333333333333,0.3833333333333333,2.3833333333333333,0,E131_0,test,..\data\audio_cache\full\S1_C2_E131_V0289.flac
E131,S1_C2_E131_V0296,2.9833333333333334,animal_detection,S1/C2/S1_C2_E131_V0296.mp4,S1,C2,6.0,raw_videos/S1/C2/S1_C2_E131_V0296.mp4,1,animal,red_deer,"foraging,unknown",1,test,2.4833333333333334,3.4833333333333334,1.9833333333333332,3.983333333333333,1,E131_1,test,..\data\audio_cache\full\S1_C2_E131_V0296.flac
E131,S1_C2_E131_V0297,0.85,animal_detection,S1/C2/S1_C2_E131_V0297.mp4,S1,C2,2.0,raw_videos/S1/C2/S1_C2_E131_V0297.mp4,1,animal,red_deer,"foraging,unknown",1,test,0.35,1.35,0.0,2.0,2,E131_2,test,..\data\audio_cache\full\S1_C2_E131_V0297.flac
E132,S1_C1_E132_V0630,0.9833333333333332,animal_detection,S1/C1/S1_C1_E132_V0630.mp4,S1,C1,2.0,raw_videos/S1/C1/S1_C1_E132_V0630.mp4,1,animal,red_deer,foraging,1,test,0.4833333333333333,1.4833333333333334,0.0,2.0,0,E132_0,test,..\data\audio_cache\full\S1_C1_E132_V0630.flac
E133,S1_C1_E133_V0636,0.95,animal_detection,S1/C1/S1_C1_E133_V0636.mp4,S1,C1,2.0,raw_videos/S1/C1/S1_C1_E133_V0636.mp4,1,animal,red_deer,foraging,1,test,0.4499999999999999,1.45,0.0,2.0,0,E133_0,test,..\data\audio_cache\full\S1_C1_E133_V0636.flac
E134,S1_C2_E134_V0303,2.183333333333333,animal_detection,S1/C2/S1_C2_E134_V0303.mp4,S1,C2,4.5,raw_videos/S1/C2/S1_C2_E134_V0303.mp4,1,animal,red_deer,"foraging,unknown",1,test,1.6833333333333331,2.683333333333333,1.1833333333333331,3.183333333333333,0,E134_0,test,..\data\audio_cache\full\S1_C2_E134_V0303.flac
E134,S1_C2_E134_V0304,1.4666666666666666,animal_detection,S1/C2/S1_C2_E134_V0304.mp4,S1,C2,3.0,raw_videos/S1/C2/S1_C2_E134_V0304.mp4,1,animal,red_deer,"foraging,unknown",1,test,0.9666666666666666,1.9666666666666663,0.4666666666666665,2.466666666666667,1,E134_1,test,..\data\audio_cache\full\S1_C2_E134_V0304.flac
E134,S1_C2_E134_V0305,0.7666666666666667,animal_detection,S1/C2/S1_C2_E134_V0305.mp4,S1,C2,2.0,raw_videos/S1/C2/S1_C2_E134_V0305.mp4,1,animal,red_deer,"foraging,unknown",1,test,0.2666666666666667,1.2666666666666666,0.0,2.0,2,E134_2,test,..\data\audio_cache\full\S1_C2_E134_V0305.flac
E135,S1_C1_E135_V0661,14.05,animal_detection,S1/C1/S1_C1_E135_V0661.mp4,S1,C1,120.5,raw_videos/S1/C1/S1_C1_E135_V0661.mp4,1,animal,red_deer,foraging,1,test,13.55,14.55,13.05,15.05,0,E135_0,test,..\data\audio_cache\full\S1_C1_E135_V0661.flac
E136,S1_C1_E136_V0666,1.0,animal_detection,S1/C1/S1_C1_E136_V0666.mp4,S1,C1,2.0,raw_videos/S1/C1/S1_C1_E136_V0666.mp4,1,animal,red_deer,"foraging,unknown,vigilance",1,test,0.5,1.5,0.0,2.0,0,E136_0,test,..\data\audio_cache\full\S1_C1_E136_V0666.flac
E136,S1_C2_E136_V0306,10.25,animal_detection,S1/C2/S1_C2_E136_V0306.mp4,S1,C2,20.5,raw_videos/S1/C2/S1_C2_E136_V0306.mp4,1,animal,red_deer,"foraging,unknown,vigilance",1,test,9.75,10.75,9.25,11.25,1,E136_1,test,..\data\audio_cache\full\S1_C2_E136_V0306.flac
E136,S1_C2_E136_V0313,2.25,animal_detection,S1/C2/S1_C2_E136_V0313.mp4,S1,C2,4.5,raw_videos/S1/C2/S1_C2_E136_V0313.mp4,1,animal,red_deer,"foraging,unknown,vigilance",1,test,1.75,2.75,1.25,3.25,2,E136_2,test,..\data\audio_cache\full\S1_C2_E136_V0313.flac
E137,S1_C1_E137_V0676,0.8666666666666667,animal_detection,S1/C1/S1_C1_E137_V0676.mp4,S1,C1,2.0,raw_videos/S1/C1/S1_C1_E137_V0676.mp4,1,animal,red_deer,"foraging,unknown",1,test,0.3666666666666667,1.3666666666666667,0.0,2.0,0,E137_0,test,..\data\audio_cache\full\S1_C1_E137_V0676.flac
E137,S1_C2_E137_V0316,8.783333333333333,animal_detection,S1/C2/S1_C2_E137_V0316.mp4,S1,C2,18.0,raw_videos/S1/C2/S1_C2_E137_V0316.mp4,1,animal,red_deer,"foraging,unknown",1,test,8.283333333333333,9.283333333333331,7.783333333333333,9.783333333333331,1,E137_1,test,..\data\audio_cache\full\S1_C2_E137_V0316.flac
E137,S1_C2_E137_V0317,3.1666666666666665,animal_detection,S1/C2/S1_C2_E137_V0317.mp4,S1,C2,8.0,raw_videos/S1/C2/S1_C2_E137_V0317.mp4,1,animal,red_deer,"foraging,unknown",1,test,2.6666666666666665,3.6666666666666665,2.1666666666666665,4.166666666666666,2,E137_2,test,..\data\audio_cache\full\S1_C2_E137_V0317.flac
E153,S1_C2_E153_V0383,2.9833333333333334,animal_detection,S1/C2/S1_C2_E153_V0383.mp4,S1,C2,6.0,raw_videos/S1/C2/S1_C2_E153_V0383.mp4,1,animal,red_deer,vigilance,1,test,2.4833333333333334,3.4833333333333334,1.9833333333333332,3.983333333333333,0,E153_0,test,..\data\audio_cache\full\S1_C2_E153_V0383.flac
E154,S1_C2_E154_V0385,2.783333333333333,animal_detection,S1/C2/S1_C2_E154_V0385.mp4,S1,C2,6.0,raw_videos/S1/C2/S1_C2_E154_V0385.mp4,1,animal,red_deer,"foraging,unknown",1,test,2.283333333333333,3.283333333333333,1.7833333333333332,3.783333333333333,0,E154_0,test,..\data\audio_cache\full\S1_C2_E154_V0385.flac
E154,S1_C3_E154_V0066,1.3166666666666669,animal_detection,S1/C3/S1_C3_E154_V0066.mp4,S1,C3,20.5,raw_videos/S1/C3/S1_C3_E154_V0066.mp4,1,animal,red_deer,"foraging,unknown",1,test,0.8166666666666667,1.8166666666666669,0.3166666666666666,2.3166666666666664,1,E154_1,test,..\data\audio_cache\full\S1_C3_E154_V0066.flac
E155,S1_C2_E155_V0388,1.7833333333333334,animal_detection,S1/C2/S1_C2_E155_V0388.mp4,S1,C2,4.0,raw_videos/S1/C2/S1_C2_E155_V0388.mp4,1,animal,red_deer,"foraging,vigilance",1,test,1.2833333333333334,2.283333333333333,0.7833333333333334,2.783333333333333,0,E155_0,test,..\data\audio_cache\full\S1_C2_E155_V0388.flac
E162,S1_C1_E162_V0780,0.3333333333333333,animal_detection,S1/C1/S1_C1_E162_V0780.mp4,S1,C1,120.5,raw_videos/S1/C1/S1_C1_E162_V0780.mp4,1,animal,red_deer,"courtship,escaping,unknown",3+,test,0.0,1.0,0.0,2.0,0,E162_0,test,..\data\audio_cache\full\S1_C1_E162_V0780.flac
E162,S1_C1_E162_V0780,4.05,animal_detection,S1/C1/S1_C1_E162_V0780.mp4,S1,C1,120.5,raw_videos/S1/C1/S1_C1_E162_V0780.mp4,1,animal,red_deer,"courtship,escaping,unknown",3+,test,3.55,4.55,3.05,5.05,1,E162_1,test,..\data\audio_cache\full\S1_C1_E162_V0780.flac
E163,S1_C2_E163_V0392,8.566666666666666,animal_detection,S1/C2/S1_C2_E163_V0392.mp4,S1,C2,17.5,raw_videos/S1/C2/S1_C2_E163_V0392.mp4,1,animal,red_deer,foraging,1,test,8.066666666666666,9.066666666666666,7.566666666666666,9.566666666666666,0,E163_0,test,..\data\audio_cache\full\S1_C2_E163_V0392.flac
E268,S2_C3_E268_V0025,9.4,animal_detection,S2/C3/S2_C3_E268_V0025.mp4,S2,C3,20.5,raw_videos/S2/C3/S2_C3_E268_V0025.mp4,1,animal,red_deer,"foraging,vigilance",1,test,8.9,9.9,8.4,10.4,0,E268_0,test,..\data\audio_cache\full\S2_C3_E268_V0025.flac
E270,S2_C3_E270_V0027,10.25,animal_detection,S2/C3/S2_C3_E270_V0027.mp4,S2,C3,20.5,raw_videos/S2/C3/S2_C3_E270_V0027.mp4,1,animal,red_deer,"foraging,unknown,vigilance",2,test,9.75,10.75,9.25,11.25,0,E270_0,test,..\data\audio_cache\full\S2_C3_E270_V0027.flac
E270,S2_C3_E270_V0029,10.25,animal_detection,S2/C3/S2_C3_E270_V0029.mp4,S2,C3,20.5,raw_videos/S2/C3/S2_C3_E270_V0029.mp4,1,animal,red_deer,"foraging,unknown,vigilance",2,test,9.75,10.75,9.25,11.25,1,E270_1,test,..\data\audio_cache\full\S2_C3_E270_V0029.flac
E270,S2_C3_E270_V0031,2.75,animal_detection,S2/C3/S2_C3_E270_V0031.mp4,S2,C3,20.5,raw_videos/S2/C3/S2_C3_E270_V0031.mp4,1,animal,red_deer,"foraging,unknown,vigilance",2,test,2.25,3.25,1.75,3.75,2,E270_2,test,..\data\audio_cache\full\S2_C3_E270_V0031.flac
E288,S2_C3_E288_V0054,10.25,animal_detection,S2/C3/S2_C3_E288_V0054.mp4,S2,C3,20.5,raw_videos/S2/C3/S2_C3_E288_V0054.mp4,1,animal,roe_deer,"foraging,unknown",1,test,9.75,10.75,9.25,11.25,0,E288_0,test,..\data\audio_cache\full\S2_C3_E288_V0054.flac
E290,S2_C2_E290_V0042,6.85,animal_detection,S2/C2/S2_C2_E290_V0042.mp4,S2,C2,20.5,raw_videos/S2/C2/S2_C2_E290_V0042.mp4,1,animal,red_deer,"foraging,vigilance",1,test,6.35,7.35,5.85,7.85,0,E290_0,test,..\data\audio_cache\full\S2_C2_E290_V0042.flac
E290,S2_C3_E290_V0057,10.266666666666667,animal_detection,S2/C3/S2_C3_E290_V0057.mp4,S2,C3,20.5,raw_videos/S2/C3/S2_C3_E290_V0057.mp4,1,animal,red_deer,"foraging,vigilance",1,test,9.766666666666667,10.766666666666667,9.266666666666667,11.266666666666667,1,E290_1,test,..\data\audio_cache\full\S2_C3_E290_V0057.flac
E290,S2_C3_E290_V0058,4.733333333333333,animal_detection,S2/C3/S2_C3_E290_V0058.mp4,S2,C3,20.5,raw_videos/S2/C3/S2_C3_E290_V0058.mp4,1,animal,red_deer,"foraging,vigilance",1,test,4.233333333333333,5.233333333333333,3.733333333333333,5.733333333333333,2,E290_2,test,..\data\audio_cache\full\S2_C3_E290_V0058.flac
E291,S2_C1_E291_V0043,5.433333333333334,animal_detection,S2/C1/S2_C1_E291_V0043.mp4,S2,C1,20.5,raw_videos/S2/C1/S2_C1_E291_V0043.mp4,1,animal,red_deer,"foraging,unknown",2,test,4.933333333333334,5.933333333333334,4.433333333333334,6.433333333333334,0,E291_0,test,..\data\audio_cache\full\S2_C1_E291_V0043.flac
E291,S2_C2_E291_V0043,10.25,animal_detection,S2/C2/S2_C2_E291_V0043.mp4,S2,C2,20.5,raw_videos/S2/C2/S2_C2_E291_V0043.mp4,1,animal,red_deer,"foraging,unknown",2,test,9.75,10.75,9.25,11.25,1,E291_1,test,..\data\audio_cache\full\S2_C2_E291_V0043.flac
E291,S2_C3_E291_V0059,9.0,animal_detection,S2/C3/S2_C3_E291_V0059.mp4,S2,C3,20.5,raw_videos/S2/C3/S2_C3_E291_V0059.mp4,1,animal,red_deer,"foraging,unknown",2,test,8.5,9.5,8.0,10.0,2,E291_2,test,..\data\audio_cache\full\S2_C3_E291_V0059.flac
E292,S2_C2_E292_V0045,8.833333333333332,animal_detection,S2/C2/S2_C2_E292_V0045.mp4,S2,C2,20.5,raw_videos/S2/C2/S2_C2_E292_V0045.mp4,1,animal,"red_deer,wolf",chasing,3+,test,8.333333333333332,9.333333333333332,7.833333333333332,9.833333333333332,0,E292_0,test,..\data\audio_cache\full\S2_C2_E292_V0045.flac
E292,S2_C3_E292_V0061,0.7,animal_detection,S2/C3/S2_C3_E292_V0061.mp4,S2,C3,20.5,raw_videos/S2/C3/S2_C3_E292_V0061.mp4,1,animal,"red_deer,wolf",chasing,3+,test,0.1999999999999999,1.2,0.0,2.0,1,E292_1,test,..\data\audio_cache\full\S2_C3_E292_V0061.flac
E292,S2_C3_E292_V0061,11.216666666666669,animal_detection,S2/C3/S2_C3_E292_V0061.mp4,S2,C3,20.5,raw_videos/S2/C3/S2_C3_E292_V0061.mp4,1,animal,"red_deer,wolf",chasing,3+,test,10.716666666666669,11.716666666666669,10.216666666666669,12.216666666666669,2,E292_2,test,..\data\audio_cache\full\S2_C3_E292_V0061.flac
E293,S2_C2_E293_V0046,1.4333333333333331,animal_detection,S2/C2/S2_C2_E293_V0046.mp4,S2,C2,20.5,raw_videos/S2/C2/S2_C2_E293_V0046.mp4,1,animal,red_deer,unknown,1,test,0.9333333333333332,1.9333333333333331,0.4333333333333333,2.4333333333333336,0,E293_0,test,..\data\audio_cache\full\S2_C2_E293_V0046.flac
E293,S2_C3_E293_V0062,0.7833333333333333,animal_detection,S2/C3/S2_C3_E293_V0062.mp4,S2,C3,20.5,raw_videos/S2/C3/S2_C3_E293_V0062.mp4,1,animal,red_deer,unknown,1,test,0.2833333333333333,1.2833333333333332,0.0,2.0,1,E293_1,test,..\data\audio_cache\full\S2_C3_E293_V0062.flac
E297,S2_C2_E297_V0048,30.125,background,S2/C2/S2_C2_E297_V0048.mp4,S2,C2,120.5,raw_videos/S2/C2/S2_C2_E297_V0048.mp4,0,background,none,none,0,test,29.625,30.625,29.125,31.125,0,E297_0,test,..\data\audio_cache\full\S2_C2_E297_V0048.flac
E297,S2_C2_E297_V0048,60.25,background,S2/C2/S2_C2_E297_V0048.mp4,S2,C2,120.5,raw_videos/S2/C2/S2_C2_E297_V0048.mp4,0,background,none,none,0,test,59.75,60.75,59.25,61.25,1,E297_1,test,..\data\audio_cache\full\S2_C2_E297_V0048.flac
E297,S2_C2_E297_V0048,90.375,background,S2/C2/S2_C2_E297_V0048.mp4,S2,C2,120.5,raw_videos/S2/C2/S2_C2_E297_V0048.mp4,0,background,none,none,0,test,89.875,90.875,89.375,91.375,2,E297_2,test,..\data\audio_cache\full\S2_C2_E297_V0048.flac
E300,S2_C1_E300_V0048,5.6,animal_detection,S2/C1/S2_C1_E300_V0048.mp4,S2,C1,20.5,raw_videos/S2/C1/S2_C1_E300_V0048.mp4,1,animal,red_deer,"camera_reaction,foraging,unknown,vigilance",2,test,5.1,6.1,4.6,6.6,0,E300_0,test,..\data\audio_cache\full\S2_C1_E300_V0048.flac
E300,S2_C3_E300_V0067,10.25,animal_detection,S2/C3/S2_C3_E300_V0067.mp4,S2,C3,20.5,raw_videos/S2/C3/S2_C3_E300_V0067.mp4,1,animal,red_deer,"camera_reaction,foraging,unknown,vigilance",2,test,9.75,10.75,9.25,11.25,1,E300_1,test,..\data\audio_cache\full\S2_C3_E300_V0067.flac
E300,S2_C3_E300_V0068,5.416666666666667,animal_detection,S2/C3/S2_C3_E300_V0068.mp4,S2,C3,20.5,raw_videos/S2/C3/S2_C3_E300_V0068.mp4,1,animal,red_deer,"camera_reaction,foraging,unknown,vigilance",2,test,4.916666666666667,5.916666666666667,4.416666666666667,6.416666666666667,2,E300_2,test,..\data\audio_cache\full\S2_C3_E300_V0068.flac
E301,S2_C1_E301_V0049,30.433333333333334,animal_detection,S2/C1/S2_C1_E301_V0049.mp4,S2,C1,120.5,raw_videos/S2/C1/S2_C1_E301_V0049.mp4,1,animal,red_deer,"camera_reaction,foraging,unknown,vigilance",3+,test,29.933333333333334,30.933333333333334,29.433333333333334,31.433333333333334,0,E301_0,test,..\data\audio_cache\full\S2_C1_E301_V0049.flac
E301,S2_C2_E301_V0052,36.98333333333333,animal_detection,S2/C2/S2_C2_E301_V0052.mp4,S2,C2,120.5,raw_videos/S2/C2/S2_C2_E301_V0052.mp4,1,animal,red_deer,"camera_reaction,foraging,unknown,vigilance",3+,test,36.48333333333333,37.48333333333333,35.983333333333334,37.98333333333333,1,E301_1,test,..\data\audio_cache\full\S2_C2_E301_V0052.flac
E301,S2_C3_E301_V0069,34.18333333333333,animal_detection,S2/C3/S2_C3_E301_V0069.mp4,S2,C3,120.5,raw_videos/S2/C3/S2_C3_E301_V0069.mp4,1,animal,red_deer,"camera_reaction,foraging,unknown,vigilance",3+,test,33.68333333333333,34.68333333333333,33.18333333333333,35.18333333333333,2,E301_2,test,..\data\audio_cache\full\S2_C3_E301_V0069.flac
E304,S2_C1_E304_V0050,22.3,animal_detection,S2/C1/S2_C1_E304_V0050.mp4,S2,C1,120.5,raw_videos/S2/C1/S2_C1_E304_V0050.mp4,1,animal,red_deer,"foraging,unknown,vigilance",3+,test,21.8,22.8,21.3,23.3,0,E304_0,test,..\data\audio_cache\full\S2_C1_E304_V0050.flac
E304,S2_C2_E304_V0055,1.5833333333333333,animal_detection,S2/C2/S2_C2_E304_V0055.mp4,S2,C2,120.5,raw_videos/S2/C2/S2_C2_E304_V0055.mp4,1,animal,red_deer,"foraging,unknown,vigilance",3+,test,1.0833333333333333,2.083333333333333,0.5833333333333333,2.583333333333333,1,E304_1,test,..\data\audio_cache\full\S2_C2_E304_V0055.flac
E304,S2_C3_E304_V0070,2.066666666666667,animal_detection,S2/C3/S2_C3_E304_V0070.mp4,S2,C3,120.5,raw_videos/S2/C3/S2_C3_E304_V0070.mp4,1,animal,red_deer,"foraging,unknown,vigilance",3+,test,1.5666666666666669,2.566666666666667,1.0666666666666669,3.066666666666667,2,E304_2,test,..\data\audio_cache\full\S2_C3_E304_V0070.flac
E305,S2_C1_E305_V0051,1.4666666666666666,animal_detection,S2/C1/S2_C1_E305_V0051.mp4,S2,C1,120.5,raw_videos/S2/C1/S2_C1_E305_V0051.mp4,1,animal,red_deer,"chasing,unknown,vigilance",2,test,0.9666666666666666,1.9666666666666663,0.4666666666666665,2.466666666666667,0,E305_0,test,..\data\audio_cache\full\S2_C1_E305_V0051.flac
E305,S2_C2_E305_V0056,2.433333333333333,animal_detection,S2/C2/S2_C2_E305_V0056.mp4,S2,C2,120.5,raw_videos/S2/C2/S2_C2_E305_V0056.mp4,1,animal,red_deer,"chasing,unknown,vigilance",2,test,1.933333333333333,2.933333333333333,1.4333333333333331,3.433333333333333,1,E305_1,test,..\data\audio_cache\full\S2_C2_E305_V0056.flac
E305,S2_C3_E305_V0071,3.8333333333333335,animal_detection,S2/C3/S2_C3_E305_V0071.mp4,S2,C3,120.5,raw_videos/S2/C3/S2_C3_E305_V0071.mp4,1,animal,red_deer,"chasing,unknown,vigilance",2,test,3.333333333333333,4.333333333333334,2.833333333333333,4.833333333333334,2,E305_2,test,..\data\audio_cache\full\S2_C3_E305_V0071.flac
E306,S2_C1_E306_V0053,3.466666666666667,animal_detection,S2/C1/S2_C1_E306_V0053.mp4,S2,C1,20.5,raw_videos/S2/C1/S2_C1_E306_V0053.mp4,1,animal,red_deer,"foraging,unknown,vigilance",1,test,2.966666666666667,3.966666666666667,2.466666666666667,4.466666666666667,0,E306_0,test,..\data\audio_cache\full\S2_C1_E306_V0053.flac
E306,S2_C3_E306_V0072,10.25,animal_detection,S2/C3/S2_C3_E306_V0072.mp4,S2,C3,20.5,raw_videos/S2/C3/S2_C3_E306_V0072.mp4,1,animal,red_deer,"foraging,unknown,vigilance",1,test,9.75,10.75,9.25,11.25,1,E306_1,test,..\data\audio_cache\full\S2_C3_E306_V0072.flac
E306,S2_C3_E306_V0074,10.283333333333331,animal_detection,S2/C3/S2_C3_E306_V0074.mp4,S2,C3,20.5,raw_videos/S2/C3/S2_C3_E306_V0074.mp4,1,animal,red_deer,"foraging,unknown,vigilance",1,test,9.783333333333331,10.783333333333331,9.283333333333331,11.283333333333331,2,E306_2,test,..\data\audio_cache\full\S2_C3_E306_V0074.flac
E319,S2_C3_E319_V0089,3.15,animal_detection,S2/C3/S2_C3_E319_V0089.mp4,S2,C3,20.5,raw_videos/S2/C3/S2_C3_E319_V0089.mp4,1,animal,red_deer,foraging,1,test,2.65,3.65,2.15,4.15,0,E319_0,test,..\data\audio_cache\full\S2_C3_E319_V0089.flac
E32,S1_C1_E32_V0068,10.916666666666666,animal_detection,S1/C1/S1_C1_E32_V0068.mp4,S1,C1,120.5,raw_videos/S1/C1/S1_C1_E32_V0068.mp4,1,animal,red_deer,"foraging,vigilance",1,test,10.416666666666666,11.416666666666666,9.916666666666666,11.916666666666666,0,E32_0,test,..\data\audio_cache\full\S1_C1_E32_V0068.flac
E321,S2_C1_E321_V0067,30.125,background,S2/C1/S2_C1_E321_V0067.mp4,S2,C1,120.5,raw_videos/S2/C1/S2_C1_E321_V0067.mp4,0,background,none,none,0,test,29.625,30.625,29.125,31.125,0,E321_0,test,..\data\audio_cache\full\S2_C1_E321_V0067.flac
E321,S2_C1_E321_V0067,60.25,background,S2/C1/S2_C1_E321_V0067.mp4,S2,C1,120.5,raw_videos/S2/C1/S2_C1_E321_V0067.mp4,0,background,none,none,0,test,59.75,60.75,59.25,61.25,1,E321_1,test,..\data\audio_cache\full\S2_C1_E321_V0067.flac
E321,S2_C1_E321_V0067,90.375,background,S2/C1/S2_C1_E321_V0067.mp4,S2,C1,120.5,raw_videos/S2/C1/S2_C1_E321_V0067.mp4,0,background,none,none,0,test,89.875,90.875,89.375,91.375,2,E321_2,test,..\data\audio_cache\full\S2_C1_E321_V0067.flac
E322,S2_C1_E322_V0068,30.125,background,S2/C1/S2_C1_E322_V0068.mp4,S2,C1,120.5,raw_videos/S2/C1/S2_C1_E322_V0068.mp4,0,background,none,none,0,test,29.625,30.625,29.125,31.125,0,E322_0,test,..\data\audio_cache\full\S2_C1_E322_V0068.flac
E322,S2_C1_E322_V0068,60.25,background,S2/C1/S2_C1_E322_V0068.mp4,S2,C1,120.5,raw_videos/S2/C1/S2_C1_E322_V0068.mp4,0,background,none,none,0,test,59.75,60.75,59.25,61.25,1,E322_1,test,..\data\audio_cache\full\S2_C1_E322_V0068.flac
E322,S2_C1_E322_V0069,30.125,background,S2/C1/S2_C1_E322_V0069.mp4,S2,C1,120.5,raw_videos/S2/C1/S2_C1_E322_V0069.mp4,0,background,none,none,0,test,29.625,30.625,29.125,31.125,2,E322_2,test,..\data\audio_cache\full\S2_C1_E322_V0069.flac
E333,S2_C3_E333_V0098,1.8166666666666669,animal_detection,S2/C3/S2_C3_E333_V0098.mp4,S2,C3,120.5,raw_videos/S2/C3/S2_C3_E333_V0098.mp4,1,animal,roe_deer,"foraging,unknown,vigilance",1,test,1.3166666666666669,2.3166666666666664,0.8166666666666667,2.8166666666666664,0,E333_0,test,..\data\audio_cache\full\S2_C3_E333_V0098.flac
E333,S2_C3_E333_V0098,74.46666666666667,animal_detection,S2/C3/S2_C3_E333_V0098.mp4,S2,C3,120.5,raw_videos/S2/C3/S2_C3_E333_V0098.mp4,1,animal,roe_deer,"foraging,unknown,vigilance",1,test,73.96666666666667,74.96666666666667,73.46666666666667,75.46666666666667,1,E333_1,test,..\data\audio_cache\full\S2_C3_E333_V0098.flac
E384,S2_C1_E384_V0110,2.316666666666667,animal_detection,S2/C1/S2_C1_E384_V0110.mp4,S2,C1,20.5,raw_videos/S2/C1/S2_C1_E384_V0110.mp4,1,animal,red_deer,"foraging,vigilance",1,test,1.8166666666666669,2.816666666666667,1.3166666666666669,3.316666666666667,0,E384_0,test,..\data\audio_cache\full\S2_C1_E384_V0110.flac
E384,S2_C2_E384_V0127,10.25,animal_detection,S2/C2/S2_C2_E384_V0127.mp4,S2,C2,20.5,raw_videos/S2/C2/S2_C2_E384_V0127.mp4,1,animal,red_deer,"foraging,vigilance",1,test,9.75,10.75,9.25,11.25,1,E384_1,test,..\data\audio_cache\full\S2_C2_E384_V0127.flac
E384,S2_C3_E384_V0125,6.016666666666667,animal_detection,S2/C3/S2_C3_E384_V0125.mp4,S2,C3,20.5,raw_videos/S2/C3/S2_C3_E384_V0125.mp4,1,animal,red_deer,"foraging,vigilance",1,test,5.516666666666667,6.516666666666667,5.016666666666667,7.016666666666667,2,E384_2,test,..\data\audio_cache\full\S2_C3_E384_V0125.flac
E385,S2_C3_E385_V0126,10.1,animal_detection,S2/C3/S2_C3_E385_V0126.mp4,S2,C3,20.5,raw_videos/S2/C3/S2_C3_E385_V0126.mp4,1,animal,fox,"foraging,vigilance",1,test,9.6,10.6,9.1,11.1,0,E385_0,test,..\data\audio_cache\full\S2_C3_E385_V0126.flac
E460,S3_C2_E460_V0063,10.25,animal_detection,S3/C2/S3_C2_E460_V0063.mp4,S3,C2,20.5,raw_videos/S3/C2/S3_C2_E460_V0063.mp4,1,animal,red_deer,"foraging,vigilance",3+,test,9.75,10.75,9.25,11.25,0,E460_0,test,..\data\audio_cache\full\S3_C2_E460_V0063.flac
E460,S3_C3_E460_V0175,10.25,animal_detection,S3/C3/S3_C3_E460_V0175.mp4,S3,C3,20.5,raw_videos/S3/C3/S3_C3_E460_V0175.mp4,1,animal,red_deer,"foraging,vigilance",3+,test,9.75,10.75,9.25,11.25,1,E460_1,test,..\data\audio_cache\full\S3_C3_E460_V0175.flac
E460,S3_C3_E460_V0176,10.25,animal_detection,S3/C3/S3_C3_E460_V0176.mp4,S3,C3,20.5,raw_videos/S3/C3/S3_C3_E460_V0176.mp4,1,animal,red_deer,"foraging,vigilance",3+,test,9.75,10.75,9.25,11.25,2,E460_2,test,..\data\audio_cache\full\S3_C3_E460_V0176.flac
E461,S3_C3_E461_V0178,2.566666666666667,animal_detection,S3/C3/S3_C3_E461_V0178.mp4,S3,C3,20.5,raw_videos/S3/C3/S3_C3_E461_V0178.mp4,1,animal,red_deer,vigilance,1,test,2.066666666666667,3.066666666666667,1.5666666666666669,3.566666666666667,0,E461_0,test,..\data\audio_cache\full\S3_C3_E461_V0178.flac
E501,S3_C2_E501_V0082,10.25,animal_detection,S3/C2/S3_C2_E501_V0082.mp4,S3,C2,20.5,raw_videos/S3/C2/S3_C2_E501_V0082.mp4,1,animal,red_deer,"foraging,vigilance",1,test,9.75,10.75,9.25,11.25,0,E501_0,test,..\data\audio_cache\full\S3_C2_E501_V0082.flac
E501,S3_C3_E501_V0277,10.266666666666667,animal_detection,S3/C3/S3_C3_E501_V0277.mp4,S3,C3,20.5,raw_videos/S3/C3/S3_C3_E501_V0277.mp4,1,animal,red_deer,"foraging,vigilance",1,test,9.766666666666667,10.766666666666667,9.266666666666667,11.266666666666667,1,E501_1,test,..\data\audio_cache\full\S3_C3_E501_V0277.flac
E501,S3_C3_E501_V0280,6.4,animal_detection,S3/C3/S3_C3_E501_V0280.mp4,S3,C3,15.5,raw_videos/S3/C3/S3_C3_E501_V0280.mp4,1,animal,red_deer,"foraging,vigilance",1,test,5.9,6.9,5.4,7.4,2,E501_2,test,..\data\audio_cache\full\S3_C3_E501_V0280.flac
E503,S3_C3_E503_V0282,45.375,background,S3/C3/S3_C3_E503_V0282.mp4,S3,C3,60.5,raw_videos/S3/C3/S3_C3_E503_V0282.mp4,0,background,none,none,0,test,44.875,45.875,44.375,46.375,0,E503_0,test,..\data\audio_cache\full\S3_C3_E503_V0282.flac
E503,S3_C3_E503_V0285,15.125,background,S3/C3/S3_C3_E503_V0285.mp4,S3,C3,60.5,raw_videos/S3/C3/S3_C3_E503_V0285.mp4,0,background,none,none,0,test,14.625,15.625,14.125,16.125,1,E503_1,test,..\data\audio_cache\full\S3_C3_E503_V0285.flac
E503,S3_C3_E503_V0287,30.25,background,S3/C3/S3_C3_E503_V0287.mp4,S3,C3,60.5,raw_videos/S3/C3/S3_C3_E503_V0287.mp4,0,background,none,none,0,test,29.75,30.75,29.25,31.25,2,E503_2,test,..\data\audio_cache\full\S3_C3_E503_V0287.flac
E504,S3_C3_E504_V0288,15.125,background,S3/C3/S3_C3_E504_V0288.mp4,S3,C3,60.5,raw_videos/S3/C3/S3_C3_E504_V0288.mp4,0,background,none,none,0,test,14.625,15.625,14.125,16.125,0,E504_0,test,..\data\audio_cache\full\S3_C3_E504_V0288.flac
E504,S3_C3_E504_V0288,30.25,background,S3/C3/S3_C3_E504_V0288.mp4,S3,C3,60.5,raw_videos/S3/C3/S3_C3_E504_V0288.mp4,0,background,none,none,0,test,29.75,30.75,29.25,31.25,1,E504_1,test,..\data\audio_cache\full\S3_C3_E504_V0288.flac
E504,S3_C3_E504_V0288,45.375,background,S3/C3/S3_C3_E504_V0288.mp4,S3,C3,60.5,raw_videos/S3/C3/S3_C3_E504_V0288.mp4,0,background,none,none,0,test,44.875,45.875,44.375,46.375,2,E504_2,test,..\data\audio_cache\full\S3_C3_E504_V0288.flac
E505,S3_C3_E505_V0289,15.125,background,S3/C3/S3_C3_E505_V0289.mp4,S3,C3,60.5,raw_videos/S3/C3/S3_C3_E505_V0289.mp4,0,background,none,none,0,test,14.625,15.625,14.125,16.125,0,E505_0,test,..\data\audio_cache\full\S3_C3_E505_V0289.flac
E505,S3_C3_E505_V0290,15.125,background,S3/C3/S3_C3_E505_V0290.mp4,S3,C3,60.5,raw_videos/S3/C3/S3_C3_E505_V0290.mp4,0,background,none,none,0,test,14.625,15.625,14.125,16.125,1,E505_1,test,..\data\audio_cache\full\S3_C3_E505_V0290.flac
E505,S3_C3_E505_V0290,45.375,background,S3/C3/S3_C3_E505_V0290.mp4,S3,C3,60.5,raw_videos/S3/C3/S3_C3_E505_V0290.mp4,0,background,none,none,0,test,44.875,45.875,44.375,46.375,2,E505_2,test,..\data\audio_cache\full\S3_C3_E505_V0290.flac
E506,S3_C3_E506_V0291,15.125,background,S3/C3/S3_C3_E506_V0291.mp4,S3,C3,60.5,raw_videos/S3/C3/S3_C3_E506_V0291.mp4,0,background,none,none,0,test,14.625,15.625,14.125,16.125,0,E506_0,test,..\data\audio_cache\full\S3_C3_E506_V0291.flac
E506,S3_C3_E506_V0291,30.25,background,S3/C3/S3_C3_E506_V0291.mp4,S3,C3,60.5,raw_videos/S3/C3/S3_C3_E506_V0291.mp4,0,background,none,none,0,test,29.75,30.75,29.25,31.25,1,E506_1,test,..\data\audio_cache\full\S3_C3_E506_V0291.flac
E506,S3_C3_E506_V0291,45.375,background,S3/C3/S3_C3_E506_V0291.mp4,S3,C3,60.5,raw_videos/S3/C3/S3_C3_E506_V0291.mp4,0,background,none,none,0,test,44.875,45.875,44.375,46.375,2,E506_2,test,..\data\audio_cache\full\S3_C3_E506_V0291.flac
E507,S3_C3_E507_V0292,15.125,background,S3/C3/S3_C3_E507_V0292.mp4,S3,C3,60.5,raw_videos/S3/C3/S3_C3_E507_V0292.mp4,0,background,none,none,0,test,14.625,15.625,14.125,16.125,0,E507_0,test,..\data\audio_cache\full\S3_C3_E507_V0292.flac
E507,S3_C3_E507_V0292,30.25,background,S3/C3/S3_C3_E507_V0292.mp4,S3,C3,60.5,raw_videos/S3/C3/S3_C3_E507_V0292.mp4,0,background,none,none,0,test,29.75,30.75,29.25,31.25,1,E507_1,test,..\data\audio_cache\full\S3_C3_E507_V0292.flac
E507,S3_C3_E507_V0292,45.375,background,S3/C3/S3_C3_E507_V0292.mp4,S3,C3,60.5,raw_videos/S3/C3/S3_C3_E507_V0292.mp4,0,background,none,none,0,test,44.875,45.875,44.375,46.375,2,E507_2,test,..\data\audio_cache\full\S3_C3_E507_V0292.flac
E508,S3_C3_E508_V0293,15.125,background,S3/C3/S3_C3_E508_V0293.mp4,S3,C3,60.5,raw_videos/S3/C3/S3_C3_E508_V0293.mp4,0,background,none,none,0,test,14.625,15.625,14.125,16.125,0,E508_0,test,..\data\audio_cache\full\S3_C3_E508_V0293.flac
E508,S3_C3_E508_V0293,30.25,background,S3/C3/S3_C3_E508_V0293.mp4,S3,C3,60.5,raw_videos/S3/C3/S3_C3_E508_V0293.mp4,0,background,none,none,0,test,29.75,30.75,29.25,31.25,1,E508_1,test,..\data\audio_cache\full\S3_C3_E508_V0293.flac
E508,S3_C3_E508_V0293,45.375,background,S3/C3/S3_C3_E508_V0293.mp4,S3,C3,60.5,raw_videos/S3/C3/S3_C3_E508_V0293.mp4,0,background,none,none,0,test,44.875,45.875,44.375,46.375,2,E508_2,test,..\data\audio_cache\full\S3_C3_E508_V0293.flac
E509,S3_C2_E509_V0084,15.125,background,S3/C2/S3_C2_E509_V0084.mp4,S3,C2,60.5,raw_videos/S3/C2/S3_C2_E509_V0084.mp4,0,background,none,none,0,test,14.625,15.625,14.125,16.125,0,E509_0,test,..\data\audio_cache\full\S3_C2_E509_V0084.flac
E509,S3_C2_E509_V0084,30.25,background,S3/C2/S3_C2_E509_V0084.mp4,S3,C2,60.5,raw_videos/S3/C2/S3_C2_E509_V0084.mp4,0,background,none,none,0,test,29.75,30.75,29.25,31.25,1,E509_1,test,..\data\audio_cache\full\S3_C2_E509_V0084.flac
E509,S3_C2_E509_V0084,45.375,background,S3/C2/S3_C2_E509_V0084.mp4,S3,C2,60.5,raw_videos/S3/C2/S3_C2_E509_V0084.mp4,0,background,none,none,0,test,44.875,45.875,44.375,46.375,2,E509_2,test,..\data\audio_cache\full\S3_C2_E509_V0084.flac
E515,S3_C2_E515_V0086,30.25,animal_detection,S3/C2/S3_C2_E515_V0086.mp4,S3,C2,60.5,raw_videos/S3/C2/S3_C2_E515_V0086.mp4,1,animal,red_deer,"foraging,grooming,unknown,vigilance",2,test,29.75,30.75,29.25,31.25,0,E515_0,test,..\data\audio_cache\full\S3_C2_E515_V0086.flac
E515,S3_C3_E515_V0313,30.25,animal_detection,S3/C3/S3_C3_E515_V0313.mp4,S3,C3,60.5,raw_videos/S3/C3/S3_C3_E515_V0313.mp4,1,animal,red_deer,"foraging,grooming,unknown,vigilance",2,test,29.75,30.75,29.25,31.25,1,E515_1,test,..\data\audio_cache\full\S3_C3_E515_V0313.flac
E515,S3_C3_E515_V0316,3.066666666666667,animal_detection,S3/C3/S3_C3_E515_V0316.mp4,S3,C3,60.5,raw_videos/S3/C3/S3_C3_E515_V0316.mp4,1,animal,red_deer,"foraging,grooming,unknown,vigilance",2,test,2.566666666666667,3.566666666666667,2.066666666666667,4.066666666666666,2,E515_2,test,..\data\audio_cache\full\S3_C3_E515_V0316.flac
E523,S3_C3_E523_V0324,15.125,background,S3/C3/S3_C3_E523_V0324.mp4,S3,C3,60.5,raw_videos/S3/C3/S3_C3_E523_V0324.mp4,0,background,none,none,0,test,14.625,15.625,14.125,16.125,0,E523_0,test,..\data\audio_cache\full\S3_C3_E523_V0324.flac
E523,S3_C3_E523_V0324,30.25,background,S3/C3/S3_C3_E523_V0324.mp4,S3,C3,60.5,raw_videos/S3/C3/S3_C3_E523_V0324.mp4,0,background,none,none,0,test,29.75,30.75,29.25,31.25,1,E523_1,test,..\data\audio_cache\full\S3_C3_E523_V0324.flac
E523,S3_C3_E523_V0324,45.375,background,S3/C3/S3_C3_E523_V0324.mp4,S3,C3,60.5,raw_videos/S3/C3/S3_C3_E523_V0324.mp4,0,background,none,none,0,test,44.875,45.875,44.375,46.375,2,E523_2,test,..\data\audio_cache\full\S3_C3_E523_V0324.flac
E524,S3_C2_E524_V0087,10.25,animal_detection,S3/C2/S3_C2_E524_V0087.mp4,S3,C2,20.5,raw_videos/S3/C2/S3_C2_E524_V0087.mp4,1,animal,red_deer,"foraging,grooming,marking,resting,unknown,vigilance",1,test,9.75,10.75,9.25,11.25,0,E524_0,test,..\data\audio_cache\full\S3_C2_E524_V0087.flac
E524,S3_C3_E524_V0327,8.916666666666666,animal_detection,S3/C3/S3_C3_E524_V0327.mp4,S3,C3,20.5,raw_videos/S3/C3/S3_C3_E524_V0327.mp4,1,animal,red_deer,"foraging,grooming,marking,resting,unknown,vigilance",1,test,8.416666666666666,9.416666666666666,7.916666666666666,9.916666666666666,1,E524_1,test,..\data\audio_cache\full\S3_C3_E524_V0327.flac
E524,S3_C3_E524_V0329,5.416666666666667,animal_detection,S3/C3/S3_C3_E524_V0329.mp4,S3,C3,10.5,raw_videos/S3/C3/S3_C3_E524_V0329.mp4,1,animal,red_deer,"foraging,grooming,marking,resting,unknown,vigilance",1,test,4.916666666666667,5.916666666666667,4.416666666666667,6.416666666666667,2,E524_2,test,..\data\audio_cache\full\S3_C3_E524_V0329.flac
E525,S3_C2_E525_V0091,7.5,animal_detection,S3/C2/S3_C2_E525_V0091.mp4,S3,C2,20.5,raw_videos/S3/C2/S3_C2_E525_V0091.mp4,1,animal,red_deer,"foraging,grooming,marking,unknown,vigilance",1,test,7.0,8.0,6.5,8.5,0,E525_0,test,..\data\audio_cache\full\S3_C2_E525_V0091.flac
E525,S3_C3_E525_V0335,0.9333333333333332,animal_detection,S3/C3/S3_C3_E525_V0335.mp4,S3,C3,2.0,raw_videos/S3/C3/S3_C3_E525_V0335.mp4,1,animal,red_deer,"foraging,grooming,marking,unknown,vigilance",1,test,0.4333333333333333,1.4333333333333331,0.0,2.0,1,E525_1,test,..\data\audio_cache\full\S3_C3_E525_V0335.flac
E525,S3_C3_E525_V0344,1.5,animal_detection,S3/C3/S3_C3_E525_V0344.mp4,S3,C3,3.0,raw_videos/S3/C3/S3_C3_E525_V0344.mp4,1,animal,red_deer,"foraging,grooming,marking,unknown,vigilance",1,test,1.0,2.0,0.5,2.5,2,E525_2,test,..\data\audio_cache\full\S3_C3_E525_V0344.flac
E526,S3_C3_E526_V0345,30.25,animal_detection,S3/C3/S3_C3_E526_V0345.mp4,S3,C3,60.5,raw_videos/S3/C3/S3_C3_E526_V0345.mp4,1,animal,red_deer,foraging,1,test,29.75,30.75,29.25,31.25,0,E526_0,test,..\data\audio_cache\full\S3_C3_E526_V0345.flac
E529,S3_C3_E529_V0348,15.125,background,S3/C3/S3_C3_E529_V0348.mp4,S3,C3,60.5,raw_videos/S3/C3/S3_C3_E529_V0348.mp4,0,background,none,none,0,test,14.625,15.625,14.125,16.125,0,E529_0,test,..\data\audio_cache\full\S3_C3_E529_V0348.flac
E529,S3_C3_E529_V0350,15.125,background,S3/C3/S3_C3_E529_V0350.mp4,S3,C3,60.5,raw_videos/S3/C3/S3_C3_E529_V0350.mp4,0,background,none,none,0,test,14.625,15.625,14.125,16.125,1,E529_1,test,..\data\audio_cache\full\S3_C3_E529_V0350.flac
E529,S3_C3_E529_V0350,30.25,background,S3/C3/S3_C3_E529_V0350.mp4,S3,C3,60.5,raw_videos/S3/C3/S3_C3_E529_V0350.mp4,0,background,none,none,0,test,29.75,30.75,29.25,31.25,2,E529_2,test,..\data\audio_cache\full\S3_C3_E529_V0350.flac
E532,S3_C3_E532_V0355,30.25,background,S3/C3/S3_C3_E532_V0355.mp4,S3,C3,60.5,raw_videos/S3/C3/S3_C3_E532_V0355.mp4,0,background,none,none,0,test,29.75,30.75,29.25,31.25,0,E532_0,test,..\data\audio_cache\full\S3_C3_E532_V0355.flac
E532,S3_C3_E532_V0358,30.25,background,S3/C3/S3_C3_E532_V0358.mp4,S3,C3,60.5,raw_videos/S3/C3/S3_C3_E532_V0358.mp4,0,background,none,none,0,test,29.75,30.75,29.25,31.25,1,E532_1,test,..\data\audio_cache\full\S3_C3_E532_V0358.flac
E532,S3_C3_E532_V0359,30.25,background,S3/C3/S3_C3_E532_V0359.mp4,S3,C3,60.5,raw_videos/S3/C3/S3_C3_E532_V0359.mp4,0,background,none,none,0,test,29.75,30.75,29.25,31.25,2,E532_2,test,..\data\audio_cache\full\S3_C3_E532_V0359.flac
E534,S3_C3_E534_V0362,15.125,background,S3/C3/S3_C3_E534_V0362.mp4,S3,C3,60.5,raw_videos/S3/C3/S3_C3_E534_V0362.mp4,0,background,none,none,0,test,14.625,15.625,14.125,16.125,0,E534_0,test,..\data\audio_cache\full\S3_C3_E534_V0362.flac
E534,S3_C3_E534_V0364,30.25,background,S3/C3/S3_C3_E534_V0364.mp4,S3,C3,60.5,raw_videos/S3/C3/S3_C3_E534_V0364.mp4,0,background,none,none,0,test,29.75,30.75,29.25,31.25,1,E534_1,test,..\data\audio_cache\full\S3_C3_E534_V0364.flac
E534,S3_C3_E534_V0364,45.375,background,S3/C3/S3_C3_E534_V0364.mp4,S3,C3,60.5,raw_videos/S3/C3/S3_C3_E534_V0364.mp4,0,background,none,none,0,test,44.875,45.875,44.375,46.375,2,E534_2,test,..\data\audio_cache\full\S3_C3_E534_V0364.flac
E535,S3_C3_E535_V0365,30.25,background,S3/C3/S3_C3_E535_V0365.mp4,S3,C3,60.5,raw_videos/S3/C3/S3_C3_E535_V0365.mp4,0,background,none,none,0,test,29.75,30.75,29.25,31.25,0,E535_0,test,..\data\audio_cache\full\S3_C3_E535_V0365.flac
E535,S3_C3_E535_V0365,45.375,background,S3/C3/S3_C3_E535_V0365.mp4,S3,C3,60.5,raw_videos/S3/C3/S3_C3_E535_V0365.mp4,0,background,none,none,0,test,44.875,45.875,44.375,46.375,1,E535_1,test,..\data\audio_cache\full\S3_C3_E535_V0365.flac
E535,S3_C3_E535_V0367,15.125,background,S3/C3/S3_C3_E535_V0367.mp4,S3,C3,60.5,raw_videos/S3/C3/S3_C3_E535_V0367.mp4,0,background,none,none,0,test,14.625,15.625,14.125,16.125,2,E535_2,test,..\data\audio_cache\full\S3_C3_E535_V0367.flac
E536,S3_C2_E536_V0092,30.25,background,S3/C2/S3_C2_E536_V0092.mp4,S3,C2,60.5,raw_videos/S3/C2/S3_C2_E536_V0092.mp4,0,background,none,none,0,test,29.75,30.75,29.25,31.25,0,E536_0,test,..\data\audio_cache\full\S3_C2_E536_V0092.flac
E536,S3_C2_E536_V0092,45.375,background,S3/C2/S3_C2_E536_V0092.mp4,S3,C2,60.5,raw_videos/S3/C2/S3_C2_E536_V0092.mp4,0,background,none,none,0,test,44.875,45.875,44.375,46.375,1,E536_1,test,..\data\audio_cache\full\S3_C2_E536_V0092.flac
E536,S3_C3_E536_V0368,30.25,background,S3/C3/S3_C3_E536_V0368.mp4,S3,C3,60.5,raw_videos/S3/C3/S3_C3_E536_V0368.mp4,0,background,none,none,0,test,29.75,30.75,29.25,31.25,2,E536_2,test,..\data\audio_cache\full\S3_C3_E536_V0368.flac
E540,S3_C3_E540_V0373,45.375,background,S3/C3/S3_C3_E540_V0373.mp4,S3,C3,60.5,raw_videos/S3/C3/S3_C3_E540_V0373.mp4,0,background,none,none,0,test,44.875,45.875,44.375,46.375,0,E540_0,test,..\data\audio_cache\full\S3_C3_E540_V0373.flac
E540,S3_C3_E540_V0374,15.125,background,S3/C3/S3_C3_E540_V0374.mp4,S3,C3,60.5,raw_videos/S3/C3/S3_C3_E540_V0374.mp4,0,background,none,none,0,test,14.625,15.625,14.125,16.125,1,E540_1,test,..\data\audio_cache\full\S3_C3_E540_V0374.flac
E540,S3_C3_E540_V0374,30.25,background,S3/C3/S3_C3_E540_V0374.mp4,S3,C3,60.5,raw_videos/S3/C3/S3_C3_E540_V0374.mp4,0,background,none,none,0,test,29.75,30.75,29.25,31.25,2,E540_2,test,..\data\audio_cache\full\S3_C3_E540_V0374.flac
E541,S3_C3_E541_V0375,15.125,background,S3/C3/S3_C3_E541_V0375.mp4,S3,C3,60.5,raw_videos/S3/C3/S3_C3_E541_V0375.mp4,0,background,none,none,0,test,14.625,15.625,14.125,16.125,0,E541_0,test,..\data\audio_cache\full\S3_C3_E541_V0375.flac
E541,S3_C3_E541_V0375,30.25,background,S3/C3/S3_C3_E541_V0375.mp4,S3,C3,60.5,raw_videos/S3/C3/S3_C3_E541_V0375.mp4,0,background,none,none,0,test,29.75,30.75,29.25,31.25,1,E541_1,test,..\data\audio_cache\full\S3_C3_E541_V0375.flac
E541,S3_C3_E541_V0376,30.25,background,S3/C3/S3_C3_E541_V0376.mp4,S3,C3,60.5,raw_videos/S3/C3/S3_C3_E541_V0376.mp4,0,background,none,none,0,test,29.75,30.75,29.25,31.25,2,E541_2,test,..\data\audio_cache\full\S3_C3_E541_V0376.flac
E545,S3_C3_E545_V0423,1.0,animal_detection,S3/C3/S3_C3_E545_V0423.mp4,S3,C3,2.0,raw_videos/S3/C3/S3_C3_E545_V0423.mp4,1,animal,red_deer,"camera_reaction,courtship,foraging,grooming,marking,playing,resting,unknown,vigilance",2,test,0.5,1.5,0.0,2.0,0,E545_0,test,..\data\audio_cache\full\S3_C3_E545_V0423.flac
E545,S3_C3_E545_V0431,0.9666666666666668,animal_detection,S3/C3/S3_C3_E545_V0431.mp4,S3,C3,2.0,raw_videos/S3/C3/S3_C3_E545_V0431.mp4,1,animal,red_deer,"camera_reaction,courtship,foraging,grooming,marking,playing,resting,unknown,vigilance",2,test,0.4666666666666667,1.4666666666666668,0.0,2.0,1,E545_1,test,..\data\audio_cache\full\S3_C3_E545_V0431.flac
E545,S3_C3_E545_V0437,1.4,animal_detection,S3/C3/S3_C3_E545_V0437.mp4,S3,C3,3.0,raw_videos/S3/C3/S3_C3_E545_V0437.mp4,1,animal,red_deer,"camera_reaction,courtship,foraging,grooming,marking,playing,resting,unknown,vigilance",2,test,0.8999999999999999,1.9,0.3999999999999999,2.4,2,E545_2,test,..\data\audio_cache\full\S3_C3_E545_V0437.flac
E546,S3_C2_E546_V0099,8.383333333333333,animal_detection,S3/C2/S3_C2_E546_V0099.mp4,S3,C2,20.5,raw_videos/S3/C2/S3_C2_E546_V0099.mp4,1,animal,red_deer,"foraging,vigilance",1,test,7.883333333333333,8.883333333333333,7.383333333333333,9.383333333333333,0,E546_0,test,..\data\audio_cache\full\S3_C2_E546_V0099.flac
E548,S3_C3_E548_V0443,15.125,background,S3/C3/S3_C3_E548_V0443.mp4,S3,C3,60.5,raw_videos/S3/C3/S3_C3_E548_V0443.mp4,0,background,none,none,0,test,14.625,15.625,14.125,16.125,0,E548_0,test,..\data\audio_cache\full\S3_C3_E548_V0443.flac
E548,S3_C3_E548_V0443,30.25,background,S3/C3/S3_C3_E548_V0443.mp4,S3,C3,60.5,raw_videos/S3/C3/S3_C3_E548_V0443.mp4,0,background,none,none,0,test,29.75,30.75,29.25,31.25,1,E548_1,test,..\data\audio_cache\full\S3_C3_E548_V0443.flac
E548,S3_C3_E548_V0443,45.375,background,S3/C3/S3_C3_E548_V0443.mp4,S3,C3,60.5,raw_videos/S3/C3/S3_C3_E548_V0443.mp4,0,background,none,none,0,test,44.875,45.875,44.375,46.375,2,E548_2,test,..\data\audio_cache\full\S3_C3_E548_V0443.flac
E549,S3_C3_E549_V0444,15.125,background,S3/C3/S3_C3_E549_V0444.mp4,S3,C3,60.5,raw_videos/S3/C3/S3_C3_E549_V0444.mp4,0,background,none,none,0,test,14.625,15.625,14.125,16.125,0,E549_0,test,..\data\audio_cache\full\S3_C3_E549_V0444.flac
E549,S3_C3_E549_V0444,30.25,background,S3/C3/S3_C3_E549_V0444.mp4,S3,C3,60.5,raw_videos/S3/C3/S3_C3_E549_V0444.mp4,0,background,none,none,0,test,29.75,30.75,29.25,31.25,1,E549_1,test,..\data\audio_cache\full\S3_C3_E549_V0444.flac
E549,S3_C3_E549_V0445,45.375,background,S3/C3/S3_C3_E549_V0445.mp4,S3,C3,60.5,raw_videos/S3/C3/S3_C3_E549_V0445.mp4,0,background,none,none,0,test,44.875,45.875,44.375,46.375,2,E549_2,test,..\data\audio_cache\full\S3_C3_E549_V0445.flac
E552,S3_C3_E552_V0449,15.125,background,S3/C3/S3_C3_E552_V0449.mp4,S3,C3,60.5,raw_videos/S3/C3/S3_C3_E552_V0449.mp4,0,background,none,none,0,test,14.625,15.625,14.125,16.125,0,E552_0,test,..\data\audio_cache\full\S3_C3_E552_V0449.flac
E552,S3_C3_E552_V0450,30.25,background,S3/C3/S3_C3_E552_V0450.mp4,S3,C3,60.5,raw_videos/S3/C3/S3_C3_E552_V0450.mp4,0,background,none,none,0,test,29.75,30.75,29.25,31.25,1,E552_1,test,..\data\audio_cache\full\S3_C3_E552_V0450.flac
E552,S3_C3_E552_V0450,45.375,background,S3/C3/S3_C3_E552_V0450.mp4,S3,C3,60.5,raw_videos/S3/C3/S3_C3_E552_V0450.mp4,0,background,none,none,0,test,44.875,45.875,44.375,46.375,2,E552_2,test,..\data\audio_cache\full\S3_C3_E552_V0450.flac
E554,S3_C2_E554_V0100,15.125,background,S3/C2/S3_C2_E554_V0100.mp4,S3,C2,60.5,raw_videos/S3/C2/S3_C2_E554_V0100.mp4,0,background,none,none,0,test,14.625,15.625,14.125,16.125,0,E554_0,test,..\data\audio_cache\full\S3_C2_E554_V0100.flac
E554,S3_C2_E554_V0100,30.25,background,S3/C2/S3_C2_E554_V0100.mp4,S3,C2,60.5,raw_videos/S3/C2/S3_C2_E554_V0100.mp4,0,background,none,none,0,test,29.75,30.75,29.25,31.25,1,E554_1,test,..\data\audio_cache\full\S3_C2_E554_V0100.flac
E554,S3_C2_E554_V0100,45.375,background,S3/C2/S3_C2_E554_V0100.mp4,S3,C2,60.5,raw_videos/S3/C2/S3_C2_E554_V0100.mp4,0,background,none,none,0,test,44.875,45.875,44.375,46.375,2,E554_2,test,..\data\audio_cache\full\S3_C2_E554_V0100.flac
E560,S3_C3_E560_V0458,1.2666666666666666,animal_detection,S3/C3/S3_C3_E560_V0458.mp4,S3,C3,5.0,raw_videos/S3/C3/S3_C3_E560_V0458.mp4,1,animal,red_deer,unknown,2,test,0.7666666666666666,1.7666666666666666,0.2666666666666666,2.2666666666666666,0,E560_0,test,..\data\audio_cache\full\S3_C3_E560_V0458.flac
E598,S3_C3_E598_V0553,30.25,background,S3/C3/S3_C3_E598_V0553.mp4,S3,C3,60.5,raw_videos/S3/C3/S3_C3_E598_V0553.mp4,0,background,none,none,0,test,29.75,30.75,29.25,31.25,0,E598_0,test,..\data\audio_cache\full\S3_C3_E598_V0553.flac
E598,S3_C3_E598_V0554,15.125,background,S3/C3/S3_C3_E598_V0554.mp4,S3,C3,60.5,raw_videos/S3/C3/S3_C3_E598_V0554.mp4,0,background,none,none,0,test,14.625,15.625,14.125,16.125,1,E598_1,test,..\data\audio_cache\full\S3_C3_E598_V0554.flac
E598,S3_C3_E598_V0555,45.375,background,S3/C3/S3_C3_E598_V0555.mp4,S3,C3,60.5,raw_videos/S3/C3/S3_C3_E598_V0555.mp4,0,background,none,none,0,test,44.875,45.875,44.375,46.375,2,E598_2,test,..\data\audio_cache\full\S3_C3_E598_V0555.flac
E60,S1_C1_E60_V0143,13.533333333333331,animal_detection,S1/C1/S1_C1_E60_V0143.mp4,S1,C1,20.5,raw_videos/S1/C1/S1_C1_E60_V0143.mp4,1,animal,roe_deer,"foraging,unknown,vigilance",3+,test,13.033333333333331,14.033333333333331,12.533333333333331,14.533333333333331,0,E60_0,test,..\data\audio_cache\full\S1_C1_E60_V0143.flac
E60,S1_C1_E60_V0144,0.6333333333333333,animal_detection,S1/C1/S1_C1_E60_V0144.mp4,S1,C1,20.5,raw_videos/S1/C1/S1_C1_E60_V0144.mp4,1,animal,roe_deer,"foraging,unknown,vigilance",3+,test,0.1333333333333333,1.1333333333333333,0.0,2.0,1,E60_1,test,..\data\audio_cache\full\S1_C1_E60_V0144.flac
E60,S1_C1_E60_V0144,4.633333333333333,animal_detection,S1/C1/S1_C1_E60_V0144.mp4,S1,C1,20.5,raw_videos/S1/C1/S1_C1_E60_V0144.mp4,1,animal,roe_deer,"foraging,unknown,vigilance",3+,test,4.133333333333333,5.133333333333333,3.633333333333333,5.633333333333333,2,E60_2,test,..\data\audio_cache\full\S1_C1_E60_V0144.flac
E604,S3_C3_E604_V0564,15.125,background,S3/C3/S3_C3_E604_V0564.mp4,S3,C3,60.5,raw_videos/S3/C3/S3_C3_E604_V0564.mp4,0,background,none,none,0,test,14.625,15.625,14.125,16.125,0,E604_0,test,..\data\audio_cache\full\S3_C3_E604_V0564.flac
E604,S3_C3_E604_V0564,30.25,background,S3/C3/S3_C3_E604_V0564.mp4,S3,C3,60.5,raw_videos/S3/C3/S3_C3_E604_V0564.mp4,0,background,none,none,0,test,29.75,30.75,29.25,31.25,1,E604_1,test,..\data\audio_cache\full\S3_C3_E604_V0564.flac
E604,S3_C3_E604_V0564,45.375,background,S3/C3/S3_C3_E604_V0564.mp4,S3,C3,60.5,raw_videos/S3/C3/S3_C3_E604_V0564.mp4,0,background,none,none,0,test,44.875,45.875,44.375,46.375,2,E604_2,test,..\data\audio_cache\full\S3_C3_E604_V0564.flac
E607,S3_C2_E607_V0118,15.125,background,S3/C2/S3_C2_E607_V0118.mp4,S3,C2,60.5,raw_videos/S3/C2/S3_C2_E607_V0118.mp4,0,background,none,none,0,test,14.625,15.625,14.125,16.125,0,E607_0,test,..\data\audio_cache\full\S3_C2_E607_V0118.flac
E607,S3_C3_E607_V0568,45.375,background,S3/C3/S3_C3_E607_V0568.mp4,S3,C3,60.5,raw_videos/S3/C3/S3_C3_E607_V0568.mp4,0,background,none,none,0,test,44.875,45.875,44.375,46.375,1,E607_1,test,..\data\audio_cache\full\S3_C3_E607_V0568.flac
E607,S3_C3_E607_V0570,30.25,background,S3/C3/S3_C3_E607_V0570.mp4,S3,C3,60.5,raw_videos/S3/C3/S3_C3_E607_V0570.mp4,0,background,none,none,0,test,29.75,30.75,29.25,31.25,2,E607_2,test,..\data\audio_cache\full\S3_C3_E607_V0570.flac
E608,S3_C2_E608_V0121,30.25,background,S3/C2/S3_C2_E608_V0121.mp4,S3,C2,60.5,raw_videos/S3/C2/S3_C2_E608_V0121.mp4,0,background,none,none,0,test,29.75,30.75,29.25,31.25,0,E608_0,test,..\data\audio_cache\full\S3_C2_E608_V0121.flac
E608,S3_C3_E608_V0571,45.375,background,S3/C3/S3_C3_E608_V0571.mp4,S3,C3,60.5,raw_videos/S3/C3/S3_C3_E608_V0571.mp4,0,background,none,none,0,test,44.875,45.875,44.375,46.375,1,E608_1,test,..\data\audio_cache\full\S3_C3_E608_V0571.flac
E608,S3_C3_E608_V0575,30.25,background,S3/C3/S3_C3_E608_V0575.mp4,S3,C3,60.5,raw_videos/S3/C3/S3_C3_E608_V0575.mp4,0,background,none,none,0,test,29.75,30.75,29.25,31.25,2,E608_2,test,..\data\audio_cache\full\S3_C3_E608_V0575.flac
E61,S1_C3_E61_V0029,9.466666666666669,animal_detection,S1/C3/S1_C3_E61_V0029.mp4,S1,C3,20.5,raw_videos/S1/C3/S1_C3_E61_V0029.mp4,1,animal,hare,camera_reaction,1,test,8.966666666666667,9.966666666666669,8.466666666666667,10.466666666666669,0,E61_0,test,..\data\audio_cache\full\S1_C3_E61_V0029.flac
E614,S3_C2_E614_V0123,10.25,animal_detection,S3/C2/S3_C2_E614_V0123.mp4,S3,C2,20.5,raw_videos/S3/C2/S3_C2_E614_V0123.mp4,1,animal,red_deer,"foraging,vigilance",1,test,9.75,10.75,9.25,11.25,0,E614_0,test,..\data\audio_cache\full\S3_C2_E614_V0123.flac
E615,S3_C2_E615_V0124,10.25,animal_detection,S3/C2/S3_C2_E615_V0124.mp4,S3,C2,20.5,raw_videos/S3/C2/S3_C2_E615_V0124.mp4,1,animal,red_deer,"foraging,vigilance",2,test,9.75,10.75,9.25,11.25,0,E615_0,test,..\data\audio_cache\full\S3_C2_E615_V0124.flac
E615,S3_C2_E615_V0125,10.25,animal_detection,S3/C2/S3_C2_E615_V0125.mp4,S3,C2,20.5,raw_videos/S3/C2/S3_C2_E615_V0125.mp4,1,animal,red_deer,"foraging,vigilance",2,test,9.75,10.75,9.25,11.25,1,E615_1,test,..\data\audio_cache\full\S3_C2_E615_V0125.flac
E66,S1_C1_E66_V0152,23.75,animal_detection,S1/C1/S1_C1_E66_V0152.mp4,S1,C1,120.5,raw_videos/S1/C1/S1_C1_E66_V0152.mp4,1,animal,red_deer,"foraging,unknown,vigilance",2,test,23.25,24.25,22.75,24.75,0,E66_0,test,..\data\audio_cache\full\S1_C1_E66_V0152.flac
E66,S1_C1_E66_V0152,108.28333333333332,animal_detection,S1/C1/S1_C1_E66_V0152.mp4,S1,C1,120.5,raw_videos/S1/C1/S1_C1_E66_V0152.mp4,1,animal,red_deer,"foraging,unknown,vigilance",2,test,107.78333333333332,108.78333333333332,107.28333333333332,109.28333333333332,1,E66_1,test,..\data\audio_cache\full\S1_C1_E66_V0152.flac
E66,S1_C2_E66_V0092,3.333333333333333,animal_detection,S1/C2/S1_C2_E66_V0092.mp4,S1,C2,120.5,raw_videos/S1/C2/S1_C2_E66_V0092.mp4,1,animal,red_deer,"foraging,unknown,vigilance",2,test,2.833333333333333,3.8333333333333335,2.333333333333333,4.333333333333334,2,E66_2,test,..\data\audio_cache\full\S1_C2_E66_V0092.flac
E67,S1_C3_E67_V0030,10.25,animal_detection,S1/C3/S1_C3_E67_V0030.mp4,S1,C3,20.5,raw_videos/S1/C3/S1_C3_E67_V0030.mp4,1,animal,red_deer,"camera_reaction,foraging,unknown",1,test,9.75,10.75,9.25,11.25,0,E67_0,test,..\data\audio_cache\full\S1_C3_E67_V0030.flac
E67,S1_C3_E67_V0031,10.25,animal_detection,S1/C3/S1_C3_E67_V0031.mp4,S1,C3,20.5,raw_videos/S1/C3/S1_C3_E67_V0031.mp4,1,animal,red_deer,"camera_reaction,foraging,unknown",1,test,9.75,10.75,9.25,11.25,1,E67_1,test,..\data\audio_cache\full\S1_C3_E67_V0031.flac
E67,S1_C3_E67_V0032,10.25,animal_detection,S1/C3/S1_C3_E67_V0032.mp4,S1,C3,20.5,raw_videos/S1/C3/S1_C3_E67_V0032.mp4,1,animal,red_deer,"camera_reaction,foraging,unknown",1,test,9.75,10.75,9.25,11.25,2,E67_2,test,..\data\audio_cache\full\S1_C3_E67_V0032.flac
E68,S1_C1_E68_V0175,4.083333333333333,animal_detection,S1/C1/S1_C1_E68_V0175.mp4,S1,C1,8.5,raw_videos/S1/C1/S1_C1_E68_V0175.mp4,1,animal,red_deer,"foraging,unknown,vigilance",1,test,3.583333333333333,4.583333333333333,3.083333333333333,5.083333333333333,0,E68_0,test,..\data\audio_cache\full\S1_C1_E68_V0175.flac
E68,S1_C1_E68_V0178,4.683333333333334,animal_detection,S1/C1/S1_C1_E68_V0178.mp4,S1,C1,9.5,raw_videos/S1/C1/S1_C1_E68_V0178.mp4,1,animal,red_deer,"foraging,unknown,vigilance",1,test,4.183333333333334,5.183333333333334,3.6833333333333336,5.683333333333334,1,E68_1,test,..\data\audio_cache\full\S1_C1_E68_V0178.flac
E68,S1_C1_E68_V0180,6.983333333333333,animal_detection,S1/C1/S1_C1_E68_V0180.mp4,S1,C1,14.0,raw_videos/S1/C1/S1_C1_E68_V0180.mp4,1,animal,red_deer,"foraging,unknown,vigilance",1,test,6.483333333333333,7.483333333333333,5.983333333333333,7.983333333333333,2,E68_2,test,..\data\audio_cache\full\S1_C1_E68_V0180.flac
E685,S3_C2_E685_V0172,10.25,animal_detection,S3/C2/S3_C2_E685_V0172.mp4,S3,C2,20.5,raw_videos/S3/C2/S3_C2_E685_V0172.mp4,1,animal,red_deer,"foraging,marking,vigilance",1,test,9.75,10.75,9.25,11.25,0,E685_0,test,..\data\audio_cache\full\S3_C2_E685_V0172.flac
E685,S3_C2_E685_V0173,10.25,animal_detection,S3/C2/S3_C2_E685_V0173.mp4,S3,C2,20.5,raw_videos/S3/C2/S3_C2_E685_V0173.mp4,1,animal,red_deer,"foraging,marking,vigilance",1,test,9.75,10.75,9.25,11.25,1,E685_1,test,..\data\audio_cache\full\S3_C2_E685_V0173.flac
E685,S3_C2_E685_V0174,4.1,animal_detection,S3/C2/S3_C2_E685_V0174.mp4,S3,C2,20.5,raw_videos/S3/C2/S3_C2_E685_V0174.mp4,1,animal,red_deer,"foraging,marking,vigilance",1,test,3.6,4.6,3.1,5.1,2,E685_2,test,..\data\audio_cache\full\S3_C2_E685_V0174.flac
E686,S3_C2_E686_V0176,0.7166666666666667,animal_detection,S3/C2/S3_C2_E686_V0176.mp4,S3,C2,20.5,raw_videos/S3/C2/S3_C2_E686_V0176.mp4,1,animal,red_deer,"escaping,foraging,unknown,vigilance",2,test,0.2166666666666666,1.2166666666666668,0.0,2.0,0,E686_0,test,..\data\audio_cache\full\S3_C2_E686_V0176.flac
E686,S3_C2_E686_V0176,19.883333333333333,animal_detection,S3/C2/S3_C2_E686_V0176.mp4,S3,C2,20.5,raw_videos/S3/C2/S3_C2_E686_V0176.mp4,1,animal,red_deer,"escaping,foraging,unknown,vigilance",2,test,19.383333333333333,20.383333333333333,18.5,20.5,1,E686_1,test,..\data\audio_cache\full\S3_C2_E686_V0176.flac
E686,S3_C2_E686_V0177,2.316666666666667,animal_detection,S3/C2/S3_C2_E686_V0177.mp4,S3,C2,20.5,raw_videos/S3/C2/S3_C2_E686_V0177.mp4,1,animal,red_deer,"escaping,foraging,unknown,vigilance",2,test,1.8166666666666669,2.816666666666667,1.3166666666666669,3.316666666666667,2,E686_2,test,..\data\audio_cache\full\S3_C2_E686_V0177.flac
E699,S3_C2_E699_V0186,30.25,animal_detection,S3/C2/S3_C2_E699_V0186.mp4,S3,C2,60.5,raw_videos/S3/C2/S3_C2_E699_V0186.mp4,1,animal,red_deer,"foraging,vigilance",1,test,29.75,30.75,29.25,31.25,0,E699_0,test,..\data\audio_cache\full\S3_C2_E699_V0186.flac
E699,S3_C2_E699_V0187,1.2166666666666666,animal_detection,S3/C2/S3_C2_E699_V0187.mp4,S3,C2,60.5,raw_videos/S3/C2/S3_C2_E699_V0187.mp4,1,animal,red_deer,"foraging,vigilance",1,test,0.7166666666666666,1.7166666666666666,0.2166666666666665,2.216666666666667,1,E699_1,test,..\data\audio_cache\full\S3_C2_E699_V0187.flac
E701,S3_C2_E701_V0189,10.25,animal_detection,S3/C2/S3_C2_E701_V0189.mp4,S3,C2,20.5,raw_videos/S3/C2/S3_C2_E701_V0189.mp4,1,animal,red_deer,foraging,1,test,9.75,10.75,9.25,11.25,0,E701_0,test,..\data\audio_cache\full\S3_C2_E701_V0189.flac
E702,S3_C2_E702_V0190,8.016666666666667,animal_detection,S3/C2/S3_C2_E702_V0190.mp4,S3,C2,20.5,raw_videos/S3/C2/S3_C2_E702_V0190.mp4,1,animal,red_deer,foraging,1,test,7.5166666666666675,8.516666666666667,7.016666666666668,9.016666666666667,0,E702_0,test,..\data\audio_cache\full\S3_C2_E702_V0190.flac
E75,S1_C1_E75_V0185,30.125,background,S1/C1/S1_C1_E75_V0185.mp4,S1,C1,120.5,raw_videos/S1/C1/S1_C1_E75_V0185.mp4,0,background,none,none,0,test,29.625,30.625,29.125,31.125,0,E75_0,test,..\data\audio_cache\full\S1_C1_E75_V0185.flac
E75,S1_C1_E75_V0185,60.25,background,S1/C1/S1_C1_E75_V0185.mp4,S1,C1,120.5,raw_videos/S1/C1/S1_C1_E75_V0185.mp4,0,background,none,none,0,test,59.75,60.75,59.25,61.25,1,E75_1,test,..\data\audio_cache\full\S1_C1_E75_V0185.flac
E75,S1_C1_E75_V0185,90.375,background,S1/C1/S1_C1_E75_V0185.mp4,S1,C1,120.5,raw_videos/S1/C1/S1_C1_E75_V0185.mp4,0,background,none,none,0,test,89.875,90.875,89.375,91.375,2,E75_2,test,..\data\audio_cache\full\S1_C1_E75_V0185.flac
E78,S1_C1_E78_V0188,30.125,background,S1/C1/S1_C1_E78_V0188.mp4,S1,C1,120.5,raw_videos/S1/C1/S1_C1_E78_V0188.mp4,0,background,none,none,0,test,29.625,30.625,29.125,31.125,0,E78_0,test,..\data\audio_cache\full\S1_C1_E78_V0188.flac
E78,S1_C1_E78_V0188,60.25,background,S1/C1/S1_C1_E78_V0188.mp4,S1,C1,120.5,raw_videos/S1/C1/S1_C1_E78_V0188.mp4,0,background,none,none,0,test,59.75,60.75,59.25,61.25,1,E78_1,test,..\data\audio_cache\full\S1_C1_E78_V0188.flac
E78,S1_C1_E78_V0188,90.375,background,S1/C1/S1_C1_E78_V0188.mp4,S1,C1,120.5,raw_videos/S1/C1/S1_C1_E78_V0188.mp4,0,background,none,none,0,test,89.875,90.875,89.375,91.375,2,E78_2,test,..\data\audio_cache\full\S1_C1_E78_V0188.flac
E789,S3_C2_E789_V0513,4.183333333333334,animal_detection,S3/C2/S3_C2_E789_V0513.mp4,S3,C2,8.5,raw_videos/S3/C2/S3_C2_E789_V0513.mp4,1,animal,red_deer,foraging,1,test,3.6833333333333336,4.683333333333334,3.1833333333333336,5.183333333333334,0,E789_0,test,..\data\audio_cache\full\S3_C2_E789_V0513.flac
E790,S3_C2_E790_V0514,3.783333333333333,animal_detection,S3/C2/S3_C2_E790_V0514.mp4,S3,C2,8.0,raw_videos/S3/C2/S3_C2_E790_V0514.mp4,1,animal,red_deer,foraging,1,test,3.283333333333333,4.283333333333333,2.783333333333333,4.783333333333333,0,E790_0,test,..\data\audio_cache\full\S3_C2_E790_V0514.flac
E791,S3_C2_E791_V0515,1.8333333333333333,animal_detection,S3/C2/S3_C2_E791_V0515.mp4,S3,C2,6.5,raw_videos/S3/C2/S3_C2_E791_V0515.mp4,1,animal,red_deer,foraging,1,test,1.3333333333333333,2.333333333333333,0.8333333333333333,2.833333333333333,0,E791_0,test,..\data\audio_cache\full\S3_C2_E791_V0515.flac
E791,S3_C2_E791_V0516,2.4833333333333334,animal_detection,S3/C2/S3_C2_E791_V0516.mp4,S3,C2,5.0,raw_videos/S3/C2/S3_C2_E791_V0516.mp4,1,animal,red_deer,foraging,1,test,1.9833333333333332,2.9833333333333334,1.4833333333333334,3.4833333333333334,1,E791_1,test,..\data\audio_cache\full\S3_C2_E791_V0516.flac
E791,S3_C2_E791_V0517,2.3833333333333333,animal_detection,S3/C2/S3_C2_E791_V0517.mp4,S3,C2,5.0,raw_videos/S3/C2/S3_C2_E791_V0517.mp4,1,animal,red_deer,foraging,1,test,1.8833333333333333,2.8833333333333333,1.3833333333333333,3.3833333333333333,2,E791_2,test,..\data\audio_cache\full\S3_C2_E791_V0517.flac
E792,S3_C2_E792_V0521,30.25,animal_detection,S3/C2/S3_C2_E792_V0521.mp4,S3,C2,60.5,raw_videos/S3/C2/S3_C2_E792_V0521.mp4,1,animal,red_deer,"courtship,foraging,grooming,marking,resting,unknown,vigilance",1,test,29.75,30.75,29.25,31.25,0,E792_0,test,..\data\audio_cache\full\S3_C2_E792_V0521.flac
E792,S3_C2_E792_V0528,30.25,animal_detection,S3/C2/S3_C2_E792_V0528.mp4,S3,C2,60.5,raw_videos/S3/C2/S3_C2_E792_V0528.mp4,1,animal,red_deer,"courtship,foraging,grooming,marking,resting,unknown,vigilance",1,test,29.75,30.75,29.25,31.25,1,E792_1,test,..\data\audio_cache\full\S3_C2_E792_V0528.flac
E792,S3_C2_E792_V0532,30.25,animal_detection,S3/C2/S3_C2_E792_V0532.mp4,S3,C2,60.5,raw_videos/S3/C2/S3_C2_E792_V0532.mp4,1,animal,red_deer,"courtship,foraging,grooming,marking,resting,unknown,vigilance",1,test,29.75,30.75,29.25,31.25,2,E792_2,test,..\data\audio_cache\full\S3_C2_E792_V0532.flac
E84,S1_C1_E84_V0194,7.0,animal_detection,S1/C1/S1_C1_E84_V0194.mp4,S1,C1,20.5,raw_videos/S1/C1/S1_C1_E84_V0194.mp4,1,animal,red_deer,"foraging,unknown,vigilance",1,test,6.5,7.5,6.0,8.0,0,E84_0,test,..\data\audio_cache\full\S1_C1_E84_V0194.flac
E84,S1_C2_E84_V0093,6.433333333333334,animal_detection,S1/C2/S1_C2_E84_V0093.mp4,S1,C2,20.5,raw_videos/S1/C2/S1_C2_E84_V0093.mp4,1,animal,red_deer,"foraging,unknown,vigilance",1,test,5.933333333333334,6.933333333333334,5.433333333333334,7.433333333333334,1,E84_1,test,..\data\audio_cache\full\S1_C2_E84_V0093.flac
E84,S1_C3_E84_V0038,6.166666666666667,animal_detection,S1/C3/S1_C3_E84_V0038.mp4,S1,C3,20.5,raw_videos/S1/C3/S1_C3_E84_V0038.mp4,1,animal,red_deer,"foraging,unknown,vigilance",1,test,5.666666666666667,6.666666666666667,5.166666666666667,7.166666666666667,2,E84_2,test,..\data\audio_cache\full\S1_C3_E84_V0038.flac
E10,S1_C1_E10_V0031,19.1,animal_detection,S1/C1/S1_C1_E10_V0031.mp4,S1,C1,120.5,raw_videos/S1/C1/S1_C1_E10_V0031.mp4,1,animal,roe_deer,"foraging,unknown,vigilance",3+,train,18.6,19.6,18.1,20.1,0,E10_0,train,..\data\audio_cache\full\S1_C1_E10_V0031.flac
E103,S1_C1_E103_V0256,1.9833333333333332,animal_detection,S1/C1/S1_C1_E103_V0256.mp4,S1,C1,4.0,raw_videos/S1/C1/S1_C1_E103_V0256.mp4,1,animal,red_deer,"foraging,unknown,vigilance",1,train,1.4833333333333334,2.4833333333333334,0.9833333333333334,2.9833333333333334,0,E103_0,train,..\data\audio_cache\full\S1_C1_E103_V0256.flac
E103,S1_C1_E103_V0259,2.3833333333333333,animal_detection,S1/C1/S1_C1_E103_V0259.mp4,S1,C1,5.0,raw_videos/S1/C1/S1_C1_E103_V0259.mp4,1,animal,red_deer,"foraging,unknown,vigilance",1,train,1.8833333333333333,2.8833333333333333,1.3833333333333333,3.3833333333333333,1,E103_1,train,..\data\audio_cache\full\S1_C1_E103_V0259.flac
E103,S1_C1_E103_V0261,1.8833333333333333,animal_detection,S1/C1/S1_C1_E103_V0261.mp4,S1,C1,4.0,raw_videos/S1/C1/S1_C1_E103_V0261.mp4,1,animal,red_deer,"foraging,unknown,vigilance",1,train,1.3833333333333333,2.3833333333333333,0.8833333333333333,2.8833333333333333,2,E103_2,train,..\data\audio_cache\full\S1_C1_E103_V0261.flac
E104,S1_C1_E104_V0274,1.1,animal_detection,S1/C1/S1_C1_E104_V0274.mp4,S1,C1,2.5,raw_videos/S1/C1/S1_C1_E104_V0274.mp4,1,animal,red_deer,"courtship,foraging,grooming,vigilance",1,train,0.6000000000000001,1.6,0.1,2.1,0,E104_0,val,..\data\audio_cache\full\S1_C1_E104_V0274.flac
E104,S1_C1_E104_V0281,1.8833333333333333,animal_detection,S1/C1/S1_C1_E104_V0281.mp4,S1,C1,4.0,raw_videos/S1/C1/S1_C1_E104_V0281.mp4,1,animal,red_deer,"courtship,foraging,grooming,vigilance",1,train,1.3833333333333333,2.3833333333333333,0.8833333333333333,2.8833333333333333,1,E104_1,val,..\data\audio_cache\full\S1_C1_E104_V0281.flac
E104,S1_C1_E104_V0282,1.9333333333333331,animal_detection,S1/C1/S1_C1_E104_V0282.mp4,S1,C1,4.0,raw_videos/S1/C1/S1_C1_E104_V0282.mp4,1,animal,red_deer,"courtship,foraging,grooming,vigilance",1,train,1.4333333333333331,2.4333333333333336,0.9333333333333332,2.9333333333333336,2,E104_2,val,..\data\audio_cache\full\S1_C1_E104_V0282.flac
E105,S1_C1_E105_V0287,4.083333333333333,animal_detection,S1/C1/S1_C1_E105_V0287.mp4,S1,C1,8.5,raw_videos/S1/C1/S1_C1_E105_V0287.mp4,1,animal,red_deer,"courtship,foraging,marking,unknown,vigilance",1,train,3.583333333333333,4.583333333333333,3.083333333333333,5.083333333333333,0,E105_0,train,..\data\audio_cache\full\S1_C1_E105_V0287.flac
E105,S1_C1_E105_V0293,1.5,animal_detection,S1/C1/S1_C1_E105_V0293.mp4,S1,C1,3.0,raw_videos/S1/C1/S1_C1_E105_V0293.mp4,1,animal,red_deer,"courtship,foraging,marking,unknown,vigilance",1,train,1.0,2.0,0.5,2.5,1,E105_1,train,..\data\audio_cache\full\S1_C1_E105_V0293.flac
E105,S1_C2_E105_V0148,10.25,animal_detection,S1/C2/S1_C2_E105_V0148.mp4,S1,C2,20.5,raw_videos/S1/C2/S1_C2_E105_V0148.mp4,1,animal,red_deer,"courtship,foraging,marking,unknown,vigilance",1,train,9.75,10.75,9.25,11.25,2,E105_2,train,..\data\audio_cache\full\S1_C2_E105_V0148.flac
E106,S1_C1_E106_V0311,1.8166666666666669,animal_detection,S1/C1/S1_C1_E106_V0311.mp4,S1,C1,6.0,raw_videos/S1/C1/S1_C1_E106_V0311.mp4,1,animal,red_deer,"foraging,unknown,vigilance",1,train,1.3166666666666669,2.3166666666666664,0.8166666666666667,2.8166666666666664,0,E106_0,val,..\data\audio_cache\full\S1_C1_E106_V0311.flac
E106,S1_C1_E106_V0315,0.8333333333333334,animal_detection,S1/C1/S1_C1_E106_V0315.mp4,S1,C1,2.0,raw_videos/S1/C1/S1_C1_E106_V0315.mp4,1,animal,red_deer,"foraging,unknown,vigilance",1,train,0.3333333333333333,1.3333333333333337,0.0,2.0,1,E106_1,val,..\data\audio_cache\full\S1_C1_E106_V0315.flac
E106,S1_C2_E106_V0151,10.25,animal_detection,S1/C2/S1_C2_E106_V0151.mp4,S1,C2,20.5,raw_videos/S1/C2/S1_C2_E106_V0151.mp4,1,animal,red_deer,"foraging,unknown,vigilance",1,train,9.75,10.75,9.25,11.25,2,E106_2,val,..\data\audio_cache\full\S1_C2_E106_V0151.flac
E107,S1_C1_E107_V0329,2.183333333333333,animal_detection,S1/C1/S1_C1_E107_V0329.mp4,S1,C1,4.5,raw_videos/S1/C1/S1_C1_E107_V0329.mp4,1,animal,red_deer,foraging,1,train,1.6833333333333331,2.683333333333333,1.1833333333333331,3.183333333333333,0,E107_0,train,..\data\audio_cache\full\S1_C1_E107_V0329.flac
E107,S1_C1_E107_V0332,1.3833333333333333,animal_detection,S1/C1/S1_C1_E107_V0332.mp4,S1,C1,3.0,raw_videos/S1/C1/S1_C1_E107_V0332.mp4,1,animal,red_deer,foraging,1,train,0.8833333333333333,1.8833333333333333,0.3833333333333333,2.3833333333333333,1,E107_1,train,..\data\audio_cache\full\S1_C1_E107_V0332.flac
E107,S1_C1_E107_V0333,1.2,animal_detection,S1/C1/S1_C1_E107_V0333.mp4,S1,C1,2.5,raw_videos/S1/C1/S1_C1_E107_V0333.mp4,1,animal,red_deer,foraging,1,train,0.7,1.7,0.1999999999999999,2.2,2,E107_2,train,..\data\audio_cache\full\S1_C1_E107_V0333.flac
E108,S1_C2_E108_V0160,10.25,animal_detection,S1/C2/S1_C2_E108_V0160.mp4,S1,C2,20.5,raw_videos/S1/C2/S1_C2_E108_V0160.mp4,1,animal,red_deer,foraging,1,train,9.75,10.75,9.25,11.25,0,E108_0,train,..\data\audio_cache\full\S1_C2_E108_V0160.flac
E109,S1_C1_E109_V0339,2.183333333333333,animal_detection,S1/C1/S1_C1_E109_V0339.mp4,S1,C1,4.5,raw_videos/S1/C1/S1_C1_E109_V0339.mp4,1,animal,red_deer,"foraging,unknown",1,train,1.6833333333333331,2.683333333333333,1.1833333333333331,3.183333333333333,0,E109_0,val,..\data\audio_cache\full\S1_C1_E109_V0339.flac
E109,S1_C2_E109_V0161,10.25,animal_detection,S1/C2/S1_C2_E109_V0161.mp4,S1,C2,20.5,raw_videos/S1/C2/S1_C2_E109_V0161.mp4,1,animal,red_deer,"foraging,unknown",1,train,9.75,10.75,9.25,11.25,1,E109_1,val,..\data\audio_cache\full\S1_C2_E109_V0161.flac
E109,S1_C2_E109_V0162,6.333333333333333,animal_detection,S1/C2/S1_C2_E109_V0162.mp4,S1,C2,20.5,raw_videos/S1/C2/S1_C2_E109_V0162.mp4,1,animal,red_deer,"foraging,unknown",1,train,5.833333333333333,6.833333333333333,5.333333333333333,7.333333333333333,2,E109_2,val,..\data\audio_cache\full\S1_C2_E109_V0162.flac
E115,S1_C1_E115_V0350,1.1,animal_detection,S1/C1/S1_C1_E115_V0350.mp4,S1,C1,2.5,raw_videos/S1/C1/S1_C1_E115_V0350.mp4,1,animal,red_deer,"foraging,unknown,vigilance",1,train,0.6000000000000001,1.6,0.1,2.1,0,E115_0,train,..\data\audio_cache\full\S1_C1_E115_V0350.flac
E115,S1_C1_E115_V0351,2.183333333333333,animal_detection,S1/C1/S1_C1_E115_V0351.mp4,S1,C1,4.5,raw_videos/S1/C1/S1_C1_E115_V0351.mp4,1,animal,red_deer,"foraging,unknown,vigilance",1,train,1.6833333333333331,2.683333333333333,1.1833333333333331,3.183333333333333,1,E115_1,train,..\data\audio_cache\full\S1_C1_E115_V0351.flac
E115,S1_C2_E115_V0165,10.283333333333331,animal_detection,S1/C2/S1_C2_E115_V0165.mp4,S1,C2,20.5,raw_videos/S1/C2/S1_C2_E115_V0165.mp4,1,animal,red_deer,"foraging,unknown,vigilance",1,train,9.783333333333331,10.783333333333331,9.283333333333331,11.283333333333331,2,E115_2,train,..\data\audio_cache\full\S1_C2_E115_V0165.flac
E116,S1_C1_E116_V0357,4.666666666666667,animal_detection,S1/C1/S1_C1_E116_V0357.mp4,S1,C1,19.5,raw_videos/S1/C1/S1_C1_E116_V0357.mp4,1,animal,red_deer,foraging,2,train,4.166666666666667,5.166666666666667,3.666666666666667,5.666666666666667,0,E116_0,train,..\data\audio_cache\full\S1_C1_E116_V0357.flac
E116,S1_C1_E116_V0358,0.9166666666666666,animal_detection,S1/C1/S1_C1_E116_V0358.mp4,S1,C1,15.0,raw_videos/S1/C1/S1_C1_E116_V0358.mp4,1,animal,red_deer,foraging,2,train,0.4166666666666666,1.4166666666666663,0.0,2.0,1,E116_1,train,..\data\audio_cache\full\S1_C1_E116_V0358.flac
E117,S1_C1_E117_V0362,2.583333333333333,animal_detection,S1/C1/S1_C1_E117_V0362.mp4,S1,C1,5.5,raw_videos/S1/C1/S1_C1_E117_V0362.mp4,1,animal,red_deer,"foraging,unknown",1,train,2.083333333333333,3.083333333333333,1.5833333333333337,3.583333333333333,0,E117_0,train,..\data\audio_cache\full\S1_C1_E117_V0362.flac
E117,S1_C1_E117_V0365,2.183333333333333,animal_detection,S1/C1/S1_C1_E117_V0365.mp4,S1,C1,4.5,raw_videos/S1/C1/S1_C1_E117_V0365.mp4,1,animal,red_deer,"foraging,unknown",1,train,1.6833333333333331,2.683333333333333,1.1833333333333331,3.183333333333333,1,E117_1,train,..\data\audio_cache\full\S1_C1_E117_V0365.flac
E117,S1_C1_E117_V0367,1.15,animal_detection,S1/C1/S1_C1_E117_V0367.mp4,S1,C1,2.5,raw_videos/S1/C1/S1_C1_E117_V0367.mp4,1,animal,red_deer,"foraging,unknown",1,train,0.6499999999999999,1.65,0.1499999999999999,2.15,2,E117_2,train,..\data\audio_cache\full\S1_C1_E117_V0367.flac
E118,S1_C1_E118_V0375,2.283333333333333,animal_detection,S1/C1/S1_C1_E118_V0375.mp4,S1,C1,5.0,raw_videos/S1/C1/S1_C1_E118_V0375.mp4,1,animal,red_deer,"foraging,marking,unknown,vigilance",1,train,1.7833333333333332,2.783333333333333,1.2833333333333332,3.283333333333333,0,E118_0,train,..\data\audio_cache\full\S1_C1_E118_V0375.flac
E118,S1_C1_E118_V0376,0.9166666666666666,animal_detection,S1/C1/S1_C1_E118_V0376.mp4,S1,C1,2.0,raw_videos/S1/C1/S1_C1_E118_V0376.mp4,1,animal,red_deer,"foraging,marking,unknown,vigilance",1,train,0.4166666666666666,1.4166666666666663,0.0,2.0,1,E118_1,train,..\data\audio_cache\full\S1_C1_E118_V0376.flac
E118,S1_C1_E118_V0388,0.9,animal_detection,S1/C1/S1_C1_E118_V0388.mp4,S1,C1,2.0,raw_videos/S1/C1/S1_C1_E118_V0388.mp4,1,animal,red_deer,"foraging,marking,unknown,vigilance",1,train,0.4,1.4,0.0,2.0,2,E118_2,train,..\data\audio_cache\full\S1_C1_E118_V0388.flac
E121,S1_C1_E121_V0412,0.85,animal_detection,S1/C1/S1_C1_E121_V0412.mp4,S1,C1,2.0,raw_videos/S1/C1/S1_C1_E121_V0412.mp4,1,animal,red_deer,"foraging,unknown,vigilance",1,train,0.35,1.35,0.0,2.0,0,E121_0,train,..\data\audio_cache\full\S1_C1_E121_V0412.flac
E121,S1_C1_E121_V0413,1.1333333333333333,animal_detection,S1/C1/S1_C1_E121_V0413.mp4,S1,C1,2.5,raw_videos/S1/C1/S1_C1_E121_V0413.mp4,1,animal,red_deer,"foraging,unknown,vigilance",1,train,0.6333333333333333,1.6333333333333333,0.1333333333333333,2.1333333333333333,1,E121_1,train,..\data\audio_cache\full\S1_C1_E121_V0413.flac
E121,S1_C2_E121_V0193,2.55,animal_detection,S1/C2/S1_C2_E121_V0193.mp4,S1,C2,20.5,raw_videos/S1/C2/S1_C2_E121_V0193.mp4,1,animal,red_deer,"foraging,unknown,vigilance",1,train,2.05,3.05,1.5499999999999998,3.55,2,E121_2,train,..\data\audio_cache\full\S1_C2_E121_V0193.flac
E122,S1_C1_E122_V0460,0.9333333333333332,animal_detection,S1/C1/S1_C1_E122_V0460.mp4,S1,C1,2.0,raw_videos/S1/C1/S1_C1_E122_V0460.mp4,1,animal,red_deer,"courtship,foraging,unknown,vigilance",1,train,0.4333333333333333,1.4333333333333331,0.0,2.0,0,E122_0,train,..\data\audio_cache\full\S1_C1_E122_V0460.flac
E122,S1_C1_E122_V0487,0.8833333333333333,animal_detection,S1/C1/S1_C1_E122_V0487.mp4,S1,C1,2.0,raw_videos/S1/C1/S1_C1_E122_V0487.mp4,1,animal,red_deer,"courtship,foraging,unknown,vigilance",1,train,0.3833333333333333,1.3833333333333333,0.0,2.0,1,E122_1,train,..\data\audio_cache\full\S1_C1_E122_V0487.flac
E122,S1_C2_E122_V0241,0.9833333333333332,animal_detection,S1/C2/S1_C2_E122_V0241.mp4,S1,C2,2.0,raw_videos/S1/C2/S1_C2_E122_V0241.mp4,1,animal,red_deer,"courtship,foraging,unknown,vigilance",1,train,0.4833333333333333,1.4833333333333334,0.0,2.0,2,E122_2,train,..\data\audio_cache\full\S1_C2_E122_V0241.flac
E123,S1_C2_E123_V0266,7.083333333333333,animal_detection,S1/C2/S1_C2_E123_V0266.mp4,S1,C2,14.5,raw_videos/S1/C2/S1_C2_E123_V0266.mp4,1,animal,red_deer,"foraging,marking,unknown,vigilance",1,train,6.583333333333333,7.583333333333333,6.083333333333333,8.083333333333332,0,E123_0,train,..\data\audio_cache\full\S1_C2_E123_V0266.flac
E123,S1_C2_E123_V0271,0.8166666666666667,animal_detection,S1/C2/S1_C2_E123_V0271.mp4,S1,C2,2.0,raw_videos/S1/C2/S1_C2_E123_V0271.mp4,1,animal,red_deer,"foraging,marking,unknown,vigilance",1,train,0.3166666666666666,1.3166666666666669,0.0,2.0,1,E123_1,train,..\data\audio_cache\full\S1_C2_E123_V0271.flac
E123,S1_C2_E123_V0272,1.8666666666666667,animal_detection,S1/C2/S1_C2_E123_V0272.mp4,S1,C2,9.0,raw_videos/S1/C2/S1_C2_E123_V0272.mp4,1,animal,red_deer,"foraging,marking,unknown,vigilance",1,train,1.3666666666666667,2.3666666666666667,0.8666666666666667,2.8666666666666667,2,E123_2,train,..\data\audio_cache\full\S1_C2_E123_V0272.flac
E125,S1_C2_E125_V0277,1.9833333333333332,animal_detection,S1/C2/S1_C2_E125_V0277.mp4,S1,C2,4.0,raw_videos/S1/C2/S1_C2_E125_V0277.mp4,1,animal,red_deer,"foraging,unknown",1,train,1.4833333333333334,2.4833333333333334,0.9833333333333334,2.9833333333333334,0,E125_0,train,..\data\audio_cache\full\S1_C2_E125_V0277.flac
E125,S1_C2_E125_V0280,1.2166666666666666,animal_detection,S1/C2/S1_C2_E125_V0280.mp4,S1,C2,2.5,raw_videos/S1/C2/S1_C2_E125_V0280.mp4,1,animal,red_deer,"foraging,unknown",1,train,0.7166666666666666,1.7166666666666666,0.2166666666666665,2.216666666666667,1,E125_1,train,..\data\audio_cache\full\S1_C2_E125_V0280.flac
E125,S1_C2_E125_V0281,1.4666666666666666,animal_detection,S1/C2/S1_C2_E125_V0281.mp4,S1,C2,3.0,raw_videos/S1/C2/S1_C2_E125_V0281.mp4,1,animal,red_deer,"foraging,unknown",1,train,0.9666666666666666,1.9666666666666663,0.4666666666666665,2.466666666666667,2,E125_2,train,..\data\audio_cache\full\S1_C2_E125_V0281.flac
E126,S1_C1_E126_V0576,10.816666666666668,animal_detection,S1/C1/S1_C1_E126_V0576.mp4,S1,C1,120.5,raw_videos/S1/C1/S1_C1_E126_V0576.mp4,1,animal,red_deer,"foraging,vigilance",1,train,10.316666666666668,11.316666666666668,9.816666666666668,11.816666666666668,0,E126_0,train,..\data\audio_cache\full\S1_C1_E126_V0576.flac
E139,S1_C1_E139_V0706,7.7,animal_detection,S1/C1/S1_C1_E139_V0706.mp4,S1,C1,120.5,raw_videos/S1/C1/S1_C1_E139_V0706.mp4,1,animal,red_deer,foraging,1,train,7.2,8.2,6.7,8.7,0,E139_0,train,..\data\audio_cache\full\S1_C1_E139_V0706.flac
E140,S1_C3_E140_V0057,30.125,background,S1/C3/S1_C3_E140_V0057.mp4,S1,C3,120.5,raw_videos/S1/C3/S1_C3_E140_V0057.mp4,0,background,none,none,0,train,29.625,30.625,29.125,31.125,0,E140_0,train,..\data\audio_cache\full\S1_C3_E140_V0057.flac
E140,S1_C3_E140_V0057,60.25,background,S1/C3/S1_C3_E140_V0057.mp4,S1,C3,120.5,raw_videos/S1/C3/S1_C3_E140_V0057.mp4,0,background,none,none,0,train,59.75,60.75,59.25,61.25,1,E140_1,train,..\data\audio_cache\full\S1_C3_E140_V0057.flac
E140,S1_C3_E140_V0058,30.125,background,S1/C3/S1_C3_E140_V0058.mp4,S1,C3,120.5,raw_videos/S1/C3/S1_C3_E140_V0058.mp4,0,background,none,none,0,train,29.625,30.625,29.125,31.125,2,E140_2,train,..\data\audio_cache\full\S1_C3_E140_V0058.flac
E142,S1_C1_E142_V0707,1.9666666666666663,animal_detection,S1/C1/S1_C1_E142_V0707.mp4,S1,C1,4.0,raw_videos/S1/C1/S1_C1_E142_V0707.mp4,1,animal,red_deer,foraging,1,train,1.4666666666666666,2.466666666666667,0.9666666666666666,2.966666666666667,0,E142_0,val,..\data\audio_cache\full\S1_C1_E142_V0707.flac
E142,S1_C1_E142_V0708,0.8333333333333334,animal_detection,S1/C1/S1_C1_E142_V0708.mp4,S1,C1,2.0,raw_videos/S1/C1/S1_C1_E142_V0708.mp4,1,animal,red_deer,foraging,1,train,0.3333333333333333,1.3333333333333337,0.0,2.0,1,E142_1,val,..\data\audio_cache\full\S1_C1_E142_V0708.flac
E143,S1_C1_E143_V0716,0.9666666666666668,animal_detection,S1/C1/S1_C1_E143_V0716.mp4,S1,C1,2.0,raw_videos/S1/C1/S1_C1_E143_V0716.mp4,1,animal,red_deer,"foraging,vigilance",1,train,0.4666666666666667,1.4666666666666668,0.0,2.0,0,E143_0,train,..\data\audio_cache\full\S1_C1_E143_V0716.flac
E143,S1_C2_E143_V0324,3.183333333333333,animal_detection,S1/C2/S1_C2_E143_V0324.mp4,S1,C2,6.5,raw_videos/S1/C2/S1_C2_E143_V0324.mp4,1,animal,red_deer,"foraging,vigilance",1,train,2.683333333333333,3.683333333333333,2.183333333333333,4.183333333333334,1,E143_1,train,..\data\audio_cache\full\S1_C2_E143_V0324.flac
E143,S1_C2_E143_V0325,2.283333333333333,animal_detection,S1/C2/S1_C2_E143_V0325.mp4,S1,C2,5.0,raw_videos/S1/C2/S1_C2_E143_V0325.mp4,1,animal,red_deer,"foraging,vigilance",1,train,1.7833333333333332,2.783333333333333,1.2833333333333332,3.283333333333333,2,E143_2,train,..\data\audio_cache\full\S1_C2_E143_V0325.flac
E144,S1_C2_E144_V0328,3.45,animal_detection,S1/C2/S1_C2_E144_V0328.mp4,S1,C2,20.5,raw_videos/S1/C2/S1_C2_E144_V0328.mp4,1,animal,red_deer,"camera_reaction,vigilance",1,train,2.95,3.95,2.45,4.45,0,E144_0,train,..\data\audio_cache\full\S1_C2_E144_V0328.flac
E144,S1_C3_E144_V0060,4.866666666666666,animal_detection,S1/C3/S1_C3_E144_V0060.mp4,S1,C3,20.5,raw_videos/S1/C3/S1_C3_E144_V0060.mp4,1,animal,red_deer,"camera_reaction,vigilance",1,train,4.366666666666666,5.366666666666666,3.866666666666666,5.866666666666666,1,E144_1,train,..\data\audio_cache\full\S1_C3_E144_V0060.flac
E145,S1_C2_E145_V0331,4.583333333333333,animal_detection,S1/C2/S1_C2_E145_V0331.mp4,S1,C2,9.5,raw_videos/S1/C2/S1_C2_E145_V0331.mp4,1,animal,red_deer,"camera_reaction,foraging,unknown",1,train,4.083333333333333,5.083333333333333,3.583333333333333,5.583333333333333,0,E145_0,train,..\data\audio_cache\full\S1_C2_E145_V0331.flac
E145,S1_C2_E145_V0336,0.9,animal_detection,S1/C2/S1_C2_E145_V0336.mp4,S1,C2,2.0,raw_videos/S1/C2/S1_C2_E145_V0336.mp4,1,animal,red_deer,"camera_reaction,foraging,unknown",1,train,0.4,1.4,0.0,2.0,1,E145_1,train,..\data\audio_cache\full\S1_C2_E145_V0336.flac
E145,S1_C3_E145_V0061,9.333333333333334,animal_detection,S1/C3/S1_C3_E145_V0061.mp4,S1,C3,20.5,raw_videos/S1/C3/S1_C3_E145_V0061.mp4,1,animal,red_deer,"camera_reaction,foraging,unknown",1,train,8.833333333333334,9.833333333333334,8.333333333333334,10.333333333333334,2,E145_2,train,..\data\audio_cache\full\S1_C3_E145_V0061.flac
E146,S1_C1_E146_V0738,60.25,animal_detection,S1/C1/S1_C1_E146_V0738.mp4,S1,C1,120.5,raw_videos/S1/C1/S1_C1_E146_V0738.mp4,1,animal,red_deer,"foraging,grooming,unknown,vigilance",1,train,59.75,60.75,59.25,61.25,0,E146_0,train,..\data\audio_cache\full\S1_C1_E146_V0738.flac
E146,S1_C1_E146_V0739,95.3,animal_detection,S1/C1/S1_C1_E146_V0739.mp4,S1,C1,120.5,raw_videos/S1/C1/S1_C1_E146_V0739.mp4,1,animal,red_deer,"foraging,grooming,unknown,vigilance",1,train,94.8,95.8,94.3,96.3,1,E146_1,train,..\data\audio_cache\full\S1_C1_E146_V0739.flac
E146,S1_C2_E146_V0346,18.166666666666668,animal_detection,S1/C2/S1_C2_E146_V0346.mp4,S1,C2,120.5,raw_videos/S1/C2/S1_C2_E146_V0346.mp4,1,animal,red_deer,"foraging,grooming,unknown,vigilance",1,train,17.666666666666668,18.666666666666668,17.166666666666668,19.166666666666668,2,E146_2,train,..\data\audio_cache\full\S1_C2_E146_V0346.flac
E15,S1_C1_E15_V0036,11.2,animal_detection,S1/C1/S1_C1_E15_V0036.mp4,S1,C1,120.5,raw_videos/S1/C1/S1_C1_E15_V0036.mp4,1,animal,roe_deer,"camera_reaction,foraging,unknown,vigilance",1,train,10.7,11.7,10.2,12.2,0,E15_0,train,..\data\audio_cache\full\S1_C1_E15_V0036.flac
E15,S1_C1_E15_V0036,54.66666666666667,animal_detection,S1/C1/S1_C1_E15_V0036.mp4,S1,C1,120.5,raw_videos/S1/C1/S1_C1_E15_V0036.mp4,1,animal,roe_deer,"camera_reaction,foraging,unknown,vigilance",1,train,54.16666666666667,55.16666666666667,53.66666666666667,55.66666666666667,1,E15_1,train,..\data\audio_cache\full\S1_C1_E15_V0036.flac
E15,S1_C2_E15_V0026,27.5,animal_detection,S1/C2/S1_C2_E15_V0026.mp4,S1,C2,120.5,raw_videos/S1/C2/S1_C2_E15_V0026.mp4,1,animal,roe_deer,"camera_reaction,foraging,unknown,vigilance",1,train,27.0,28.0,26.5,28.5,2,E15_2,train,..\data\audio_cache\full\S1_C2_E15_V0026.flac
E150,S1_C2_E150_V0350,1.0666666666666669,animal_detection,S1/C2/S1_C2_E150_V0350.mp4,S1,C2,2.5,raw_videos/S1/C2/S1_C2_E150_V0350.mp4,1,animal,red_deer,"foraging,unknown,vigilance",2,train,0.5666666666666667,1.5666666666666669,0.0666666666666666,2.0666666666666664,0,E150_0,train,..\data\audio_cache\full\S1_C2_E150_V0350.flac
E150,S1_C2_E150_V0362,0.8833333333333333,animal_detection,S1/C2/S1_C2_E150_V0362.mp4,S1,C2,2.0,raw_videos/S1/C2/S1_C2_E150_V0362.mp4,1,animal,red_deer,"foraging,unknown,vigilance",2,train,0.3833333333333333,1.3833333333333333,0.0,2.0,1,E150_1,train,..\data\audio_cache\full\S1_C2_E150_V0362.flac
E150,S1_C2_E150_V0364,2.183333333333333,animal_detection,S1/C2/S1_C2_E150_V0364.mp4,S1,C2,4.5,raw_videos/S1/C2/S1_C2_E150_V0364.mp4,1,animal,red_deer,"foraging,unknown,vigilance",2,train,1.6833333333333331,2.683333333333333,1.1833333333333331,3.183333333333333,2,E150_2,train,..\data\audio_cache\full\S1_C2_E150_V0364.flac
E151,S1_C2_E151_V0376,0.8166666666666667,animal_detection,S1/C2/S1_C2_E151_V0376.mp4,S1,C2,2.0,raw_videos/S1/C2/S1_C2_E151_V0376.mp4,1,animal,red_deer,"foraging,vigilance",1,train,0.3166666666666666,1.3166666666666669,0.0,2.0,0,E151_0,train,..\data\audio_cache\full\S1_C2_E151_V0376.flac
E151,S1_C2_E151_V0377,1.1833333333333331,animal_detection,S1/C2/S1_C2_E151_V0377.mp4,S1,C2,2.5,raw_videos/S1/C2/S1_C2_E151_V0377.mp4,1,animal,red_deer,"foraging,vigilance",1,train,0.6833333333333333,1.6833333333333331,0.1833333333333333,2.1833333333333336,1,E151_1,train,..\data\audio_cache\full\S1_C2_E151_V0377.flac
E151,S1_C2_E151_V0379,0.7666666666666667,animal_detection,S1/C2/S1_C2_E151_V0379.mp4,S1,C2,2.0,raw_videos/S1/C2/S1_C2_E151_V0379.mp4,1,animal,red_deer,"foraging,vigilance",1,train,0.2666666666666667,1.2666666666666666,0.0,2.0,2,E151_2,train,..\data\audio_cache\full\S1_C2_E151_V0379.flac
E16,S1_C1_E16_V0037,0.7333333333333333,animal_detection,S1/C1/S1_C1_E16_V0037.mp4,S1,C1,20.5,raw_videos/S1/C1/S1_C1_E16_V0037.mp4,1,animal,red_deer,"camera_reaction,foraging,unknown,vigilance",1,train,0.2333333333333332,1.2333333333333334,0.0,2.0,0,E16_0,train,..\data\audio_cache\full\S1_C1_E16_V0037.flac
E16,S1_C1_E16_V0038,10.283333333333331,animal_detection,S1/C1/S1_C1_E16_V0038.mp4,S1,C1,20.5,raw_videos/S1/C1/S1_C1_E16_V0038.mp4,1,animal,red_deer,"camera_reaction,foraging,unknown,vigilance",1,train,9.783333333333331,10.783333333333331,9.283333333333331,11.283333333333331,1,E16_1,train,..\data\audio_cache\full\S1_C1_E16_V0038.flac
E16,S1_C2_E16_V0027,10.25,animal_detection,S1/C2/S1_C2_E16_V0027.mp4,S1,C2,20.5,raw_videos/S1/C2/S1_C2_E16_V0027.mp4,1,animal,red_deer,"camera_reaction,foraging,unknown,vigilance",1,train,9.75,10.75,9.25,11.25,2,E16_2,train,..\data\audio_cache\full\S1_C2_E16_V0027.flac
E166,S1_C1_E166_V0781,30.125,background,S1/C1/S1_C1_E166_V0781.mp4,S1,C1,120.5,raw_videos/S1/C1/S1_C1_E166_V0781.mp4,0,background,none,none,0,train,29.625,30.625,29.125,31.125,0,E166_0,train,..\data\audio_cache\full\S1_C1_E166_V0781.flac
E166,S1_C1_E166_V0781,60.25,background,S1/C1/S1_C1_E166_V0781.mp4,S1,C1,120.5,raw_videos/S1/C1/S1_C1_E166_V0781.mp4,0,background,none,none,0,train,59.75,60.75,59.25,61.25,1,E166_1,train,..\data\audio_cache\full\S1_C1_E166_V0781.flac
E166,S1_C1_E166_V0781,90.375,background,S1/C1/S1_C1_E166_V0781.mp4,S1,C1,120.5,raw_videos/S1/C1/S1_C1_E166_V0781.mp4,0,background,none,none,0,train,89.875,90.875,89.375,91.375,2,E166_2,train,..\data\audio_cache\full\S1_C1_E166_V0781.flac
E168,S1_C1_E168_V0783,30.125,background,S1/C1/S1_C1_E168_V0783.mp4,S1,C1,120.5,raw_videos/S1/C1/S1_C1_E168_V0783.mp4,0,background,none,none,0,train,29.625,30.625,29.125,31.125,0,E168_0,train,..\data\audio_cache\full\S1_C1_E168_V0783.flac
E168,S1_C1_E168_V0783,60.25,background,S1/C1/S1_C1_E168_V0783.mp4,S1,C1,120.5,raw_videos/S1/C1/S1_C1_E168_V0783.mp4,0,background,none,none,0,train,59.75,60.75,59.25,61.25,1,E168_1,train,..\data\audio_cache\full\S1_C1_E168_V0783.flac
E168,S1_C1_E168_V0783,90.375,background,S1/C1/S1_C1_E168_V0783.mp4,S1,C1,120.5,raw_videos/S1/C1/S1_C1_E168_V0783.mp4,0,background,none,none,0,train,89.875,90.875,89.375,91.375,2,E168_2,train,..\data\audio_cache\full\S1_C1_E168_V0783.flac
E169,S1_C1_E169_V0784,1.0,animal_detection,S1/C1/S1_C1_E169_V0784.mp4,S1,C1,2.0,raw_videos/S1/C1/S1_C1_E169_V0784.mp4,1,animal,roe_deer,"foraging,unknown,vigilance",1,train,0.5,1.5,0.0,2.0,0,E169_0,val,..\data\audio_cache\full\S1_C1_E169_V0784.flac
E169,S1_C1_E169_V0785,1.0,animal_detection,S1/C1/S1_C1_E169_V0785.mp4,S1,C1,2.0,raw_videos/S1/C1/S1_C1_E169_V0785.mp4,1,animal,roe_deer,"foraging,unknown,vigilance",1,train,0.5,1.5,0.0,2.0,1,E169_1,val,..\data\audio_cache\full\S1_C1_E169_V0785.flac
E169,S1_C3_E169_V0075,13.466666666666669,animal_detection,S1/C3/S1_C3_E169_V0075.mp4,S1,C3,120.5,raw_videos/S1/C3/S1_C3_E169_V0075.mp4,1,animal,roe_deer,"foraging,unknown,vigilance",1,train,12.966666666666669,13.966666666666669,12.466666666666669,14.466666666666669,2,E169_2,val,..\data\audio_cache\full\S1_C3_E169_V0075.flac
E17,S1_C1_E17_V0044,10.25,animal_detection,S1/C1/S1_C1_E17_V0044.mp4,S1,C1,20.5,raw_videos/S1/C1/S1_C1_E17_V0044.mp4,1,animal,red_deer,"camera_reaction,foraging,unknown,vigilance",1,train,9.75,10.75,9.25,11.25,0,E17_0,train,..\data\audio_cache\full\S1_C1_E17_V0044.flac
E17,S1_C1_E17_V0045,10.25,animal_detection,S1/C1/S1_C1_E17_V0045.mp4,S1,C1,20.5,raw_videos/S1/C1/S1_C1_E17_V0045.mp4,1,animal,red_deer,"camera_reaction,foraging,unknown,vigilance",1,train,9.75,10.75,9.25,11.25,1,E17_1,train,..\data\audio_cache\full\S1_C1_E17_V0045.flac
E17,S1_C1_E17_V0046,3.15,animal_detection,S1/C1/S1_C1_E17_V0046.mp4,S1,C1,20.5,raw_videos/S1/C1/S1_C1_E17_V0046.mp4,1,animal,red_deer,"camera_reaction,foraging,unknown,vigilance",1,train,2.65,3.65,2.15,4.15,2,E17_2,train,..\data\audio_cache\full\S1_C1_E17_V0046.flac
E170,S1_C1_E170_V0790,1.0,animal_detection,S1/C1/S1_C1_E170_V0790.mp4,S1,C1,2.0,raw_videos/S1/C1/S1_C1_E170_V0790.mp4,1,animal,red_deer,"foraging,grooming,vigilance",1,train,0.5,1.5,0.0,2.0,0,E170_0,val,..\data\audio_cache\full\S1_C1_E170_V0790.flac
E170,S1_C1_E170_V0795,0.8,animal_detection,S1/C1/S1_C1_E170_V0795.mp4,S1,C1,2.0,raw_videos/S1/C1/S1_C1_E170_V0795.mp4,1,animal,red_deer,"foraging,grooming,vigilance",1,train,0.3,1.3,0.0,2.0,1,E170_1,val,..\data\audio_cache\full\S1_C1_E170_V0795.flac
E170,S1_C2_E170_V0395,4.583333333333333,animal_detection,S1/C2/S1_C2_E170_V0395.mp4,S1,C2,9.5,raw_videos/S1/C2/S1_C2_E170_V0395.mp4,1,animal,red_deer,"foraging,grooming,vigilance",1,train,4.083333333333333,5.083333333333333,3.583333333333333,5.583333333333333,2,E170_2,val,..\data\audio_cache\full\S1_C2_E170_V0395.flac
E171,S1_C1_E171_V0800,0.9333333333333332,animal_detection,S1/C1/S1_C1_E171_V0800.mp4,S1,C1,2.0,raw_videos/S1/C1/S1_C1_E171_V0800.mp4,1,animal,red_deer,"foraging,unknown",1,train,0.4333333333333333,1.4333333333333331,0.0,2.0,0,E171_0,train,..\data\audio_cache\full\S1_C1_E171_V0800.flac
E171,S1_C2_E171_V0400,3.783333333333333,animal_detection,S1/C2/S1_C2_E171_V0400.mp4,S1,C2,14.0,raw_videos/S1/C2/S1_C2_E171_V0400.mp4,1,animal,red_deer,"foraging,unknown",1,train,3.283333333333333,4.283333333333333,2.783333333333333,4.783333333333333,1,E171_1,train,..\data\audio_cache\full\S1_C2_E171_V0400.flac
E173,S1_C2_E173_V0401,3.7,animal_detection,S1/C2/S1_C2_E173_V0401.mp4,S1,C2,10.5,raw_videos/S1/C2/S1_C2_E173_V0401.mp4,1,animal,red_deer,"foraging,vigilance",1,train,3.2,4.2,2.7,4.7,0,E173_0,train,..\data\audio_cache\full\S1_C2_E173_V0401.flac
E174,S1_C2_E174_V0402,2.066666666666667,animal_detection,S1/C2/S1_C2_E174_V0402.mp4,S1,C2,8.5,raw_videos/S1/C2/S1_C2_E174_V0402.mp4,1,animal,red_deer,vigilance,1,train,1.5666666666666669,2.566666666666667,1.0666666666666669,3.066666666666667,0,E174_0,train,..\data\audio_cache\full\S1_C2_E174_V0402.flac
E175,S1_C2_E175_V0403,2.8833333333333333,animal_detection,S1/C2/S1_C2_E175_V0403.mp4,S1,C2,6.0,raw_videos/S1/C2/S1_C2_E175_V0403.mp4,1,animal,red_deer,vigilance,1,train,2.3833333333333333,3.3833333333333333,1.8833333333333333,3.883333333333333,0,E175_0,val,..\data\audio_cache\full\S1_C2_E175_V0403.flac
E175,S1_C2_E175_V0404,1.45,animal_detection,S1/C2/S1_C2_E175_V0404.mp4,S1,C2,3.0,raw_videos/S1/C2/S1_C2_E175_V0404.mp4,1,animal,red_deer,vigilance,1,train,0.95,1.95,0.4499999999999999,2.45,1,E175_1,val,..\data\audio_cache\full\S1_C2_E175_V0404.flac
E176,S1_C2_E176_V0407,3.4166666666666665,animal_detection,S1/C2/S1_C2_E176_V0407.mp4,S1,C2,8.5,raw_videos/S1/C2/S1_C2_E176_V0407.mp4,1,animal,red_deer,foraging,1,train,2.9166666666666665,3.9166666666666665,2.4166666666666665,4.416666666666666,0,E176_0,train,..\data\audio_cache\full\S1_C2_E176_V0407.flac
E177,S1_C1_E177_V0821,60.266666666666666,animal_detection,S1/C1/S1_C1_E177_V0821.mp4,S1,C1,120.5,raw_videos/S1/C1/S1_C1_E177_V0821.mp4,1,animal,red_deer,"courtship,foraging,vigilance",1,train,59.766666666666666,60.766666666666666,59.266666666666666,61.266666666666666,0,E177_0,train,..\data\audio_cache\full\S1_C1_E177_V0821.flac
E177,S1_C1_E177_V0823,41.66666666666666,animal_detection,S1/C1/S1_C1_E177_V0823.mp4,S1,C1,120.5,raw_videos/S1/C1/S1_C1_E177_V0823.mp4,1,animal,red_deer,"courtship,foraging,vigilance",1,train,41.16666666666666,42.16666666666666,40.66666666666666,42.66666666666666,1,E177_1,train,..\data\audio_cache\full\S1_C1_E177_V0823.flac
E177,S1_C2_E177_V0408,43.35,animal_detection,S1/C2/S1_C2_E177_V0408.mp4,S1,C2,120.5,raw_videos/S1/C2/S1_C2_E177_V0408.mp4,1,animal,red_deer,"courtship,foraging,vigilance",1,train,42.85,43.85,42.35,44.35,2,E177_2,train,..\data\audio_cache\full\S1_C2_E177_V0408.flac
E178,S1_C1_E178_V0824,3.8333333333333335,animal_detection,S1/C1/S1_C1_E178_V0824.mp4,S1,C1,120.5,raw_videos/S1/C1/S1_C1_E178_V0824.mp4,1,animal,red_deer,foraging,1,train,3.333333333333333,4.333333333333334,2.833333333333333,4.833333333333334,0,E178_0,train,..\data\audio_cache\full\S1_C1_E178_V0824.flac
E179,S1_C2_E179_V0409,1.4833333333333334,animal_detection,S1/C2/S1_C2_E179_V0409.mp4,S1,C2,11.5,raw_videos/S1/C2/S1_C2_E179_V0409.mp4,1,animal,red_deer,unknown,2,train,0.9833333333333334,1.9833333333333332,0.4833333333333334,2.4833333333333334,0,E179_0,train,..\data\audio_cache\full\S1_C2_E179_V0409.flac
E18,S1_C1_E18_V0047,11.783333333333331,animal_detection,S1/C1/S1_C1_E18_V0047.mp4,S1,C1,20.5,raw_videos/S1/C1/S1_C1_E18_V0047.mp4,1,animal,red_deer,foraging,1,train,11.283333333333331,12.283333333333331,10.783333333333331,12.783333333333331,0,E18_0,val,..\data\audio_cache\full\S1_C1_E18_V0047.flac
E18,S1_C2_E18_V0033,4.2,animal_detection,S1/C2/S1_C2_E18_V0033.mp4,S1,C2,20.5,raw_videos/S1/C2/S1_C2_E18_V0033.mp4,1,animal,red_deer,foraging,1,train,3.7,4.7,3.2,5.2,1,E18_1,val,..\data\audio_cache\full\S1_C2_E18_V0033.flac
E180,S1_C2_E180_V0410,3.4833333333333334,animal_detection,S1/C2/S1_C2_E180_V0410.mp4,S1,C2,7.0,raw_videos/S1/C2/S1_C2_E180_V0410.mp4,1,animal,red_deer,vigilance,1,train,2.9833333333333334,3.983333333333333,2.4833333333333334,4.483333333333333,0,E180_0,train,..\data\audio_cache\full\S1_C2_E180_V0410.flac
E181,S1_C2_E181_V0411,2.9833333333333334,animal_detection,S1/C2/S1_C2_E181_V0411.mp4,S1,C2,6.0,raw_videos/S1/C2/S1_C2_E181_V0411.mp4,1,animal,red_deer,"chasing,foraging,vigilance",2,train,2.4833333333333334,3.4833333333333334,1.9833333333333332,3.983333333333333,0,E181_0,val,..\data\audio_cache\full\S1_C2_E181_V0411.flac
E181,S1_C2_E181_V0414,1.0,animal_detection,S1/C2/S1_C2_E181_V0414.mp4,S1,C2,2.0,raw_videos/S1/C2/S1_C2_E181_V0414.mp4,1,animal,red_deer,"chasing,foraging,vigilance",2,train,0.5,1.5,0.0,2.0,1,E181_1,val,..\data\audio_cache\full\S1_C2_E181_V0414.flac
E181,S1_C2_E181_V0416,0.9666666666666668,animal_detection,S1/C2/S1_C2_E181_V0416.mp4,S1,C2,2.0,raw_videos/S1/C2/S1_C2_E181_V0416.mp4,1,animal,red_deer,"chasing,foraging,vigilance",2,train,0.4666666666666667,1.4666666666666668,0.0,2.0,2,E181_2,val,..\data\audio_cache\full\S1_C2_E181_V0416.flac
E182,S1_C2_E182_V0418,2.583333333333333,animal_detection,S1/C2/S1_C2_E182_V0418.mp4,S1,C2,5.5,raw_videos/S1/C2/S1_C2_E182_V0418.mp4,1,animal,red_deer,vigilance,1,train,2.083333333333333,3.083333333333333,1.5833333333333337,3.583333333333333,0,E182_0,train,..\data\audio_cache\full\S1_C2_E182_V0418.flac
E188,S1_C2_E188_V0423,2.316666666666667,animal_detection,S1/C2/S1_C2_E188_V0423.mp4,S1,C2,5.0,raw_videos/S1/C2/S1_C2_E188_V0423.mp4,1,animal,red_deer,foraging,1,train,1.8166666666666669,2.816666666666667,1.3166666666666669,3.316666666666667,0,E188_0,val,..\data\audio_cache\full\S1_C2_E188_V0423.flac
E189,S1_C1_E189_V0825,60.266666666666666,animal_detection,S1/C1/S1_C1_E189_V0825.mp4,S1,C1,120.5,raw_videos/S1/C1/S1_C1_E189_V0825.mp4,1,animal,red_deer,"foraging,grooming,unknown,vigilance",1,train,59.766666666666666,60.766666666666666,59.266666666666666,61.266666666666666,0,E189_0,train,..\data\audio_cache\full\S1_C1_E189_V0825.flac
E189,S1_C1_E189_V0826,30.716666666666665,animal_detection,S1/C1/S1_C1_E189_V0826.mp4,S1,C1,120.5,raw_videos/S1/C1/S1_C1_E189_V0826.mp4,1,animal,red_deer,"foraging,grooming,unknown,vigilance",1,train,30.216666666666665,31.216666666666665,29.716666666666665,31.716666666666665,1,E189_1,train,..\data\audio_cache\full\S1_C1_E189_V0826.flac
E189,S1_C2_E189_V0424,60.266666666666666,animal_detection,S1/C2/S1_C2_E189_V0424.mp4,S1,C2,120.5,raw_videos/S1/C2/S1_C2_E189_V0424.mp4,1,animal,red_deer,"foraging,grooming,unknown,vigilance",1,train,59.766666666666666,60.766666666666666,59.266666666666666,61.266666666666666,2,E189_2,train,..\data\audio_cache\full\S1_C2_E189_V0424.flac
E190,S1_C1_E190_V0827,5.066666666666666,animal_detection,S1/C1/S1_C1_E190_V0827.mp4,S1,C1,120.5,raw_videos/S1/C1/S1_C1_E190_V0827.mp4,1,animal,red_deer,"foraging,unknown,vigilance",1,train,4.566666666666666,5.566666666666666,4.066666666666666,6.066666666666666,0,E190_0,train,..\data\audio_cache\full\S1_C1_E190_V0827.flac
E190,S1_C2_E190_V0426,7.916666666666667,animal_detection,S1/C2/S1_C2_E190_V0426.mp4,S1,C2,120.5,raw_videos/S1/C2/S1_C2_E190_V0426.mp4,1,animal,red_deer,"foraging,unknown,vigilance",1,train,7.416666666666667,8.416666666666668,6.916666666666667,8.916666666666668,1,E190_1,train,..\data\audio_cache\full\S1_C2_E190_V0426.flac
E190,S1_C3_E190_V0079,1.1666666666666667,animal_detection,S1/C3/S1_C3_E190_V0079.mp4,S1,C3,120.5,raw_videos/S1/C3/S1_C3_E190_V0079.mp4,1,animal,red_deer,"foraging,unknown,vigilance",1,train,0.6666666666666667,1.6666666666666667,0.1666666666666667,2.166666666666667,2,E190_2,train,..\data\audio_cache\full\S1_C3_E190_V0079.flac
E191,S1_C2_E191_V0427,4.183333333333334,animal_detection,S1/C2/S1_C2_E191_V0427.mp4,S1,C2,8.5,raw_videos/S1/C2/S1_C2_E191_V0427.mp4,1,animal,red_deer,"courtship,foraging",1,train,3.6833333333333336,4.683333333333334,3.1833333333333336,5.183333333333334,0,E191_0,train,..\data\audio_cache\full\S1_C2_E191_V0427.flac
E191,S1_C2_E191_V0429,1.3666666666666667,animal_detection,S1/C2/S1_C2_E191_V0429.mp4,S1,C2,3.0,raw_videos/S1/C2/S1_C2_E191_V0429.mp4,1,animal,red_deer,"courtship,foraging",1,train,0.8666666666666667,1.8666666666666667,0.3666666666666667,2.3666666666666667,1,E191_1,train,..\data\audio_cache\full\S1_C2_E191_V0429.flac
E191,S1_C3_E191_V0080,8.716666666666667,animal_detection,S1/C3/S1_C3_E191_V0080.mp4,S1,C3,20.5,raw_videos/S1/C3/S1_C3_E191_V0080.mp4,1,animal,red_deer,"courtship,foraging",1,train,8.216666666666667,9.216666666666669,7.716666666666667,9.716666666666669,2,E191_2,train,..\data\audio_cache\full\S1_C3_E191_V0080.flac
E193,S1_C1_E193_V0832,3.5166666666666666,animal_detection,S1/C1/S1_C1_E193_V0832.mp4,S1,C1,120.5,raw_videos/S1/C1/S1_C1_E193_V0832.mp4,1,animal,red_deer,foraging,1,train,3.0166666666666666,4.016666666666667,2.5166666666666666,4.516666666666667,0,E193_0,train,..\data\audio_cache\full\S1_C1_E193_V0832.flac
E194,S1_C1_E194_V0834,60.25,animal_detection,S1/C1/S1_C1_E194_V0834.mp4,S1,C1,120.5,raw_videos/S1/C1/S1_C1_E194_V0834.mp4,1,animal,red_deer,"courtship,foraging,grooming,unknown,vigilance",1,train,59.75,60.75,59.25,61.25,0,E194_0,train,..\data\audio_cache\full\S1_C1_E194_V0834.flac
E194,S1_C1_E194_V0835,1.05,animal_detection,S1/C1/S1_C1_E194_V0835.mp4,S1,C1,120.5,raw_videos/S1/C1/S1_C1_E194_V0835.mp4,1,animal,red_deer,"courtship,foraging,grooming,unknown,vigilance",1,train,0.55,1.55,0.05,2.05,1,E194_1,train,..\data\audio_cache\full\S1_C1_E194_V0835.flac
E194,S1_C2_E194_V0438,52.333333333333336,animal_detection,S1/C2/S1_C2_E194_V0438.mp4,S1,C2,120.5,raw_videos/S1/C2/S1_C2_E194_V0438.mp4,1,animal,red_deer,"courtship,foraging,grooming,unknown,vigilance",1,train,51.833333333333336,52.833333333333336,51.333333333333336,53.333333333333336,2,E194_2,train,..\data\audio_cache\full\S1_C2_E194_V0438.flac
E196,S1_C2_E196_V0443,3.1666666666666665,animal_detection,S1/C2/S1_C2_E196_V0443.mp4,S1,C2,6.5,raw_videos/S1/C2/S1_C2_E196_V0443.mp4,1,animal,red_deer,"foraging,vigilance",1,train,2.6666666666666665,3.6666666666666665,2.1666666666666665,4.166666666666666,0,E196_0,train,..\data\audio_cache\full\S1_C2_E196_V0443.flac
E196,S1_C2_E196_V0444,0.9166666666666666,animal_detection,S1/C2/S1_C2_E196_V0444.mp4,S1,C2,2.0,raw_videos/S1/C2/S1_C2_E196_V0444.mp4,1,animal,red_deer,"foraging,vigilance",1,train,0.4166666666666666,1.4166666666666663,0.0,2.0,1,E196_1,train,..\data\audio_cache\full\S1_C2_E196_V0444.flac
E196,S1_C2_E196_V0448,1.9833333333333332,animal_detection,S1/C2/S1_C2_E196_V0448.mp4,S1,C2,4.0,raw_videos/S1/C2/S1_C2_E196_V0448.mp4,1,animal,red_deer,"foraging,vigilance",1,train,1.4833333333333334,2.4833333333333334,0.9833333333333334,2.9833333333333334,2,E196_2,train,..\data\audio_cache\full\S1_C2_E196_V0448.flac
E197,S1_C2_E197_V0455,0.8833333333333333,animal_detection,S1/C2/S1_C2_E197_V0455.mp4,S1,C2,2.0,raw_videos/S1/C2/S1_C2_E197_V0455.mp4,1,animal,red_deer,"courtship,foraging,vigilance",1,train,0.3833333333333333,1.3833333333333333,0.0,2.0,0,E197_0,train,..\data\audio_cache\full\S1_C2_E197_V0455.flac
E197,S1_C2_E197_V0456,1.8833333333333333,animal_detection,S1/C2/S1_C2_E197_V0456.mp4,S1,C2,4.0,raw_videos/S1/C2/S1_C2_E197_V0456.mp4,1,animal,red_deer,"courtship,foraging,vigilance",1,train,1.3833333333333333,2.3833333333333333,0.8833333333333333,2.8833333333333333,1,E197_1,train,..\data\audio_cache\full\S1_C2_E197_V0456.flac
E197,S1_C2_E197_V0458,1.4,animal_detection,S1/C2/S1_C2_E197_V0458.mp4,S1,C2,3.0,raw_videos/S1/C2/S1_C2_E197_V0458.mp4,1,animal,red_deer,"courtship,foraging,vigilance",1,train,0.8999999999999999,1.9,0.3999999999999999,2.4,2,E197_2,train,..\data\audio_cache\full\S1_C2_E197_V0458.flac
E198,S1_C2_E198_V0469,1.7833333333333334,animal_detection,S1/C2/S1_C2_E198_V0469.mp4,S1,C2,4.0,raw_videos/S1/C2/S1_C2_E198_V0469.mp4,1,animal,red_deer,"foraging,vigilance",1,train,1.2833333333333334,2.283333333333333,0.7833333333333334,2.783333333333333,0,E198_0,train,..\data\audio_cache\full\S1_C2_E198_V0469.flac
E198,S1_C2_E198_V0470,0.8833333333333333,animal_detection,S1/C2/S1_C2_E198_V0470.mp4,S1,C2,2.0,raw_videos/S1/C2/S1_C2_E198_V0470.mp4,1,animal,red_deer,"foraging,vigilance",1,train,0.3833333333333333,1.3833333333333333,0.0,2.0,1,E198_1,train,..\data\audio_cache\full\S1_C2_E198_V0470.flac
E198,S1_C3_E198_V0082,10.25,animal_detection,S1/C3/S1_C3_E198_V0082.mp4,S1,C3,20.5,raw_videos/S1/C3/S1_C3_E198_V0082.mp4,1,animal,red_deer,"foraging,vigilance",1,train,9.75,10.75,9.25,11.25,2,E198_2,train,..\data\audio_cache\full\S1_C3_E198_V0082.flac
E200,S1_C3_E200_V0084,9.75,animal_detection,S1/C3/S1_C3_E200_V0084.mp4,S1,C3,20.5,raw_videos/S1/C3/S1_C3_E200_V0084.mp4,1,animal,red_deer,"foraging,vigilance",1,train,9.25,10.25,8.75,10.75,0,E200_0,train,..\data\audio_cache\full\S1_C3_E200_V0084.flac
E202,S1_C2_E202_V0517,9.266666666666667,animal_detection,S1/C2/S1_C2_E202_V0517.mp4,S1,C2,120.5,raw_videos/S1/C2/S1_C2_E202_V0517.mp4,1,animal,red_deer,"unknown,vigilance",1,train,8.766666666666667,9.766666666666667,8.266666666666667,10.266666666666667,0,E202_0,val,..\data\audio_cache\full\S1_C2_E202_V0517.flac
E204,S1_C1_E204_V0840,60.25,background,S1/C1/S1_C1_E204_V0840.mp4,S1,C1,120.5,raw_videos/S1/C1/S1_C1_E204_V0840.mp4,0,background,none,none,0,train,59.75,60.75,59.25,61.25,0,E204_0,val,..\data\audio_cache\full\S1_C1_E204_V0840.flac
E204,S1_C1_E204_V0840,90.375,background,S1/C1/S1_C1_E204_V0840.mp4,S1,C1,120.5,raw_videos/S1/C1/S1_C1_E204_V0840.mp4,0,background,none,none,0,train,89.875,90.875,89.375,91.375,1,E204_1,val,..\data\audio_cache\full\S1_C1_E204_V0840.flac
E204,S1_C1_E204_V0841,30.125,background,S1/C1/S1_C1_E204_V0841.mp4,S1,C1,120.5,raw_videos/S1/C1/S1_C1_E204_V0841.mp4,0,background,none,none,0,train,29.625,30.625,29.125,31.125,2,E204_2,val,..\data\audio_cache\full\S1_C1_E204_V0841.flac
E205,S1_C1_E205_V0842,60.25,background,S1/C1/S1_C1_E205_V0842.mp4,S1,C1,120.5,raw_videos/S1/C1/S1_C1_E205_V0842.mp4,0,background,none,none,0,train,59.75,60.75,59.25,61.25,0,E205_0,train,..\data\audio_cache\full\S1_C1_E205_V0842.flac
E205,S1_C1_E205_V0842,90.375,background,S1/C1/S1_C1_E205_V0842.mp4,S1,C1,120.5,raw_videos/S1/C1/S1_C1_E205_V0842.mp4,0,background,none,none,0,train,89.875,90.875,89.375,91.375,1,E205_1,train,..\data\audio_cache\full\S1_C1_E205_V0842.flac
E205,S1_C1_E205_V0843,90.375,background,S1/C1/S1_C1_E205_V0843.mp4,S1,C1,120.5,raw_videos/S1/C1/S1_C1_E205_V0843.mp4,0,background,none,none,0,train,89.875,90.875,89.375,91.375,2,E205_2,train,..\data\audio_cache\full\S1_C1_E205_V0843.flac
E208,S1_C1_E208_V0847,30.125,background,S1/C1/S1_C1_E208_V0847.mp4,S1,C1,120.5,raw_videos/S1/C1/S1_C1_E208_V0847.mp4,0,background,none,none,0,train,29.625,30.625,29.125,31.125,0,E208_0,val,..\data\audio_cache\full\S1_C1_E208_V0847.flac
E208,S1_C1_E208_V0847,60.25,background,S1/C1/S1_C1_E208_V0847.mp4,S1,C1,120.5,raw_videos/S1/C1/S1_C1_E208_V0847.mp4,0,background,none,none,0,train,59.75,60.75,59.25,61.25,1,E208_1,val,..\data\audio_cache\full\S1_C1_E208_V0847.flac
E208,S1_C1_E208_V0848,30.125,background,S1/C1/S1_C1_E208_V0848.mp4,S1,C1,120.5,raw_videos/S1/C1/S1_C1_E208_V0848.mp4,0,background,none,none,0,train,29.625,30.625,29.125,31.125,2,E208_2,val,..\data\audio_cache\full\S1_C1_E208_V0848.flac
E21,S1_C1_E21_V0051,30.125,background,S1/C1/S1_C1_E21_V0051.mp4,S1,C1,120.5,raw_videos/S1/C1/S1_C1_E21_V0051.mp4,0,background,none,none,0,train,29.625,30.625,29.125,31.125,0,E21_0,train,..\data\audio_cache\full\S1_C1_E21_V0051.flac
E21,S1_C1_E21_V0051,60.25,background,S1/C1/S1_C1_E21_V0051.mp4,S1,C1,120.5,raw_videos/S1/C1/S1_C1_E21_V0051.mp4,0,background,none,none,0,train,59.75,60.75,59.25,61.25,1,E21_1,train,..\data\audio_cache\full\S1_C1_E21_V0051.flac
E21,S1_C2_E21_V0035,60.25,background,S1/C2/S1_C2_E21_V0035.mp4,S1,C2,120.5,raw_videos/S1/C2/S1_C2_E21_V0035.mp4,0,background,none,none,0,train,59.75,60.75,59.25,61.25,2,E21_2,train,..\data\audio_cache\full\S1_C2_E21_V0035.flac
E210,S1_C1_E210_V0851,60.25,background,S1/C1/S1_C1_E210_V0851.mp4,S1,C1,120.5,raw_videos/S1/C1/S1_C1_E210_V0851.mp4,0,background,none,none,0,train,59.75,60.75,59.25,61.25,0,E210_0,val,..\data\audio_cache\full\S1_C1_E210_V0851.flac
E210,S1_C1_E210_V0852,60.25,background,S1/C1/S1_C1_E210_V0852.mp4,S1,C1,120.5,raw_videos/S1/C1/S1_C1_E210_V0852.mp4,0,background,none,none,0,train,59.75,60.75,59.25,61.25,1,E210_1,val,..\data\audio_cache\full\S1_C1_E210_V0852.flac
E210,S1_C1_E210_V0853,30.125,background,S1/C1/S1_C1_E210_V0853.mp4,S1,C1,120.5,raw_videos/S1/C1/S1_C1_E210_V0853.mp4,0,background,none,none,0,train,29.625,30.625,29.125,31.125,2,E210_2,val,..\data\audio_cache\full\S1_C1_E210_V0853.flac
E216,S1_C1_E216_V0857,0.9833333333333334,animal_detection,S1/C1/S1_C1_E216_V0857.mp4,S1,C1,120.5,raw_videos/S1/C1/S1_C1_E216_V0857.mp4,1,animal,red_deer,foraging,1,train,0.4833333333333334,1.4833333333333334,0.0,2.0,0,E216_0,train,..\data\audio_cache\full\S1_C1_E216_V0857.flac
E217,S1_C1_E217_V0858,0.95,animal_detection,S1/C1/S1_C1_E217_V0858.mp4,S1,C1,120.5,raw_videos/S1/C1/S1_C1_E217_V0858.mp4,1,animal,red_deer,unknown,1,train,0.4499999999999999,1.45,0.0,2.0,0,E217_0,train,..\data\audio_cache\full\S1_C1_E217_V0858.flac
E218,S1_C1_E218_V0859,30.125,background,S1/C1/S1_C1_E218_V0859.mp4,S1,C1,120.5,raw_videos/S1/C1/S1_C1_E218_V0859.mp4,0,background,none,none,0,train,29.625,30.625,29.125,31.125,0,E218_0,train,..\data\audio_cache\full\S1_C1_E218_V0859.flac
E218,S1_C1_E218_V0859,60.25,background,S1/C1/S1_C1_E218_V0859.mp4,S1,C1,120.5,raw_videos/S1/C1/S1_C1_E218_V0859.mp4,0,background,none,none,0,train,59.75,60.75,59.25,61.25,1,E218_1,train,..\data\audio_cache\full\S1_C1_E218_V0859.flac
E218,S1_C1_E218_V0859,90.375,background,S1/C1/S1_C1_E218_V0859.mp4,S1,C1,120.5,raw_videos/S1/C1/S1_C1_E218_V0859.mp4,0,background,none,none,0,train,89.875,90.875,89.375,91.375,2,E218_2,train,..\data\audio_cache\full\S1_C1_E218_V0859.flac
E219,S1_C2_E219_V0519,2.6666666666666665,animal_detection,S1/C2/S1_C2_E219_V0519.mp4,S1,C2,8.0,raw_videos/S1/C2/S1_C2_E219_V0519.mp4,1,animal,red_deer,"foraging,vigilance",1,train,2.1666666666666665,3.1666666666666665,1.6666666666666663,3.6666666666666665,0,E219_0,val,..\data\audio_cache\full\S1_C2_E219_V0519.flac
E219,S1_C2_E219_V0520,1.0,animal_detection,S1/C2/S1_C2_E219_V0520.mp4,S1,C2,2.0,raw_videos/S1/C2/S1_C2_E219_V0520.mp4,1,animal,red_deer,"foraging,vigilance",1,train,0.5,1.5,0.0,2.0,1,E219_1,val,..\data\audio_cache\full\S1_C2_E219_V0520.flac
E219,S1_C3_E219_V0088,10.25,animal_detection,S1/C3/S1_C3_E219_V0088.mp4,S1,C3,20.5,raw_videos/S1/C3/S1_C3_E219_V0088.mp4,1,animal,red_deer,"foraging,vigilance",1,train,9.75,10.75,9.25,11.25,2,E219_2,val,..\data\audio_cache\full\S1_C3_E219_V0088.flac
E221,S1_C1_E221_V0861,30.125,background,S1/C1/S1_C1_E221_V0861.mp4,S1,C1,120.5,raw_videos/S1/C1/S1_C1_E221_V0861.mp4,0,background,none,none,0,train,29.625,30.625,29.125,31.125,0,E221_0,train,..\data\audio_cache\full\S1_C1_E221_V0861.flac
E221,S1_C1_E221_V0861,60.25,background,S1/C1/S1_C1_E221_V0861.mp4,S1,C1,120.5,raw_videos/S1/C1/S1_C1_E221_V0861.mp4,0,background,none,none,0,train,59.75,60.75,59.25,61.25,1,E221_1,train,..\data\audio_cache\full\S1_C1_E221_V0861.flac
E221,S1_C1_E221_V0861,90.375,background,S1/C1/S1_C1_E221_V0861.mp4,S1,C1,120.5,raw_videos/S1/C1/S1_C1_E221_V0861.mp4,0,background,none,none,0,train,89.875,90.875,89.375,91.375,2,E221_2,train,..\data\audio_cache\full\S1_C1_E221_V0861.flac
E222,S1_C1_E222_V0862,2.033333333333333,animal_detection,S1/C1/S1_C1_E222_V0862.mp4,S1,C1,120.5,raw_videos/S1/C1/S1_C1_E222_V0862.mp4,1,animal,red_deer,foraging,1,train,1.5333333333333332,2.533333333333333,1.0333333333333332,3.033333333333333,0,E222_0,train,..\data\audio_cache\full\S1_C1_E222_V0862.flac
E224,S1_C3_E224_V0089,0.9166666666666666,animal_detection,S1/C3/S1_C3_E224_V0089.mp4,S1,C3,20.5,raw_videos/S1/C3/S1_C3_E224_V0089.mp4,1,animal,red_deer,foraging,1,train,0.4166666666666666,1.4166666666666663,0.0,2.0,0,E224_0,train,..\data\audio_cache\full\S1_C3_E224_V0089.flac
E227,S1_C1_E227_V0864,30.125,background,S1/C1/S1_C1_E227_V0864.mp4,S1,C1,120.5,raw_videos/S1/C1/S1_C1_E227_V0864.mp4,0,background,none,none,0,train,29.625,30.625,29.125,31.125,0,E227_0,train,..\data\audio_cache\full\S1_C1_E227_V0864.flac
E227,S1_C1_E227_V0864,60.25,background,S1/C1/S1_C1_E227_V0864.mp4,S1,C1,120.5,raw_videos/S1/C1/S1_C1_E227_V0864.mp4,0,background,none,none,0,train,59.75,60.75,59.25,61.25,1,E227_1,train,..\data\audio_cache\full\S1_C1_E227_V0864.flac
E227,S1_C1_E227_V0864,90.375,background,S1/C1/S1_C1_E227_V0864.mp4,S1,C1,120.5,raw_videos/S1/C1/S1_C1_E227_V0864.mp4,0,background,none,none,0,train,89.875,90.875,89.375,91.375,2,E227_2,train,..\data\audio_cache\full\S1_C1_E227_V0864.flac
E228,S1_C1_E228_V0865,30.125,background,S1/C1/S1_C1_E228_V0865.mp4,S1,C1,120.5,raw_videos/S1/C1/S1_C1_E228_V0865.mp4,0,background,none,none,0,train,29.625,30.625,29.125,31.125,0,E228_0,train,..\data\audio_cache\full\S1_C1_E228_V0865.flac
E228,S1_C1_E228_V0865,90.375,background,S1/C1/S1_C1_E228_V0865.mp4,S1,C1,120.5,raw_videos/S1/C1/S1_C1_E228_V0865.mp4,0,background,none,none,0,train,89.875,90.875,89.375,91.375,1,E228_1,train,..\data\audio_cache\full\S1_C1_E228_V0865.flac
E228,S1_C3_E228_V0090,90.375,background,S1/C3/S1_C3_E228_V0090.mp4,S1,C3,120.5,raw_videos/S1/C3/S1_C3_E228_V0090.mp4,0,background,none,none,0,train,89.875,90.875,89.375,91.375,2,E228_2,train,..\data\audio_cache\full\S1_C3_E228_V0090.flac
E230,S1_C1_E230_V0867,30.125,background,S1/C1/S1_C1_E230_V0867.mp4,S1,C1,120.5,raw_videos/S1/C1/S1_C1_E230_V0867.mp4,0,background,none,none,0,train,29.625,30.625,29.125,31.125,0,E230_0,train,..\data\audio_cache\full\S1_C1_E230_V0867.flac
E230,S1_C1_E230_V0867,60.25,background,S1/C1/S1_C1_E230_V0867.mp4,S1,C1,120.5,raw_videos/S1/C1/S1_C1_E230_V0867.mp4,0,background,none,none,0,train,59.75,60.75,59.25,61.25,1,E230_1,train,..\data\audio_cache\full\S1_C1_E230_V0867.flac
E230,S1_C1_E230_V0867,90.375,background,S1/C1/S1_C1_E230_V0867.mp4,S1,C1,120.5,raw_videos/S1/C1/S1_C1_E230_V0867.mp4,0,background,none,none,0,train,89.875,90.875,89.375,91.375,2,E230_2,train,..\data\audio_cache\full\S1_C1_E230_V0867.flac
E237,S1_C2_E237_V0529,2.783333333333333,animal_detection,S1/C2/S1_C2_E237_V0529.mp4,S1,C2,6.0,raw_videos/S1/C2/S1_C2_E237_V0529.mp4,1,animal,red_deer,"camera_reaction,courtship,foraging",1,train,2.283333333333333,3.283333333333333,1.7833333333333332,3.783333333333333,0,E237_0,train,..\data\audio_cache\full\S1_C2_E237_V0529.flac
E237,S1_C3_E237_V0092,2.6666666666666665,animal_detection,S1/C3/S1_C3_E237_V0092.mp4,S1,C3,20.5,raw_videos/S1/C3/S1_C3_E237_V0092.mp4,1,animal,red_deer,"camera_reaction,courtship,foraging",1,train,2.1666666666666665,3.1666666666666665,1.6666666666666663,3.6666666666666665,1,E237_1,train,..\data\audio_cache\full\S1_C3_E237_V0092.flac
E24,S1_C1_E24_V0056,30.125,background,S1/C1/S1_C1_E24_V0056.mp4,S1,C1,120.5,raw_videos/S1/C1/S1_C1_E24_V0056.mp4,0,background,none,none,0,train,29.625,30.625,29.125,31.125,0,E24_0,train,..\data\audio_cache\full\S1_C1_E24_V0056.flac
E24,S1_C1_E24_V0057,30.125,background,S1/C1/S1_C1_E24_V0057.mp4,S1,C1,120.5,raw_videos/S1/C1/S1_C1_E24_V0057.mp4,0,background,none,none,0,train,29.625,30.625,29.125,31.125,1,E24_1,train,..\data\audio_cache\full\S1_C1_E24_V0057.flac
E24,S1_C1_E24_V0057,90.375,background,S1/C1/S1_C1_E24_V0057.mp4,S1,C1,120.5,raw_videos/S1/C1/S1_C1_E24_V0057.mp4,0,background,none,none,0,train,89.875,90.875,89.375,91.375,2,E24_2,train,..\data\audio_cache\full\S1_C1_E24_V0057.flac
E242,S1_C1_E242_V0873,30.125,background,S1/C1/S1_C1_E242_V0873.mp4,S1,C1,120.5,raw_videos/S1/C1/S1_C1_E242_V0873.mp4,0,background,none,none,0,train,29.625,30.625,29.125,31.125,0,E242_0,train,..\data\audio_cache\full\S1_C1_E242_V0873.flac
E242,S1_C1_E242_V0874,60.25,background,S1/C1/S1_C1_E242_V0874.mp4,S1,C1,120.5,raw_videos/S1/C1/S1_C1_E242_V0874.mp4,0,background,none,none,0,train,59.75,60.75,59.25,61.25,1,E242_1,train,..\data\audio_cache\full\S1_C1_E242_V0874.flac
E242,S1_C1_E242_V0874,90.375,background,S1/C1/S1_C1_E242_V0874.mp4,S1,C1,120.5,raw_videos/S1/C1/S1_C1_E242_V0874.mp4,0,background,none,none,0,train,89.875,90.875,89.375,91.375,2,E242_2,train,..\data\audio_cache\full\S1_C1_E242_V0874.flac
E243,S1_C2_E243_V0542,1.7666666666666666,animal_detection,S1/C2/S1_C2_E243_V0542.mp4,S1,C2,2.5,raw_videos/S1/C2/S1_C2_E243_V0542.mp4,1,animal,red_deer,"foraging,unknown",1,train,1.2666666666666666,2.2666666666666666,0.5,2.5,0,E243_0,train,..\data\audio_cache\full\S1_C2_E243_V0542.flac
E243,S1_C2_E243_V0543,1.05,animal_detection,S1/C2/S1_C2_E243_V0543.mp4,S1,C2,2.0,raw_videos/S1/C2/S1_C2_E243_V0543.mp4,1,animal,red_deer,"foraging,unknown",1,train,0.55,1.55,0.0,2.0,1,E243_1,train,..\data\audio_cache\full\S1_C2_E243_V0543.flac
E243,S1_C3_E243_V0093,10.25,animal_detection,S1/C3/S1_C3_E243_V0093.mp4,S1,C3,20.5,raw_videos/S1/C3/S1_C3_E243_V0093.mp4,1,animal,red_deer,"foraging,unknown",1,train,9.75,10.75,9.25,11.25,2,E243_2,train,..\data\audio_cache\full\S1_C3_E243_V0093.flac
E244,S1_C2_E244_V0553,1.0,animal_detection,S1/C2/S1_C2_E244_V0553.mp4,S1,C2,2.0,raw_videos/S1/C2/S1_C2_E244_V0553.mp4,1,animal,red_deer,foraging,1,train,0.5,1.5,0.0,2.0,0,E244_0,train,..\data\audio_cache\full\S1_C2_E244_V0553.flac
E244,S1_C2_E244_V0554,0.8166666666666667,animal_detection,S1/C2/S1_C2_E244_V0554.mp4,S1,C2,2.0,raw_videos/S1/C2/S1_C2_E244_V0554.mp4,1,animal,red_deer,foraging,1,train,0.3166666666666666,1.3166666666666669,0.0,2.0,1,E244_1,train,..\data\audio_cache\full\S1_C2_E244_V0554.flac
E248,S1_C1_E248_V0877,30.125,background,S1/C1/S1_C1_E248_V0877.mp4,S1,C1,120.5,raw_videos/S1/C1/S1_C1_E248_V0877.mp4,0,background,none,none,0,train,29.625,30.625,29.125,31.125,0,E248_0,train,..\data\audio_cache\full\S1_C1_E248_V0877.flac
E248,S1_C1_E248_V0877,60.25,background,S1/C1/S1_C1_E248_V0877.mp4,S1,C1,120.5,raw_videos/S1/C1/S1_C1_E248_V0877.mp4,0,background,none,none,0,train,59.75,60.75,59.25,61.25,1,E248_1,train,..\data\audio_cache\full\S1_C1_E248_V0877.flac
E248,S1_C1_E248_V0877,90.375,background,S1/C1/S1_C1_E248_V0877.mp4,S1,C1,120.5,raw_videos/S1/C1/S1_C1_E248_V0877.mp4,0,background,none,none,0,train,89.875,90.875,89.375,91.375,2,E248_2,train,..\data\audio_cache\full\S1_C1_E248_V0877.flac
E25,S1_C2_E25_V0036,8.783333333333333,animal_detection,S1/C2/S1_C2_E25_V0036.mp4,S1,C2,120.5,raw_videos/S1/C2/S1_C2_E25_V0036.mp4,1,animal,roe_deer,"escaping,unknown,vigilance",1,train,8.283333333333333,9.283333333333331,7.783333333333333,9.783333333333331,0,E25_0,train,..\data\audio_cache\full\S1_C2_E25_V0036.flac
E252,S1_C2_E252_V0573,0.7833333333333333,animal_detection,S1/C2/S1_C2_E252_V0573.mp4,S1,C2,2.0,raw_videos/S1/C2/S1_C2_E252_V0573.mp4,1,animal,red_deer,foraging,1,train,0.2833333333333333,1.2833333333333332,0.0,2.0,0,E252_0,train,..\data\audio_cache\full\S1_C2_E252_V0573.flac
E260,S2_C1_E260_V0018,10.25,animal_detection,S2/C1/S2_C1_E260_V0018.mp4,S2,C1,20.5,raw_videos/S2/C1/S2_C1_E260_V0018.mp4,1,animal,red_deer,"camera_reaction,foraging,vigilance",1,train,9.75,10.75,9.25,11.25,0,E260_0,train,..\data\audio_cache\full\S2_C1_E260_V0018.flac
E260,S2_C1_E260_V0021,10.25,animal_detection,S2/C1/S2_C1_E260_V0021.mp4,S2,C1,20.5,raw_videos/S2/C1/S2_C1_E260_V0021.mp4,1,animal,red_deer,"camera_reaction,foraging,vigilance",1,train,9.75,10.75,9.25,11.25,1,E260_1,train,..\data\audio_cache\full\S2_C1_E260_V0021.flac
E260,S2_C2_E260_V0020,10.25,animal_detection,S2/C2/S2_C2_E260_V0020.mp4,S2,C2,20.5,raw_videos/S2/C2/S2_C2_E260_V0020.mp4,1,animal,red_deer,"camera_reaction,foraging,vigilance",1,train,9.75,10.75,9.25,11.25,2,E260_2,train,..\data\audio_cache\full\S2_C2_E260_V0020.flac
E263,S2_C1_E263_V0023,2.65,animal_detection,S2/C1/S2_C1_E263_V0023.mp4,S2,C1,120.5,raw_videos/S2/C1/S2_C1_E263_V0023.mp4,1,animal,red_deer,"foraging,grooming,unknown,vigilance",1,train,2.15,3.15,1.65,3.65,0,E263_0,train,..\data\audio_cache\full\S2_C1_E263_V0023.flac
E263,S2_C2_E263_V0023,0.9666666666666668,animal_detection,S2/C2/S2_C2_E263_V0023.mp4,S2,C2,120.5,raw_videos/S2/C2/S2_C2_E263_V0023.mp4,1,animal,red_deer,"foraging,grooming,unknown,vigilance",1,train,0.4666666666666667,1.4666666666666668,0.0,2.0,1,E263_1,train,..\data\audio_cache\full\S2_C2_E263_V0023.flac
E263,S2_C3_E263_V0018,21.066666666666663,animal_detection,S2/C3/S2_C3_E263_V0018.mp4,S2,C3,120.5,raw_videos/S2/C3/S2_C3_E263_V0018.mp4,1,animal,red_deer,"foraging,grooming,unknown,vigilance",1,train,20.566666666666663,21.566666666666663,20.066666666666663,22.066666666666663,2,E263_2,train,..\data\audio_cache\full\S2_C3_E263_V0018.flac
E264,S2_C3_E264_V0019,0.8833333333333333,animal_detection,S2/C3/S2_C3_E264_V0019.mp4,S2,C3,120.5,raw_videos/S2/C3/S2_C3_E264_V0019.mp4,1,animal,red_deer,unknown,1,train,0.3833333333333333,1.3833333333333333,0.0,2.0,0,E264_0,train,..\data\audio_cache\full\S2_C3_E264_V0019.flac
E265,S2_C1_E265_V0025,18.383333333333333,animal_detection,S2/C1/S2_C1_E265_V0025.mp4,S2,C1,20.5,raw_videos/S2/C1/S2_C1_E265_V0025.mp4,1,animal,red_deer,"camera_reaction,foraging,unknown,vigilance",3+,train,17.883333333333333,18.883333333333333,17.383333333333333,19.383333333333333,0,E265_0,val,..\data\audio_cache\full\S2_C1_E265_V0025.flac
E265,S2_C1_E265_V0027,8.8,animal_detection,S2/C1/S2_C1_E265_V0027.mp4,S2,C1,20.5,raw_videos/S2/C1/S2_C1_E265_V0027.mp4,1,animal,red_deer,"camera_reaction,foraging,unknown,vigilance",3+,train,8.3,9.3,7.800000000000001,9.8,1,E265_1,val,..\data\audio_cache\full\S2_C1_E265_V0027.flac
E265,S2_C2_E265_V0025,10.083333333333334,animal_detection,S2/C2/S2_C2_E265_V0025.mp4,S2,C2,20.5,raw_videos/S2/C2/S2_C2_E265_V0025.mp4,1,animal,red_deer,"camera_reaction,foraging,unknown,vigilance",3+,train,9.583333333333334,10.583333333333334,9.083333333333334,11.083333333333334,2,E265_2,val,..\data\audio_cache\full\S2_C2_E265_V0025.flac
E266,S2_C3_E266_V0023,6.166666666666667,animal_detection,S2/C3/S2_C3_E266_V0023.mp4,S2,C3,20.5,raw_videos/S2/C3/S2_C3_E266_V0023.mp4,1,animal,red_deer,foraging,1,train,5.666666666666667,6.666666666666667,5.166666666666667,7.166666666666667,0,E266_0,val,..\data\audio_cache\full\S2_C3_E266_V0023.flac
E27,S1_C1_E27_V0060,9.0,animal_detection,S1/C1/S1_C1_E27_V0060.mp4,S1,C1,20.5,raw_videos/S1/C1/S1_C1_E27_V0060.mp4,1,animal,red_deer,"camera_reaction,foraging,unknown,vigilance",1,train,8.5,9.5,8.0,10.0,0,E27_0,val,..\data\audio_cache\full\S1_C1_E27_V0060.flac
E27,S1_C1_E27_V0061,9.333333333333334,animal_detection,S1/C1/S1_C1_E27_V0061.mp4,S1,C1,20.5,raw_videos/S1/C1/S1_C1_E27_V0061.mp4,1,animal,red_deer,"camera_reaction,foraging,unknown,vigilance",1,train,8.833333333333334,9.833333333333334,8.333333333333334,10.333333333333334,1,E27_1,val,..\data\audio_cache\full\S1_C1_E27_V0061.flac
E27,S1_C2_E27_V0037,10.183333333333334,animal_detection,S1/C2/S1_C2_E27_V0037.mp4,S1,C2,20.5,raw_videos/S1/C2/S1_C2_E27_V0037.mp4,1,animal,red_deer,"camera_reaction,foraging,unknown,vigilance",1,train,9.683333333333334,10.683333333333334,9.183333333333334,11.183333333333334,2,E27_2,val,..\data\audio_cache\full\S1_C2_E27_V0037.flac
E274,S2_C1_E274_V0033,16.016666666666666,animal_detection,S2/C1/S2_C1_E274_V0033.mp4,S2,C1,120.5,raw_videos/S2/C1/S2_C1_E274_V0033.mp4,1,animal,red_deer,"camera_reaction,foraging,vigilance",1,train,15.516666666666666,16.516666666666666,15.016666666666666,17.016666666666666,0,E274_0,train,..\data\audio_cache\full\S2_C1_E274_V0033.flac
E276,S2_C1_E276_V0035,1.2166666666666666,animal_detection,S2/C1/S2_C1_E276_V0035.mp4,S2,C1,20.5,raw_videos/S2/C1/S2_C1_E276_V0035.mp4,1,animal,red_deer,foraging,1,train,0.7166666666666666,1.7166666666666666,0.2166666666666665,2.216666666666667,0,E276_0,val,..\data\audio_cache\full\S2_C1_E276_V0035.flac
E277,S2_C3_E277_V0038,10.25,animal_detection,S2/C3/S2_C3_E277_V0038.mp4,S2,C3,20.5,raw_videos/S2/C3/S2_C3_E277_V0038.mp4,1,animal,roe_deer,"foraging,vigilance",1,train,9.75,10.75,9.25,11.25,0,E277_0,train,..\data\audio_cache\full\S2_C3_E277_V0038.flac
E28,S1_C2_E28_V0039,10.25,animal_detection,S1/C2/S1_C2_E28_V0039.mp4,S1,C2,20.5,raw_videos/S1/C2/S1_C2_E28_V0039.mp4,1,animal,red_deer,"foraging,unknown,vigilance",1,train,9.75,10.75,9.25,11.25,0,E28_0,train,..\data\audio_cache\full\S1_C2_E28_V0039.flac
E281,S2_C1_E281_V0038,44.96666666666667,animal_detection,S2/C1/S2_C1_E281_V0038.mp4,S2,C1,120.5,raw_videos/S2/C1/S2_C1_E281_V0038.mp4,1,animal,red_deer,"foraging,unknown,vigilance",1,train,44.46666666666667,45.46666666666667,43.96666666666667,45.96666666666667,0,E281_0,val,..\data\audio_cache\full\S2_C1_E281_V0038.flac
E281,S2_C2_E281_V0038,28.716666666666665,animal_detection,S2/C2/S2_C2_E281_V0038.mp4,S2,C2,120.5,raw_videos/S2/C2/S2_C2_E281_V0038.mp4,1,animal,red_deer,"foraging,unknown,vigilance",1,train,28.216666666666665,29.216666666666665,27.716666666666665,29.716666666666665,1,E281_1,val,..\data\audio_cache\full\S2_C2_E281_V0038.flac
E281,S2_C3_E281_V0047,21.383333333333333,animal_detection,S2/C3/S2_C3_E281_V0047.mp4,S2,C3,120.5,raw_videos/S2/C3/S2_C3_E281_V0047.mp4,1,animal,red_deer,"foraging,unknown,vigilance",1,train,20.883333333333333,21.883333333333333,20.383333333333333,22.383333333333333,2,E281_2,val,..\data\audio_cache\full\S2_C3_E281_V0047.flac
E284,S2_C1_E284_V0040,8.416666666666666,animal_detection,S2/C1/S2_C1_E284_V0040.mp4,S2,C1,20.5,raw_videos/S2/C1/S2_C1_E284_V0040.mp4,1,animal,red_deer,"camera_reaction,foraging,unknown,vigilance",1,train,7.916666666666666,8.916666666666666,7.416666666666666,9.416666666666666,0,E284_0,train,..\data\audio_cache\full\S2_C1_E284_V0040.flac
E284,S2_C2_E284_V0040,4.783333333333333,animal_detection,S2/C2/S2_C2_E284_V0040.mp4,S2,C2,20.5,raw_videos/S2/C2/S2_C2_E284_V0040.mp4,1,animal,red_deer,"camera_reaction,foraging,unknown,vigilance",1,train,4.283333333333333,5.283333333333333,3.783333333333333,5.783333333333333,1,E284_1,train,..\data\audio_cache\full\S2_C2_E284_V0040.flac
E284,S2_C3_E284_V0050,9.283333333333331,animal_detection,S2/C3/S2_C3_E284_V0050.mp4,S2,C3,20.5,raw_videos/S2/C3/S2_C3_E284_V0050.mp4,1,animal,red_deer,"camera_reaction,foraging,unknown,vigilance",1,train,8.783333333333333,9.783333333333331,8.283333333333333,10.283333333333331,2,E284_2,train,..\data\audio_cache\full\S2_C3_E284_V0050.flac
E285,S2_C1_E285_V0041,1.9666666666666663,animal_detection,S2/C1/S2_C1_E285_V0041.mp4,S2,C1,120.5,raw_videos/S2/C1/S2_C1_E285_V0041.mp4,1,animal,red_deer,"camera_reaction,foraging,unknown,vigilance",3+,train,1.4666666666666666,2.466666666666667,0.9666666666666666,2.966666666666667,0,E285_0,train,..\data\audio_cache\full\S2_C1_E285_V0041.flac
E285,S2_C1_E285_V0041,5.25,animal_detection,S2/C1/S2_C1_E285_V0041.mp4,S2,C1,120.5,raw_videos/S2/C1/S2_C1_E285_V0041.mp4,1,animal,red_deer,"camera_reaction,foraging,unknown,vigilance",3+,train,4.75,5.75,4.25,6.25,1,E285_1,train,..\data\audio_cache\full\S2_C1_E285_V0041.flac
E285,S2_C3_E285_V0051,16.849999999999998,animal_detection,S2/C3/S2_C3_E285_V0051.mp4,S2,C3,120.5,raw_videos/S2/C3/S2_C3_E285_V0051.mp4,1,animal,red_deer,"camera_reaction,foraging,unknown,vigilance",3+,train,16.349999999999998,17.349999999999998,15.849999999999998,17.849999999999998,2,E285_2,train,..\data\audio_cache\full\S2_C3_E285_V0051.flac
E29,S1_C1_E29_V0064,46.18333333333333,animal_detection,S1/C1/S1_C1_E29_V0064.mp4,S1,C1,120.5,raw_videos/S1/C1/S1_C1_E29_V0064.mp4,1,animal,red_deer,"camera_reaction,foraging,grooming,unknown,vigilance",1,train,45.68333333333333,46.68333333333333,45.18333333333333,47.18333333333333,0,E29_0,train,..\data\audio_cache\full\S1_C1_E29_V0064.flac
E29,S1_C2_E29_V0040,6.866666666666666,animal_detection,S1/C2/S1_C2_E29_V0040.mp4,S1,C2,120.5,raw_videos/S1/C2/S1_C2_E29_V0040.mp4,1,animal,red_deer,"camera_reaction,foraging,grooming,unknown,vigilance",1,train,6.366666666666666,7.366666666666666,5.866666666666666,7.866666666666666,1,E29_1,train,..\data\audio_cache\full\S1_C2_E29_V0040.flac
E29,S1_C2_E29_V0040,39.56666666666666,animal_detection,S1/C2/S1_C2_E29_V0040.mp4,S1,C2,120.5,raw_videos/S1/C2/S1_C2_E29_V0040.mp4,1,animal,red_deer,"camera_reaction,foraging,grooming,unknown,vigilance",1,train,39.06666666666666,40.06666666666666,38.56666666666666,40.56666666666666,2,E29_2,train,..\data\audio_cache\full\S1_C2_E29_V0040.flac
E30,S1_C1_E30_V0066,4.866666666666666,animal_detection,S1/C1/S1_C1_E30_V0066.mp4,S1,C1,20.5,raw_videos/S1/C1/S1_C1_E30_V0066.mp4,1,animal,red_deer,"foraging,unknown",1,train,4.366666666666666,5.366666666666666,3.866666666666666,5.866666666666666,0,E30_0,train,..\data\audio_cache\full\S1_C1_E30_V0066.flac
E30,S1_C2_E30_V0041,10.25,animal_detection,S1/C2/S1_C2_E30_V0041.mp4,S1,C2,20.5,raw_videos/S1/C2/S1_C2_E30_V0041.mp4,1,animal,red_deer,"foraging,unknown",1,train,9.75,10.75,9.25,11.25,1,E30_1,train,..\data\audio_cache\full\S1_C2_E30_V0041.flac
E307,S2_C1_E307_V0054,10.25,animal_detection,S2/C1/S2_C1_E307_V0054.mp4,S2,C1,20.5,raw_videos/S2/C1/S2_C1_E307_V0054.mp4,1,animal,red_deer,"foraging,unknown,vigilance",2,train,9.75,10.75,9.25,11.25,0,E307_0,train,..\data\audio_cache\full\S2_C1_E307_V0054.flac
E307,S2_C1_E307_V0055,1.2833333333333334,animal_detection,S2/C1/S2_C1_E307_V0055.mp4,S2,C1,20.5,raw_videos/S2/C1/S2_C1_E307_V0055.mp4,1,animal,red_deer,"foraging,unknown,vigilance",2,train,0.7833333333333334,1.7833333333333334,0.2833333333333334,2.283333333333333,1,E307_1,train,..\data\audio_cache\full\S2_C1_E307_V0055.flac
E307,S2_C3_E307_V0076,10.25,animal_detection,S2/C3/S2_C3_E307_V0076.mp4,S2,C3,20.5,raw_videos/S2/C3/S2_C3_E307_V0076.mp4,1,animal,red_deer,"foraging,unknown,vigilance",2,train,9.75,10.75,9.25,11.25,2,E307_2,train,..\data\audio_cache\full\S2_C3_E307_V0076.flac
E308,S2_C3_E308_V0080,10.25,animal_detection,S2/C3/S2_C3_E308_V0080.mp4,S2,C3,20.5,raw_videos/S2/C3/S2_C3_E308_V0080.mp4,1,animal,red_deer,"foraging,unknown,vigilance",3+,train,9.75,10.75,9.25,11.25,0,E308_0,train,..\data\audio_cache\full\S2_C3_E308_V0080.flac
E308,S2_C3_E308_V0081,5.0,animal_detection,S2/C3/S2_C3_E308_V0081.mp4,S2,C3,20.5,raw_videos/S2/C3/S2_C3_E308_V0081.mp4,1,animal,red_deer,"foraging,unknown,vigilance",3+,train,4.5,5.5,4.0,6.0,1,E308_1,train,..\data\audio_cache\full\S2_C3_E308_V0081.flac
E308,S2_C3_E308_V0083,10.25,animal_detection,S2/C3/S2_C3_E308_V0083.mp4,S2,C3,20.5,raw_videos/S2/C3/S2_C3_E308_V0083.mp4,1,animal,red_deer,"foraging,unknown,vigilance",3+,train,9.75,10.75,9.25,11.25,2,E308_2,train,..\data\audio_cache\full\S2_C3_E308_V0083.flac
E311,S2_C3_E311_V0084,10.25,animal_detection,S2/C3/S2_C3_E311_V0084.mp4,S2,C3,20.5,raw_videos/S2/C3/S2_C3_E311_V0084.mp4,1,animal,red_deer,"foraging,grooming,unknown,vigilance",1,train,9.75,10.75,9.25,11.25,0,E311_0,train,..\data\audio_cache\full\S2_C3_E311_V0084.flac
E312,S2_C2_E312_V0064,2.583333333333333,animal_detection,S2/C2/S2_C2_E312_V0064.mp4,S2,C2,120.5,raw_videos/S2/C2/S2_C2_E312_V0064.mp4,1,animal,red_deer,unknown,1,train,2.083333333333333,3.083333333333333,1.5833333333333337,3.583333333333333,0,E312_0,train,..\data\audio_cache\full\S2_C2_E312_V0064.flac
E312,S2_C3_E312_V0085,1.1333333333333333,animal_detection,S2/C3/S2_C3_E312_V0085.mp4,S2,C3,120.5,raw_videos/S2/C3/S2_C3_E312_V0085.mp4,1,animal,red_deer,unknown,1,train,0.6333333333333333,1.6333333333333333,0.1333333333333333,2.1333333333333333,1,E312_1,train,..\data\audio_cache\full\S2_C3_E312_V0085.flac
E313,S2_C2_E313_V0065,6.216666666666667,animal_detection,S2/C2/S2_C2_E313_V0065.mp4,S2,C2,120.5,raw_videos/S2/C2/S2_C2_E313_V0065.mp4,1,animal,red_deer,"foraging,unknown,vigilance",3+,train,5.716666666666667,6.716666666666667,5.216666666666667,7.216666666666667,0,E313_0,val,..\data\audio_cache\full\S2_C2_E313_V0065.flac
E313,S2_C3_E313_V0086,2.716666666666667,animal_detection,S2/C3/S2_C3_E313_V0086.mp4,S2,C3,120.5,raw_videos/S2/C3/S2_C3_E313_V0086.mp4,1,animal,red_deer,"foraging,unknown,vigilance",3+,train,2.216666666666667,3.216666666666667,1.7166666666666668,3.716666666666667,1,E313_1,val,..\data\audio_cache\full\S2_C3_E313_V0086.flac
E313,S2_C3_E313_V0086,54.833333333333336,animal_detection,S2/C3/S2_C3_E313_V0086.mp4,S2,C3,120.5,raw_videos/S2/C3/S2_C3_E313_V0086.mp4,1,animal,red_deer,"foraging,unknown,vigilance",3+,train,54.333333333333336,55.333333333333336,53.833333333333336,55.833333333333336,2,E313_2,val,..\data\audio_cache\full\S2_C3_E313_V0086.flac
E323,S2_C1_E323_V0074,1.2,animal_detection,S2/C1/S2_C1_E323_V0074.mp4,S2,C1,20.5,raw_videos/S2/C1/S2_C1_E323_V0074.mp4,1,animal,red_deer,"camera_reaction,foraging,unknown,vigilance",1,train,0.7,1.7,0.1999999999999999,2.2,0,E323_0,train,..\data\audio_cache\full\S2_C1_E323_V0074.flac
E323,S2_C2_E323_V0071,10.25,animal_detection,S2/C2/S2_C2_E323_V0071.mp4,S2,C2,20.5,raw_videos/S2/C2/S2_C2_E323_V0071.mp4,1,animal,red_deer,"camera_reaction,foraging,unknown,vigilance",1,train,9.75,10.75,9.25,11.25,1,E323_1,train,..\data\audio_cache\full\S2_C2_E323_V0071.flac
E323,S2_C3_E323_V0090,5.116666666666666,animal_detection,S2/C3/S2_C3_E323_V0090.mp4,S2,C3,20.5,raw_videos/S2/C3/S2_C3_E323_V0090.mp4,1,animal,red_deer,"camera_reaction,foraging,unknown,vigilance",1,train,4.616666666666666,5.616666666666666,4.116666666666666,6.116666666666666,2,E323_2,train,..\data\audio_cache\full\S2_C3_E323_V0090.flac
E324,S2_C3_E324_V0092,1.9666666666666663,animal_detection,S2/C3/S2_C3_E324_V0092.mp4,S2,C3,20.5,raw_videos/S2/C3/S2_C3_E324_V0092.mp4,1,animal,fox,"foraging,vigilance",1,train,1.4666666666666666,2.466666666666667,0.9666666666666666,2.966666666666667,0,E324_0,train,..\data\audio_cache\full\S2_C3_E324_V0092.flac
E327,S2_C3_E327_V0095,6.933333333333334,animal_detection,S2/C3/S2_C3_E327_V0095.mp4,S2,C3,20.5,raw_videos/S2/C3/S2_C3_E327_V0095.mp4,1,animal,fox,"foraging,vigilance",1,train,6.433333333333334,7.433333333333334,5.933333333333334,7.933333333333334,0,E327_0,train,..\data\audio_cache\full\S2_C3_E327_V0095.flac
E33,S1_C1_E33_V0069,56.41666666666666,animal_detection,S1/C1/S1_C1_E33_V0069.mp4,S1,C1,120.5,raw_videos/S1/C1/S1_C1_E33_V0069.mp4,1,animal,red_deer,"foraging,unknown,vigilance",2,train,55.91666666666666,56.91666666666666,55.41666666666666,57.41666666666666,0,E33_0,train,..\data\audio_cache\full\S1_C1_E33_V0069.flac
E33,S1_C2_E33_V0042,5.45,animal_detection,S1/C2/S1_C2_E33_V0042.mp4,S1,C2,120.5,raw_videos/S1/C2/S1_C2_E33_V0042.mp4,1,animal,red_deer,"foraging,unknown,vigilance",2,train,4.95,5.95,4.45,6.45,1,E33_1,train,..\data\audio_cache\full\S1_C2_E33_V0042.flac
E33,S1_C2_E33_V0043,6.15,animal_detection,S1/C2/S1_C2_E33_V0043.mp4,S1,C2,120.5,raw_videos/S1/C2/S1_C2_E33_V0043.mp4,1,animal,red_deer,"foraging,unknown,vigilance",2,train,5.65,6.65,5.15,7.15,2,E33_2,train,..\data\audio_cache\full\S1_C2_E33_V0043.flac
E330,S2_C3_E330_V0096,0.9166666666666669,animal_detection,S2/C3/S2_C3_E330_V0096.mp4,S2,C3,120.5,raw_videos/S2/C3/S2_C3_E330_V0096.mp4,1,animal,red_deer,unknown,1,train,0.4166666666666667,1.4166666666666667,0.0,2.0,0,E330_0,train,..\data\audio_cache\full\S2_C3_E330_V0096.flac
E332,S2_C1_E332_V0076,15.15,animal_detection,S2/C1/S2_C1_E332_V0076.mp4,S2,C1,120.5,raw_videos/S2/C1/S2_C1_E332_V0076.mp4,1,animal,roe_deer,"foraging,unknown,vigilance",1,train,14.65,15.65,14.15,16.15,0,E332_0,train,..\data\audio_cache\full\S2_C1_E332_V0076.flac
E332,S2_C2_E332_V0079,3.85,animal_detection,S2/C2/S2_C2_E332_V0079.mp4,S2,C2,120.5,raw_videos/S2/C2/S2_C2_E332_V0079.mp4,1,animal,roe_deer,"foraging,unknown,vigilance",1,train,3.35,4.35,2.85,4.85,1,E332_1,train,..\data\audio_cache\full\S2_C2_E332_V0079.flac
E332,S2_C3_E332_V0097,3.533333333333333,animal_detection,S2/C3/S2_C3_E332_V0097.mp4,S2,C3,120.5,raw_videos/S2/C3/S2_C3_E332_V0097.mp4,1,animal,roe_deer,"foraging,unknown,vigilance",1,train,3.033333333333333,4.033333333333333,2.533333333333333,4.533333333333333,2,E332_2,train,..\data\audio_cache\full\S2_C3_E332_V0097.flac
E334,S2_C1_E334_V0077,9.45,animal_detection,S2/C1/S2_C1_E334_V0077.mp4,S2,C1,20.5,raw_videos/S2/C1/S2_C1_E334_V0077.mp4,1,animal,red_deer,"foraging,unknown,vigilance",1,train,8.95,9.95,8.45,10.45,0,E334_0,train,..\data\audio_cache\full\S2_C1_E334_V0077.flac
E334,S2_C2_E334_V0080,1.0,animal_detection,S2/C2/S2_C2_E334_V0080.mp4,S2,C2,20.5,raw_videos/S2/C2/S2_C2_E334_V0080.mp4,1,animal,red_deer,"foraging,unknown,vigilance",1,train,0.5,1.5,0.0,2.0,1,E334_1,train,..\data\audio_cache\full\S2_C2_E334_V0080.flac
E334,S2_C3_E334_V0099,10.25,animal_detection,S2/C3/S2_C3_E334_V0099.mp4,S2,C3,20.5,raw_videos/S2/C3/S2_C3_E334_V0099.mp4,1,animal,red_deer,"foraging,unknown,vigilance",1,train,9.75,10.75,9.25,11.25,2,E334_2,train,..\data\audio_cache\full\S2_C3_E334_V0099.flac
E336,S2_C2_E336_V0081,60.266666666666666,animal_detection,S2/C2/S2_C2_E336_V0081.mp4,S2,C2,120.5,raw_videos/S2/C2/S2_C2_E336_V0081.mp4,1,animal,roe_deer,"foraging,unknown,vigilance",1,train,59.766666666666666,60.766666666666666,59.266666666666666,61.266666666666666,0,E336_0,train,..\data\audio_cache\full\S2_C2_E336_V0081.flac
E339,S2_C1_E339_V0079,6.183333333333334,animal_detection,S2/C1/S2_C1_E339_V0079.mp4,S2,C1,20.5,raw_videos/S2/C1/S2_C1_E339_V0079.mp4,1,animal,red_deer,"chasing,foraging,unknown,vigilance",3+,train,5.683333333333334,6.683333333333334,5.183333333333334,7.183333333333334,0,E339_0,train,..\data\audio_cache\full\S2_C1_E339_V0079.flac
E339,S2_C1_E339_V0080,19.96666666666667,animal_detection,S2/C1/S2_C1_E339_V0080.mp4,S2,C1,20.5,raw_videos/S2/C1/S2_C1_E339_V0080.mp4,1,animal,red_deer,"chasing,foraging,unknown,vigilance",3+,train,19.46666666666667,20.46666666666667,18.5,20.5,1,E339_1,train,..\data\audio_cache\full\S2_C1_E339_V0080.flac
E339,S2_C2_E339_V0083,5.533333333333333,animal_detection,S2/C2/S2_C2_E339_V0083.mp4,S2,C2,20.5,raw_videos/S2/C2/S2_C2_E339_V0083.mp4,1,animal,red_deer,"chasing,foraging,unknown,vigilance",3+,train,5.033333333333333,6.033333333333333,4.533333333333333,6.533333333333333,2,E339_2,train,..\data\audio_cache\full\S2_C2_E339_V0083.flac
E34,S1_C1_E34_V0071,23.95,animal_detection,S1/C1/S1_C1_E34_V0071.mp4,S1,C1,120.5,raw_videos/S1/C1/S1_C1_E34_V0071.mp4,1,animal,red_deer,"foraging,unknown,vigilance",2,train,23.45,24.45,22.95,24.95,0,E34_0,train,..\data\audio_cache\full\S1_C1_E34_V0071.flac
E34,S1_C2_E34_V0044,8.25,animal_detection,S1/C2/S1_C2_E34_V0044.mp4,S1,C2,120.5,raw_videos/S1/C2/S1_C2_E34_V0044.mp4,1,animal,red_deer,"foraging,unknown,vigilance",2,train,7.75,8.75,7.25,9.25,1,E34_1,train,..\data\audio_cache\full\S1_C2_E34_V0044.flac
E340,S2_C3_E340_V0104,6.266666666666667,animal_detection,S2/C3/S2_C3_E340_V0104.mp4,S2,C3,20.5,raw_videos/S2/C3/S2_C3_E340_V0104.mp4,1,animal,red_deer,"foraging,unknown",2,train,5.766666666666667,6.766666666666667,5.266666666666667,7.266666666666667,0,E340_0,train,..\data\audio_cache\full\S2_C3_E340_V0104.flac
E341,S2_C1_E341_V0082,6.316666666666666,animal_detection,S2/C1/S2_C1_E341_V0082.mp4,S2,C1,20.5,raw_videos/S2/C1/S2_C1_E341_V0082.mp4,1,animal,red_deer,"foraging,vigilance",1,train,5.816666666666666,6.816666666666666,5.316666666666666,7.316666666666666,0,E341_0,train,..\data\audio_cache\full\S2_C1_E341_V0082.flac
E341,S2_C2_E341_V0086,2.9166666666666665,animal_detection,S2/C2/S2_C2_E341_V0086.mp4,S2,C2,20.5,raw_videos/S2/C2/S2_C2_E341_V0086.mp4,1,animal,red_deer,"foraging,vigilance",1,train,2.4166666666666665,3.4166666666666665,1.9166666666666663,3.9166666666666665,1,E341_1,train,..\data\audio_cache\full\S2_C2_E341_V0086.flac
E341,S2_C3_E341_V0105,5.383333333333334,animal_detection,S2/C3/S2_C3_E341_V0105.mp4,S2,C3,20.5,raw_videos/S2/C3/S2_C3_E341_V0105.mp4,1,animal,red_deer,"foraging,vigilance",1,train,4.883333333333334,5.883333333333334,4.383333333333334,6.383333333333334,2,E341_2,train,..\data\audio_cache\full\S2_C3_E341_V0105.flac
E343,S2_C1_E343_V0083,5.316666666666666,animal_detection,S2/C1/S2_C1_E343_V0083.mp4,S2,C1,20.5,raw_videos/S2/C1/S2_C1_E343_V0083.mp4,1,animal,red_deer,"escaping,foraging,unknown,vigilance",1,train,4.816666666666666,5.816666666666666,4.316666666666666,6.316666666666666,0,E343_0,train,..\data\audio_cache\full\S2_C1_E343_V0083.flac
E343,S2_C2_E343_V0087,2.6166666666666667,animal_detection,S2/C2/S2_C2_E343_V0087.mp4,S2,C2,20.5,raw_videos/S2/C2/S2_C2_E343_V0087.mp4,1,animal,red_deer,"escaping,foraging,unknown,vigilance",1,train,2.1166666666666667,3.1166666666666667,1.6166666666666667,3.6166666666666663,1,E343_1,train,..\data\audio_cache\full\S2_C2_E343_V0087.flac
E343,S2_C3_E343_V0107,9.416666666666666,animal_detection,S2/C3/S2_C3_E343_V0107.mp4,S2,C3,20.5,raw_videos/S2/C3/S2_C3_E343_V0107.mp4,1,animal,red_deer,"escaping,foraging,unknown,vigilance",1,train,8.916666666666666,9.916666666666666,8.416666666666666,10.416666666666666,2,E343_2,train,..\data\audio_cache\full\S2_C3_E343_V0107.flac
E344,S2_C2_E344_V0089,2.6166666666666667,animal_detection,S2/C2/S2_C2_E344_V0089.mp4,S2,C2,20.5,raw_videos/S2/C2/S2_C2_E344_V0089.mp4,1,animal,red_deer,"foraging,vigilance",1,train,2.1166666666666667,3.1166666666666667,1.6166666666666667,3.6166666666666663,0,E344_0,train,..\data\audio_cache\full\S2_C2_E344_V0089.flac
E344,S2_C3_E344_V0108,10.25,animal_detection,S2/C3/S2_C3_E344_V0108.mp4,S2,C3,20.5,raw_videos/S2/C3/S2_C3_E344_V0108.mp4,1,animal,red_deer,"foraging,vigilance",1,train,9.75,10.75,9.25,11.25,1,E344_1,train,..\data\audio_cache\full\S2_C3_E344_V0108.flac
E344,S2_C3_E344_V0109,5.833333333333333,animal_detection,S2/C3/S2_C3_E344_V0109.mp4,S2,C3,20.5,raw_videos/S2/C3/S2_C3_E344_V0109.mp4,1,animal,red_deer,"foraging,vigilance",1,train,5.333333333333333,6.333333333333333,4.833333333333333,6.833333333333333,2,E344_2,train,..\data\audio_cache\full\S2_C3_E344_V0109.flac
E347,S2_C1_E347_V0084,5.483333333333333,animal_detection,S2/C1/S2_C1_E347_V0084.mp4,S2,C1,20.5,raw_videos/S2/C1/S2_C1_E347_V0084.mp4,1,animal,red_deer,"foraging,vigilance",1,train,4.983333333333333,5.983333333333333,4.483333333333333,6.483333333333333,0,E347_0,train,..\data\audio_cache\full\S2_C1_E347_V0084.flac
E347,S2_C2_E347_V0092,10.016666666666666,animal_detection,S2/C2/S2_C2_E347_V0092.mp4,S2,C2,20.5,raw_videos/S2/C2/S2_C2_E347_V0092.mp4,1,animal,red_deer,"foraging,vigilance",1,train,9.516666666666666,10.516666666666666,9.016666666666666,11.016666666666666,1,E347_1,train,..\data\audio_cache\full\S2_C2_E347_V0092.flac
E347,S2_C3_E347_V0110,9.45,animal_detection,S2/C3/S2_C3_E347_V0110.mp4,S2,C3,20.5,raw_videos/S2/C3/S2_C3_E347_V0110.mp4,1,animal,red_deer,"foraging,vigilance",1,train,8.95,9.95,8.45,10.45,2,E347_2,train,..\data\audio_cache\full\S2_C3_E347_V0110.flac
E349,S2_C1_E349_V0085,10.25,animal_detection,S2/C1/S2_C1_E349_V0085.mp4,S2,C1,20.5,raw_videos/S2/C1/S2_C1_E349_V0085.mp4,1,animal,red_deer,"escaping,foraging,unknown,vigilance",1,train,9.75,10.75,9.25,11.25,0,E349_0,train,..\data\audio_cache\full\S2_C1_E349_V0085.flac
E349,S2_C2_E349_V0094,6.666666666666667,animal_detection,S2/C2/S2_C2_E349_V0094.mp4,S2,C2,20.5,raw_videos/S2/C2/S2_C2_E349_V0094.mp4,1,animal,red_deer,"escaping,foraging,unknown,vigilance",1,train,6.166666666666667,7.166666666666667,5.666666666666667,7.666666666666667,1,E349_1,train,..\data\audio_cache\full\S2_C2_E349_V0094.flac
E349,S2_C3_E349_V0111,10.25,animal_detection,S2/C3/S2_C3_E349_V0111.mp4,S2,C3,20.5,raw_videos/S2/C3/S2_C3_E349_V0111.mp4,1,animal,red_deer,"escaping,foraging,unknown,vigilance",1,train,9.75,10.75,9.25,11.25,2,E349_2,train,..\data\audio_cache\full\S2_C3_E349_V0111.flac
E350,S2_C1_E350_V0086,7.416666666666667,animal_detection,S2/C1/S2_C1_E350_V0086.mp4,S2,C1,20.5,raw_videos/S2/C1/S2_C1_E350_V0086.mp4,1,animal,red_deer,"camera_reaction,foraging,unknown,vigilance",1,train,6.916666666666667,7.916666666666667,6.416666666666667,8.416666666666668,0,E350_0,train,..\data\audio_cache\full\S2_C1_E350_V0086.flac
E350,S2_C2_E350_V0095,10.25,animal_detection,S2/C2/S2_C2_E350_V0095.mp4,S2,C2,20.5,raw_videos/S2/C2/S2_C2_E350_V0095.mp4,1,animal,red_deer,"camera_reaction,foraging,unknown,vigilance",1,train,9.75,10.75,9.25,11.25,1,E350_1,train,..\data\audio_cache\full\S2_C2_E350_V0095.flac
E350,S2_C3_E350_V0112,10.25,animal_detection,S2/C3/S2_C3_E350_V0112.mp4,S2,C3,20.5,raw_videos/S2/C3/S2_C3_E350_V0112.mp4,1,animal,red_deer,"camera_reaction,foraging,unknown,vigilance",1,train,9.75,10.75,9.25,11.25,2,E350_2,train,..\data\audio_cache\full\S2_C3_E350_V0112.flac
E351,S2_C2_E351_V0097,10.25,animal_detection,S2/C2/S2_C2_E351_V0097.mp4,S2,C2,20.5,raw_videos/S2/C2/S2_C2_E351_V0097.mp4,1,animal,red_deer,"courtship,foraging,unknown,vigilance",3+,train,9.75,10.75,9.25,11.25,0,E351_0,val,..\data\audio_cache\full\S2_C2_E351_V0097.flac
E351,S2_C2_E351_V0098,10.25,animal_detection,S2/C2/S2_C2_E351_V0098.mp4,S2,C2,20.5,raw_videos/S2/C2/S2_C2_E351_V0098.mp4,1,animal,red_deer,"courtship,foraging,unknown,vigilance",3+,train,9.75,10.75,9.25,11.25,1,E351_1,val,..\data\audio_cache\full\S2_C2_E351_V0098.flac
E351,S2_C2_E351_V0099,1.75,animal_detection,S2/C2/S2_C2_E351_V0099.mp4,S2,C2,20.5,raw_videos/S2/C2/S2_C2_E351_V0099.mp4,1,animal,red_deer,"courtship,foraging,unknown,vigilance",3+,train,1.25,2.25,0.75,2.75,2,E351_2,val,..\data\audio_cache\full\S2_C2_E351_V0099.flac
E353,S2_C1_E353_V0087,10.25,animal_detection,S2/C1/S2_C1_E353_V0087.mp4,S2,C1,20.5,raw_videos/S2/C1/S2_C1_E353_V0087.mp4,1,animal,red_deer,"foraging,grooming,unknown,vigilance",3+,train,9.75,10.75,9.25,11.25,0,E353_0,val,..\data\audio_cache\full\S2_C1_E353_V0087.flac
E353,S2_C1_E353_V0088,10.25,animal_detection,S2/C1/S2_C1_E353_V0088.mp4,S2,C1,20.5,raw_videos/S2/C1/S2_C1_E353_V0088.mp4,1,animal,red_deer,"foraging,grooming,unknown,vigilance",3+,train,9.75,10.75,9.25,11.25,1,E353_1,val,..\data\audio_cache\full\S2_C1_E353_V0088.flac
E353,S2_C1_E353_V0090,8.0,animal_detection,S2/C1/S2_C1_E353_V0090.mp4,S2,C1,20.5,raw_videos/S2/C1/S2_C1_E353_V0090.mp4,1,animal,red_deer,"foraging,grooming,unknown,vigilance",3+,train,7.5,8.5,7.0,9.0,2,E353_2,val,..\data\audio_cache\full\S2_C1_E353_V0090.flac
E357,S2_C1_E357_V0091,10.266666666666667,animal_detection,S2/C1/S2_C1_E357_V0091.mp4,S2,C1,20.5,raw_videos/S2/C1/S2_C1_E357_V0091.mp4,1,animal,red_deer,"foraging,unknown,vigilance",2,train,9.766666666666667,10.766666666666667,9.266666666666667,11.266666666666667,0,E357_0,train,..\data\audio_cache\full\S2_C1_E357_V0091.flac
E357,S2_C1_E357_V0092,10.25,animal_detection,S2/C1/S2_C1_E357_V0092.mp4,S2,C1,20.5,raw_videos/S2/C1/S2_C1_E357_V0092.mp4,1,animal,red_deer,"foraging,unknown,vigilance",2,train,9.75,10.75,9.25,11.25,1,E357_1,train,..\data\audio_cache\full\S2_C1_E357_V0092.flac
E357,S2_C1_E357_V0093,7.883333333333334,animal_detection,S2/C1/S2_C1_E357_V0093.mp4,S2,C1,20.5,raw_videos/S2/C1/S2_C1_E357_V0093.mp4,1,animal,red_deer,"foraging,unknown,vigilance",2,train,7.383333333333334,8.383333333333333,6.883333333333334,8.883333333333333,2,E357_2,train,..\data\audio_cache\full\S2_C1_E357_V0093.flac
E358,S2_C1_E358_V0094,3.333333333333333,animal_detection,S2/C1/S2_C1_E358_V0094.mp4,S2,C1,20.5,raw_videos/S2/C1/S2_C1_E358_V0094.mp4,1,animal,red_deer,"courtship,foraging,unknown",3+,train,2.833333333333333,3.8333333333333335,2.333333333333333,4.333333333333334,0,E358_0,val,..\data\audio_cache\full\S2_C1_E358_V0094.flac
E358,S2_C1_E358_V0094,9.25,animal_detection,S2/C1/S2_C1_E358_V0094.mp4,S2,C1,20.5,raw_videos/S2/C1/S2_C1_E358_V0094.mp4,1,animal,red_deer,"courtship,foraging,unknown",3+,train,8.75,9.75,8.25,10.25,1,E358_1,val,..\data\audio_cache\full\S2_C1_E358_V0094.flac
E358,S2_C2_E358_V0105,5.316666666666666,animal_detection,S2/C2/S2_C2_E358_V0105.mp4,S2,C2,20.5,raw_videos/S2/C2/S2_C2_E358_V0105.mp4,1,animal,red_deer,"courtship,foraging,unknown",3+,train,4.816666666666666,5.816666666666666,4.316666666666666,6.316666666666666,2,E358_2,val,..\data\audio_cache\full\S2_C2_E358_V0105.flac
E359,S2_C1_E359_V0095,9.75,animal_detection,S2/C1/S2_C1_E359_V0095.mp4,S2,C1,20.5,raw_videos/S2/C1/S2_C1_E359_V0095.mp4,1,animal,red_deer,"foraging,vigilance",1,train,9.25,10.25,8.75,10.75,0,E359_0,train,..\data\audio_cache\full\S2_C1_E359_V0095.flac
E359,S2_C2_E359_V0106,3.3666666666666667,animal_detection,S2/C2/S2_C2_E359_V0106.mp4,S2,C2,20.5,raw_videos/S2/C2/S2_C2_E359_V0106.mp4,1,animal,red_deer,"foraging,vigilance",1,train,2.8666666666666667,3.8666666666666663,2.3666666666666667,4.366666666666667,1,E359_1,train,..\data\audio_cache\full\S2_C2_E359_V0106.flac
E36,S1_C1_E36_V0073,10.05,animal_detection,S1/C1/S1_C1_E36_V0073.mp4,S1,C1,120.5,raw_videos/S1/C1/S1_C1_E36_V0073.mp4,1,animal,red_deer,"escaping,foraging,unknown,vigilance",2,train,9.55,10.55,9.05,11.05,0,E36_0,train,..\data\audio_cache\full\S1_C1_E36_V0073.flac
E36,S1_C3_E36_V0018,2.45,animal_detection,S1/C3/S1_C3_E36_V0018.mp4,S1,C3,120.5,raw_videos/S1/C3/S1_C3_E36_V0018.mp4,1,animal,red_deer,"escaping,foraging,unknown,vigilance",2,train,1.95,2.95,1.4500000000000002,3.45,1,E36_1,train,..\data\audio_cache\full\S1_C3_E36_V0018.flac
E36,S1_C3_E36_V0018,78.85,animal_detection,S1/C3/S1_C3_E36_V0018.mp4,S1,C3,120.5,raw_videos/S1/C3/S1_C3_E36_V0018.mp4,1,animal,red_deer,"escaping,foraging,unknown,vigilance",2,train,78.35,79.35,77.85,79.85,2,E36_2,train,..\data\audio_cache\full\S1_C3_E36_V0018.flac
E360,S2_C1_E360_V0096,2.9166666666666665,animal_detection,S2/C1/S2_C1_E360_V0096.mp4,S2,C1,20.5,raw_videos/S2/C1/S2_C1_E360_V0096.mp4,1,animal,red_deer,"foraging,vigilance",1,train,2.4166666666666665,3.4166666666666665,1.9166666666666663,3.9166666666666665,0,E360_0,val,..\data\audio_cache\full\S2_C1_E360_V0096.flac
E361,S2_C1_E361_V0097,7.166666666666667,animal_detection,S2/C1/S2_C1_E361_V0097.mp4,S2,C1,20.5,raw_videos/S2/C1/S2_C1_E361_V0097.mp4,1,animal,red_deer,"foraging,unknown",2,train,6.666666666666667,7.666666666666667,6.166666666666667,8.166666666666668,0,E361_0,val,..\data\audio_cache\full\S2_C1_E361_V0097.flac
E362,S2_C3_E362_V0114,9.616666666666667,animal_detection,S2/C3/S2_C3_E362_V0114.mp4,S2,C3,20.5,raw_videos/S2/C3/S2_C3_E362_V0114.mp4,1,animal,red_deer,foraging,3+,train,9.116666666666667,10.116666666666667,8.616666666666667,10.616666666666667,0,E362_0,val,..\data\audio_cache\full\S2_C3_E362_V0114.flac
E363,S2_C1_E363_V0098,1.95,animal_detection,S2/C1/S2_C1_E363_V0098.mp4,S2,C1,20.5,raw_videos/S2/C1/S2_C1_E363_V0098.mp4,1,animal,red_deer,foraging,1,train,1.45,2.45,0.95,2.95,0,E363_0,train,..\data\audio_cache\full\S2_C1_E363_V0098.flac
E363,S2_C2_E363_V0107,10.25,animal_detection,S2/C2/S2_C2_E363_V0107.mp4,S2,C2,20.5,raw_videos/S2/C2/S2_C2_E363_V0107.mp4,1,animal,red_deer,foraging,1,train,9.75,10.75,9.25,11.25,1,E363_1,train,..\data\audio_cache\full\S2_C2_E363_V0107.flac
E365,S2_C2_E365_V0109,1.5666666666666669,animal_detection,S2/C2/S2_C2_E365_V0109.mp4,S2,C2,120.5,raw_videos/S2/C2/S2_C2_E365_V0109.mp4,1,animal,red_deer,"foraging,grooming,unknown,vigilance",1,train,1.0666666666666669,2.0666666666666664,0.5666666666666667,2.5666666666666664,0,E365_0,train,..\data\audio_cache\full\S2_C2_E365_V0109.flac
E365,S2_C2_E365_V0109,63.35,animal_detection,S2/C2/S2_C2_E365_V0109.mp4,S2,C2,120.5,raw_videos/S2/C2/S2_C2_E365_V0109.mp4,1,animal,red_deer,"foraging,grooming,unknown,vigilance",1,train,62.85,63.85,62.35,64.35,1,E365_1,train,..\data\audio_cache\full\S2_C2_E365_V0109.flac
E365,S2_C3_E365_V0116,16.15,animal_detection,S2/C3/S2_C3_E365_V0116.mp4,S2,C3,120.5,raw_videos/S2/C3/S2_C3_E365_V0116.mp4,1,animal,red_deer,"foraging,grooming,unknown,vigilance",1,train,15.65,16.65,15.15,17.15,2,E365_2,train,..\data\audio_cache\full\S2_C3_E365_V0116.flac
E366,S2_C1_E366_V0101,0.6,animal_detection,S2/C1/S2_C1_E366_V0101.mp4,S2,C1,20.5,raw_videos/S2/C1/S2_C1_E366_V0101.mp4,1,animal,red_deer,"unknown,vigilance",1,train,0.0999999999999999,1.1,0.0,2.0,0,E366_0,train,..\data\audio_cache\full\S2_C1_E366_V0101.flac
E366,S2_C1_E366_V0101,8.55,animal_detection,S2/C1/S2_C1_E366_V0101.mp4,S2,C1,20.5,raw_videos/S2/C1/S2_C1_E366_V0101.mp4,1,animal,red_deer,"unknown,vigilance",1,train,8.05,9.05,7.550000000000001,9.55,1,E366_1,train,..\data\audio_cache\full\S2_C1_E366_V0101.flac
E366,S2_C3_E366_V0117,4.283333333333333,animal_detection,S2/C3/S2_C3_E366_V0117.mp4,S2,C3,20.5,raw_videos/S2/C3/S2_C3_E366_V0117.mp4,1,animal,red_deer,"unknown,vigilance",1,train,3.783333333333333,4.783333333333333,3.283333333333333,5.283333333333333,2,E366_2,train,..\data\audio_cache\full\S2_C3_E366_V0117.flac
E367,S2_C1_E367_V0102,1.8666666666666667,animal_detection,S2/C1/S2_C1_E367_V0102.mp4,S2,C1,20.5,raw_videos/S2/C1/S2_C1_E367_V0102.mp4,1,animal,red_deer,"foraging,unknown,vigilance",1,train,1.3666666666666667,2.3666666666666667,0.8666666666666667,2.8666666666666667,0,E367_0,train,..\data\audio_cache\full\S2_C1_E367_V0102.flac
E367,S2_C2_E367_V0112,6.583333333333333,animal_detection,S2/C2/S2_C2_E367_V0112.mp4,S2,C2,20.5,raw_videos/S2/C2/S2_C2_E367_V0112.mp4,1,animal,red_deer,"foraging,unknown,vigilance",1,train,6.083333333333333,7.083333333333333,5.583333333333333,7.583333333333333,1,E367_1,train,..\data\audio_cache\full\S2_C2_E367_V0112.flac
E367,S2_C3_E367_V0118,3.466666666666667,animal_detection,S2/C3/S2_C3_E367_V0118.mp4,S2,C3,20.5,raw_videos/S2/C3/S2_C3_E367_V0118.mp4,1,animal,red_deer,"foraging,unknown,vigilance",1,train,2.966666666666667,3.966666666666667,2.466666666666667,4.466666666666667,2,E367_2,train,..\data\audio_cache\full\S2_C3_E367_V0118.flac
E368,S2_C1_E368_V0103,4.966666666666667,animal_detection,S2/C1/S2_C1_E368_V0103.mp4,S2,C1,20.5,raw_videos/S2/C1/S2_C1_E368_V0103.mp4,1,animal,red_deer,"courtship,vigilance",1,train,4.466666666666667,5.466666666666667,3.966666666666667,5.966666666666667,0,E368_0,train,..\data\audio_cache\full\S2_C1_E368_V0103.flac
E368,S2_C2_E368_V0113,1.4333333333333331,animal_detection,S2/C2/S2_C2_E368_V0113.mp4,S2,C2,20.5,raw_videos/S2/C2/S2_C2_E368_V0113.mp4,1,animal,red_deer,"courtship,vigilance",1,train,0.9333333333333332,1.9333333333333331,0.4333333333333333,2.4333333333333336,1,E368_1,train,..\data\audio_cache\full\S2_C2_E368_V0113.flac
E369,S2_C1_E369_V0104,9.3,animal_detection,S2/C1/S2_C1_E369_V0104.mp4,S2,C1,20.5,raw_videos/S2/C1/S2_C1_E369_V0104.mp4,1,animal,red_deer,"foraging,unknown,vigilance",2,train,8.8,9.8,8.3,10.3,0,E369_0,train,..\data\audio_cache\full\S2_C1_E369_V0104.flac
E369,S2_C2_E369_V0114,8.766666666666667,animal_detection,S2/C2/S2_C2_E369_V0114.mp4,S2,C2,20.5,raw_videos/S2/C2/S2_C2_E369_V0114.mp4,1,animal,red_deer,"foraging,unknown,vigilance",2,train,8.266666666666667,9.266666666666667,7.7666666666666675,9.766666666666667,1,E369_1,train,..\data\audio_cache\full\S2_C2_E369_V0114.flac
E37,S1_C1_E37_V0075,60.25,animal_detection,S1/C1/S1_C1_E37_V0075.mp4,S1,C1,120.5,raw_videos/S1/C1/S1_C1_E37_V0075.mp4,1,animal,red_deer,"foraging,vigilance",1,train,59.75,60.75,59.25,61.25,0,E37_0,train,..\data\audio_cache\full\S1_C1_E37_V0075.flac
E37,S1_C2_E37_V0047,33.583333333333336,animal_detection,S1/C2/S1_C2_E37_V0047.mp4,S1,C2,120.5,raw_videos/S1/C2/S1_C2_E37_V0047.mp4,1,animal,red_deer,"foraging,vigilance",1,train,33.083333333333336,34.083333333333336,32.583333333333336,34.583333333333336,1,E37_1,train,..\data\audio_cache\full\S1_C2_E37_V0047.flac
E37,S1_C3_E37_V0019,27.116666666666667,animal_detection,S1/C3/S1_C3_E37_V0019.mp4,S1,C3,120.5,raw_videos/S1/C3/S1_C3_E37_V0019.mp4,1,animal,red_deer,"foraging,vigilance",1,train,26.616666666666667,27.616666666666667,26.116666666666667,28.116666666666667,2,E37_2,train,..\data\audio_cache\full\S1_C3_E37_V0019.flac
E370,S2_C2_E370_V0115,3.1333333333333333,animal_detection,S2/C2/S2_C2_E370_V0115.mp4,S2,C2,20.5,raw_videos/S2/C2/S2_C2_E370_V0115.mp4,1,animal,red_deer,foraging,1,train,2.6333333333333333,3.633333333333333,2.1333333333333333,4.133333333333333,0,E370_0,train,..\data\audio_cache\full\S2_C2_E370_V0115.flac
E371,S2_C1_E371_V0105,1.5,animal_detection,S2/C1/S2_C1_E371_V0105.mp4,S2,C1,20.5,raw_videos/S2/C1/S2_C1_E371_V0105.mp4,1,animal,red_deer,"foraging,unknown",2,train,1.0,2.0,0.5,2.5,0,E371_0,train,..\data\audio_cache\full\S2_C1_E371_V0105.flac
E371,S2_C2_E371_V0116,0.9166666666666669,animal_detection,S2/C2/S2_C2_E371_V0116.mp4,S2,C2,20.5,raw_videos/S2/C2/S2_C2_E371_V0116.mp4,1,animal,red_deer,"foraging,unknown",2,train,0.4166666666666667,1.4166666666666667,0.0,2.0,1,E371_1,train,..\data\audio_cache\full\S2_C2_E371_V0116.flac
E371,S2_C3_E371_V0119,0.7,animal_detection,S2/C3/S2_C3_E371_V0119.mp4,S2,C3,20.5,raw_videos/S2/C3/S2_C3_E371_V0119.mp4,1,animal,red_deer,"foraging,unknown",2,train,0.1999999999999999,1.2,0.0,2.0,2,E371_2,train,..\data\audio_cache\full\S2_C3_E371_V0119.flac
E374,S2_C3_E374_V0121,10.25,animal_detection,S2/C3/S2_C3_E374_V0121.mp4,S2,C3,20.5,raw_videos/S2/C3/S2_C3_E374_V0121.mp4,1,animal,red_deer,"foraging,unknown,vigilance",3+,train,9.75,10.75,9.25,11.25,0,E374_0,val,..\data\audio_cache\full\S2_C3_E374_V0121.flac
E374,S2_C3_E374_V0122,3.4166666666666665,animal_detection,S2/C3/S2_C3_E374_V0122.mp4,S2,C3,20.5,raw_videos/S2/C3/S2_C3_E374_V0122.mp4,1,animal,red_deer,"foraging,unknown,vigilance",3+,train,2.9166666666666665,3.9166666666666665,2.4166666666666665,4.416666666666666,1,E374_1,val,..\data\audio_cache\full\S2_C3_E374_V0122.flac
E375,S2_C1_E375_V0106,4.233333333333333,animal_detection,S2/C1/S2_C1_E375_V0106.mp4,S2,C1,20.5,raw_videos/S2/C1/S2_C1_E375_V0106.mp4,1,animal,red_deer,"unknown,vigilance",1,train,3.733333333333333,4.733333333333333,3.2333333333333334,5.233333333333333,0,E375_0,train,..\data\audio_cache\full\S2_C1_E375_V0106.flac
E375,S2_C3_E375_V0123,0.7166666666666667,animal_detection,S2/C3/S2_C3_E375_V0123.mp4,S2,C3,20.5,raw_videos/S2/C3/S2_C3_E375_V0123.mp4,1,animal,red_deer,"unknown,vigilance",1,train,0.2166666666666666,1.2166666666666668,0.0,2.0,1,E375_1,train,..\data\audio_cache\full\S2_C3_E375_V0123.flac
E376,S2_C1_E376_V0107,2.816666666666667,animal_detection,S2/C1/S2_C1_E376_V0107.mp4,S2,C1,20.5,raw_videos/S2/C1/S2_C1_E376_V0107.mp4,1,animal,red_deer,"foraging,unknown,vigilance",1,train,2.316666666666667,3.316666666666667,1.8166666666666669,3.816666666666667,0,E376_0,train,..\data\audio_cache\full\S2_C1_E376_V0107.flac
E376,S2_C2_E376_V0119,9.466666666666669,animal_detection,S2/C2/S2_C2_E376_V0119.mp4,S2,C2,20.5,raw_videos/S2/C2/S2_C2_E376_V0119.mp4,1,animal,red_deer,"foraging,unknown,vigilance",1,train,8.966666666666667,9.966666666666669,8.466666666666667,10.466666666666669,1,E376_1,train,..\data\audio_cache\full\S2_C2_E376_V0119.flac
E376,S2_C3_E376_V0124,5.616666666666666,animal_detection,S2/C3/S2_C3_E376_V0124.mp4,S2,C3,20.5,raw_videos/S2/C3/S2_C3_E376_V0124.mp4,1,animal,red_deer,"foraging,unknown,vigilance",1,train,5.116666666666666,6.116666666666666,4.616666666666666,6.616666666666666,2,E376_2,train,..\data\audio_cache\full\S2_C3_E376_V0124.flac
E377,S2_C1_E377_V0108,1.7166666666666666,animal_detection,S2/C1/S2_C1_E377_V0108.mp4,S2,C1,20.5,raw_videos/S2/C1/S2_C1_E377_V0108.mp4,1,animal,red_deer,"foraging,marking",1,train,1.2166666666666666,2.216666666666667,0.7166666666666666,2.716666666666667,0,E377_0,train,..\data\audio_cache\full\S2_C1_E377_V0108.flac
E377,S2_C2_E377_V0120,10.25,animal_detection,S2/C2/S2_C2_E377_V0120.mp4,S2,C2,20.5,raw_videos/S2/C2/S2_C2_E377_V0120.mp4,1,animal,red_deer,"foraging,marking",1,train,9.75,10.75,9.25,11.25,1,E377_1,train,..\data\audio_cache\full\S2_C2_E377_V0120.flac
E378,S2_C1_E378_V0109,5.8,animal_detection,S2/C1/S2_C1_E378_V0109.mp4,S2,C1,120.5,raw_videos/S2/C1/S2_C1_E378_V0109.mp4,1,animal,red_deer,"chasing,courtship,escaping,unknown",3+,train,5.3,6.3,4.8,6.8,0,E378_0,train,..\data\audio_cache\full\S2_C1_E378_V0109.flac
E378,S2_C1_E378_V0109,36.93333333333334,animal_detection,S2/C1/S2_C1_E378_V0109.mp4,S2,C1,120.5,raw_videos/S2/C1/S2_C1_E378_V0109.mp4,1,animal,red_deer,"chasing,courtship,escaping,unknown",3+,train,36.43333333333334,37.43333333333334,35.93333333333334,37.93333333333334,1,E378_1,train,..\data\audio_cache\full\S2_C1_E378_V0109.flac
E378,S2_C2_E378_V0121,0.3833333333333333,animal_detection,S2/C2/S2_C2_E378_V0121.mp4,S2,C2,120.5,raw_videos/S2/C2/S2_C2_E378_V0121.mp4,1,animal,red_deer,"chasing,courtship,escaping,unknown",3+,train,0.0,1.0,0.0,2.0,2,E378_2,train,..\data\audio_cache\full\S2_C2_E378_V0121.flac
E38,S1_C1_E38_V0084,10.25,animal_detection,S1/C1/S1_C1_E38_V0084.mp4,S1,C1,20.5,raw_videos/S1/C1/S1_C1_E38_V0084.mp4,1,animal,red_deer,"camera_reaction,foraging,unknown,vigilance",1,train,9.75,10.75,9.25,11.25,0,E38_0,val,..\data\audio_cache\full\S1_C1_E38_V0084.flac
E38,S1_C1_E38_V0085,10.25,animal_detection,S1/C1/S1_C1_E38_V0085.mp4,S1,C1,20.5,raw_videos/S1/C1/S1_C1_E38_V0085.mp4,1,animal,red_deer,"camera_reaction,foraging,unknown,vigilance",1,train,9.75,10.75,9.25,11.25,1,E38_1,val,..\data\audio_cache\full\S1_C1_E38_V0085.flac
E38,S1_C2_E38_V0059,10.25,animal_detection,S1/C2/S1_C2_E38_V0059.mp4,S1,C2,20.5,raw_videos/S1/C2/S1_C2_E38_V0059.mp4,1,animal,red_deer,"camera_reaction,foraging,unknown,vigilance",1,train,9.75,10.75,9.25,11.25,2,E38_2,val,..\data\audio_cache\full\S1_C2_E38_V0059.flac
E387,S2_C1_E387_V0112,4.033333333333333,animal_detection,S2/C1/S2_C1_E387_V0112.mp4,S2,C1,20.5,raw_videos/S2/C1/S2_C1_E387_V0112.mp4,1,animal,red_deer,foraging,1,train,3.533333333333333,4.533333333333333,3.033333333333333,5.033333333333333,0,E387_0,train,..\data\audio_cache\full\S2_C1_E387_V0112.flac
E387,S2_C2_E387_V0129,3.6666666666666665,animal_detection,S2/C2/S2_C2_E387_V0129.mp4,S2,C2,20.5,raw_videos/S2/C2/S2_C2_E387_V0129.mp4,1,animal,red_deer,foraging,1,train,3.1666666666666665,4.166666666666666,2.6666666666666665,4.666666666666666,1,E387_1,train,..\data\audio_cache\full\S2_C2_E387_V0129.flac
E388,S2_C1_E388_V0113,6.65,animal_detection,S2/C1/S2_C1_E388_V0113.mp4,S2,C1,20.5,raw_videos/S2/C1/S2_C1_E388_V0113.mp4,1,animal,red_deer,"foraging,vigilance",1,train,6.15,7.15,5.65,7.65,0,E388_0,train,..\data\audio_cache\full\S2_C1_E388_V0113.flac
E388,S2_C2_E388_V0130,6.383333333333334,animal_detection,S2/C2/S2_C2_E388_V0130.mp4,S2,C2,20.5,raw_videos/S2/C2/S2_C2_E388_V0130.mp4,1,animal,red_deer,"foraging,vigilance",1,train,5.883333333333334,6.883333333333334,5.383333333333334,7.383333333333334,1,E388_1,train,..\data\audio_cache\full\S2_C2_E388_V0130.flac
E388,S2_C3_E388_V0127,7.583333333333333,animal_detection,S2/C3/S2_C3_E388_V0127.mp4,S2,C3,20.5,raw_videos/S2/C3/S2_C3_E388_V0127.mp4,1,animal,red_deer,"foraging,vigilance",1,train,7.083333333333333,8.083333333333332,6.583333333333333,8.583333333333332,2,E388_2,train,..\data\audio_cache\full\S2_C3_E388_V0127.flac
E389,S2_C2_E389_V0131,1.1666666666666667,animal_detection,S2/C2/S2_C2_E389_V0131.mp4,S2,C2,20.5,raw_videos/S2/C2/S2_C2_E389_V0131.mp4,1,animal,wolf,foraging,1,train,0.6666666666666667,1.6666666666666667,0.1666666666666667,2.166666666666667,0,E389_0,train,..\data\audio_cache\full\S2_C2_E389_V0131.flac
E39,S1_C2_E39_V0061,7.083333333333333,animal_detection,S1/C2/S1_C2_E39_V0061.mp4,S1,C2,20.5,raw_videos/S1/C2/S1_C2_E39_V0061.mp4,1,animal,red_deer,"foraging,unknown",1,train,6.583333333333333,7.583333333333333,6.083333333333333,8.083333333333332,0,E39_0,train,..\data\audio_cache\full\S1_C2_E39_V0061.flac
E390,S2_C1_E390_V0114,2.1666666666666665,animal_detection,S2/C1/S2_C1_E390_V0114.mp4,S2,C1,20.5,raw_videos/S2/C1/S2_C1_E390_V0114.mp4,1,animal,red_deer,"foraging,unknown,vigilance",1,train,1.6666666666666663,2.6666666666666665,1.1666666666666663,3.1666666666666665,0,E390_0,train,..\data\audio_cache\full\S2_C1_E390_V0114.flac
E390,S2_C2_E390_V0132,9.533333333333331,animal_detection,S2/C2/S2_C2_E390_V0132.mp4,S2,C2,20.5,raw_videos/S2/C2/S2_C2_E390_V0132.mp4,1,animal,red_deer,"foraging,unknown,vigilance",1,train,9.033333333333331,10.033333333333331,8.533333333333333,10.533333333333331,1,E390_1,train,..\data\audio_cache\full\S2_C2_E390_V0132.flac
E393,S2_C1_E393_V0116,1.4333333333333331,animal_detection,S2/C1/S2_C1_E393_V0116.mp4,S2,C1,120.5,raw_videos/S2/C1/S2_C1_E393_V0116.mp4,1,animal,red_deer,"foraging,unknown,vigilance",2,train,0.9333333333333332,1.9333333333333331,0.4333333333333333,2.4333333333333336,0,E393_0,train,..\data\audio_cache\full\S2_C1_E393_V0116.flac
E393,S2_C1_E393_V0116,76.71666666666667,animal_detection,S2/C1/S2_C1_E393_V0116.mp4,S2,C1,120.5,raw_videos/S2/C1/S2_C1_E393_V0116.mp4,1,animal,red_deer,"foraging,unknown,vigilance",2,train,76.21666666666667,77.21666666666667,75.71666666666667,77.71666666666667,1,E393_1,train,..\data\audio_cache\full\S2_C1_E393_V0116.flac
E393,S2_C2_E393_V0134,0.8666666666666667,animal_detection,S2/C2/S2_C2_E393_V0134.mp4,S2,C2,120.5,raw_videos/S2/C2/S2_C2_E393_V0134.mp4,1,animal,red_deer,"foraging,unknown,vigilance",2,train,0.3666666666666667,1.3666666666666667,0.0,2.0,2,E393_2,train,..\data\audio_cache\full\S2_C2_E393_V0134.flac
E394,S2_C1_E394_V0117,0.65,animal_detection,S2/C1/S2_C1_E394_V0117.mp4,S2,C1,20.5,raw_videos/S2/C1/S2_C1_E394_V0117.mp4,1,animal,"red_deer,wolf","chasing,escaping",3+,train,0.15,1.15,0.0,2.0,0,E394_0,train,..\data\audio_cache\full\S2_C1_E394_V0117.flac
E394,S2_C1_E394_V0117,3.166666666666667,animal_detection,S2/C1/S2_C1_E394_V0117.mp4,S2,C1,20.5,raw_videos/S2/C1/S2_C1_E394_V0117.mp4,1,animal,"red_deer,wolf","chasing,escaping",3+,train,2.666666666666667,3.666666666666667,2.166666666666667,4.166666666666667,1,E394_1,train,..\data\audio_cache\full\S2_C1_E394_V0117.flac
E394,S2_C3_E394_V0130,0.8166666666666667,animal_detection,S2/C3/S2_C3_E394_V0130.mp4,S2,C3,20.5,raw_videos/S2/C3/S2_C3_E394_V0130.mp4,1,animal,"red_deer,wolf","chasing,escaping",3+,train,0.3166666666666666,1.3166666666666669,0.0,2.0,2,E394_2,train,..\data\audio_cache\full\S2_C3_E394_V0130.flac
E4,S1_C1_E4_V0016,10.25,animal_detection,S1/C1/S1_C1_E4_V0016.mp4,S1,C1,20.5,raw_videos/S1/C1/S1_C1_E4_V0016.mp4,1,animal,red_deer,"foraging,unknown,vigilance",3+,train,9.75,10.75,9.25,11.25,0,E4_0,train,..\data\audio_cache\full\S1_C1_E4_V0016.flac
E4,S1_C1_E4_V0017,10.25,animal_detection,S1/C1/S1_C1_E4_V0017.mp4,S1,C1,20.5,raw_videos/S1/C1/S1_C1_E4_V0017.mp4,1,animal,red_deer,"foraging,unknown,vigilance",3+,train,9.75,10.75,9.25,11.25,1,E4_1,train,..\data\audio_cache\full\S1_C1_E4_V0017.flac
E4,S1_C1_E4_V0020,7.25,animal_detection,S1/C1/S1_C1_E4_V0020.mp4,S1,C1,20.5,raw_videos/S1/C1/S1_C1_E4_V0020.mp4,1,animal,red_deer,"foraging,unknown,vigilance",3+,train,6.75,7.75,6.25,8.25,2,E4_2,train,..\data\audio_cache\full\S1_C1_E4_V0020.flac
E40,S1_C1_E40_V0101,10.25,animal_detection,S1/C1/S1_C1_E40_V0101.mp4,S1,C1,20.5,raw_videos/S1/C1/S1_C1_E40_V0101.mp4,1,animal,red_deer,"foraging,unknown,vigilance",2,train,9.75,10.75,9.25,11.25,0,E40_0,val,..\data\audio_cache\full\S1_C1_E40_V0101.flac
E40,S1_C2_E40_V0064,10.25,animal_detection,S1/C2/S1_C2_E40_V0064.mp4,S1,C2,20.5,raw_videos/S1/C2/S1_C2_E40_V0064.mp4,1,animal,red_deer,"foraging,unknown,vigilance",2,train,9.75,10.75,9.25,11.25,1,E40_1,val,..\data\audio_cache\full\S1_C2_E40_V0064.flac
E40,S1_C2_E40_V0067,10.25,animal_detection,S1/C2/S1_C2_E40_V0067.mp4,S1,C2,20.5,raw_videos/S1/C2/S1_C2_E40_V0067.mp4,1,animal,red_deer,"foraging,unknown,vigilance",2,train,9.75,10.75,9.25,11.25,2,E40_2,val,..\data\audio_cache\full\S1_C2_E40_V0067.flac
E407,S3_C2_E407_V0022,10.25,animal_detection,S3/C2/S3_C2_E407_V0022.mp4,S3,C2,20.5,raw_videos/S3/C2/S3_C2_E407_V0022.mp4,1,animal,red_deer,"camera_reaction,foraging,vigilance",1,train,9.75,10.75,9.25,11.25,0,E407_0,train,..\data\audio_cache\full\S3_C2_E407_V0022.flac
E407,S3_C3_E407_V0058,10.25,animal_detection,S3/C3/S3_C3_E407_V0058.mp4,S3,C3,20.5,raw_videos/S3/C3/S3_C3_E407_V0058.mp4,1,animal,red_deer,"camera_reaction,foraging,vigilance",1,train,9.75,10.75,9.25,11.25,1,E407_1,train,..\data\audio_cache\full\S3_C3_E407_V0058.flac
E407,S3_C3_E407_V0059,9.966666666666669,animal_detection,S3/C3/S3_C3_E407_V0059.mp4,S3,C3,20.5,raw_videos/S3/C3/S3_C3_E407_V0059.mp4,1,animal,red_deer,"camera_reaction,foraging,vigilance",1,train,9.466666666666669,10.466666666666669,8.966666666666667,10.966666666666669,2,E407_2,train,..\data\audio_cache\full\S3_C3_E407_V0059.flac
E413,S3_C2_E413_V0024,30.125,background,S3/C2/S3_C2_E413_V0024.mp4,S3,C2,120.5,raw_videos/S3/C2/S3_C2_E413_V0024.mp4,0,background,none,none,0,train,29.625,30.625,29.125,31.125,0,E413_0,train,..\data\audio_cache\full\S3_C2_E413_V0024.flac
E413,S3_C2_E413_V0024,60.25,background,S3/C2/S3_C2_E413_V0024.mp4,S3,C2,120.5,raw_videos/S3/C2/S3_C2_E413_V0024.mp4,0,background,none,none,0,train,59.75,60.75,59.25,61.25,1,E413_1,train,..\data\audio_cache\full\S3_C2_E413_V0024.flac
E413,S3_C2_E413_V0024,90.375,background,S3/C2/S3_C2_E413_V0024.mp4,S3,C2,120.5,raw_videos/S3/C2/S3_C2_E413_V0024.mp4,0,background,none,none,0,train,89.875,90.875,89.375,91.375,2,E413_2,train,..\data\audio_cache\full\S3_C2_E413_V0024.flac
E418,S3_C2_E418_V0030,10.25,animal_detection,S3/C2/S3_C2_E418_V0030.mp4,S3,C2,20.5,raw_videos/S3/C2/S3_C2_E418_V0030.mp4,1,animal,red_deer,"foraging,vigilance",1,train,9.75,10.75,9.25,11.25,0,E418_0,train,..\data\audio_cache\full\S3_C2_E418_V0030.flac
E418,S3_C3_E418_V0069,10.25,animal_detection,S3/C3/S3_C3_E418_V0069.mp4,S3,C3,20.5,raw_videos/S3/C3/S3_C3_E418_V0069.mp4,1,animal,red_deer,"foraging,vigilance",1,train,9.75,10.75,9.25,11.25,1,E418_1,train,..\data\audio_cache\full\S3_C3_E418_V0069.flac
E418,S3_C3_E418_V0074,10.25,animal_detection,S3/C3/S3_C3_E418_V0074.mp4,S3,C3,20.5,raw_videos/S3/C3/S3_C3_E418_V0074.mp4,1,animal,red_deer,"foraging,vigilance",1,train,9.75,10.75,9.25,11.25,2,E418_2,train,..\data\audio_cache\full\S3_C3_E418_V0074.flac
E419,S3_C2_E419_V0035,10.25,animal_detection,S3/C2/S3_C2_E419_V0035.mp4,S3,C2,20.5,raw_videos/S3/C2/S3_C2_E419_V0035.mp4,1,animal,red_deer,"foraging,grooming,unknown,vigilance",1,train,9.75,10.75,9.25,11.25,0,E419_0,train,..\data\audio_cache\full\S3_C2_E419_V0035.flac
E419,S3_C3_E419_V0082,10.25,animal_detection,S3/C3/S3_C3_E419_V0082.mp4,S3,C3,20.5,raw_videos/S3/C3/S3_C3_E419_V0082.mp4,1,animal,red_deer,"foraging,grooming,unknown,vigilance",1,train,9.75,10.75,9.25,11.25,1,E419_1,train,..\data\audio_cache\full\S3_C3_E419_V0082.flac
E419,S3_C3_E419_V0083,10.25,animal_detection,S3/C3/S3_C3_E419_V0083.mp4,S3,C3,20.5,raw_videos/S3/C3/S3_C3_E419_V0083.mp4,1,animal,red_deer,"foraging,grooming,unknown,vigilance",1,train,9.75,10.75,9.25,11.25,2,E419_2,train,..\data\audio_cache\full\S3_C3_E419_V0083.flac
E42,S1_C1_E42_V0108,45.5,animal_detection,S1/C1/S1_C1_E42_V0108.mp4,S1,C1,120.5,raw_videos/S1/C1/S1_C1_E42_V0108.mp4,1,animal,red_deer,"foraging,vigilance",1,train,45.0,46.0,44.5,46.5,0,E42_0,train,..\data\audio_cache\full\S1_C1_E42_V0108.flac
E42,S1_C2_E42_V0072,7.683333333333334,animal_detection,S1/C2/S1_C2_E42_V0072.mp4,S1,C2,120.5,raw_videos/S1/C2/S1_C2_E42_V0072.mp4,1,animal,red_deer,"foraging,vigilance",1,train,7.183333333333334,8.183333333333334,6.683333333333334,8.683333333333334,1,E42_1,train,..\data\audio_cache\full\S1_C2_E42_V0072.flac
E429,S3_C1_E429_V0338,15.125,background,S3/C1/S3_C1_E429_V0338.mp4,S3,C1,60.5,raw_videos/S3/C1/S3_C1_E429_V0338.mp4,0,background,none,none,0,train,14.625,15.625,14.125,16.125,0,E429_0,train,..\data\audio_cache\full\S3_C1_E429_V0338.flac
E429,S3_C1_E429_V0340,15.125,background,S3/C1/S3_C1_E429_V0340.mp4,S3,C1,60.5,raw_videos/S3/C1/S3_C1_E429_V0340.mp4,0,background,none,none,0,train,14.625,15.625,14.125,16.125,1,E429_1,train,..\data\audio_cache\full\S3_C1_E429_V0340.flac
E429,S3_C1_E429_V0344,15.125,background,S3/C1/S3_C1_E429_V0344.mp4,S3,C1,60.5,raw_videos/S3/C1/S3_C1_E429_V0344.mp4,0,background,none,none,0,train,14.625,15.625,14.125,16.125,2,E429_2,train,..\data\audio_cache\full\S3_C1_E429_V0344.flac
E437,S3_C2_E437_V0049,10.25,animal_detection,S3/C2/S3_C2_E437_V0049.mp4,S3,C2,20.5,raw_videos/S3/C2/S3_C2_E437_V0049.mp4,1,animal,red_deer,"foraging,vigilance",2,train,9.75,10.75,9.25,11.25,0,E437_0,val,..\data\audio_cache\full\S3_C2_E437_V0049.flac
E437,S3_C3_E437_V0095,10.25,animal_detection,S3/C3/S3_C3_E437_V0095.mp4,S3,C3,20.5,raw_videos/S3/C3/S3_C3_E437_V0095.mp4,1,animal,red_deer,"foraging,vigilance",2,train,9.75,10.75,9.25,11.25,1,E437_1,val,..\data\audio_cache\full\S3_C3_E437_V0095.flac
E437,S3_C3_E437_V0097,10.25,animal_detection,S3/C3/S3_C3_E437_V0097.mp4,S3,C3,20.5,raw_videos/S3/C3/S3_C3_E437_V0097.mp4,1,animal,red_deer,"foraging,vigilance",2,train,9.75,10.75,9.25,11.25,2,E437_2,val,..\data\audio_cache\full\S3_C3_E437_V0097.flac
E453,S3_C3_E453_V0159,2.3666666666666667,animal_detection,S3/C3/S3_C3_E453_V0159.mp4,S3,C3,20.5,raw_videos/S3/C3/S3_C3_E453_V0159.mp4,1,animal,red_deer,"escaping,foraging,unknown,vigilance",2,train,1.8666666666666667,2.8666666666666667,1.3666666666666667,3.3666666666666667,0,E453_0,train,..\data\audio_cache\full\S3_C3_E453_V0159.flac
E453,S3_C3_E453_V0159,14.216666666666669,animal_detection,S3/C3/S3_C3_E453_V0159.mp4,S3,C3,20.5,raw_videos/S3/C3/S3_C3_E453_V0159.mp4,1,animal,red_deer,"escaping,foraging,unknown,vigilance",2,train,13.716666666666669,14.716666666666669,13.216666666666669,15.216666666666669,1,E453_1,train,..\data\audio_cache\full\S3_C3_E453_V0159.flac
E453,S3_C3_E453_V0161,10.25,animal_detection,S3/C3/S3_C3_E453_V0161.mp4,S3,C3,20.5,raw_videos/S3/C3/S3_C3_E453_V0161.mp4,1,animal,red_deer,"escaping,foraging,unknown,vigilance",2,train,9.75,10.75,9.25,11.25,2,E453_2,train,..\data\audio_cache\full\S3_C3_E453_V0161.flac
E454,S3_C2_E454_V0059,10.25,animal_detection,S3/C2/S3_C2_E454_V0059.mp4,S3,C2,20.5,raw_videos/S3/C2/S3_C2_E454_V0059.mp4,1,animal,red_deer,"foraging,vigilance",1,train,9.75,10.75,9.25,11.25,0,E454_0,train,..\data\audio_cache\full\S3_C2_E454_V0059.flac
E454,S3_C2_E454_V0060,10.25,animal_detection,S3/C2/S3_C2_E454_V0060.mp4,S3,C2,20.5,raw_videos/S3/C2/S3_C2_E454_V0060.mp4,1,animal,red_deer,"foraging,vigilance",1,train,9.75,10.75,9.25,11.25,1,E454_1,train,..\data\audio_cache\full\S3_C2_E454_V0060.flac
E454,S3_C3_E454_V0163,10.25,animal_detection,S3/C3/S3_C3_E454_V0163.mp4,S3,C3,20.5,raw_videos/S3/C3/S3_C3_E454_V0163.mp4,1,animal,red_deer,"foraging,vigilance",1,train,9.75,10.75,9.25,11.25,2,E454_2,train,..\data\audio_cache\full\S3_C3_E454_V0163.flac
E455,S3_C3_E455_V0168,10.25,animal_detection,S3/C3/S3_C3_E455_V0168.mp4,S3,C3,20.5,raw_videos/S3/C3/S3_C3_E455_V0168.mp4,1,animal,red_deer,"camera_reaction,foraging,unknown,vigilance",2,train,9.75,10.75,9.25,11.25,0,E455_0,train,..\data\audio_cache\full\S3_C3_E455_V0168.flac
E455,S3_C3_E455_V0169,10.25,animal_detection,S3/C3/S3_C3_E455_V0169.mp4,S3,C3,20.5,raw_videos/S3/C3/S3_C3_E455_V0169.mp4,1,animal,red_deer,"camera_reaction,foraging,unknown,vigilance",2,train,9.75,10.75,9.25,11.25,1,E455_1,train,..\data\audio_cache\full\S3_C3_E455_V0169.flac
E455,S3_C3_E455_V0170,7.566666666666666,animal_detection,S3/C3/S3_C3_E455_V0170.mp4,S3,C3,20.5,raw_videos/S3/C3/S3_C3_E455_V0170.mp4,1,animal,red_deer,"camera_reaction,foraging,unknown,vigilance",2,train,7.066666666666666,8.066666666666666,6.566666666666666,8.566666666666666,2,E455_2,train,..\data\audio_cache\full\S3_C3_E455_V0170.flac
E462,S3_C1_E462_V0546,2.8833333333333333,animal_detection,S3/C1/S3_C1_E462_V0546.mp4,S3,C1,6.0,raw_videos/S3/C1/S3_C1_E462_V0546.mp4,1,animal,red_deer,"foraging,unknown,vigilance",2,train,2.3833333333333333,3.3833333333333333,1.8833333333333333,3.883333333333333,0,E462_0,train,..\data\audio_cache\full\S3_C1_E462_V0546.flac
E462,S3_C3_E462_V0179,10.25,animal_detection,S3/C3/S3_C3_E462_V0179.mp4,S3,C3,20.5,raw_videos/S3/C3/S3_C3_E462_V0179.mp4,1,animal,red_deer,"foraging,unknown,vigilance",2,train,9.75,10.75,9.25,11.25,1,E462_1,train,..\data\audio_cache\full\S3_C3_E462_V0179.flac
E462,S3_C3_E462_V0181,4.3,animal_detection,S3/C3/S3_C3_E462_V0181.mp4,S3,C3,20.5,raw_videos/S3/C3/S3_C3_E462_V0181.mp4,1,animal,red_deer,"foraging,unknown,vigilance",2,train,3.8,4.8,3.3,5.3,2,E462_2,train,..\data\audio_cache\full\S3_C3_E462_V0181.flac
E465,S3_C2_E465_V0069,10.25,animal_detection,S3/C2/S3_C2_E465_V0069.mp4,S3,C2,20.5,raw_videos/S3/C2/S3_C2_E465_V0069.mp4,1,animal,red_deer,"foraging,vigilance",2,train,9.75,10.75,9.25,11.25,0,E465_0,train,..\data\audio_cache\full\S3_C2_E465_V0069.flac
E466,S3_C2_E466_V0070,30.266666666666666,animal_detection,S3/C2/S3_C2_E466_V0070.mp4,S3,C2,60.5,raw_videos/S3/C2/S3_C2_E466_V0070.mp4,1,animal,red_deer,foraging,1,train,29.766666666666666,30.766666666666666,29.266666666666666,31.266666666666666,0,E466_0,train,..\data\audio_cache\full\S3_C2_E466_V0070.flac
E476,S3_C3_E476_V0223,3.183333333333333,animal_detection,S3/C3/S3_C3_E476_V0223.mp4,S3,C3,6.5,raw_videos/S3/C3/S3_C3_E476_V0223.mp4,1,animal,red_deer,"courtship,foraging,grooming,marking,resting,unknown,vigilance",1,train,2.683333333333333,3.683333333333333,2.183333333333333,4.183333333333334,0,E476_0,val,..\data\audio_cache\full\S3_C3_E476_V0223.flac
E476,S3_C3_E476_V0226,2.0,animal_detection,S3/C3/S3_C3_E476_V0226.mp4,S3,C3,4.0,raw_videos/S3/C3/S3_C3_E476_V0226.mp4,1,animal,red_deer,"courtship,foraging,grooming,marking,resting,unknown,vigilance",1,train,1.5,2.5,1.0,3.0,1,E476_1,val,..\data\audio_cache\full\S3_C3_E476_V0226.flac
E476,S3_C3_E476_V0230,2.283333333333333,animal_detection,S3/C3/S3_C3_E476_V0230.mp4,S3,C3,5.0,raw_videos/S3/C3/S3_C3_E476_V0230.mp4,1,animal,red_deer,"courtship,foraging,grooming,marking,resting,unknown,vigilance",1,train,1.7833333333333332,2.783333333333333,1.2833333333333332,3.283333333333333,2,E476_2,val,..\data\audio_cache\full\S3_C3_E476_V0230.flac
E477,S3_C3_E477_V0235,15.125,background,S3/C3/S3_C3_E477_V0235.mp4,S3,C3,60.5,raw_videos/S3/C3/S3_C3_E477_V0235.mp4,0,background,none,none,0,train,14.625,15.625,14.125,16.125,0,E477_0,train,..\data\audio_cache\full\S3_C3_E477_V0235.flac
E477,S3_C3_E477_V0235,30.25,background,S3/C3/S3_C3_E477_V0235.mp4,S3,C3,60.5,raw_videos/S3/C3/S3_C3_E477_V0235.mp4,0,background,none,none,0,train,29.75,30.75,29.25,31.25,1,E477_1,train,..\data\audio_cache\full\S3_C3_E477_V0235.flac
E477,S3_C3_E477_V0235,45.375,background,S3/C3/S3_C3_E477_V0235.mp4,S3,C3,60.5,raw_videos/S3/C3/S3_C3_E477_V0235.mp4,0,background,none,none,0,train,44.875,45.875,44.375,46.375,2,E477_2,train,..\data\audio_cache\full\S3_C3_E477_V0235.flac
E478,S3_C3_E478_V0236,15.125,background,S3/C3/S3_C3_E478_V0236.mp4,S3,C3,60.5,raw_videos/S3/C3/S3_C3_E478_V0236.mp4,0,background,none,none,0,train,14.625,15.625,14.125,16.125,0,E478_0,train,..\data\audio_cache\full\S3_C3_E478_V0236.flac
E478,S3_C3_E478_V0236,30.25,background,S3/C3/S3_C3_E478_V0236.mp4,S3,C3,60.5,raw_videos/S3/C3/S3_C3_E478_V0236.mp4,0,background,none,none,0,train,29.75,30.75,29.25,31.25,1,E478_1,train,..\data\audio_cache\full\S3_C3_E478_V0236.flac
E478,S3_C3_E478_V0237,45.375,background,S3/C3/S3_C3_E478_V0237.mp4,S3,C3,60.5,raw_videos/S3/C3/S3_C3_E478_V0237.mp4,0,background,none,none,0,train,44.875,45.875,44.375,46.375,2,E478_2,train,..\data\audio_cache\full\S3_C3_E478_V0237.flac
E484,S3_C3_E484_V0251,15.125,background,S3/C3/S3_C3_E484_V0251.mp4,S3,C3,60.5,raw_videos/S3/C3/S3_C3_E484_V0251.mp4,0,background,none,none,0,train,14.625,15.625,14.125,16.125,0,E484_0,train,..\data\audio_cache\full\S3_C3_E484_V0251.flac
E484,S3_C3_E484_V0251,30.25,background,S3/C3/S3_C3_E484_V0251.mp4,S3,C3,60.5,raw_videos/S3/C3/S3_C3_E484_V0251.mp4,0,background,none,none,0,train,29.75,30.75,29.25,31.25,1,E484_1,train,..\data\audio_cache\full\S3_C3_E484_V0251.flac
E484,S3_C3_E484_V0251,45.375,background,S3/C3/S3_C3_E484_V0251.mp4,S3,C3,60.5,raw_videos/S3/C3/S3_C3_E484_V0251.mp4,0,background,none,none,0,train,44.875,45.875,44.375,46.375,2,E484_2,train,..\data\audio_cache\full\S3_C3_E484_V0251.flac
E486,S3_C3_E486_V0253,15.125,background,S3/C3/S3_C3_E486_V0253.mp4,S3,C3,60.5,raw_videos/S3/C3/S3_C3_E486_V0253.mp4,0,background,none,none,0,train,14.625,15.625,14.125,16.125,0,E486_0,train,..\data\audio_cache\full\S3_C3_E486_V0253.flac
E486,S3_C3_E486_V0254,15.125,background,S3/C3/S3_C3_E486_V0254.mp4,S3,C3,60.5,raw_videos/S3/C3/S3_C3_E486_V0254.mp4,0,background,none,none,0,train,14.625,15.625,14.125,16.125,1,E486_1,train,..\data\audio_cache\full\S3_C3_E486_V0254.flac
E486,S3_C3_E486_V0255,15.125,background,S3/C3/S3_C3_E486_V0255.mp4,S3,C3,60.5,raw_videos/S3/C3/S3_C3_E486_V0255.mp4,0,background,none,none,0,train,14.625,15.625,14.125,16.125,2,E486_2,train,..\data\audio_cache\full\S3_C3_E486_V0255.flac
E49,S1_C1_E49_V0112,37.5,animal_detection,S1/C1/S1_C1_E49_V0112.mp4,S1,C1,120.5,raw_videos/S1/C1/S1_C1_E49_V0112.mp4,1,animal,roe_deer,"camera_reaction,foraging,unknown,vigilance",3+,train,37.0,38.0,36.5,38.5,0,E49_0,val,..\data\audio_cache\full\S1_C1_E49_V0112.flac
E49,S1_C2_E49_V0075,3.216666666666667,animal_detection,S1/C2/S1_C2_E49_V0075.mp4,S1,C2,120.5,raw_videos/S1/C2/S1_C2_E49_V0075.mp4,1,animal,roe_deer,"camera_reaction,foraging,unknown,vigilance",3+,train,2.716666666666667,3.716666666666667,2.216666666666667,4.216666666666667,1,E49_1,val,..\data\audio_cache\full\S1_C2_E49_V0075.flac
E49,S1_C2_E49_V0075,40.8,animal_detection,S1/C2/S1_C2_E49_V0075.mp4,S1,C2,120.5,raw_videos/S1/C2/S1_C2_E49_V0075.mp4,1,animal,roe_deer,"camera_reaction,foraging,unknown,vigilance",3+,train,40.3,41.3,39.8,41.8,2,E49_2,val,..\data\audio_cache\full\S1_C2_E49_V0075.flac
E491,S3_C2_E491_V0077,30.25,background,S3/C2/S3_C2_E491_V0077.mp4,S3,C2,60.5,raw_videos/S3/C2/S3_C2_E491_V0077.mp4,0,background,none,none,0,train,29.75,30.75,29.25,31.25,0,E491_0,train,..\data\audio_cache\full\S3_C2_E491_V0077.flac
E491,S3_C2_E491_V0077,45.375,background,S3/C2/S3_C2_E491_V0077.mp4,S3,C2,60.5,raw_videos/S3/C2/S3_C2_E491_V0077.mp4,0,background,none,none,0,train,44.875,45.875,44.375,46.375,1,E491_1,train,..\data\audio_cache\full\S3_C2_E491_V0077.flac
E491,S3_C3_E491_V0261,30.25,background,S3/C3/S3_C3_E491_V0261.mp4,S3,C3,60.5,raw_videos/S3/C3/S3_C3_E491_V0261.mp4,0,background,none,none,0,train,29.75,30.75,29.25,31.25,2,E491_2,train,..\data\audio_cache\full\S3_C3_E491_V0261.flac
E493,S3_C2_E493_V0078,15.125,background,S3/C2/S3_C2_E493_V0078.mp4,S3,C2,60.5,raw_videos/S3/C2/S3_C2_E493_V0078.mp4,0,background,none,none,0,train,14.625,15.625,14.125,16.125,0,E493_0,train,..\data\audio_cache\full\S3_C2_E493_V0078.flac
E493,S3_C2_E493_V0078,30.25,background,S3/C2/S3_C2_E493_V0078.mp4,S3,C2,60.5,raw_videos/S3/C2/S3_C2_E493_V0078.mp4,0,background,none,none,0,train,29.75,30.75,29.25,31.25,1,E493_1,train,..\data\audio_cache\full\S3_C2_E493_V0078.flac
E493,S3_C2_E493_V0078,45.375,background,S3/C2/S3_C2_E493_V0078.mp4,S3,C2,60.5,raw_videos/S3/C2/S3_C2_E493_V0078.mp4,0,background,none,none,0,train,44.875,45.875,44.375,46.375,2,E493_2,train,..\data\audio_cache\full\S3_C2_E493_V0078.flac
E495,S3_C3_E495_V0266,15.125,background,S3/C3/S3_C3_E495_V0266.mp4,S3,C3,60.5,raw_videos/S3/C3/S3_C3_E495_V0266.mp4,0,background,none,none,0,train,14.625,15.625,14.125,16.125,0,E495_0,val,..\data\audio_cache\full\S3_C3_E495_V0266.flac
E495,S3_C3_E495_V0268,15.125,background,S3/C3/S3_C3_E495_V0268.mp4,S3,C3,60.5,raw_videos/S3/C3/S3_C3_E495_V0268.mp4,0,background,none,none,0,train,14.625,15.625,14.125,16.125,1,E495_1,val,..\data\audio_cache\full\S3_C3_E495_V0268.flac
E495,S3_C3_E495_V0269,30.25,background,S3/C3/S3_C3_E495_V0269.mp4,S3,C3,60.5,raw_videos/S3/C3/S3_C3_E495_V0269.mp4,0,background,none,none,0,train,29.75,30.75,29.25,31.25,2,E495_2,val,..\data\audio_cache\full\S3_C3_E495_V0269.flac
E496,S3_C3_E496_V0270,15.125,background,S3/C3/S3_C3_E496_V0270.mp4,S3,C3,60.5,raw_videos/S3/C3/S3_C3_E496_V0270.mp4,0,background,none,none,0,train,14.625,15.625,14.125,16.125,0,E496_0,val,..\data\audio_cache\full\S3_C3_E496_V0270.flac
E496,S3_C3_E496_V0270,30.25,background,S3/C3/S3_C3_E496_V0270.mp4,S3,C3,60.5,raw_videos/S3/C3/S3_C3_E496_V0270.mp4,0,background,none,none,0,train,29.75,30.75,29.25,31.25,1,E496_1,val,..\data\audio_cache\full\S3_C3_E496_V0270.flac
E496,S3_C3_E496_V0271,30.25,background,S3/C3/S3_C3_E496_V0271.mp4,S3,C3,60.5,raw_videos/S3/C3/S3_C3_E496_V0271.mp4,0,background,none,none,0,train,29.75,30.75,29.25,31.25,2,E496_2,val,..\data\audio_cache\full\S3_C3_E496_V0271.flac
E50,S1_C1_E50_V0113,18.21666666666667,animal_detection,S1/C1/S1_C1_E50_V0113.mp4,S1,C1,20.5,raw_videos/S1/C1/S1_C1_E50_V0113.mp4,1,animal,red_deer,"camera_reaction,foraging,unknown,vigilance",3+,train,17.71666666666667,18.71666666666667,17.21666666666667,19.21666666666667,0,E50_0,train,..\data\audio_cache\full\S1_C1_E50_V0113.flac
E50,S1_C1_E50_V0114,10.25,animal_detection,S1/C1/S1_C1_E50_V0114.mp4,S1,C1,20.5,raw_videos/S1/C1/S1_C1_E50_V0114.mp4,1,animal,red_deer,"camera_reaction,foraging,unknown,vigilance",3+,train,9.75,10.75,9.25,11.25,1,E50_1,train,..\data\audio_cache\full\S1_C1_E50_V0114.flac
E50,S1_C2_E50_V0076,10.25,animal_detection,S1/C2/S1_C2_E50_V0076.mp4,S1,C2,20.5,raw_videos/S1/C2/S1_C2_E50_V0076.mp4,1,animal,red_deer,"camera_reaction,foraging,unknown,vigilance",3+,train,9.75,10.75,9.25,11.25,2,E50_2,train,..\data\audio_cache\full\S1_C2_E50_V0076.flac
E500,S3_C2_E500_V0081,15.125,background,S3/C2/S3_C2_E500_V0081.mp4,S3,C2,60.5,raw_videos/S3/C2/S3_C2_E500_V0081.mp4,0,background,none,none,0,train,14.625,15.625,14.125,16.125,0,E500_0,train,..\data\audio_cache\full\S3_C2_E500_V0081.flac
E500,S3_C2_E500_V0081,30.25,background,S3/C2/S3_C2_E500_V0081.mp4,S3,C2,60.5,raw_videos/S3/C2/S3_C2_E500_V0081.mp4,0,background,none,none,0,train,29.75,30.75,29.25,31.25,1,E500_1,train,..\data\audio_cache\full\S3_C2_E500_V0081.flac
E500,S3_C2_E500_V0081,45.375,background,S3/C2/S3_C2_E500_V0081.mp4,S3,C2,60.5,raw_videos/S3/C2/S3_C2_E500_V0081.mp4,0,background,none,none,0,train,44.875,45.875,44.375,46.375,2,E500_2,train,..\data\audio_cache\full\S3_C2_E500_V0081.flac
E51,S1_C1_E51_V0116,7.333333333333334,animal_detection,S1/C1/S1_C1_E51_V0116.mp4,S1,C1,20.5,raw_videos/S1/C1/S1_C1_E51_V0116.mp4,1,animal,hare,foraging,1,train,6.833333333333334,7.833333333333334,6.333333333333334,8.333333333333334,0,E51_0,train,..\data\audio_cache\full\S1_C1_E51_V0116.flac
E53,S1_C2_E53_V0079,7.25,animal_detection,S1/C2/S1_C2_E53_V0079.mp4,S1,C2,120.5,raw_videos/S1/C2/S1_C2_E53_V0079.mp4,1,animal,red_deer,"foraging,unknown,vigilance",1,train,6.75,7.75,6.25,8.25,0,E53_0,train,..\data\audio_cache\full\S1_C2_E53_V0079.flac
E55,S1_C2_E55_V0080,4.85,animal_detection,S1/C2/S1_C2_E55_V0080.mp4,S1,C2,20.5,raw_videos/S1/C2/S1_C2_E55_V0080.mp4,1,animal,red_deer,"foraging,vigilance",1,train,4.35,5.35,3.85,5.85,0,E55_0,train,..\data\audio_cache\full\S1_C2_E55_V0080.flac
E561,S3_C2_E561_V0101,9.916666666666666,animal_detection,S3/C2/S3_C2_E561_V0101.mp4,S3,C2,20.5,raw_videos/S3/C2/S3_C2_E561_V0101.mp4,1,animal,red_deer,"foraging,unknown",3+,train,9.416666666666666,10.416666666666666,8.916666666666666,10.916666666666666,0,E561_0,train,..\data\audio_cache\full\S3_C2_E561_V0101.flac
E561,S3_C2_E561_V0102,10.25,animal_detection,S3/C2/S3_C2_E561_V0102.mp4,S3,C2,20.5,raw_videos/S3/C2/S3_C2_E561_V0102.mp4,1,animal,red_deer,"foraging,unknown",3+,train,9.75,10.75,9.25,11.25,1,E561_1,train,..\data\audio_cache\full\S3_C2_E561_V0102.flac
E561,S3_C3_E561_V0459,1.25,animal_detection,S3/C3/S3_C3_E561_V0459.mp4,S3,C3,2.5,raw_videos/S3/C3/S3_C3_E561_V0459.mp4,1,animal,red_deer,"foraging,unknown",3+,train,0.75,1.75,0.25,2.25,2,E561_2,train,..\data\audio_cache\full\S3_C3_E561_V0459.flac
E566,S3_C3_E566_V0472,15.125,background,S3/C3/S3_C3_E566_V0472.mp4,S3,C3,60.5,raw_videos/S3/C3/S3_C3_E566_V0472.mp4,0,background,none,none,0,train,14.625,15.625,14.125,16.125,0,E566_0,train,..\data\audio_cache\full\S3_C3_E566_V0472.flac
E566,S3_C3_E566_V0472,30.25,background,S3/C3/S3_C3_E566_V0472.mp4,S3,C3,60.5,raw_videos/S3/C3/S3_C3_E566_V0472.mp4,0,background,none,none,0,train,29.75,30.75,29.25,31.25,1,E566_1,train,..\data\audio_cache\full\S3_C3_E566_V0472.flac
E566,S3_C3_E566_V0472,45.375,background,S3/C3/S3_C3_E566_V0472.mp4,S3,C3,60.5,raw_videos/S3/C3/S3_C3_E566_V0472.mp4,0,background,none,none,0,train,44.875,45.875,44.375,46.375,2,E566_2,train,..\data\audio_cache\full\S3_C3_E566_V0472.flac
E567,S3_C3_E567_V0473,15.125,background,S3/C3/S3_C3_E567_V0473.mp4,S3,C3,60.5,raw_videos/S3/C3/S3_C3_E567_V0473.mp4,0,background,none,none,0,train,14.625,15.625,14.125,16.125,0,E567_0,train,..\data\audio_cache\full\S3_C3_E567_V0473.flac
E567,S3_C3_E567_V0473,30.25,background,S3/C3/S3_C3_E567_V0473.mp4,S3,C3,60.5,raw_videos/S3/C3/S3_C3_E567_V0473.mp4,0,background,none,none,0,train,29.75,30.75,29.25,31.25,1,E567_1,train,..\data\audio_cache\full\S3_C3_E567_V0473.flac
E567,S3_C3_E567_V0473,45.375,background,S3/C3/S3_C3_E567_V0473.mp4,S3,C3,60.5,raw_videos/S3/C3/S3_C3_E567_V0473.mp4,0,background,none,none,0,train,44.875,45.875,44.375,46.375,2,E567_2,train,..\data\audio_cache\full\S3_C3_E567_V0473.flac
E568,S3_C3_E568_V0474,15.125,background,S3/C3/S3_C3_E568_V0474.mp4,S3,C3,60.5,raw_videos/S3/C3/S3_C3_E568_V0474.mp4,0,background,none,none,0,train,14.625,15.625,14.125,16.125,0,E568_0,train,..\data\audio_cache\full\S3_C3_E568_V0474.flac
E568,S3_C3_E568_V0474,30.25,background,S3/C3/S3_C3_E568_V0474.mp4,S3,C3,60.5,raw_videos/S3/C3/S3_C3_E568_V0474.mp4,0,background,none,none,0,train,29.75,30.75,29.25,31.25,1,E568_1,train,..\data\audio_cache\full\S3_C3_E568_V0474.flac
E568,S3_C3_E568_V0474,45.375,background,S3/C3/S3_C3_E568_V0474.mp4,S3,C3,60.5,raw_videos/S3/C3/S3_C3_E568_V0474.mp4,0,background,none,none,0,train,44.875,45.875,44.375,46.375,2,E568_2,train,..\data\audio_cache\full\S3_C3_E568_V0474.flac
E569,S3_C2_E569_V0103,45.375,background,S3/C2/S3_C2_E569_V0103.mp4,S3,C2,60.5,raw_videos/S3/C2/S3_C2_E569_V0103.mp4,0,background,none,none,0,train,44.875,45.875,44.375,46.375,0,E569_0,train,..\data\audio_cache\full\S3_C2_E569_V0103.flac
E569,S3_C3_E569_V0475,15.125,background,S3/C3/S3_C3_E569_V0475.mp4,S3,C3,60.5,raw_videos/S3/C3/S3_C3_E569_V0475.mp4,0,background,none,none,0,train,14.625,15.625,14.125,16.125,1,E569_1,train,..\data\audio_cache\full\S3_C3_E569_V0475.flac
E569,S3_C3_E569_V0475,45.375,background,S3/C3/S3_C3_E569_V0475.mp4,S3,C3,60.5,raw_videos/S3/C3/S3_C3_E569_V0475.mp4,0,background,none,none,0,train,44.875,45.875,44.375,46.375,2,E569_2,train,..\data\audio_cache\full\S3_C3_E569_V0475.flac
E57,S1_C1_E57_V0141,0.7833333333333333,animal_detection,S1/C1/S1_C1_E57_V0141.mp4,S1,C1,120.5,raw_videos/S1/C1/S1_C1_E57_V0141.mp4,1,animal,roe_deer,unknown,1,train,0.2833333333333333,1.2833333333333332,0.0,2.0,0,E57_0,train,..\data\audio_cache\full\S1_C1_E57_V0141.flac
E571,S3_C3_E571_V0493,15.125,background,S3/C3/S3_C3_E571_V0493.mp4,S3,C3,60.5,raw_videos/S3/C3/S3_C3_E571_V0493.mp4,0,background,none,none,0,train,14.625,15.625,14.125,16.125,0,E571_0,train,..\data\audio_cache\full\S3_C3_E571_V0493.flac
E571,S3_C3_E571_V0494,15.125,background,S3/C3/S3_C3_E571_V0494.mp4,S3,C3,60.5,raw_videos/S3/C3/S3_C3_E571_V0494.mp4,0,background,none,none,0,train,14.625,15.625,14.125,16.125,1,E571_1,train,..\data\audio_cache\full\S3_C3_E571_V0494.flac
E571,S3_C3_E571_V0495,30.25,background,S3/C3/S3_C3_E571_V0495.mp4,S3,C3,60.5,raw_videos/S3/C3/S3_C3_E571_V0495.mp4,0,background,none,none,0,train,29.75,30.75,29.25,31.25,2,E571_2,train,..\data\audio_cache\full\S3_C3_E571_V0495.flac
E576,S3_C3_E576_V0505,15.125,background,S3/C3/S3_C3_E576_V0505.mp4,S3,C3,60.5,raw_videos/S3/C3/S3_C3_E576_V0505.mp4,0,background,none,none,0,train,14.625,15.625,14.125,16.125,0,E576_0,val,..\data\audio_cache\full\S3_C3_E576_V0505.flac
E576,S3_C3_E576_V0505,30.25,background,S3/C3/S3_C3_E576_V0505.mp4,S3,C3,60.5,raw_videos/S3/C3/S3_C3_E576_V0505.mp4,0,background,none,none,0,train,29.75,30.75,29.25,31.25,1,E576_1,val,..\data\audio_cache\full\S3_C3_E576_V0505.flac
E576,S3_C3_E576_V0505,45.375,background,S3/C3/S3_C3_E576_V0505.mp4,S3,C3,60.5,raw_videos/S3/C3/S3_C3_E576_V0505.mp4,0,background,none,none,0,train,44.875,45.875,44.375,46.375,2,E576_2,val,..\data\audio_cache\full\S3_C3_E576_V0505.flac
E581,S3_C2_E581_V0106,10.25,animal_detection,S3/C2/S3_C2_E581_V0106.mp4,S3,C2,20.5,raw_videos/S3/C2/S3_C2_E581_V0106.mp4,1,animal,red_deer,"foraging,unknown,vigilance",2,train,9.75,10.75,9.25,11.25,0,E581_0,train,..\data\audio_cache\full\S3_C2_E581_V0106.flac
E581,S3_C3_E581_V0510,1.0,animal_detection,S3/C3/S3_C3_E581_V0510.mp4,S3,C3,2.0,raw_videos/S3/C3/S3_C3_E581_V0510.mp4,1,animal,red_deer,"foraging,unknown,vigilance",2,train,0.5,1.5,0.0,2.0,1,E581_1,train,..\data\audio_cache\full\S3_C3_E581_V0510.flac
E581,S3_C3_E581_V0521,0.8166666666666667,animal_detection,S3/C3/S3_C3_E581_V0521.mp4,S3,C3,2.0,raw_videos/S3/C3/S3_C3_E581_V0521.mp4,1,animal,red_deer,"foraging,unknown,vigilance",2,train,0.3166666666666666,1.3166666666666669,0.0,2.0,2,E581_2,train,..\data\audio_cache\full\S3_C3_E581_V0521.flac
E582,S3_C2_E582_V0112,10.25,animal_detection,S3/C2/S3_C2_E582_V0112.mp4,S3,C2,20.5,raw_videos/S3/C2/S3_C2_E582_V0112.mp4,1,animal,red_deer,"foraging,vigilance",3+,train,9.75,10.75,9.25,11.25,0,E582_0,train,..\data\audio_cache\full\S3_C2_E582_V0112.flac
E582,S3_C2_E582_V0113,7.416666666666667,animal_detection,S3/C2/S3_C2_E582_V0113.mp4,S3,C2,20.5,raw_videos/S3/C2/S3_C2_E582_V0113.mp4,1,animal,red_deer,"foraging,vigilance",3+,train,6.916666666666667,7.916666666666667,6.416666666666667,8.416666666666668,1,E582_1,train,..\data\audio_cache\full\S3_C2_E582_V0113.flac
E582,S3_C3_E582_V0524,1.8333333333333333,animal_detection,S3/C3/S3_C3_E582_V0524.mp4,S3,C3,4.0,raw_videos/S3/C3/S3_C3_E582_V0524.mp4,1,animal,red_deer,"foraging,vigilance",3+,train,1.3333333333333333,2.333333333333333,0.8333333333333333,2.833333333333333,2,E582_2,train,..\data\audio_cache\full\S3_C3_E582_V0524.flac
E585,S3_C3_E585_V0533,15.125,background,S3/C3/S3_C3_E585_V0533.mp4,S3,C3,60.5,raw_videos/S3/C3/S3_C3_E585_V0533.mp4,0,background,none,none,0,train,14.625,15.625,14.125,16.125,0,E585_0,train,..\data\audio_cache\full\S3_C3_E585_V0533.flac
E585,S3_C3_E585_V0534,30.25,background,S3/C3/S3_C3_E585_V0534.mp4,S3,C3,60.5,raw_videos/S3/C3/S3_C3_E585_V0534.mp4,0,background,none,none,0,train,29.75,30.75,29.25,31.25,1,E585_1,train,..\data\audio_cache\full\S3_C3_E585_V0534.flac
E585,S3_C3_E585_V0534,45.375,background,S3/C3/S3_C3_E585_V0534.mp4,S3,C3,60.5,raw_videos/S3/C3/S3_C3_E585_V0534.mp4,0,background,none,none,0,train,44.875,45.875,44.375,46.375,2,E585_2,train,..\data\audio_cache\full\S3_C3_E585_V0534.flac
E586,S3_C3_E586_V0535,30.25,background,S3/C3/S3_C3_E586_V0535.mp4,S3,C3,60.5,raw_videos/S3/C3/S3_C3_E586_V0535.mp4,0,background,none,none,0,train,29.75,30.75,29.25,31.25,0,E586_0,train,..\data\audio_cache\full\S3_C3_E586_V0535.flac
E586,S3_C3_E586_V0536,15.125,background,S3/C3/S3_C3_E586_V0536.mp4,S3,C3,60.5,raw_videos/S3/C3/S3_C3_E586_V0536.mp4,0,background,none,none,0,train,14.625,15.625,14.125,16.125,1,E586_1,train,..\data\audio_cache\full\S3_C3_E586_V0536.flac
E586,S3_C3_E586_V0536,45.375,background,S3/C3/S3_C3_E586_V0536.mp4,S3,C3,60.5,raw_videos/S3/C3/S3_C3_E586_V0536.mp4,0,background,none,none,0,train,44.875,45.875,44.375,46.375,2,E586_2,train,..\data\audio_cache\full\S3_C3_E586_V0536.flac
E587,S3_C3_E587_V0537,15.125,background,S3/C3/S3_C3_E587_V0537.mp4,S3,C3,60.5,raw_videos/S3/C3/S3_C3_E587_V0537.mp4,0,background,none,none,0,train,14.625,15.625,14.125,16.125,0,E587_0,val,..\data\audio_cache\full\S3_C3_E587_V0537.flac
E587,S3_C3_E587_V0537,30.25,background,S3/C3/S3_C3_E587_V0537.mp4,S3,C3,60.5,raw_videos/S3/C3/S3_C3_E587_V0537.mp4,0,background,none,none,0,train,29.75,30.75,29.25,31.25,1,E587_1,val,..\data\audio_cache\full\S3_C3_E587_V0537.flac
E587,S3_C3_E587_V0537,45.375,background,S3/C3/S3_C3_E587_V0537.mp4,S3,C3,60.5,raw_videos/S3/C3/S3_C3_E587_V0537.mp4,0,background,none,none,0,train,44.875,45.875,44.375,46.375,2,E587_2,val,..\data\audio_cache\full\S3_C3_E587_V0537.flac
E589,S3_C3_E589_V0540,30.25,background,S3/C3/S3_C3_E589_V0540.mp4,S3,C3,60.5,raw_videos/S3/C3/S3_C3_E589_V0540.mp4,0,background,none,none,0,train,29.75,30.75,29.25,31.25,0,E589_0,train,..\data\audio_cache\full\S3_C3_E589_V0540.flac
E589,S3_C3_E589_V0540,45.375,background,S3/C3/S3_C3_E589_V0540.mp4,S3,C3,60.5,raw_videos/S3/C3/S3_C3_E589_V0540.mp4,0,background,none,none,0,train,44.875,45.875,44.375,46.375,1,E589_1,train,..\data\audio_cache\full\S3_C3_E589_V0540.flac
E589,S3_C3_E589_V0544,45.375,background,S3/C3/S3_C3_E589_V0544.mp4,S3,C3,60.5,raw_videos/S3/C3/S3_C3_E589_V0544.mp4,0,background,none,none,0,train,44.875,45.875,44.375,46.375,2,E589_2,train,..\data\audio_cache\full\S3_C3_E589_V0544.flac
E593,S3_C2_E593_V0114,15.125,background,S3/C2/S3_C2_E593_V0114.mp4,S3,C2,60.5,raw_videos/S3/C2/S3_C2_E593_V0114.mp4,0,background,none,none,0,train,14.625,15.625,14.125,16.125,0,E593_0,train,..\data\audio_cache\full\S3_C2_E593_V0114.flac
E593,S3_C2_E593_V0114,30.25,background,S3/C2/S3_C2_E593_V0114.mp4,S3,C2,60.5,raw_videos/S3/C2/S3_C2_E593_V0114.mp4,0,background,none,none,0,train,29.75,30.75,29.25,31.25,1,E593_1,train,..\data\audio_cache\full\S3_C2_E593_V0114.flac
E593,S3_C2_E593_V0114,45.375,background,S3/C2/S3_C2_E593_V0114.mp4,S3,C2,60.5,raw_videos/S3/C2/S3_C2_E593_V0114.mp4,0,background,none,none,0,train,44.875,45.875,44.375,46.375,2,E593_2,train,..\data\audio_cache\full\S3_C2_E593_V0114.flac
E597,S3_C2_E597_V0116,10.25,animal_detection,S3/C2/S3_C2_E597_V0116.mp4,S3,C2,20.5,raw_videos/S3/C2/S3_C2_E597_V0116.mp4,1,animal,red_deer,"camera_reaction,foraging,vigilance",1,train,9.75,10.75,9.25,11.25,0,E597_0,train,..\data\audio_cache\full\S3_C2_E597_V0116.flac
E597,S3_C2_E597_V0117,6.45,animal_detection,S3/C2/S3_C2_E597_V0117.mp4,S3,C2,20.5,raw_videos/S3/C2/S3_C2_E597_V0117.mp4,1,animal,red_deer,"camera_reaction,foraging,vigilance",1,train,5.95,6.95,5.45,7.45,1,E597_1,train,..\data\audio_cache\full\S3_C2_E597_V0117.flac
E616,S3_C2_E616_V0126,10.25,animal_detection,S3/C2/S3_C2_E616_V0126.mp4,S3,C2,20.5,raw_videos/S3/C2/S3_C2_E616_V0126.mp4,1,animal,red_deer,"foraging,vigilance",1,train,9.75,10.75,9.25,11.25,0,E616_0,val,..\data\audio_cache\full\S3_C2_E616_V0126.flac
E616,S3_C2_E616_V0128,10.25,animal_detection,S3/C2/S3_C2_E616_V0128.mp4,S3,C2,20.5,raw_videos/S3/C2/S3_C2_E616_V0128.mp4,1,animal,red_deer,"foraging,vigilance",1,train,9.75,10.75,9.25,11.25,1,E616_1,val,..\data\audio_cache\full\S3_C2_E616_V0128.flac
E616,S3_C2_E616_V0130,0.7833333333333333,animal_detection,S3/C2/S3_C2_E616_V0130.mp4,S3,C2,20.5,raw_videos/S3/C2/S3_C2_E616_V0130.mp4,1,animal,red_deer,"foraging,vigilance",1,train,0.2833333333333333,1.2833333333333332,0.0,2.0,2,E616_2,val,..\data\audio_cache\full\S3_C2_E616_V0130.flac
E617,S3_C2_E617_V0131,10.25,animal_detection,S3/C2/S3_C2_E617_V0131.mp4,S3,C2,20.5,raw_videos/S3/C2/S3_C2_E617_V0131.mp4,1,animal,red_deer,"foraging,vigilance",1,train,9.75,10.75,9.25,11.25,0,E617_0,train,..\data\audio_cache\full\S3_C2_E617_V0131.flac
E617,S3_C2_E617_V0132,10.25,animal_detection,S3/C2/S3_C2_E617_V0132.mp4,S3,C2,20.5,raw_videos/S3/C2/S3_C2_E617_V0132.mp4,1,animal,red_deer,"foraging,vigilance",1,train,9.75,10.75,9.25,11.25,1,E617_1,train,..\data\audio_cache\full\S3_C2_E617_V0132.flac
E617,S3_C2_E617_V0133,10.25,animal_detection,S3/C2/S3_C2_E617_V0133.mp4,S3,C2,20.5,raw_videos/S3/C2/S3_C2_E617_V0133.mp4,1,animal,red_deer,"foraging,vigilance",1,train,9.75,10.75,9.25,11.25,2,E617_2,train,..\data\audio_cache\full\S3_C2_E617_V0133.flac
E619,S3_C2_E619_V0135,10.25,animal_detection,S3/C2/S3_C2_E619_V0135.mp4,S3,C2,20.5,raw_videos/S3/C2/S3_C2_E619_V0135.mp4,1,animal,red_deer,"foraging,vigilance",1,train,9.75,10.75,9.25,11.25,0,E619_0,train,..\data\audio_cache\full\S3_C2_E619_V0135.flac
E629,S3_C2_E629_V0136,30.25,background,S3/C2/S3_C2_E629_V0136.mp4,S3,C2,60.5,raw_videos/S3/C2/S3_C2_E629_V0136.mp4,0,background,none,none,0,train,29.75,30.75,29.25,31.25,0,E629_0,val,..\data\audio_cache\full\S3_C2_E629_V0136.flac
E629,S3_C3_E629_V0604,30.25,background,S3/C3/S3_C3_E629_V0604.mp4,S3,C3,60.5,raw_videos/S3/C3/S3_C3_E629_V0604.mp4,0,background,none,none,0,train,29.75,30.75,29.25,31.25,1,E629_1,val,..\data\audio_cache\full\S3_C3_E629_V0604.flac
E629,S3_C3_E629_V0604,45.375,background,S3/C3/S3_C3_E629_V0604.mp4,S3,C3,60.5,raw_videos/S3/C3/S3_C3_E629_V0604.mp4,0,background,none,none,0,train,44.875,45.875,44.375,46.375,2,E629_2,val,..\data\audio_cache\full\S3_C3_E629_V0604.flac
E631,S3_C3_E631_V0606,15.125,background,S3/C3/S3_C3_E631_V0606.mp4,S3,C3,60.5,raw_videos/S3/C3/S3_C3_E631_V0606.mp4,0,background,none,none,0,train,14.625,15.625,14.125,16.125,0,E631_0,train,..\data\audio_cache\full\S3_C3_E631_V0606.flac
E631,S3_C3_E631_V0606,45.375,background,S3/C3/S3_C3_E631_V0606.mp4,S3,C3,60.5,raw_videos/S3/C3/S3_C3_E631_V0606.mp4,0,background,none,none,0,train,44.875,45.875,44.375,46.375,1,E631_1,train,..\data\audio_cache\full\S3_C3_E631_V0606.flac
E631,S3_C3_E631_V0608,15.125,background,S3/C3/S3_C3_E631_V0608.mp4,S3,C3,60.5,raw_videos/S3/C3/S3_C3_E631_V0608.mp4,0,background,none,none,0,train,14.625,15.625,14.125,16.125,2,E631_2,train,..\data\audio_cache\full\S3_C3_E631_V0608.flac
E634,S3_C3_E634_V0611,15.125,background,S3/C3/S3_C3_E634_V0611.mp4,S3,C3,60.5,raw_videos/S3/C3/S3_C3_E634_V0611.mp4,0,background,none,none,0,train,14.625,15.625,14.125,16.125,0,E634_0,train,..\data\audio_cache\full\S3_C3_E634_V0611.flac
E634,S3_C3_E634_V0611,30.25,background,S3/C3/S3_C3_E634_V0611.mp4,S3,C3,60.5,raw_videos/S3/C3/S3_C3_E634_V0611.mp4,0,background,none,none,0,train,29.75,30.75,29.25,31.25,1,E634_1,train,..\data\audio_cache\full\S3_C3_E634_V0611.flac
E634,S3_C3_E634_V0611,45.375,background,S3/C3/S3_C3_E634_V0611.mp4,S3,C3,60.5,raw_videos/S3/C3/S3_C3_E634_V0611.mp4,0,background,none,none,0,train,44.875,45.875,44.375,46.375,2,E634_2,train,..\data\audio_cache\full\S3_C3_E634_V0611.flac
E638,S3_C2_E638_V0137,10.266666666666667,animal_detection,S3/C2/S3_C2_E638_V0137.mp4,S3,C2,20.5,raw_videos/S3/C2/S3_C2_E638_V0137.mp4,1,animal,red_deer,foraging,1,train,9.766666666666667,10.766666666666667,9.266666666666667,11.266666666666667,0,E638_0,train,..\data\audio_cache\full\S3_C2_E638_V0137.flac
E638,S3_C2_E638_V0138,10.25,animal_detection,S3/C2/S3_C2_E638_V0138.mp4,S3,C2,20.5,raw_videos/S3/C2/S3_C2_E638_V0138.mp4,1,animal,red_deer,foraging,1,train,9.75,10.75,9.25,11.25,1,E638_1,train,..\data\audio_cache\full\S3_C2_E638_V0138.flac
E638,S3_C2_E638_V0139,2.583333333333333,animal_detection,S3/C2/S3_C2_E638_V0139.mp4,S3,C2,20.5,raw_videos/S3/C2/S3_C2_E638_V0139.mp4,1,animal,red_deer,foraging,1,train,2.083333333333333,3.083333333333333,1.5833333333333337,3.583333333333333,2,E638_2,train,..\data\audio_cache\full\S3_C2_E638_V0139.flac
E639,S3_C2_E639_V0140,10.25,animal_detection,S3/C2/S3_C2_E639_V0140.mp4,S3,C2,20.5,raw_videos/S3/C2/S3_C2_E639_V0140.mp4,1,animal,red_deer,"foraging,unknown",1,train,9.75,10.75,9.25,11.25,0,E639_0,val,..\data\audio_cache\full\S3_C2_E639_V0140.flac
E639,S3_C2_E639_V0141,2.716666666666667,animal_detection,S3/C2/S3_C2_E639_V0141.mp4,S3,C2,20.5,raw_videos/S3/C2/S3_C2_E639_V0141.mp4,1,animal,red_deer,"foraging,unknown",1,train,2.216666666666667,3.216666666666667,1.7166666666666668,3.716666666666667,1,E639_1,val,..\data\audio_cache\full\S3_C2_E639_V0141.flac
E640,S3_C2_E640_V0142,10.25,animal_detection,S3/C2/S3_C2_E640_V0142.mp4,S3,C2,20.5,raw_videos/S3/C2/S3_C2_E640_V0142.mp4,1,animal,red_deer,"foraging,marking",1,train,9.75,10.75,9.25,11.25,0,E640_0,train,..\data\audio_cache\full\S3_C2_E640_V0142.flac
E641,S3_C2_E641_V0143,10.25,animal_detection,S3/C2/S3_C2_E641_V0143.mp4,S3,C2,20.5,raw_videos/S3/C2/S3_C2_E641_V0143.mp4,1,animal,red_deer,foraging,1,train,9.75,10.75,9.25,11.25,0,E641_0,train,..\data\audio_cache\full\S3_C2_E641_V0143.flac
E642,S3_C2_E642_V0144,30.266666666666666,animal_detection,S3/C2/S3_C2_E642_V0144.mp4,S3,C2,60.5,raw_videos/S3/C2/S3_C2_E642_V0144.mp4,1,animal,red_deer,"chasing,courtship,escaping,foraging,grooming,marking,resting,unknown,vigilance",3+,train,29.766666666666666,30.766666666666666,29.266666666666666,31.266666666666666,0,E642_0,train,..\data\audio_cache\full\S3_C2_E642_V0144.flac
E642,S3_C2_E642_V0145,30.25,animal_detection,S3/C2/S3_C2_E642_V0145.mp4,S3,C2,60.5,raw_videos/S3/C2/S3_C2_E642_V0145.mp4,1,animal,red_deer,"chasing,courtship,escaping,foraging,grooming,marking,resting,unknown,vigilance",3+,train,29.75,30.75,29.25,31.25,1,E642_1,train,..\data\audio_cache\full\S3_C2_E642_V0145.flac
E642,S3_C3_E642_V0618,30.25,animal_detection,S3/C3/S3_C3_E642_V0618.mp4,S3,C3,60.5,raw_videos/S3/C3/S3_C3_E642_V0618.mp4,1,animal,red_deer,"chasing,courtship,escaping,foraging,grooming,marking,resting,unknown,vigilance",3+,train,29.75,30.75,29.25,31.25,2,E642_2,train,..\data\audio_cache\full\S3_C3_E642_V0618.flac
E644,S3_C3_E644_V0625,15.125,background,S3/C3/S3_C3_E644_V0625.mp4,S3,C3,60.5,raw_videos/S3/C3/S3_C3_E644_V0625.mp4,0,background,none,none,0,train,14.625,15.625,14.125,16.125,0,E644_0,train,..\data\audio_cache\full\S3_C3_E644_V0625.flac
E644,S3_C3_E644_V0625,30.25,background,S3/C3/S3_C3_E644_V0625.mp4,S3,C3,60.5,raw_videos/S3/C3/S3_C3_E644_V0625.mp4,0,background,none,none,0,train,29.75,30.75,29.25,31.25,1,E644_1,train,..\data\audio_cache\full\S3_C3_E644_V0625.flac
E644,S3_C3_E644_V0625,45.375,background,S3/C3/S3_C3_E644_V0625.mp4,S3,C3,60.5,raw_videos/S3/C3/S3_C3_E644_V0625.mp4,0,background,none,none,0,train,44.875,45.875,44.375,46.375,2,E644_2,train,..\data\audio_cache\full\S3_C3_E644_V0625.flac
E654,S3_C2_E654_V0147,15.125,background,S3/C2/S3_C2_E654_V0147.mp4,S3,C2,60.5,raw_videos/S3/C2/S3_C2_E654_V0147.mp4,0,background,none,none,0,train,14.625,15.625,14.125,16.125,0,E654_0,val,..\data\audio_cache\full\S3_C2_E654_V0147.flac
E654,S3_C2_E654_V0147,30.25,background,S3/C2/S3_C2_E654_V0147.mp4,S3,C2,60.5,raw_videos/S3/C2/S3_C2_E654_V0147.mp4,0,background,none,none,0,train,29.75,30.75,29.25,31.25,1,E654_1,val,..\data\audio_cache\full\S3_C2_E654_V0147.flac
E654,S3_C2_E654_V0147,45.375,background,S3/C2/S3_C2_E654_V0147.mp4,S3,C2,60.5,raw_videos/S3/C2/S3_C2_E654_V0147.mp4,0,background,none,none,0,train,44.875,45.875,44.375,46.375,2,E654_2,val,..\data\audio_cache\full\S3_C2_E654_V0147.flac
E657,S3_C2_E657_V0148,10.25,animal_detection,S3/C2/S3_C2_E657_V0148.mp4,S3,C2,20.5,raw_videos/S3/C2/S3_C2_E657_V0148.mp4,1,animal,red_deer,foraging,1,train,9.75,10.75,9.25,11.25,0,E657_0,train,..\data\audio_cache\full\S3_C2_E657_V0148.flac
E657,S3_C2_E657_V0149,10.25,animal_detection,S3/C2/S3_C2_E657_V0149.mp4,S3,C2,20.5,raw_videos/S3/C2/S3_C2_E657_V0149.mp4,1,animal,red_deer,foraging,1,train,9.75,10.75,9.25,11.25,1,E657_1,train,..\data\audio_cache\full\S3_C2_E657_V0149.flac
E658,S3_C2_E658_V0150,10.25,animal_detection,S3/C2/S3_C2_E658_V0150.mp4,S3,C2,20.5,raw_videos/S3/C2/S3_C2_E658_V0150.mp4,1,animal,red_deer,foraging,1,train,9.75,10.75,9.25,11.25,0,E658_0,train,..\data\audio_cache\full\S3_C2_E658_V0150.flac
E659,S3_C2_E659_V0151,10.25,animal_detection,S3/C2/S3_C2_E659_V0151.mp4,S3,C2,20.5,raw_videos/S3/C2/S3_C2_E659_V0151.mp4,1,animal,red_deer,"foraging,vigilance",3+,train,9.75,10.75,9.25,11.25,0,E659_0,train,..\data\audio_cache\full\S3_C2_E659_V0151.flac
E663,S3_C3_E663_V0644,45.375,background,S3/C3/S3_C3_E663_V0644.mp4,S3,C3,60.5,raw_videos/S3/C3/S3_C3_E663_V0644.mp4,0,background,none,none,0,train,44.875,45.875,44.375,46.375,0,E663_0,val,..\data\audio_cache\full\S3_C3_E663_V0644.flac
E663,S3_C3_E663_V0645,15.125,background,S3/C3/S3_C3_E663_V0645.mp4,S3,C3,60.5,raw_videos/S3/C3/S3_C3_E663_V0645.mp4,0,background,none,none,0,train,14.625,15.625,14.125,16.125,1,E663_1,val,..\data\audio_cache\full\S3_C3_E663_V0645.flac
E663,S3_C3_E663_V0645,30.25,background,S3/C3/S3_C3_E663_V0645.mp4,S3,C3,60.5,raw_videos/S3/C3/S3_C3_E663_V0645.mp4,0,background,none,none,0,train,29.75,30.75,29.25,31.25,2,E663_2,val,..\data\audio_cache\full\S3_C3_E663_V0645.flac
E670,S3_C2_E670_V0155,10.25,animal_detection,S3/C2/S3_C2_E670_V0155.mp4,S3,C2,20.5,raw_videos/S3/C2/S3_C2_E670_V0155.mp4,1,animal,red_deer,"courtship,foraging,marking,unknown,vigilance",1,train,9.75,10.75,9.25,11.25,0,E670_0,val,..\data\audio_cache\full\S3_C2_E670_V0155.flac
E670,S3_C2_E670_V0156,10.25,animal_detection,S3/C2/S3_C2_E670_V0156.mp4,S3,C2,20.5,raw_videos/S3/C2/S3_C2_E670_V0156.mp4,1,animal,red_deer,"courtship,foraging,marking,unknown,vigilance",1,train,9.75,10.75,9.25,11.25,1,E670_1,val,..\data\audio_cache\full\S3_C2_E670_V0156.flac
E670,S3_C2_E670_V0164,1.2333333333333334,animal_detection,S3/C2/S3_C2_E670_V0164.mp4,S3,C2,20.5,raw_videos/S3/C2/S3_C2_E670_V0164.mp4,1,animal,red_deer,"courtship,foraging,marking,unknown,vigilance",1,train,0.7333333333333334,1.7333333333333334,0.2333333333333334,2.2333333333333334,2,E670_2,val,..\data\audio_cache\full\S3_C2_E670_V0164.flac
E671,S3_C2_E671_V0165,10.25,animal_detection,S3/C2/S3_C2_E671_V0165.mp4,S3,C2,20.5,raw_videos/S3/C2/S3_C2_E671_V0165.mp4,1,animal,red_deer,"foraging,vigilance",1,train,9.75,10.75,9.25,11.25,0,E671_0,train,..\data\audio_cache\full\S3_C2_E671_V0165.flac
E671,S3_C2_E671_V0166,10.25,animal_detection,S3/C2/S3_C2_E671_V0166.mp4,S3,C2,20.5,raw_videos/S3/C2/S3_C2_E671_V0166.mp4,1,animal,red_deer,"foraging,vigilance",1,train,9.75,10.75,9.25,11.25,1,E671_1,train,..\data\audio_cache\full\S3_C2_E671_V0166.flac
E671,S3_C2_E671_V0167,3.433333333333333,animal_detection,S3/C2/S3_C2_E671_V0167.mp4,S3,C2,20.5,raw_videos/S3/C2/S3_C2_E671_V0167.mp4,1,animal,red_deer,"foraging,vigilance",1,train,2.933333333333333,3.933333333333333,2.433333333333333,4.433333333333334,2,E671_2,train,..\data\audio_cache\full\S3_C2_E671_V0167.flac
E672,S3_C2_E672_V0168,10.25,animal_detection,S3/C2/S3_C2_E672_V0168.mp4,S3,C2,20.5,raw_videos/S3/C2/S3_C2_E672_V0168.mp4,1,animal,red_deer,"foraging,grooming,unknown",1,train,9.75,10.75,9.25,11.25,0,E672_0,train,..\data\audio_cache\full\S3_C2_E672_V0168.flac
E673,S3_C2_E673_V0169,3.983333333333333,animal_detection,S3/C2/S3_C2_E673_V0169.mp4,S3,C2,20.5,raw_videos/S3/C2/S3_C2_E673_V0169.mp4,1,animal,red_deer,"courtship,foraging",1,train,3.4833333333333334,4.483333333333333,2.9833333333333334,4.983333333333333,0,E673_0,train,..\data\audio_cache\full\S3_C2_E673_V0169.flac
E684,S3_C2_E684_V0170,10.25,animal_detection,S3/C2/S3_C2_E684_V0170.mp4,S3,C2,20.5,raw_videos/S3/C2/S3_C2_E684_V0170.mp4,1,animal,red_deer,"foraging,vigilance",1,train,9.75,10.75,9.25,11.25,0,E684_0,train,..\data\audio_cache\full\S3_C2_E684_V0170.flac
E684,S3_C2_E684_V0171,5.35,animal_detection,S3/C2/S3_C2_E684_V0171.mp4,S3,C2,20.5,raw_videos/S3/C2/S3_C2_E684_V0171.mp4,1,animal,red_deer,"foraging,vigilance",1,train,4.85,5.85,4.35,6.35,1,E684_1,train,..\data\audio_cache\full\S3_C2_E684_V0171.flac
E692,S3_C2_E692_V0181,30.25,animal_detection,S3/C2/S3_C2_E692_V0181.mp4,S3,C2,60.5,raw_videos/S3/C2/S3_C2_E692_V0181.mp4,1,animal,red_deer,"foraging,grooming,marking,unknown,vigilance",1,train,29.75,30.75,29.25,31.25,0,E692_0,train,..\data\audio_cache\full\S3_C2_E692_V0181.flac
E692,S3_C3_E692_V0699,30.25,animal_detection,S3/C3/S3_C3_E692_V0699.mp4,S3,C3,60.5,raw_videos/S3/C3/S3_C3_E692_V0699.mp4,1,animal,red_deer,"foraging,grooming,marking,unknown,vigilance",1,train,29.75,30.75,29.25,31.25,1,E692_1,train,..\data\audio_cache\full\S3_C3_E692_V0699.flac
E692,S3_C3_E692_V0701,30.25,animal_detection,S3/C3/S3_C3_E692_V0701.mp4,S3,C3,60.5,raw_videos/S3/C3/S3_C3_E692_V0701.mp4,1,animal,red_deer,"foraging,grooming,marking,unknown,vigilance",1,train,29.75,30.75,29.25,31.25,2,E692_2,train,..\data\audio_cache\full\S3_C3_E692_V0701.flac
E693,S3_C2_E693_V0182,22.73333333333333,animal_detection,S3/C2/S3_C2_E693_V0182.mp4,S3,C2,60.5,raw_videos/S3/C2/S3_C2_E693_V0182.mp4,1,animal,red_deer,"courtship,escaping,foraging,grooming,playing,unknown,vigilance",3+,train,22.23333333333333,23.23333333333333,21.73333333333333,23.73333333333333,0,E693_0,train,..\data\audio_cache\full\S3_C2_E693_V0182.flac
E693,S3_C2_E693_V0183,30.166666666666668,animal_detection,S3/C2/S3_C2_E693_V0183.mp4,S3,C2,60.5,raw_videos/S3/C2/S3_C2_E693_V0183.mp4,1,animal,red_deer,"courtship,escaping,foraging,grooming,playing,unknown,vigilance",3+,train,29.666666666666668,30.666666666666668,29.166666666666668,31.166666666666668,1,E693_1,train,..\data\audio_cache\full\S3_C2_E693_V0183.flac
E693,S3_C3_E693_V0702,30.25,animal_detection,S3/C3/S3_C3_E693_V0702.mp4,S3,C3,60.5,raw_videos/S3/C3/S3_C3_E693_V0702.mp4,1,animal,red_deer,"courtship,escaping,foraging,grooming,playing,unknown,vigilance",3+,train,29.75,30.75,29.25,31.25,2,E693_2,train,..\data\audio_cache\full\S3_C3_E693_V0702.flac
E698,S3_C2_E698_V0185,9.75,animal_detection,S3/C2/S3_C2_E698_V0185.mp4,S3,C2,20.5,raw_videos/S3/C2/S3_C2_E698_V0185.mp4,1,animal,red_deer,foraging,1,train,9.25,10.25,8.75,10.75,0,E698_0,train,..\data\audio_cache\full\S3_C2_E698_V0185.flac
E703,S3_C2_E703_V0191,15.125,background,S3/C2/S3_C2_E703_V0191.mp4,S3,C2,60.5,raw_videos/S3/C2/S3_C2_E703_V0191.mp4,0,background,none,none,0,train,14.625,15.625,14.125,16.125,0,E703_0,train,..\data\audio_cache\full\S3_C2_E703_V0191.flac
E703,S3_C2_E703_V0191,30.25,background,S3/C2/S3_C2_E703_V0191.mp4,S3,C2,60.5,raw_videos/S3/C2/S3_C2_E703_V0191.mp4,0,background,none,none,0,train,29.75,30.75,29.25,31.25,1,E703_1,train,..\data\audio_cache\full\S3_C2_E703_V0191.flac
E703,S3_C2_E703_V0191,45.375,background,S3/C2/S3_C2_E703_V0191.mp4,S3,C2,60.5,raw_videos/S3/C2/S3_C2_E703_V0191.mp4,0,background,none,none,0,train,44.875,45.875,44.375,46.375,2,E703_2,train,..\data\audio_cache\full\S3_C2_E703_V0191.flac
E704,S3_C2_E704_V0192,10.25,animal_detection,S3/C2/S3_C2_E704_V0192.mp4,S3,C2,20.5,raw_videos/S3/C2/S3_C2_E704_V0192.mp4,1,animal,red_deer,"foraging,grooming,unknown,vigilance",2,train,9.75,10.75,9.25,11.25,0,E704_0,train,..\data\audio_cache\full\S3_C2_E704_V0192.flac
E704,S3_C2_E704_V0193,10.25,animal_detection,S3/C2/S3_C2_E704_V0193.mp4,S3,C2,20.5,raw_videos/S3/C2/S3_C2_E704_V0193.mp4,1,animal,red_deer,"foraging,grooming,unknown,vigilance",2,train,9.75,10.75,9.25,11.25,1,E704_1,train,..\data\audio_cache\full\S3_C2_E704_V0193.flac
E704,S3_C2_E704_V0194,10.25,animal_detection,S3/C2/S3_C2_E704_V0194.mp4,S3,C2,20.5,raw_videos/S3/C2/S3_C2_E704_V0194.mp4,1,animal,red_deer,"foraging,grooming,unknown,vigilance",2,train,9.75,10.75,9.25,11.25,2,E704_2,train,..\data\audio_cache\full\S3_C2_E704_V0194.flac
E705,S3_C2_E705_V0195,1.0333333333333334,animal_detection,S3/C2/S3_C2_E705_V0195.mp4,S3,C2,20.5,raw_videos/S3/C2/S3_C2_E705_V0195.mp4,1,animal,red_deer,foraging,1,train,0.5333333333333334,1.5333333333333334,0.0333333333333334,2.033333333333333,0,E705_0,val,..\data\audio_cache\full\S3_C2_E705_V0195.flac
E706,S3_C2_E706_V0206,10.25,animal_detection,S3/C2/S3_C2_E706_V0206.mp4,S3,C2,20.5,raw_videos/S3/C2/S3_C2_E706_V0206.mp4,1,animal,red_deer,"courtship,foraging,grooming,marking,resting,unknown,vigilance",1,train,9.75,10.75,9.25,11.25,0,E706_0,val,..\data\audio_cache\full\S3_C2_E706_V0206.flac
E706,S3_C2_E706_V0224,10.25,animal_detection,S3/C2/S3_C2_E706_V0224.mp4,S3,C2,20.5,raw_videos/S3/C2/S3_C2_E706_V0224.mp4,1,animal,red_deer,"courtship,foraging,grooming,marking,resting,unknown,vigilance",1,train,9.75,10.75,9.25,11.25,1,E706_1,val,..\data\audio_cache\full\S3_C2_E706_V0224.flac
E706,S3_C2_E706_V0229,10.25,animal_detection,S3/C2/S3_C2_E706_V0229.mp4,S3,C2,20.5,raw_videos/S3/C2/S3_C2_E706_V0229.mp4,1,animal,red_deer,"courtship,foraging,grooming,marking,resting,unknown,vigilance",1,train,9.75,10.75,9.25,11.25,2,E706_2,val,..\data\audio_cache\full\S3_C2_E706_V0229.flac
E707,S3_C2_E707_V0234,10.083333333333334,animal_detection,S3/C2/S3_C2_E707_V0234.mp4,S3,C2,20.5,raw_videos/S3/C2/S3_C2_E707_V0234.mp4,1,animal,red_deer,"foraging,marking,resting,unknown,vigilance",1,train,9.583333333333334,10.583333333333334,9.083333333333334,11.083333333333334,0,E707_0,train,..\data\audio_cache\full\S3_C2_E707_V0234.flac
E707,S3_C2_E707_V0235,10.25,animal_detection,S3/C2/S3_C2_E707_V0235.mp4,S3,C2,20.5,raw_videos/S3/C2/S3_C2_E707_V0235.mp4,1,animal,red_deer,"foraging,marking,resting,unknown,vigilance",1,train,9.75,10.75,9.25,11.25,1,E707_1,train,..\data\audio_cache\full\S3_C2_E707_V0235.flac
E707,S3_C2_E707_V0236,10.25,animal_detection,S3/C2/S3_C2_E707_V0236.mp4,S3,C2,20.5,raw_videos/S3/C2/S3_C2_E707_V0236.mp4,1,animal,red_deer,"foraging,marking,resting,unknown,vigilance",1,train,9.75,10.75,9.25,11.25,2,E707_2,train,..\data\audio_cache\full\S3_C2_E707_V0236.flac
E708,S3_C2_E708_V0239,10.25,animal_detection,S3/C2/S3_C2_E708_V0239.mp4,S3,C2,20.5,raw_videos/S3/C2/S3_C2_E708_V0239.mp4,1,animal,red_deer,"foraging,marking",1,train,9.75,10.75,9.25,11.25,0,E708_0,val,..\data\audio_cache\full\S3_C2_E708_V0239.flac
E708,S3_C2_E708_V0240,9.466666666666669,animal_detection,S3/C2/S3_C2_E708_V0240.mp4,S3,C2,20.5,raw_videos/S3/C2/S3_C2_E708_V0240.mp4,1,animal,red_deer,"foraging,marking",1,train,8.966666666666667,9.966666666666669,8.466666666666667,10.466666666666669,1,E708_1,val,..\data\audio_cache\full\S3_C2_E708_V0240.flac
E709,S3_C2_E709_V0241,10.25,animal_detection,S3/C2/S3_C2_E709_V0241.mp4,S3,C2,20.5,raw_videos/S3/C2/S3_C2_E709_V0241.mp4,1,animal,red_deer,"courtship,foraging,vigilance",1,train,9.75,10.75,9.25,11.25,0,E709_0,train,..\data\audio_cache\full\S3_C2_E709_V0241.flac
E709,S3_C2_E709_V0243,10.25,animal_detection,S3/C2/S3_C2_E709_V0243.mp4,S3,C2,20.5,raw_videos/S3/C2/S3_C2_E709_V0243.mp4,1,animal,red_deer,"courtship,foraging,vigilance",1,train,9.75,10.75,9.25,11.25,1,E709_1,train,..\data\audio_cache\full\S3_C2_E709_V0243.flac
E709,S3_C2_E709_V0244,10.25,animal_detection,S3/C2/S3_C2_E709_V0244.mp4,S3,C2,20.5,raw_videos/S3/C2/S3_C2_E709_V0244.mp4,1,animal,red_deer,"courtship,foraging,vigilance",1,train,9.75,10.75,9.25,11.25,2,E709_2,train,..\data\audio_cache\full\S3_C2_E709_V0244.flac
E710,S3_C2_E710_V0245,30.266666666666666,animal_detection,S3/C2/S3_C2_E710_V0245.mp4,S3,C2,60.5,raw_videos/S3/C2/S3_C2_E710_V0245.mp4,1,animal,red_deer,"foraging,grooming,playing,unknown",2,train,29.766666666666666,30.766666666666666,29.266666666666666,31.266666666666666,0,E710_0,train,..\data\audio_cache\full\S3_C2_E710_V0245.flac
E710,S3_C2_E710_V0246,0.3333333333333333,animal_detection,S3/C2/S3_C2_E710_V0246.mp4,S3,C2,60.5,raw_videos/S3/C2/S3_C2_E710_V0246.mp4,1,animal,red_deer,"foraging,grooming,playing,unknown",2,train,0.0,1.0,0.0,2.0,1,E710_1,train,..\data\audio_cache\full\S3_C2_E710_V0246.flac
E710,S3_C2_E710_V0246,20.25,animal_detection,S3/C2/S3_C2_E710_V0246.mp4,S3,C2,60.5,raw_videos/S3/C2/S3_C2_E710_V0246.mp4,1,animal,red_deer,"foraging,grooming,playing,unknown",2,train,19.75,20.75,19.25,21.25,2,E710_2,train,..\data\audio_cache\full\S3_C2_E710_V0246.flac
E711,S3_C2_E711_V0247,10.266666666666667,animal_detection,S3/C2/S3_C2_E711_V0247.mp4,S3,C2,20.5,raw_videos/S3/C2/S3_C2_E711_V0247.mp4,1,animal,red_deer,foraging,1,train,9.766666666666667,10.766666666666667,9.266666666666667,11.266666666666667,0,E711_0,train,..\data\audio_cache\full\S3_C2_E711_V0247.flac
E712,S3_C2_E712_V0248,30.25,animal_detection,S3/C2/S3_C2_E712_V0248.mp4,S3,C2,60.5,raw_videos/S3/C2/S3_C2_E712_V0248.mp4,1,animal,red_deer,"foraging,grooming,resting,vigilance",2,train,29.75,30.75,29.25,31.25,0,E712_0,train,..\data\audio_cache\full\S3_C2_E712_V0248.flac
E712,S3_C2_E712_V0249,22.0,animal_detection,S3/C2/S3_C2_E712_V0249.mp4,S3,C2,60.5,raw_videos/S3/C2/S3_C2_E712_V0249.mp4,1,animal,red_deer,"foraging,grooming,resting,vigilance",2,train,21.5,22.5,21.0,23.0,1,E712_1,train,..\data\audio_cache\full\S3_C2_E712_V0249.flac
E714,S3_C2_E714_V0251,9.1,animal_detection,S3/C2/S3_C2_E714_V0251.mp4,S3,C2,20.5,raw_videos/S3/C2/S3_C2_E714_V0251.mp4,1,animal,red_deer,"foraging,vigilance",1,train,8.6,9.6,8.1,10.1,0,E714_0,val,..\data\audio_cache\full\S3_C2_E714_V0251.flac
E715,S3_C2_E715_V0252,10.25,animal_detection,S3/C2/S3_C2_E715_V0252.mp4,S3,C2,20.5,raw_videos/S3/C2/S3_C2_E715_V0252.mp4,1,animal,red_deer,"foraging,marking,vigilance",1,train,9.75,10.75,9.25,11.25,0,E715_0,val,..\data\audio_cache\full\S3_C2_E715_V0252.flac
E715,S3_C2_E715_V0253,0.6666666666666666,animal_detection,S3/C2/S3_C2_E715_V0253.mp4,S3,C2,20.5,raw_videos/S3/C2/S3_C2_E715_V0253.mp4,1,animal,red_deer,"foraging,marking,vigilance",1,train,0.1666666666666666,1.1666666666666663,0.0,2.0,1,E715_1,val,..\data\audio_cache\full\S3_C2_E715_V0253.flac
E716,S3_C2_E716_V0255,10.25,animal_detection,S3/C2/S3_C2_E716_V0255.mp4,S3,C2,20.5,raw_videos/S3/C2/S3_C2_E716_V0255.mp4,1,animal,red_deer,"foraging,grooming,marking,vigilance",2,train,9.75,10.75,9.25,11.25,0,E716_0,train,..\data\audio_cache\full\S3_C2_E716_V0255.flac
E716,S3_C2_E716_V0258,10.25,animal_detection,S3/C2/S3_C2_E716_V0258.mp4,S3,C2,20.5,raw_videos/S3/C2/S3_C2_E716_V0258.mp4,1,animal,red_deer,"foraging,grooming,marking,vigilance",2,train,9.75,10.75,9.25,11.25,1,E716_1,train,..\data\audio_cache\full\S3_C2_E716_V0258.flac
E716,S3_C2_E716_V0259,10.25,animal_detection,S3/C2/S3_C2_E716_V0259.mp4,S3,C2,20.5,raw_videos/S3/C2/S3_C2_E716_V0259.mp4,1,animal,red_deer,"foraging,grooming,marking,vigilance",2,train,9.75,10.75,9.25,11.25,2,E716_2,train,..\data\audio_cache\full\S3_C2_E716_V0259.flac
E717,S3_C2_E717_V0260,10.25,animal_detection,S3/C2/S3_C2_E717_V0260.mp4,S3,C2,20.5,raw_videos/S3/C2/S3_C2_E717_V0260.mp4,1,animal,red_deer,foraging,1,train,9.75,10.75,9.25,11.25,0,E717_0,train,..\data\audio_cache\full\S3_C2_E717_V0260.flac
E717,S3_C2_E717_V0261,1.05,animal_detection,S3/C2/S3_C2_E717_V0261.mp4,S3,C2,20.5,raw_videos/S3/C2/S3_C2_E717_V0261.mp4,1,animal,red_deer,foraging,1,train,0.55,1.55,0.05,2.05,1,E717_1,train,..\data\audio_cache\full\S3_C2_E717_V0261.flac
E718,S3_C2_E718_V0263,10.25,animal_detection,S3/C2/S3_C2_E718_V0263.mp4,S3,C2,20.5,raw_videos/S3/C2/S3_C2_E718_V0263.mp4,1,animal,red_deer,"foraging,marking,resting",1,train,9.75,10.75,9.25,11.25,0,E718_0,train,..\data\audio_cache\full\S3_C2_E718_V0263.flac
E718,S3_C2_E718_V0267,10.25,animal_detection,S3/C2/S3_C2_E718_V0267.mp4,S3,C2,20.5,raw_videos/S3/C2/S3_C2_E718_V0267.mp4,1,animal,red_deer,"foraging,marking,resting",1,train,9.75,10.75,9.25,11.25,1,E718_1,train,..\data\audio_cache\full\S3_C2_E718_V0267.flac
E718,S3_C2_E718_V0268,10.25,animal_detection,S3/C2/S3_C2_E718_V0268.mp4,S3,C2,20.5,raw_videos/S3/C2/S3_C2_E718_V0268.mp4,1,animal,red_deer,"foraging,marking,resting",1,train,9.75,10.75,9.25,11.25,2,E718_2,train,..\data\audio_cache\full\S3_C2_E718_V0268.flac
E719,S3_C2_E719_V0269,10.25,animal_detection,S3/C2/S3_C2_E719_V0269.mp4,S3,C2,20.5,raw_videos/S3/C2/S3_C2_E719_V0269.mp4,1,animal,red_deer,"foraging,unknown",2,train,9.75,10.75,9.25,11.25,0,E719_0,train,..\data\audio_cache\full\S3_C2_E719_V0269.flac
E719,S3_C2_E719_V0273,1.1333333333333333,animal_detection,S3/C2/S3_C2_E719_V0273.mp4,S3,C2,2.5,raw_videos/S3/C2/S3_C2_E719_V0273.mp4,1,animal,red_deer,"foraging,unknown",2,train,0.6333333333333333,1.6333333333333333,0.1333333333333333,2.1333333333333333,1,E719_1,train,..\data\audio_cache\full\S3_C2_E719_V0273.flac
E719,S3_C2_E719_V0275,5.983333333333333,animal_detection,S3/C2/S3_C2_E719_V0275.mp4,S3,C2,12.0,raw_videos/S3/C2/S3_C2_E719_V0275.mp4,1,animal,red_deer,"foraging,unknown",2,train,5.483333333333333,6.483333333333333,4.983333333333333,6.983333333333333,2,E719_2,train,..\data\audio_cache\full\S3_C2_E719_V0275.flac
E720,S3_C2_E720_V0277,10.25,animal_detection,S3/C2/S3_C2_E720_V0277.mp4,S3,C2,20.5,raw_videos/S3/C2/S3_C2_E720_V0277.mp4,1,animal,red_deer,"foraging,vigilance",1,train,9.75,10.75,9.25,11.25,0,E720_0,train,..\data\audio_cache\full\S3_C2_E720_V0277.flac
E720,S3_C2_E720_V0278,3.1166666666666667,animal_detection,S3/C2/S3_C2_E720_V0278.mp4,S3,C2,20.5,raw_videos/S3/C2/S3_C2_E720_V0278.mp4,1,animal,red_deer,"foraging,vigilance",1,train,2.6166666666666667,3.6166666666666663,2.1166666666666667,4.116666666666667,1,E720_1,train,..\data\audio_cache\full\S3_C2_E720_V0278.flac
E721,S3_C2_E721_V0279,1.5333333333333334,animal_detection,S3/C2/S3_C2_E721_V0279.mp4,S3,C2,20.5,raw_videos/S3/C2/S3_C2_E721_V0279.mp4,1,animal,red_deer,foraging,1,train,1.0333333333333334,2.033333333333333,0.5333333333333334,2.533333333333333,0,E721_0,train,..\data\audio_cache\full\S3_C2_E721_V0279.flac
E722,S3_C2_E722_V0280,23.933333333333334,animal_detection,S3/C2/S3_C2_E722_V0280.mp4,S3,C2,60.5,raw_videos/S3/C2/S3_C2_E722_V0280.mp4,1,animal,red_deer,"courtship,foraging,grooming,unknown,vigilance",1,train,23.433333333333334,24.433333333333334,22.933333333333334,24.933333333333334,0,E722_0,val,..\data\audio_cache\full\S3_C2_E722_V0280.flac
E723,S3_C2_E723_V0282,1.0,animal_detection,S3/C2/S3_C2_E723_V0282.mp4,S3,C2,2.0,raw_videos/S3/C2/S3_C2_E723_V0282.mp4,1,animal,red_deer,"foraging,unknown,vigilance",2,train,0.5,1.5,0.0,2.0,0,E723_0,train,..\data\audio_cache\full\S3_C2_E723_V0282.flac
E723,S3_C2_E723_V0284,2.0,animal_detection,S3/C2/S3_C2_E723_V0284.mp4,S3,C2,4.0,raw_videos/S3/C2/S3_C2_E723_V0284.mp4,1,animal,red_deer,"foraging,unknown,vigilance",2,train,1.5,2.5,1.0,3.0,1,E723_1,train,..\data\audio_cache\full\S3_C2_E723_V0284.flac
E723,S3_C2_E723_V0293,1.0,animal_detection,S3/C2/S3_C2_E723_V0293.mp4,S3,C2,2.0,raw_videos/S3/C2/S3_C2_E723_V0293.mp4,1,animal,red_deer,"foraging,unknown,vigilance",2,train,0.5,1.5,0.0,2.0,2,E723_2,train,..\data\audio_cache\full\S3_C2_E723_V0293.flac
E724,S3_C2_E724_V0303,4.75,animal_detection,S3/C2/S3_C2_E724_V0303.mp4,S3,C2,9.5,raw_videos/S3/C2/S3_C2_E724_V0303.mp4,1,animal,red_deer,"foraging,unknown,vigilance",1,train,4.25,5.25,3.75,5.75,0,E724_0,train,..\data\audio_cache\full\S3_C2_E724_V0303.flac
E724,S3_C2_E724_V0305,2.4,animal_detection,S3/C2/S3_C2_E724_V0305.mp4,S3,C2,5.0,raw_videos/S3/C2/S3_C2_E724_V0305.mp4,1,animal,red_deer,"foraging,unknown,vigilance",1,train,1.9,2.9,1.4,3.4,1,E724_1,train,..\data\audio_cache\full\S3_C2_E724_V0305.flac
E724,S3_C2_E724_V0306,3.25,animal_detection,S3/C2/S3_C2_E724_V0306.mp4,S3,C2,6.5,raw_videos/S3/C2/S3_C2_E724_V0306.mp4,1,animal,red_deer,"foraging,unknown,vigilance",1,train,2.75,3.75,2.25,4.25,2,E724_2,train,..\data\audio_cache\full\S3_C2_E724_V0306.flac
E725,S3_C2_E725_V0308,0.9166666666666666,animal_detection,S3/C2/S3_C2_E725_V0308.mp4,S3,C2,2.0,raw_videos/S3/C2/S3_C2_E725_V0308.mp4,1,animal,red_deer,"courtship,foraging",2,train,0.4166666666666666,1.4166666666666663,0.0,2.0,0,E725_0,val,..\data\audio_cache\full\S3_C2_E725_V0308.flac
E725,S3_C2_E725_V0309,0.9833333333333332,animal_detection,S3/C2/S3_C2_E725_V0309.mp4,S3,C2,2.0,raw_videos/S3/C2/S3_C2_E725_V0309.mp4,1,animal,red_deer,"courtship,foraging",2,train,0.4833333333333333,1.4833333333333334,0.0,2.0,1,E725_1,val,..\data\audio_cache\full\S3_C2_E725_V0309.flac
E725,S3_C2_E725_V0310,1.4,animal_detection,S3/C2/S3_C2_E725_V0310.mp4,S3,C2,3.0,raw_videos/S3/C2/S3_C2_E725_V0310.mp4,1,animal,red_deer,"courtship,foraging",2,train,0.8999999999999999,1.9,0.3999999999999999,2.4,2,E725_2,val,..\data\audio_cache\full\S3_C2_E725_V0310.flac
E726,S3_C2_E726_V0311,1.7833333333333334,animal_detection,S3/C2/S3_C2_E726_V0311.mp4,S3,C2,4.0,raw_videos/S3/C2/S3_C2_E726_V0311.mp4,1,animal,red_deer,"courtship,foraging",1,train,1.2833333333333334,2.283333333333333,0.7833333333333334,2.783333333333333,0,E726_0,train,..\data\audio_cache\full\S3_C2_E726_V0311.flac
E727,S3_C2_E727_V0315,1.7833333333333334,animal_detection,S3/C2/S3_C2_E727_V0315.mp4,S3,C2,4.0,raw_videos/S3/C2/S3_C2_E727_V0315.mp4,1,animal,red_deer,foraging,1,train,1.2833333333333334,2.283333333333333,0.7833333333333334,2.783333333333333,0,E727_0,train,..\data\audio_cache\full\S3_C2_E727_V0315.flac
E727,S3_C2_E727_V0316,1.3666666666666667,animal_detection,S3/C2/S3_C2_E727_V0316.mp4,S3,C2,3.0,raw_videos/S3/C2/S3_C2_E727_V0316.mp4,1,animal,red_deer,foraging,1,train,0.8666666666666667,1.8666666666666667,0.3666666666666667,2.3666666666666667,1,E727_1,train,..\data\audio_cache\full\S3_C2_E727_V0316.flac
E729,S3_C2_E729_V0318,30.25,animal_detection,S3/C2/S3_C2_E729_V0318.mp4,S3,C2,60.5,raw_videos/S3/C2/S3_C2_E729_V0318.mp4,1,animal,red_deer,"courtship,foraging,grooming,marking,unknown,vigilance",1,train,29.75,30.75,29.25,31.25,0,E729_0,train,..\data\audio_cache\full\S3_C2_E729_V0318.flac
E729,S3_C2_E729_V0319,30.25,animal_detection,S3/C2/S3_C2_E729_V0319.mp4,S3,C2,60.5,raw_videos/S3/C2/S3_C2_E729_V0319.mp4,1,animal,red_deer,"courtship,foraging,grooming,marking,unknown,vigilance",1,train,29.75,30.75,29.25,31.25,1,E729_1,train,..\data\audio_cache\full\S3_C2_E729_V0319.flac
E729,S3_C2_E729_V0320,5.583333333333333,animal_detection,S3/C2/S3_C2_E729_V0320.mp4,S3,C2,60.5,raw_videos/S3/C2/S3_C2_E729_V0320.mp4,1,animal,red_deer,"courtship,foraging,grooming,marking,unknown,vigilance",1,train,5.083333333333333,6.083333333333333,4.583333333333333,6.583333333333333,2,E729_2,train,..\data\audio_cache\full\S3_C2_E729_V0320.flac
E730,S3_C2_E730_V0321,30.25,animal_detection,S3/C2/S3_C2_E730_V0321.mp4,S3,C2,60.5,raw_videos/S3/C2/S3_C2_E730_V0321.mp4,1,animal,red_deer,"courtship,foraging,grooming,marking,unknown,vigilance",1,train,29.75,30.75,29.25,31.25,0,E730_0,train,..\data\audio_cache\full\S3_C2_E730_V0321.flac
E730,S3_C2_E730_V0322,30.25,animal_detection,S3/C2/S3_C2_E730_V0322.mp4,S3,C2,60.5,raw_videos/S3/C2/S3_C2_E730_V0322.mp4,1,animal,red_deer,"courtship,foraging,grooming,marking,unknown,vigilance",1,train,29.75,30.75,29.25,31.25,1,E730_1,train,..\data\audio_cache\full\S3_C2_E730_V0322.flac
E730,S3_C2_E730_V0323,11.333333333333334,animal_detection,S3/C2/S3_C2_E730_V0323.mp4,S3,C2,60.5,raw_videos/S3/C2/S3_C2_E730_V0323.mp4,1,animal,red_deer,"courtship,foraging,grooming,marking,unknown,vigilance",1,train,10.833333333333334,11.833333333333334,10.333333333333334,12.333333333333334,2,E730_2,train,..\data\audio_cache\full\S3_C2_E730_V0323.flac
E731,S3_C2_E731_V0324,30.25,animal_detection,S3/C2/S3_C2_E731_V0324.mp4,S3,C2,60.5,raw_videos/S3/C2/S3_C2_E731_V0324.mp4,1,animal,red_deer,"foraging,unknown,vigilance",1,train,29.75,30.75,29.25,31.25,0,E731_0,train,..\data\audio_cache\full\S3_C2_E731_V0324.flac
E731,S3_C2_E731_V0325,30.25,animal_detection,S3/C2/S3_C2_E731_V0325.mp4,S3,C2,60.5,raw_videos/S3/C2/S3_C2_E731_V0325.mp4,1,animal,red_deer,"foraging,unknown,vigilance",1,train,29.75,30.75,29.25,31.25,1,E731_1,train,..\data\audio_cache\full\S3_C2_E731_V0325.flac
E731,S3_C2_E731_V0326,30.25,animal_detection,S3/C2/S3_C2_E731_V0326.mp4,S3,C2,60.5,raw_videos/S3/C2/S3_C2_E731_V0326.mp4,1,animal,red_deer,"foraging,unknown,vigilance",1,train,29.75,30.75,29.25,31.25,2,E731_2,train,..\data\audio_cache\full\S3_C2_E731_V0326.flac
E732,S3_C2_E732_V0331,0.95,animal_detection,S3/C2/S3_C2_E732_V0331.mp4,S3,C2,2.0,raw_videos/S3/C2/S3_C2_E732_V0331.mp4,1,animal,red_deer,"foraging,grooming,unknown,vigilance",1,train,0.4499999999999999,1.45,0.0,2.0,0,E732_0,train,..\data\audio_cache\full\S3_C2_E732_V0331.flac
E732,S3_C2_E732_V0334,1.3833333333333333,animal_detection,S3/C2/S3_C2_E732_V0334.mp4,S3,C2,3.0,raw_videos/S3/C2/S3_C2_E732_V0334.mp4,1,animal,red_deer,"foraging,grooming,unknown,vigilance",1,train,0.8833333333333333,1.8833333333333333,0.3833333333333333,2.3833333333333333,1,E732_1,train,..\data\audio_cache\full\S3_C2_E732_V0334.flac
E732,S3_C2_E732_V0335,1.3833333333333333,animal_detection,S3/C2/S3_C2_E732_V0335.mp4,S3,C2,3.0,raw_videos/S3/C2/S3_C2_E732_V0335.mp4,1,animal,red_deer,"foraging,grooming,unknown,vigilance",1,train,0.8833333333333333,1.8833333333333333,0.3833333333333333,2.3833333333333333,2,E732_2,train,..\data\audio_cache\full\S3_C2_E732_V0335.flac
E733,S3_C2_E733_V0342,1.3,animal_detection,S3/C2/S3_C2_E733_V0342.mp4,S3,C2,3.0,raw_videos/S3/C2/S3_C2_E733_V0342.mp4,1,animal,red_deer,foraging,1,train,0.8,1.8,0.3,2.3,0,E733_0,train,..\data\audio_cache\full\S3_C2_E733_V0342.flac
E734,S3_C2_E734_V0343,15.125,background,S3/C2/S3_C2_E734_V0343.mp4,S3,C2,60.5,raw_videos/S3/C2/S3_C2_E734_V0343.mp4,0,background,none,none,0,train,14.625,15.625,14.125,16.125,0,E734_0,train,..\data\audio_cache\full\S3_C2_E734_V0343.flac
E734,S3_C2_E734_V0343,30.25,background,S3/C2/S3_C2_E734_V0343.mp4,S3,C2,60.5,raw_videos/S3/C2/S3_C2_E734_V0343.mp4,0,background,none,none,0,train,29.75,30.75,29.25,31.25,1,E734_1,train,..\data\audio_cache\full\S3_C2_E734_V0343.flac
E734,S3_C2_E734_V0343,45.375,background,S3/C2/S3_C2_E734_V0343.mp4,S3,C2,60.5,raw_videos/S3/C2/S3_C2_E734_V0343.mp4,0,background,none,none,0,train,44.875,45.875,44.375,46.375,2,E734_2,train,..\data\audio_cache\full\S3_C2_E734_V0343.flac
E735,S3_C2_E735_V0346,30.25,animal_detection,S3/C2/S3_C2_E735_V0346.mp4,S3,C2,60.5,raw_videos/S3/C2/S3_C2_E735_V0346.mp4,1,animal,red_deer,"courtship,foraging,marking,unknown,vigilance",1,train,29.75,30.75,29.25,31.25,0,E735_0,train,..\data\audio_cache\full\S3_C2_E735_V0346.flac
E735,S3_C2_E735_V0347,30.25,animal_detection,S3/C2/S3_C2_E735_V0347.mp4,S3,C2,60.5,raw_videos/S3/C2/S3_C2_E735_V0347.mp4,1,animal,red_deer,"courtship,foraging,marking,unknown,vigilance",1,train,29.75,30.75,29.25,31.25,1,E735_1,train,..\data\audio_cache\full\S3_C2_E735_V0347.flac
E735,S3_C2_E735_V0348,30.25,animal_detection,S3/C2/S3_C2_E735_V0348.mp4,S3,C2,60.5,raw_videos/S3/C2/S3_C2_E735_V0348.mp4,1,animal,red_deer,"courtship,foraging,marking,unknown,vigilance",1,train,29.75,30.75,29.25,31.25,2,E735_2,train,..\data\audio_cache\full\S3_C2_E735_V0348.flac
E736,S3_C2_E736_V0350,30.25,animal_detection,S3/C2/S3_C2_E736_V0350.mp4,S3,C2,60.5,raw_videos/S3/C2/S3_C2_E736_V0350.mp4,1,animal,red_deer,"foraging,marking,unknown,vigilance",1,train,29.75,30.75,29.25,31.25,0,E736_0,train,..\data\audio_cache\full\S3_C2_E736_V0350.flac
E736,S3_C2_E736_V0351,2.75,animal_detection,S3/C2/S3_C2_E736_V0351.mp4,S3,C2,5.5,raw_videos/S3/C2/S3_C2_E736_V0351.mp4,1,animal,red_deer,"foraging,marking,unknown,vigilance",1,train,2.25,3.25,1.75,3.75,1,E736_1,train,..\data\audio_cache\full\S3_C2_E736_V0351.flac
E736,S3_C2_E736_V0353,2.5,animal_detection,S3/C2/S3_C2_E736_V0353.mp4,S3,C2,5.0,raw_videos/S3/C2/S3_C2_E736_V0353.mp4,1,animal,red_deer,"foraging,marking,unknown,vigilance",1,train,2.0,3.0,1.5,3.5,2,E736_2,train,..\data\audio_cache\full\S3_C2_E736_V0353.flac
E737,S3_C2_E737_V0355,2.25,animal_detection,S3/C2/S3_C2_E737_V0355.mp4,S3,C2,4.5,raw_videos/S3/C2/S3_C2_E737_V0355.mp4,1,animal,red_deer,foraging,1,train,1.75,2.75,1.25,3.25,0,E737_0,val,..\data\audio_cache\full\S3_C2_E737_V0355.flac
E738,S3_C2_E738_V0356,30.25,animal_detection,S3/C2/S3_C2_E738_V0356.mp4,S3,C2,60.5,raw_videos/S3/C2/S3_C2_E738_V0356.mp4,1,animal,red_deer,"foraging,unknown,vigilance",1,train,29.75,30.75,29.25,31.25,0,E738_0,train,..\data\audio_cache\full\S3_C2_E738_V0356.flac
E739,S3_C2_E739_V0357,0.7666666666666667,animal_detection,S3/C2/S3_C2_E739_V0357.mp4,S3,C2,60.5,raw_videos/S3/C2/S3_C2_E739_V0357.mp4,1,animal,red_deer,unknown,1,train,0.2666666666666667,1.2666666666666666,0.0,2.0,0,E739_0,train,..\data\audio_cache\full\S3_C2_E739_V0357.flac
E741,S3_C2_E741_V0359,11.583333333333334,animal_detection,S3/C2/S3_C2_E741_V0359.mp4,S3,C2,60.5,raw_videos/S3/C2/S3_C2_E741_V0359.mp4,1,animal,red_deer,vigilance,1,train,11.083333333333334,12.083333333333334,10.583333333333334,12.583333333333334,0,E741_0,train,..\data\audio_cache\full\S3_C2_E741_V0359.flac
E742,S3_C2_E742_V0360,10.25,animal_detection,S3/C2/S3_C2_E742_V0360.mp4,S3,C2,20.5,raw_videos/S3/C2/S3_C2_E742_V0360.mp4,1,animal,red_deer,"foraging,unknown",1,train,9.75,10.75,9.25,11.25,0,E742_0,train,..\data\audio_cache\full\S3_C2_E742_V0360.flac
E742,S3_C2_E742_V0361,10.25,animal_detection,S3/C2/S3_C2_E742_V0361.mp4,S3,C2,20.5,raw_videos/S3/C2/S3_C2_E742_V0361.mp4,1,animal,red_deer,"foraging,unknown",1,train,9.75,10.75,9.25,11.25,1,E742_1,train,..\data\audio_cache\full\S3_C2_E742_V0361.flac
E743,S3_C2_E743_V0362,4.233333333333333,animal_detection,S3/C2/S3_C2_E743_V0362.mp4,S3,C2,18.5,raw_videos/S3/C2/S3_C2_E743_V0362.mp4,1,animal,red_deer,foraging,1,train,3.733333333333333,4.733333333333333,3.2333333333333334,5.233333333333333,0,E743_0,train,..\data\audio_cache\full\S3_C2_E743_V0362.flac
E744,S3_C2_E744_V0363,0.85,animal_detection,S3/C2/S3_C2_E744_V0363.mp4,S3,C2,2.0,raw_videos/S3/C2/S3_C2_E744_V0363.mp4,1,animal,red_deer,foraging,1,train,0.35,1.35,0.0,2.0,0,E744_0,train,..\data\audio_cache\full\S3_C2_E744_V0363.flac
E745,S3_C2_E745_V0371,0.9666666666666668,animal_detection,S3/C2/S3_C2_E745_V0371.mp4,S3,C2,2.0,raw_videos/S3/C2/S3_C2_E745_V0371.mp4,1,animal,red_deer,foraging,1,train,0.4666666666666667,1.4666666666666668,0.0,2.0,0,E745_0,train,..\data\audio_cache\full\S3_C2_E745_V0371.flac
E746,S3_C2_E746_V0374,0.8833333333333333,animal_detection,S3/C2/S3_C2_E746_V0374.mp4,S3,C2,2.0,raw_videos/S3/C2/S3_C2_E746_V0374.mp4,1,animal,red_deer,foraging,2,train,0.3833333333333333,1.3833333333333333,0.0,2.0,0,E746_0,train,..\data\audio_cache\full\S3_C2_E746_V0374.flac
E750,S3_C2_E750_V0381,15.125,background,S3/C2/S3_C2_E750_V0381.mp4,S3,C2,60.5,raw_videos/S3/C2/S3_C2_E750_V0381.mp4,0,background,none,none,0,train,14.625,15.625,14.125,16.125,0,E750_0,train,..\data\audio_cache\full\S3_C2_E750_V0381.flac
E750,S3_C2_E750_V0381,30.25,background,S3/C2/S3_C2_E750_V0381.mp4,S3,C2,60.5,raw_videos/S3/C2/S3_C2_E750_V0381.mp4,0,background,none,none,0,train,29.75,30.75,29.25,31.25,1,E750_1,train,..\data\audio_cache\full\S3_C2_E750_V0381.flac
E750,S3_C2_E750_V0381,45.375,background,S3/C2/S3_C2_E750_V0381.mp4,S3,C2,60.5,raw_videos/S3/C2/S3_C2_E750_V0381.mp4,0,background,none,none,0,train,44.875,45.875,44.375,46.375,2,E750_2,train,..\data\audio_cache\full\S3_C2_E750_V0381.flac
E751,S3_C2_E751_V0382,10.25,animal_detection,S3/C2/S3_C2_E751_V0382.mp4,S3,C2,20.5,raw_videos/S3/C2/S3_C2_E751_V0382.mp4,1,animal,red_deer,"foraging,vigilance",1,train,9.75,10.75,9.25,11.25,0,E751_0,train,..\data\audio_cache\full\S3_C2_E751_V0382.flac
E751,S3_C2_E751_V0384,7.783333333333333,animal_detection,S3/C2/S3_C2_E751_V0384.mp4,S3,C2,16.0,raw_videos/S3/C2/S3_C2_E751_V0384.mp4,1,animal,red_deer,"foraging,vigilance",1,train,7.283333333333333,8.283333333333333,6.783333333333333,8.783333333333333,1,E751_1,train,..\data\audio_cache\full\S3_C2_E751_V0384.flac
E751,S3_C2_E751_V0386,2.066666666666667,animal_detection,S3/C2/S3_C2_E751_V0386.mp4,S3,C2,4.5,raw_videos/S3/C2/S3_C2_E751_V0386.mp4,1,animal,red_deer,"foraging,vigilance",1,train,1.5666666666666669,2.566666666666667,1.0666666666666669,3.066666666666667,2,E751_2,train,..\data\audio_cache\full\S3_C2_E751_V0386.flac
E752,S3_C2_E752_V0387,4.366666666666666,animal_detection,S3/C2/S3_C2_E752_V0387.mp4,S3,C2,12.0,raw_videos/S3/C2/S3_C2_E752_V0387.mp4,1,animal,red_deer,vigilance,1,train,3.866666666666666,4.866666666666666,3.3666666666666663,5.366666666666666,0,E752_0,train,..\data\audio_cache\full\S3_C2_E752_V0387.flac
E753,S3_C2_E753_V0388,3.983333333333333,animal_detection,S3/C2/S3_C2_E753_V0388.mp4,S3,C2,8.0,raw_videos/S3/C2/S3_C2_E753_V0388.mp4,1,animal,red_deer,foraging,1,train,3.4833333333333334,4.483333333333333,2.9833333333333334,4.983333333333333,0,E753_0,val,..\data\audio_cache\full\S3_C2_E753_V0388.flac
E753,S3_C2_E753_V0389,0.8666666666666667,animal_detection,S3/C2/S3_C2_E753_V0389.mp4,S3,C2,2.0,raw_videos/S3/C2/S3_C2_E753_V0389.mp4,1,animal,red_deer,foraging,1,train,0.3666666666666667,1.3666666666666667,0.0,2.0,1,E753_1,val,..\data\audio_cache\full\S3_C2_E753_V0389.flac
E754,S3_C2_E754_V0390,3.3666666666666667,animal_detection,S3/C2/S3_C2_E754_V0390.mp4,S3,C2,7.0,raw_videos/S3/C2/S3_C2_E754_V0390.mp4,1,animal,red_deer,foraging,1,train,2.8666666666666667,3.8666666666666663,2.3666666666666667,4.366666666666667,0,E754_0,train,..\data\audio_cache\full\S3_C2_E754_V0390.flac
E756,S3_C2_E756_V0392,1.9666666666666663,animal_detection,S3/C2/S3_C2_E756_V0392.mp4,S3,C2,4.0,raw_videos/S3/C2/S3_C2_E756_V0392.mp4,1,animal,red_deer,foraging,1,train,1.4666666666666666,2.466666666666667,0.9666666666666666,2.966666666666667,0,E756_0,train,..\data\audio_cache\full\S3_C2_E756_V0392.flac
E757,S3_C2_E757_V0393,1.2,animal_detection,S3/C2/S3_C2_E757_V0393.mp4,S3,C2,2.5,raw_videos/S3/C2/S3_C2_E757_V0393.mp4,1,animal,red_deer,"courtship,foraging",1,train,0.7,1.7,0.1999999999999999,2.2,0,E757_0,train,..\data\audio_cache\full\S3_C2_E757_V0393.flac
E757,S3_C2_E757_V0394,1.0833333333333333,animal_detection,S3/C2/S3_C2_E757_V0394.mp4,S3,C2,2.5,raw_videos/S3/C2/S3_C2_E757_V0394.mp4,1,animal,red_deer,"courtship,foraging",1,train,0.5833333333333333,1.5833333333333333,0.0833333333333332,2.083333333333333,1,E757_1,train,..\data\audio_cache\full\S3_C2_E757_V0394.flac
E758,S3_C2_E758_V0399,1.0,animal_detection,S3/C2/S3_C2_E758_V0399.mp4,S3,C2,2.0,raw_videos/S3/C2/S3_C2_E758_V0399.mp4,1,animal,red_deer,"courtship,foraging",1,train,0.5,1.5,0.0,2.0,0,E758_0,train,..\data\audio_cache\full\S3_C2_E758_V0399.flac
E760,S3_C2_E760_V0409,30.25,animal_detection,S3/C2/S3_C2_E760_V0409.mp4,S3,C2,60.5,raw_videos/S3/C2/S3_C2_E760_V0409.mp4,1,animal,red_deer,"courtship,foraging,grooming,marking,unknown,vigilance",1,train,29.75,30.75,29.25,31.25,0,E760_0,val,..\data\audio_cache\full\S3_C2_E760_V0409.flac
E760,S3_C2_E760_V0410,30.25,animal_detection,S3/C2/S3_C2_E760_V0410.mp4,S3,C2,60.5,raw_videos/S3/C2/S3_C2_E760_V0410.mp4,1,animal,red_deer,"courtship,foraging,grooming,marking,unknown,vigilance",1,train,29.75,30.75,29.25,31.25,1,E760_1,val,..\data\audio_cache\full\S3_C2_E760_V0410.flac
E760,S3_C2_E760_V0411,1.4333333333333331,animal_detection,S3/C2/S3_C2_E760_V0411.mp4,S3,C2,60.5,raw_videos/S3/C2/S3_C2_E760_V0411.mp4,1,animal,red_deer,"courtship,foraging,grooming,marking,unknown,vigilance",1,train,0.9333333333333332,1.9333333333333331,0.4333333333333333,2.4333333333333336,2,E760_2,val,..\data\audio_cache\full\S3_C2_E760_V0411.flac
E762,S3_C2_E762_V0412,30.25,animal_detection,S3/C2/S3_C2_E762_V0412.mp4,S3,C2,60.5,raw_videos/S3/C2/S3_C2_E762_V0412.mp4,1,animal,red_deer,"foraging,grooming,marking,unknown,vigilance",1,train,29.75,30.75,29.25,31.25,0,E762_0,train,..\data\audio_cache\full\S3_C2_E762_V0412.flac
E762,S3_C2_E762_V0413,19.966666666666665,animal_detection,S3/C2/S3_C2_E762_V0413.mp4,S3,C2,60.5,raw_videos/S3/C2/S3_C2_E762_V0413.mp4,1,animal,red_deer,"foraging,grooming,marking,unknown,vigilance",1,train,19.466666666666665,20.466666666666665,18.966666666666665,20.966666666666665,1,E762_1,train,..\data\audio_cache\full\S3_C2_E762_V0413.flac
E763,S3_C2_E763_V0414,30.25,animal_detection,S3/C2/S3_C2_E763_V0414.mp4,S3,C2,60.5,raw_videos/S3/C2/S3_C2_E763_V0414.mp4,1,animal,red_deer,"courtship,foraging,marking,vigilance",1,train,29.75,30.75,29.25,31.25,0,E763_0,val,..\data\audio_cache\full\S3_C2_E763_V0414.flac
E763,S3_C2_E763_V0415,8.5,animal_detection,S3/C2/S3_C2_E763_V0415.mp4,S3,C2,17.0,raw_videos/S3/C2/S3_C2_E763_V0415.mp4,1,animal,red_deer,"courtship,foraging,marking,vigilance",1,train,8.0,9.0,7.5,9.5,1,E763_1,val,..\data\audio_cache\full\S3_C2_E763_V0415.flac
E763,S3_C2_E763_V0416,5.0,animal_detection,S3/C2/S3_C2_E763_V0416.mp4,S3,C2,10.0,raw_videos/S3/C2/S3_C2_E763_V0416.mp4,1,animal,red_deer,"courtship,foraging,marking,vigilance",1,train,4.5,5.5,4.0,6.0,2,E763_2,val,..\data\audio_cache\full\S3_C2_E763_V0416.flac
E764,S3_C2_E764_V0420,1.05,animal_detection,S3/C2/S3_C2_E764_V0420.mp4,S3,C2,2.5,raw_videos/S3/C2/S3_C2_E764_V0420.mp4,1,animal,red_deer,"foraging,grooming,marking,unknown,vigilance",1,train,0.55,1.55,0.05,2.05,0,E764_0,train,..\data\audio_cache\full\S3_C2_E764_V0420.flac
E764,S3_C2_E764_V0422,0.9166666666666666,animal_detection,S3/C2/S3_C2_E764_V0422.mp4,S3,C2,2.0,raw_videos/S3/C2/S3_C2_E764_V0422.mp4,1,animal,red_deer,"foraging,grooming,marking,unknown,vigilance",1,train,0.4166666666666666,1.4166666666666663,0.0,2.0,1,E764_1,train,..\data\audio_cache\full\S3_C2_E764_V0422.flac
E764,S3_C2_E764_V0424,0.9666666666666668,animal_detection,S3/C2/S3_C2_E764_V0424.mp4,S3,C2,2.0,raw_videos/S3/C2/S3_C2_E764_V0424.mp4,1,animal,red_deer,"foraging,grooming,marking,unknown,vigilance",1,train,0.4666666666666667,1.4666666666666668,0.0,2.0,2,E764_2,train,..\data\audio_cache\full\S3_C2_E764_V0424.flac
E765,S3_C2_E765_V0426,30.25,animal_detection,S3/C2/S3_C2_E765_V0426.mp4,S3,C2,60.5,raw_videos/S3/C2/S3_C2_E765_V0426.mp4,1,animal,red_deer,"courtship,foraging,marking,vigilance",1,train,29.75,30.75,29.25,31.25,0,E765_0,train,..\data\audio_cache\full\S3_C2_E765_V0426.flac
E765,S3_C2_E765_V0427,30.25,animal_detection,S3/C2/S3_C2_E765_V0427.mp4,S3,C2,60.5,raw_videos/S3/C2/S3_C2_E765_V0427.mp4,1,animal,red_deer,"courtship,foraging,marking,vigilance",1,train,29.75,30.75,29.25,31.25,1,E765_1,train,..\data\audio_cache\full\S3_C2_E765_V0427.flac
E765,S3_C2_E765_V0428,14.166666666666666,animal_detection,S3/C2/S3_C2_E765_V0428.mp4,S3,C2,60.5,raw_videos/S3/C2/S3_C2_E765_V0428.mp4,1,animal,red_deer,"courtship,foraging,marking,vigilance",1,train,13.666666666666666,14.666666666666666,13.166666666666666,15.166666666666666,2,E765_2,train,..\data\audio_cache\full\S3_C2_E765_V0428.flac
E766,S3_C2_E766_V0429,30.25,animal_detection,S3/C2/S3_C2_E766_V0429.mp4,S3,C2,60.5,raw_videos/S3/C2/S3_C2_E766_V0429.mp4,1,animal,red_deer,"foraging,grooming,marking,unknown,vigilance",1,train,29.75,30.75,29.25,31.25,0,E766_0,train,..\data\audio_cache\full\S3_C2_E766_V0429.flac
E766,S3_C2_E766_V0430,30.25,animal_detection,S3/C2/S3_C2_E766_V0430.mp4,S3,C2,60.5,raw_videos/S3/C2/S3_C2_E766_V0430.mp4,1,animal,red_deer,"foraging,grooming,marking,unknown,vigilance",1,train,29.75,30.75,29.25,31.25,1,E766_1,train,..\data\audio_cache\full\S3_C2_E766_V0430.flac
E766,S3_C2_E766_V0431,30.25,animal_detection,S3/C2/S3_C2_E766_V0431.mp4,S3,C2,60.5,raw_videos/S3/C2/S3_C2_E766_V0431.mp4,1,animal,red_deer,"foraging,grooming,marking,unknown,vigilance",1,train,29.75,30.75,29.25,31.25,2,E766_2,train,..\data\audio_cache\full\S3_C2_E766_V0431.flac
E768,S3_C2_E768_V0433,30.25,animal_detection,S3/C2/S3_C2_E768_V0433.mp4,S3,C2,60.5,raw_videos/S3/C2/S3_C2_E768_V0433.mp4,1,animal,red_deer,"foraging,marking,unknown",2,train,29.75,30.75,29.25,31.25,0,E768_0,val,..\data\audio_cache\full\S3_C2_E768_V0433.flac
E769,S3_C2_E769_V0435,30.25,animal_detection,S3/C2/S3_C2_E769_V0435.mp4,S3,C2,60.5,raw_videos/S3/C2/S3_C2_E769_V0435.mp4,1,animal,red_deer,"camera_reaction,courtship,foraging,grooming,marking,unknown,vigilance",1,train,29.75,30.75,29.25,31.25,0,E769_0,train,..\data\audio_cache\full\S3_C2_E769_V0435.flac
E769,S3_C2_E769_V0440,30.25,animal_detection,S3/C2/S3_C2_E769_V0440.mp4,S3,C2,60.5,raw_videos/S3/C2/S3_C2_E769_V0440.mp4,1,animal,red_deer,"camera_reaction,courtship,foraging,grooming,marking,unknown,vigilance",1,train,29.75,30.75,29.25,31.25,1,E769_1,train,..\data\audio_cache\full\S3_C2_E769_V0440.flac
E769,S3_C2_E769_V0441,20.683333333333334,animal_detection,S3/C2/S3_C2_E769_V0441.mp4,S3,C2,60.5,raw_videos/S3/C2/S3_C2_E769_V0441.mp4,1,animal,red_deer,"camera_reaction,courtship,foraging,grooming,marking,unknown,vigilance",1,train,20.183333333333334,21.183333333333334,19.683333333333334,21.683333333333334,2,E769_2,train,..\data\audio_cache\full\S3_C2_E769_V0441.flac
E773,S3_C2_E773_V0455,0.9166666666666666,animal_detection,S3/C2/S3_C2_E773_V0455.mp4,S3,C2,2.0,raw_videos/S3/C2/S3_C2_E773_V0455.mp4,1,animal,red_deer,vigilance,1,train,0.4166666666666666,1.4166666666666663,0.0,2.0,0,E773_0,train,..\data\audio_cache\full\S3_C2_E773_V0455.flac
E774,S3_C2_E774_V0456,0.8,animal_detection,S3/C2/S3_C2_E774_V0456.mp4,S3,C2,2.0,raw_videos/S3/C2/S3_C2_E774_V0456.mp4,1,animal,red_deer,"courtship,unknown",3+,train,0.3,1.3,0.0,2.0,0,E774_0,train,..\data\audio_cache\full\S3_C2_E774_V0456.flac
E777,S3_C2_E777_V0463,5.5,animal_detection,S3/C2/S3_C2_E777_V0463.mp4,S3,C2,11.0,raw_videos/S3/C2/S3_C2_E777_V0463.mp4,1,animal,red_deer,foraging,3+,train,5.0,6.0,4.5,6.5,0,E777_0,val,..\data\audio_cache\full\S3_C2_E777_V0463.flac
E778,S3_C2_E778_V0464,30.25,animal_detection,S3/C2/S3_C2_E778_V0464.mp4,S3,C2,60.5,raw_videos/S3/C2/S3_C2_E778_V0464.mp4,1,animal,red_deer,"foraging,grooming,unknown",1,train,29.75,30.75,29.25,31.25,0,E778_0,train,..\data\audio_cache\full\S3_C2_E778_V0464.flac
E778,S3_C2_E778_V0465,4.366666666666666,animal_detection,S3/C2/S3_C2_E778_V0465.mp4,S3,C2,60.5,raw_videos/S3/C2/S3_C2_E778_V0465.mp4,1,animal,red_deer,"foraging,grooming,unknown",1,train,3.866666666666666,4.866666666666666,3.3666666666666663,5.366666666666666,1,E778_1,train,..\data\audio_cache\full\S3_C2_E778_V0465.flac
E779,S3_C2_E779_V0466,15.125,background,S3/C2/S3_C2_E779_V0466.mp4,S3,C2,60.5,raw_videos/S3/C2/S3_C2_E779_V0466.mp4,0,background,none,none,0,train,14.625,15.625,14.125,16.125,0,E779_0,train,..\data\audio_cache\full\S3_C2_E779_V0466.flac
E779,S3_C2_E779_V0466,30.25,background,S3/C2/S3_C2_E779_V0466.mp4,S3,C2,60.5,raw_videos/S3/C2/S3_C2_E779_V0466.mp4,0,background,none,none,0,train,29.75,30.75,29.25,31.25,1,E779_1,train,..\data\audio_cache\full\S3_C2_E779_V0466.flac
E779,S3_C2_E779_V0466,45.375,background,S3/C2/S3_C2_E779_V0466.mp4,S3,C2,60.5,raw_videos/S3/C2/S3_C2_E779_V0466.mp4,0,background,none,none,0,train,44.875,45.875,44.375,46.375,2,E779_2,train,..\data\audio_cache\full\S3_C2_E779_V0466.flac
E780,S3_C2_E780_V0467,30.25,animal_detection,S3/C2/S3_C2_E780_V0467.mp4,S3,C2,60.5,raw_videos/S3/C2/S3_C2_E780_V0467.mp4,1,animal,red_deer,"courtship,foraging,grooming,marking,unknown,vigilance",1,train,29.75,30.75,29.25,31.25,0,E780_0,train,..\data\audio_cache\full\S3_C2_E780_V0467.flac
E780,S3_C2_E780_V0468,30.25,animal_detection,S3/C2/S3_C2_E780_V0468.mp4,S3,C2,60.5,raw_videos/S3/C2/S3_C2_E780_V0468.mp4,1,animal,red_deer,"courtship,foraging,grooming,marking,unknown,vigilance",1,train,29.75,30.75,29.25,31.25,1,E780_1,train,..\data\audio_cache\full\S3_C2_E780_V0468.flac
E780,S3_C2_E780_V0470,30.25,animal_detection,S3/C2/S3_C2_E780_V0470.mp4,S3,C2,60.5,raw_videos/S3/C2/S3_C2_E780_V0470.mp4,1,animal,red_deer,"courtship,foraging,grooming,marking,unknown,vigilance",1,train,29.75,30.75,29.25,31.25,2,E780_2,train,..\data\audio_cache\full\S3_C2_E780_V0470.flac
E781,S3_C2_E781_V0473,1.0333333333333334,animal_detection,S3/C2/S3_C2_E781_V0473.mp4,S3,C2,60.5,raw_videos/S3/C2/S3_C2_E781_V0473.mp4,1,animal,red_deer,foraging,1,train,0.5333333333333334,1.5333333333333334,0.0333333333333334,2.033333333333333,0,E781_0,train,..\data\audio_cache\full\S3_C2_E781_V0473.flac
E782,S3_C2_E782_V0474,2.25,animal_detection,S3/C2/S3_C2_E782_V0474.mp4,S3,C2,4.5,raw_videos/S3/C2/S3_C2_E782_V0474.mp4,1,animal,red_deer,"courtship,foraging,vigilance",1,train,1.75,2.75,1.25,3.25,0,E782_0,train,..\data\audio_cache\full\S3_C2_E782_V0474.flac
E782,S3_C2_E782_V0481,1.5,animal_detection,S3/C2/S3_C2_E782_V0481.mp4,S3,C2,3.0,raw_videos/S3/C2/S3_C2_E782_V0481.mp4,1,animal,red_deer,"courtship,foraging,vigilance",1,train,1.0,2.0,0.5,2.5,1,E782_1,train,..\data\audio_cache\full\S3_C2_E782_V0481.flac
E782,S3_C2_E782_V0482,1.4833333333333334,animal_detection,S3/C2/S3_C2_E782_V0482.mp4,S3,C2,3.0,raw_videos/S3/C2/S3_C2_E782_V0482.mp4,1,animal,red_deer,"courtship,foraging,vigilance",1,train,0.9833333333333334,1.9833333333333332,0.4833333333333334,2.4833333333333334,2,E782_2,train,..\data\audio_cache\full\S3_C2_E782_V0482.flac
E783,S3_C2_E783_V0483,0.7833333333333333,animal_detection,S3/C2/S3_C2_E783_V0483.mp4,S3,C2,2.0,raw_videos/S3/C2/S3_C2_E783_V0483.mp4,1,animal,red_deer,"foraging,grooming,resting",3+,train,0.2833333333333333,1.2833333333333332,0.0,2.0,0,E783_0,val,..\data\audio_cache\full\S3_C2_E783_V0483.flac
E785,S3_C2_E785_V0497,7.283333333333333,animal_detection,S3/C2/S3_C2_E785_V0497.mp4,S3,C2,15.0,raw_videos/S3/C2/S3_C2_E785_V0497.mp4,1,animal,red_deer,foraging,1,train,6.783333333333333,7.783333333333333,6.283333333333333,8.283333333333333,0,E785_0,train,..\data\audio_cache\full\S3_C2_E785_V0497.flac
E785,S3_C2_E785_V0498,0.7833333333333333,animal_detection,S3/C2/S3_C2_E785_V0498.mp4,S3,C2,8.5,raw_videos/S3/C2/S3_C2_E785_V0498.mp4,1,animal,red_deer,foraging,1,train,0.2833333333333333,1.2833333333333332,0.0,2.0,1,E785_1,train,..\data\audio_cache\full\S3_C2_E785_V0498.flac
E786,S3_C2_E786_V0499,4.483333333333333,animal_detection,S3/C2/S3_C2_E786_V0499.mp4,S3,C2,9.0,raw_videos/S3/C2/S3_C2_E786_V0499.mp4,1,animal,red_deer,"courtship,escaping,foraging,grooming,vigilance",2,train,3.983333333333333,4.983333333333333,3.4833333333333334,5.483333333333333,0,E786_0,val,..\data\audio_cache\full\S3_C2_E786_V0499.flac
E786,S3_C2_E786_V0502,1.35,animal_detection,S3/C2/S3_C2_E786_V0502.mp4,S3,C2,3.0,raw_videos/S3/C2/S3_C2_E786_V0502.mp4,1,animal,red_deer,"courtship,escaping,foraging,grooming,vigilance",2,train,0.8500000000000001,1.85,0.3500000000000001,2.35,1,E786_1,val,..\data\audio_cache\full\S3_C2_E786_V0502.flac
E786,S3_C2_E786_V0504,2.716666666666667,animal_detection,S3/C2/S3_C2_E786_V0504.mp4,S3,C2,5.5,raw_videos/S3/C2/S3_C2_E786_V0504.mp4,1,animal,red_deer,"courtship,escaping,foraging,grooming,vigilance",2,train,2.216666666666667,3.216666666666667,1.7166666666666668,3.716666666666667,2,E786_2,val,..\data\audio_cache\full\S3_C2_E786_V0504.flac
E787,S3_C2_E787_V0506,13.833333333333334,animal_detection,S3/C2/S3_C2_E787_V0506.mp4,S3,C2,60.5,raw_videos/S3/C2/S3_C2_E787_V0506.mp4,1,animal,red_deer,"courtship,foraging,vigilance",1,train,13.333333333333334,14.333333333333334,12.833333333333334,14.833333333333334,0,E787_0,train,..\data\audio_cache\full\S3_C2_E787_V0506.flac
E799,S3_C2_E799_V0535,30.25,animal_detection,S3/C2/S3_C2_E799_V0535.mp4,S3,C2,60.5,raw_videos/S3/C2/S3_C2_E799_V0535.mp4,1,animal,red_deer,"courtship,foraging,resting,vigilance",1,train,29.75,30.75,29.25,31.25,0,E799_0,train,..\data\audio_cache\full\S3_C2_E799_V0535.flac
E8,S1_C1_E8_V0024,2.6666666666666665,animal_detection,S1/C1/S1_C1_E8_V0024.mp4,S1,C1,20.5,raw_videos/S1/C1/S1_C1_E8_V0024.mp4,1,animal,red_deer,"camera_reaction,foraging,unknown,vigilance",2,train,2.1666666666666665,3.1666666666666665,1.6666666666666663,3.6666666666666665,0,E8_0,train,..\data\audio_cache\full\S1_C1_E8_V0024.flac
E8,S1_C1_E8_V0028,10.25,animal_detection,S1/C1/S1_C1_E8_V0028.mp4,S1,C1,20.5,raw_videos/S1/C1/S1_C1_E8_V0028.mp4,1,animal,red_deer,"camera_reaction,foraging,unknown,vigilance",2,train,9.75,10.75,9.25,11.25,1,E8_1,train,..\data\audio_cache\full\S1_C1_E8_V0028.flac
E8,S1_C2_E8_V0025,10.25,animal_detection,S1/C2/S1_C2_E8_V0025.mp4,S1,C2,20.5,raw_videos/S1/C2/S1_C2_E8_V0025.mp4,1,animal,red_deer,"camera_reaction,foraging,unknown,vigilance",2,train,9.75,10.75,9.25,11.25,2,E8_2,train,..\data\audio_cache\full\S1_C2_E8_V0025.flac
E800,S3_C2_E800_V0536,30.25,animal_detection,S3/C2/S3_C2_E800_V0536.mp4,S3,C2,60.5,raw_videos/S3/C2/S3_C2_E800_V0536.mp4,1,animal,red_deer,"courtship,foraging,marking,vigilance",1,train,29.75,30.75,29.25,31.25,0,E800_0,val,..\data\audio_cache\full\S3_C2_E800_V0536.flac
E801,S3_C2_E801_V0537,15.125,background,S3/C2/S3_C2_E801_V0537.mp4,S3,C2,60.5,raw_videos/S3/C2/S3_C2_E801_V0537.mp4,0,background,none,none,0,train,14.625,15.625,14.125,16.125,0,E801_0,train,..\data\audio_cache\full\S3_C2_E801_V0537.flac
E801,S3_C2_E801_V0537,30.25,background,S3/C2/S3_C2_E801_V0537.mp4,S3,C2,60.5,raw_videos/S3/C2/S3_C2_E801_V0537.mp4,0,background,none,none,0,train,29.75,30.75,29.25,31.25,1,E801_1,train,..\data\audio_cache\full\S3_C2_E801_V0537.flac
E801,S3_C2_E801_V0537,45.375,background,S3/C2/S3_C2_E801_V0537.mp4,S3,C2,60.5,raw_videos/S3/C2/S3_C2_E801_V0537.mp4,0,background,none,none,0,train,44.875,45.875,44.375,46.375,2,E801_2,train,..\data\audio_cache\full\S3_C2_E801_V0537.flac
E802,S3_C2_E802_V0538,30.25,animal_detection,S3/C2/S3_C2_E802_V0538.mp4,S3,C2,60.5,raw_videos/S3/C2/S3_C2_E802_V0538.mp4,1,animal,red_deer,"courtship,foraging,marking,resting,unknown",1,train,29.75,30.75,29.25,31.25,0,E802_0,train,..\data\audio_cache\full\S3_C2_E802_V0538.flac
E803,S3_C2_E803_V0541,2.9833333333333334,animal_detection,S3/C2/S3_C2_E803_V0541.mp4,S3,C2,6.0,raw_videos/S3/C2/S3_C2_E803_V0541.mp4,1,animal,red_deer,"foraging,grooming,marking,unknown,vigilance",2,train,2.4833333333333334,3.4833333333333334,1.9833333333333332,3.983333333333333,0,E803_0,train,..\data\audio_cache\full\S3_C2_E803_V0541.flac
E803,S3_C2_E803_V0543,1.4833333333333334,animal_detection,S3/C2/S3_C2_E803_V0543.mp4,S3,C2,3.0,raw_videos/S3/C2/S3_C2_E803_V0543.mp4,1,animal,red_deer,"foraging,grooming,marking,unknown,vigilance",2,train,0.9833333333333334,1.9833333333333332,0.4833333333333334,2.4833333333333334,1,E803_1,train,..\data\audio_cache\full\S3_C2_E803_V0543.flac
E803,S3_C2_E803_V0545,1.1,animal_detection,S3/C2/S3_C2_E803_V0545.mp4,S3,C2,2.5,raw_videos/S3/C2/S3_C2_E803_V0545.mp4,1,animal,red_deer,"foraging,grooming,marking,unknown,vigilance",2,train,0.6000000000000001,1.6,0.1,2.1,2,E803_2,train,..\data\audio_cache\full\S3_C2_E803_V0545.flac
E804,S3_C2_E804_V0550,2.4833333333333334,animal_detection,S3/C2/S3_C2_E804_V0550.mp4,S3,C2,5.0,raw_videos/S3/C2/S3_C2_E804_V0550.mp4,1,animal,red_deer,"foraging,unknown,vigilance",1,train,1.9833333333333332,2.9833333333333334,1.4833333333333334,3.4833333333333334,0,E804_0,train,..\data\audio_cache\full\S3_C2_E804_V0550.flac
E804,S3_C2_E804_V0551,1.8833333333333333,animal_detection,S3/C2/S3_C2_E804_V0551.mp4,S3,C2,4.0,raw_videos/S3/C2/S3_C2_E804_V0551.mp4,1,animal,red_deer,"foraging,unknown,vigilance",1,train,1.3833333333333333,2.3833333333333333,0.8833333333333333,2.8833333333333333,1,E804_1,train,..\data\audio_cache\full\S3_C2_E804_V0551.flac
E806,S3_C2_E806_V0553,7.283333333333333,animal_detection,S3/C2/S3_C2_E806_V0553.mp4,S3,C2,15.0,raw_videos/S3/C2/S3_C2_E806_V0553.mp4,1,animal,red_deer,"courtship,foraging,vigilance",1,train,6.783333333333333,7.783333333333333,6.283333333333333,8.283333333333333,0,E806_0,train,..\data\audio_cache\full\S3_C2_E806_V0553.flac
E806,S3_C2_E806_V0554,2.583333333333333,animal_detection,S3/C2/S3_C2_E806_V0554.mp4,S3,C2,5.5,raw_videos/S3/C2/S3_C2_E806_V0554.mp4,1,animal,red_deer,"courtship,foraging,vigilance",1,train,2.083333333333333,3.083333333333333,1.5833333333333337,3.583333333333333,1,E806_1,train,..\data\audio_cache\full\S3_C2_E806_V0554.flac
E807,S3_C2_E807_V0556,2.466666666666667,animal_detection,S3/C2/S3_C2_E807_V0556.mp4,S3,C2,5.0,raw_videos/S3/C2/S3_C2_E807_V0556.mp4,1,animal,red_deer,foraging,1,train,1.9666666666666668,2.966666666666667,1.4666666666666668,3.466666666666667,0,E807_0,train,..\data\audio_cache\full\S3_C2_E807_V0556.flac
E809,S3_C2_E809_V0558,15.125,background,S3/C2/S3_C2_E809_V0558.mp4,S3,C2,60.5,raw_videos/S3/C2/S3_C2_E809_V0558.mp4,0,background,none,none,0,train,14.625,15.625,14.125,16.125,0,E809_0,train,..\data\audio_cache\full\S3_C2_E809_V0558.flac
E809,S3_C2_E809_V0558,30.25,background,S3/C2/S3_C2_E809_V0558.mp4,S3,C2,60.5,raw_videos/S3/C2/S3_C2_E809_V0558.mp4,0,background,none,none,0,train,29.75,30.75,29.25,31.25,1,E809_1,train,..\data\audio_cache\full\S3_C2_E809_V0558.flac
E809,S3_C2_E809_V0558,45.375,background,S3/C2/S3_C2_E809_V0558.mp4,S3,C2,60.5,raw_videos/S3/C2/S3_C2_E809_V0558.mp4,0,background,none,none,0,train,44.875,45.875,44.375,46.375,2,E809_2,train,..\data\audio_cache\full\S3_C2_E809_V0558.flac
E85,S1_C1_E85_V0195,8.9,animal_detection,S1/C1/S1_C1_E85_V0195.mp4,S1,C1,20.5,raw_videos/S1/C1/S1_C1_E85_V0195.mp4,1,animal,red_deer,"foraging,vigilance",1,train,8.4,9.4,7.9,9.9,0,E85_0,train,..\data\audio_cache\full\S1_C1_E85_V0195.flac
E86,S1_C1_E86_V0202,6.083333333333333,animal_detection,S1/C1/S1_C1_E86_V0202.mp4,S1,C1,12.5,raw_videos/S1/C1/S1_C1_E86_V0202.mp4,1,animal,red_deer,"escaping,foraging,grooming,resting,unknown,vigilance",2,train,5.583333333333333,6.583333333333333,5.083333333333333,7.083333333333333,0,E86_0,val,..\data\audio_cache\full\S1_C1_E86_V0202.flac
E86,S1_C1_E86_V0205,2.466666666666667,animal_detection,S1/C1/S1_C1_E86_V0205.mp4,S1,C1,20.5,raw_videos/S1/C1/S1_C1_E86_V0205.mp4,1,animal,red_deer,"escaping,foraging,grooming,resting,unknown,vigilance",2,train,1.9666666666666668,2.966666666666667,1.4666666666666668,3.466666666666667,1,E86_1,val,..\data\audio_cache\full\S1_C1_E86_V0205.flac
E86,S1_C1_E86_V0205,6.550000000000001,animal_detection,S1/C1/S1_C1_E86_V0205.mp4,S1,C1,20.5,raw_videos/S1/C1/S1_C1_E86_V0205.mp4,1,animal,red_deer,"escaping,foraging,grooming,resting,unknown,vigilance",2,train,6.050000000000001,7.050000000000001,5.550000000000001,7.550000000000001,2,E86_2,val,..\data\audio_cache\full\S1_C1_E86_V0205.flac
E9,S1_C1_E9_V0030,4.066666666666666,animal_detection,S1/C1/S1_C1_E9_V0030.mp4,S1,C1,20.5,raw_videos/S1/C1/S1_C1_E9_V0030.mp4,1,animal,red_deer,"foraging,vigilance",1,train,3.5666666666666664,4.566666666666666,3.0666666666666664,5.066666666666666,0,E9_0,train,..\data\audio_cache\full\S1_C1_E9_V0030.flac
E91,S1_C1_E91_V0207,10.966666666666669,animal_detection,S1/C1/S1_C1_E91_V0207.mp4,S1,C1,120.5,raw_videos/S1/C1/S1_C1_E91_V0207.mp4,1,animal,red_deer,"unknown,vigilance",1,train,10.466666666666669,11.466666666666669,9.966666666666669,11.966666666666669,0,E91_0,train,..\data\audio_cache\full\S1_C1_E91_V0207.flac
E94,S1_C1_E94_V0215,6.283333333333333,animal_detection,S1/C1/S1_C1_E94_V0215.mp4,S1,C1,13.0,raw_videos/S1/C1/S1_C1_E94_V0215.mp4,1,animal,red_deer,"foraging,unknown",1,train,5.783333333333333,6.783333333333333,5.283333333333333,7.283333333333333,0,E94_0,train,..\data\audio_cache\full\S1_C1_E94_V0215.flac
E94,S1_C2_E94_V0102,10.25,animal_detection,S1/C2/S1_C2_E94_V0102.mp4,S1,C2,20.5,raw_videos/S1/C2/S1_C2_E94_V0102.mp4,1,animal,red_deer,"foraging,unknown",1,train,9.75,10.75,9.25,11.25,1,E94_1,train,..\data\audio_cache\full\S1_C2_E94_V0102.flac
E94,S1_C2_E94_V0104,2.083333333333333,animal_detection,S1/C2/S1_C2_E94_V0104.mp4,S1,C2,20.5,raw_videos/S1/C2/S1_C2_E94_V0104.mp4,1,animal,red_deer,"foraging,unknown",1,train,1.5833333333333337,2.583333333333333,1.0833333333333337,3.083333333333333,2,E94_2,train,..\data\audio_cache\full\S1_C2_E94_V0104.flac
E98,S1_C1_E98_V0228,4.383333333333334,animal_detection,S1/C1/S1_C1_E98_V0228.mp4,S1,C1,9.0,raw_videos/S1/C1/S1_C1_E98_V0228.mp4,1,animal,red_deer,"foraging,unknown",1,train,3.8833333333333337,4.883333333333334,3.3833333333333337,5.383333333333334,0,E98_0,train,..\data\audio_cache\full\S1_C1_E98_V0228.flac
E98,S1_C1_E98_V0231,0.8833333333333333,animal_detection,S1/C1/S1_C1_E98_V0231.mp4,S1,C1,2.0,raw_videos/S1/C1/S1_C1_E98_V0231.mp4,1,animal,red_deer,"foraging,unknown",1,train,0.3833333333333333,1.3833333333333333,0.0,2.0,1,E98_1,train,..\data\audio_cache\full\S1_C1_E98_V0231.flac
E98,S1_C1_E98_V0240,1.6,animal_detection,S1/C1/S1_C1_E98_V0240.mp4,S1,C1,20.5,raw_videos/S1/C1/S1_C1_E98_V0240.mp4,1,animal,red_deer,"foraging,unknown",1,train,1.1,2.1,0.6000000000000001,2.6,2,E98_2,train,..\data\audio_cache\full\S1_C1_E98_V0240.flac
E99,S1_C1_E99_V0241,10.25,animal_detection,S1/C1/S1_C1_E99_V0241.mp4,S1,C1,20.5,raw_videos/S1/C1/S1_C1_E99_V0241.mp4,1,animal,red_deer,"foraging,grooming,unknown,vigilance",2,train,9.75,10.75,9.25,11.25,0,E99_0,val,..\data\audio_cache\full\S1_C1_E99_V0241.flac
E99,S1_C1_E99_V0249,1.0166666666666666,animal_detection,S1/C1/S1_C1_E99_V0249.mp4,S1,C1,2.5,raw_videos/S1/C1/S1_C1_E99_V0249.mp4,1,animal,red_deer,"foraging,grooming,unknown,vigilance",2,train,0.5166666666666666,1.5166666666666666,0.0166666666666666,2.0166666666666666,1,E99_1,val,..\data\audio_cache\full\S1_C1_E99_V0249.flac
E99,S1_C1_E99_V0250,1.6333333333333333,animal_detection,S1/C1/S1_C1_E99_V0250.mp4,S1,C1,6.5,raw_videos/S1/C1/S1_C1_E99_V0250.mp4,1,animal,red_deer,"foraging,grooming,unknown,vigilance",2,train,1.1333333333333333,2.1333333333333333,0.6333333333333333,2.6333333333333333,2,E99_2,val,..\data\audio_cache\full\S1_C1_E99_V0250.flac
