file_id,event_id,site_id,cam_id,duration_s,fps,automatically_discarded,num_frames,frames_with_detection,total_detections,has_detection
S1_C1_E103_V0253,E103,S1,C1,20.5,30.0,False,615,614,614,True
S1_C1_E103_V0254,E103,S1,C1,20.5,30.0,False,615,615,615,True
S1_C1_E103_V0255,E103,S1,C1,11.5,30.0,False,345,335,335,True
S1_C1_E103_V0256,E103,S1,C1,4.0,30.0,False,120,119,119,True
S1_C1_E103_V0257,E103,S1,C1,8.0,30.0,False,240,228,228,True
S1_C1_E103_V0258,E103,S1,C1,6.0,30.0,False,180,173,173,True
S1_C1_E103_V0259,E103,S1,C1,5.0,30.0,False,150,143,143,True
S1_C1_E103_V0260,E103,S1,C1,4.0,30.0,False,120,113,113,True
S1_C1_E103_V0261,E103,S1,C1,4.0,30.0,False,120,113,113,True
S1_C1_E104_V0262,E104,S1,C1,20.5,30.0,False,615,615,615,True
S1_C1_E104_V0263,E104,S1,C1,11.5,30.0,False,345,335,335,True
S1_C1_E104_V0264,E104,S1,C1,6.0,30.0,False,180,179,179,True
S1_C1_E104_V0265,E104,S1,C1,1.5,30.0,False,45,45,45,True
S1_C1_E104_V0266,E104,S1,C1,3.0,30.0,False,90,87,87,True
S1_C1_E104_V0267,E104,S1,C1,2.0,30.0,False,60,59,59,True
S1_C1_E104_V0268,E104,S1,C1,3.0,30.0,False,90,87,87,True
S1_C1_E104_V0269,E104,S1,C1,2.5,30.0,False,75,65,65,True
S1_C1_E104_V0270,E104,S1,C1,2.5,30.0,False,75,64,64,True
S1_C1_E104_V0271,E104,S1,C1,2.0,30.0,False,60,46,46,True
S1_C1_E104_V0272,E104,S1,C1,1.5,30.0,True,45,0,0,False
S1_C1_E104_V0273,E104,S1,C1,1.5,30.0,False,45,45,45,True
S1_C1_E104_V0274,E104,S1,C1,2.5,30.0,False,75,66,66,True
S1_C1_E104_V0275,E104,S1,C1,1.5,30.0,True,45,0,0,False
S1_C1_E104_V0276,E104,S1,C1,7.0,30.0,False,210,209,209,True
S1_C1_E104_V0277,E104,S1,C1,6.0,30.0,False,180,179,179,True
S1_C1_E104_V0278,E104,S1,C1,3.0,30.0,False,90,90,90,True
S1_C1_E104_V0279,E104,S1,C1,4.0,30.0,False,120,119,119,True
S1_C1_E104_V0280,E104,S1,C1,1.5,30.0,False,45,45,45,True
S1_C1_E104_V0281,E104,S1,C1,4.0,30.0,False,120,113,113,True
S1_C1_E104_V0282,E104,S1,C1,4.0,30.0,False,120,116,116,True
S1_C1_E104_V0283,E104,S1,C1,3.0,30.0,False,90,86,86,True
S1_C1_E104_V0284,E104,S1,C1,6.0,30.0,False,180,179,179,True
S1_C1_E105_V0285,E105,S1,C1,10.5,30.0,False,315,311,311,True
S1_C1_E105_V0286,E105,S1,C1,9.0,30.0,False,270,270,270,True
S1_C1_E105_V0287,E105,S1,C1,8.5,30.0,False,255,245,245,True
S1_C1_E105_V0288,E105,S1,C1,5.5,30.0,False,165,165,165,True
S1_C1_E105_V0289,E105,S1,C1,8.0,30.0,False,240,239,239,True
S1_C1_E105_V0290,E105,S1,C1,9.0,30.0,False,270,258,258,True
S1_C1_E105_V0291,E105,S1,C1,6.5,30.0,False,195,191,191,True
S1_C1_E105_V0292,E105,S1,C1,1.5,30.0,True,45,0,0,False
S1_C1_E105_V0293,E105,S1,C1,3.0,30.0,False,90,90,90,True
S1_C1_E105_V0294,E105,S1,C1,3.5,30.0,False,105,94,94,True
S1_C1_E105_V0295,E105,S1,C1,6.0,30.0,False,180,167,167,True
S1_C1_E105_V0296,E105,S1,C1,5.5,30.0,False,165,165,165,True
S1_C1_E105_V0297,E105,S1,C1,2.5,30.0,False,75,64,64,True
S1_C1_E105_V0298,E105,S1,C1,4.0,30.0,False,120,119,119,True
S1_C1_E105_V0299,E105,S1,C1,4.0,30.0,False,120,119,119,True
S1_C1_E105_V0300,E105,S1,C1,3.0,30.0,False,90,83,83,True
S1_C1_E105_V0301,E105,S1,C1,1.5,30.0,False,45,45,45,True
S1_C1_E105_V0302,E105,S1,C1,1.5,30.0,False,45,45,45,True
S1_C1_E105_V0303,E105,S1,C1,3.0,30.0,False,90,84,84,True
S1_C1_E105_V0304,E105,S1,C1,2.5,30.0,False,75,75,75,True
S1_C1_E105_V0305,E105,S1,C1,3.0,30.0,False,90,85,85,True
S1_C1_E105_V0306,E105,S1,C1,3.0,30.0,False,90,89,89,True
S1_C1_E105_V0307,E105,S1,C1,2.5,30.0,False,75,75,75,True
S1_C1_E105_V0308,E105,S1,C1,2.5,30.0,False,75,69,69,True
S1_C1_E105_V0309,E105,S1,C1,1.5,30.0,False,45,39,39,True
S1_C1_E105_V0310,E105,S1,C1,4.0,30.0,True,120,0,0,False
S1_C1_E106_V0311,E106,S1,C1,6.0,30.0,False,180,109,109,True
S1_C1_E106_V0312,E106,S1,C1,1.5,30.0,True,45,0,0,False
S1_C1_E106_V0313,E106,S1,C1,1.5,30.0,True,45,0,0,False
S1_C1_E106_V0314,E106,S1,C1,1.5,30.0,True,45,0,0,False
S1_C1_E106_V0315,E106,S1,C1,2.0,30.0,False,60,50,50,True
S1_C1_E106_V0316,E106,S1,C1,2.0,30.0,False,60,54,54,True
S1_C1_E106_V0317,E106,S1,C1,1.0,30.0,True,30,0,0,False
S1_C1_E106_V0318,E106,S1,C1,1.0,30.0,True,30,0,0,False
S1_C1_E106_V0319,E106,S1,C1,1.0,30.0,True,30,0,0,False
S1_C1_E106_V0320,E106,S1,C1,1.0,30.0,True,30,0,0,False
S1_C1_E106_V0321,E106,S1,C1,1.0,30.0,True,30,0,0,False
S1_C1_E106_V0322,E106,S1,C1,3.0,30.0,False,90,90,90,True
S1_C1_E106_V0323,E106,S1,C1,1.5,30.0,False,45,45,45,True
S1_C1_E106_V0324,E106,S1,C1,3.0,30.0,False,90,90,90,True
S1_C1_E106_V0325,E106,S1,C1,3.0,30.0,False,90,90,90,True
S1_C1_E106_V0326,E106,S1,C1,2.5,30.0,False,75,65,65,True
S1_C1_E107_V0327,E107,S1,C1,6.0,30.0,False,180,179,179,True
S1_C1_E107_V0328,E107,S1,C1,5.0,30.0,False,150,149,149,True
S1_C1_E107_V0329,E107,S1,C1,4.5,30.0,False,135,131,131,True
S1_C1_E107_V0330,E107,S1,C1,2.5,30.0,False,75,71,71,True
S1_C1_E107_V0331,E107,S1,C1,1.5,30.0,False,45,40,40,True
S1_C1_E107_V0332,E107,S1,C1,3.0,30.0,False,90,83,83,True
S1_C1_E107_V0333,E107,S1,C1,2.5,30.0,False,75,72,72,True
S1_C1_E107_V0334,E107,S1,C1,2.5,30.0,False,75,69,69,True
S1_C1_E107_V0335,E107,S1,C1,2.0,30.0,False,60,60,60,True
S1_C1_E107_V0336,E107,S1,C1,3.0,30.0,False,90,90,90,True
S1_C1_E107_V0337,E107,S1,C1,2.0,30.0,False,60,60,60,True
S1_C1_E107_V0338,E107,S1,C1,2.5,30.0,False,75,75,75,True
S1_C1_E109_V0339,E109,S1,C1,4.5,30.0,False,135,131,131,True
S1_C1_E109_V0340,E109,S1,C1,1.0,30.0,True,30,0,0,False
S1_C1_E10_V0031,E10,S1,C1,120.5,30.0,False,3615,1144,2087,True
S1_C1_E115_V0342,E115,S1,C1,20.5,30.0,False,615,615,615,True
S1_C1_E115_V0343,E115,S1,C1,13.5,30.0,False,405,405,405,True
S1_C1_E115_V0344,E115,S1,C1,3.0,30.0,False,90,83,83,True
S1_C1_E115_V0345,E115,S1,C1,11.0,30.0,False,330,329,329,True
S1_C1_E115_V0346,E115,S1,C1,2.5,30.0,False,75,65,65,True
S1_C1_E115_V0347,E115,S1,C1,3.0,30.0,False,90,86,86,True
S1_C1_E115_V0348,E115,S1,C1,2.0,30.0,False,60,49,49,True
S1_C1_E115_V0349,E115,S1,C1,2.0,30.0,False,60,48,48,True
S1_C1_E115_V0350,E115,S1,C1,2.5,30.0,False,75,66,66,True
S1_C1_E115_V0351,E115,S1,C1,4.5,30.0,False,135,131,131,True
S1_C1_E115_V0352,E115,S1,C1,1.5,30.0,False,45,41,41,True
S1_C1_E115_V0353,E115,S1,C1,5.0,30.0,False,150,143,143,True
S1_C1_E115_V0354,E115,S1,C1,2.0,30.0,False,60,57,57,True
S1_C1_E115_V0355,E115,S1,C1,3.0,30.0,False,90,77,77,True
S1_C1_E115_V0356,E115,S1,C1,2.5,30.0,True,75,0,0,False
S1_C1_E116_V0357,E116,S1,C1,19.5,30.0,False,585,280,280,True
S1_C1_E116_V0358,E116,S1,C1,15.0,30.0,False,450,55,55,True
S1_C1_E117_V0359,E117,S1,C1,10.0,30.0,False,300,299,299,True
S1_C1_E117_V0360,E117,S1,C1,7.0,30.0,False,210,209,209,True
S1_C1_E117_V0361,E117,S1,C1,1.5,30.0,False,45,43,43,True
S1_C1_E117_V0362,E117,S1,C1,5.5,30.0,False,165,155,155,True
S1_C1_E117_V0363,E117,S1,C1,1.5,30.0,False,45,41,41,True
S1_C1_E117_V0364,E117,S1,C1,4.5,30.0,False,135,125,125,True
S1_C1_E117_V0365,E117,S1,C1,4.5,30.0,False,135,131,131,True
S1_C1_E117_V0366,E117,S1,C1,2.0,30.0,False,60,56,56,True
S1_C1_E117_V0367,E117,S1,C1,2.5,30.0,False,75,69,69,True
S1_C1_E117_V0368,E117,S1,C1,2.5,30.0,False,75,70,70,True
S1_C1_E117_V0369,E117,S1,C1,3.0,30.0,False,90,80,80,True
S1_C1_E117_V0370,E117,S1,C1,2.5,30.0,False,75,66,66,True
S1_C1_E117_V0371,E117,S1,C1,5.0,30.0,False,150,148,148,True
S1_C1_E117_V0372,E117,S1,C1,3.0,30.0,False,90,90,90,True
S1_C1_E117_V0373,E117,S1,C1,1.5,30.0,False,45,43,43,True
S1_C1_E117_V0374,E117,S1,C1,2.0,30.0,False,60,60,60,True
S1_C1_E118_V0375,E118,S1,C1,5.0,30.0,False,150,137,137,True
S1_C1_E118_V0376,E118,S1,C1,2.0,30.0,False,60,55,55,True
S1_C1_E118_V0377,E118,S1,C1,1.0,30.0,True,30,0,0,False
S1_C1_E118_V0378,E118,S1,C1,1.0,30.0,True,30,0,0,False
S1_C1_E118_V0379,E118,S1,C1,1.0,30.0,True,30,0,0,False
S1_C1_E118_V0380,E118,S1,C1,1.5,30.0,False,45,44,44,True
S1_C1_E118_V0381,E118,S1,C1,1.0,30.0,True,30,0,0,False
S1_C1_E118_V0382,E118,S1,C1,1.0,30.0,True,30,0,0,False
S1_C1_E118_V0383,E118,S1,C1,1.0,30.0,True,30,0,0,False
S1_C1_E118_V0384,E118,S1,C1,1.0,30.0,True,30,0,0,False
S1_C1_E118_V0385,E118,S1,C1,1.5,30.0,False,45,40,40,True
S1_C1_E118_V0386,E118,S1,C1,1.0,30.0,True,30,0,0,False
S1_C1_E118_V0387,E118,S1,C1,1.0,30.0,True,30,0,0,False
S1_C1_E118_V0388,E118,S1,C1,2.0,30.0,False,60,54,54,True
S1_C1_E118_V0389,E118,S1,C1,1.5,30.0,False,45,45,45,True
S1_C1_E118_V0390,E118,S1,C1,1.0,30.0,True,30,0,0,False
S1_C1_E118_V0391,E118,S1,C1,1.0,30.0,True,30,0,0,False
S1_C1_E118_V0392,E118,S1,C1,1.0,30.0,True,30,0,0,False
S1_C1_E118_V0393,E118,S1,C1,1.0,30.0,True,30,0,0,False
S1_C1_E118_V0394,E118,S1,C1,1.0,30.0,True,30,0,0,False
S1_C1_E118_V0395,E118,S1,C1,1.0,30.0,True,30,0,0,False
S1_C1_E118_V0396,E118,S1,C1,1.0,30.0,True,30,0,0,False
S1_C1_E118_V0397,E118,S1,C1,1.0,30.0,True,30,0,0,False
S1_C1_E118_V0398,E118,S1,C1,1.0,30.0,True,30,0,0,False
S1_C1_E118_V0399,E118,S1,C1,1.0,30.0,True,30,0,0,False
S1_C1_E118_V0400,E118,S1,C1,2.0,30.0,True,60,0,0,False
S1_C1_E121_V0401,E121,S1,C1,20.5,30.0,False,615,615,615,True
S1_C1_E121_V0402,E121,S1,C1,20.5,30.0,False,615,615,615,True
S1_C1_E121_V0403,E121,S1,C1,9.0,30.0,False,270,269,269,True
S1_C1_E121_V0404,E121,S1,C1,2.5,30.0,False,75,67,67,True
S1_C1_E121_V0405,E121,S1,C1,3.0,30.0,False,90,76,76,True
S1_C1_E121_V0406,E121,S1,C1,7.5,30.0,False,225,220,220,True
S1_C1_E121_V0407,E121,S1,C1,9.0,30.0,False,270,257,257,True
S1_C1_E121_V0408,E121,S1,C1,5.5,30.0,False,165,161,161,True
S1_C1_E121_V0409,E121,S1,C1,4.5,30.0,False,135,131,131,True
S1_C1_E121_V0410,E121,S1,C1,3.5,30.0,False,105,105,105,True
S1_C1_E121_V0411,E121,S1,C1,8.0,30.0,False,240,239,239,True
S1_C1_E121_V0412,E121,S1,C1,2.0,30.0,False,60,51,51,True
S1_C1_E121_V0413,E121,S1,C1,2.5,30.0,False,75,68,68,True
S1_C1_E121_V0414,E121,S1,C1,2.0,30.0,False,60,50,50,True
S1_C1_E121_V0415,E121,S1,C1,2.0,30.0,False,60,60,60,True
S1_C1_E121_V0416,E121,S1,C1,2.5,30.0,False,75,75,75,True
S1_C1_E121_V0417,E121,S1,C1,1.5,30.0,False,45,40,40,True
S1_C1_E121_V0418,E121,S1,C1,4.0,30.0,False,120,113,113,True
S1_C1_E121_V0419,E121,S1,C1,1.5,30.0,False,45,42,42,True
S1_C1_E121_V0420,E121,S1,C1,1.5,30.0,True,45,0,0,False
S1_C1_E121_V0421,E121,S1,C1,2.0,30.0,False,60,50,50,True
S1_C1_E121_V0422,E121,S1,C1,1.5,30.0,False,45,37,37,True
S1_C1_E121_V0423,E121,S1,C1,1.5,30.0,True,45,0,0,False
S1_C1_E121_V0424,E121,S1,C1,1.0,30.0,True,30,0,0,False
S1_C1_E121_V0425,E121,S1,C1,1.5,30.0,False,45,38,38,True
S1_C1_E121_V0426,E121,S1,C1,1.5,30.0,False,45,41,41,True
S1_C1_E121_V0427,E121,S1,C1,1.5,30.0,False,45,44,44,True
S1_C1_E121_V0428,E121,S1,C1,2.0,30.0,False,60,49,49,True
S1_C1_E121_V0429,E121,S1,C1,1.0,30.0,True,30,0,0,False
S1_C1_E121_V0430,E121,S1,C1,2.0,30.0,False,60,49,49,True
S1_C1_E121_V0431,E121,S1,C1,1.0,30.0,True,30,0,0,False
S1_C1_E121_V0432,E121,S1,C1,2.0,30.0,False,60,53,53,True
S1_C1_E121_V0433,E121,S1,C1,1.5,30.0,False,45,40,40,True
S1_C1_E121_V0434,E121,S1,C1,1.5,30.0,True,45,0,0,False
S1_C1_E121_V0435,E121,S1,C1,2.0,30.0,False,60,49,49,True
S1_C1_E121_V0436,E121,S1,C1,1.0,30.0,True,30,0,0,False
S1_C1_E121_V0437,E121,S1,C1,1.0,30.0,True,30,0,0,False
S1_C1_E121_V0438,E121,S1,C1,2.0,30.0,False,60,46,46,True
S1_C1_E121_V0439,E121,S1,C1,1.5,30.0,True,45,0,0,False
S1_C1_E121_V0440,E121,S1,C1,1.5,30.0,False,45,40,40,True
S1_C1_E121_V0441,E121,S1,C1,2.0,30.0,False,60,47,47,True
S1_C1_E121_V0442,E121,S1,C1,1.0,30.0,True,30,0,0,False
S1_C1_E121_V0443,E121,S1,C1,1.5,30.0,True,45,0,0,False
S1_C1_E121_V0444,E121,S1,C1,1.0,30.0,True,30,0,0,False
S1_C1_E121_V0445,E121,S1,C1,1.5,30.0,True,45,0,0,False
S1_C1_E121_V0446,E121,S1,C1,1.0,30.0,True,30,0,0,False
S1_C1_E121_V0447,E121,S1,C1,1.0,30.0,True,30,0,0,False
S1_C1_E121_V0448,E121,S1,C1,3.5,30.0,False,105,92,92,True
S1_C1_E121_V0449,E121,S1,C1,2.0,30.0,True,60,0,0,False
S1_C1_E122_V0450,E122,S1,C1,7.0,30.0,False,210,158,158,True
S1_C1_E122_V0451,E122,S1,C1,3.5,30.0,False,105,90,90,True
S1_C1_E122_V0452,E122,S1,C1,5.0,30.0,False,150,143,143,True
S1_C1_E122_V0453,E122,S1,C1,5.0,30.0,False,150,137,137,True
S1_C1_E122_V0454,E122,S1,C1,1.5,30.0,True,45,0,0,False
S1_C1_E122_V0455,E122,S1,C1,1.5,30.0,False,45,41,41,True
S1_C1_E122_V0456,E122,S1,C1,1.5,30.0,False,45,45,45,True
S1_C1_E122_V0457,E122,S1,C1,2.0,30.0,False,60,57,57,True
S1_C1_E122_V0458,E122,S1,C1,1.5,30.0,True,45,0,0,False
S1_C1_E122_V0459,E122,S1,C1,2.5,30.0,False,75,67,67,True
S1_C1_E122_V0460,E122,S1,C1,2.0,30.0,False,60,56,56,True
S1_C1_E122_V0461,E122,S1,C1,1.5,30.0,True,45,0,0,False
S1_C1_E122_V0462,E122,S1,C1,1.0,30.0,True,30,0,0,False
S1_C1_E122_V0463,E122,S1,C1,2.5,30.0,False,75,62,62,True
S1_C1_E122_V0464,E122,S1,C1,2.0,30.0,False,60,56,56,True
S1_C1_E122_V0465,E122,S1,C1,2.0,30.0,False,60,48,48,True
S1_C1_E122_V0466,E122,S1,C1,1.5,30.0,True,45,0,0,False
S1_C1_E122_V0467,E122,S1,C1,1.5,30.0,True,45,0,0,False
S1_C1_E122_V0468,E122,S1,C1,1.0,30.0,True,30,0,0,False
S1_C1_E122_V0469,E122,S1,C1,1.0,30.0,True,30,0,0,False
S1_C1_E122_V0470,E122,S1,C1,1.0,30.0,True,30,0,0,False
S1_C1_E122_V0471,E122,S1,C1,2.0,30.0,False,60,54,54,True
S1_C1_E122_V0472,E122,S1,C1,1.0,30.0,True,30,0,0,False
S1_C1_E122_V0473,E122,S1,C1,1.0,30.0,True,30,0,0,False
S1_C1_E122_V0474,E122,S1,C1,1.0,30.0,True,30,0,0,False
S1_C1_E122_V0475,E122,S1,C1,1.0,30.0,True,30,0,0,False
S1_C1_E122_V0476,E122,S1,C1,1.0,30.0,True,30,0,0,False
S1_C1_E122_V0477,E122,S1,C1,2.0,30.0,False,60,57,57,True
S1_C1_E122_V0478,E122,S1,C1,1.5,30.0,False,45,45,45,True
S1_C1_E122_V0479,E122,S1,C1,1.5,30.0,True,45,0,0,False
S1_C1_E122_V0480,E122,S1,C1,1.5,30.0,True,45,0,0,False
S1_C1_E122_V0481,E122,S1,C1,1.0,30.0,True,30,0,0,False
S1_C1_E122_V0482,E122,S1,C1,1.5,30.0,True,45,0,0,False
S1_C1_E122_V0483,E122,S1,C1,1.0,30.0,True,30,0,0,False
S1_C1_E122_V0484,E122,S1,C1,2.0,30.0,False,60,53,53,True
S1_C1_E122_V0485,E122,S1,C1,2.0,30.0,False,60,48,48,True
S1_C1_E122_V0486,E122,S1,C1,2.0,30.0,False,60,48,48,True
S1_C1_E122_V0487,E122,S1,C1,2.0,30.0,False,60,53,53,True
S1_C1_E122_V0488,E122,S1,C1,2.5,30.0,False,75,63,63,True
S1_C1_E122_V0489,E122,S1,C1,2.0,30.0,False,60,60,60,True
S1_C1_E122_V0490,E122,S1,C1,2.5,30.0,False,75,75,75,True
S1_C1_E122_V0491,E122,S1,C1,2.0,30.0,False,60,60,60,True
S1_C1_E122_V0492,E122,S1,C1,2.5,30.0,False,75,75,75,True
S1_C1_E122_V0493,E122,S1,C1,1.5,30.0,False,45,40,40,True
S1_C1_E122_V0494,E122,S1,C1,2.0,30.0,False,60,60,60,True
S1_C1_E122_V0495,E122,S1,C1,2.0,30.0,False,60,49,49,True
S1_C1_E122_V0496,E122,S1,C1,1.5,30.0,False,45,41,41,True
S1_C1_E122_V0497,E122,S1,C1,2.0,30.0,False,60,60,60,True
S1_C1_E122_V0498,E122,S1,C1,2.0,30.0,False,60,57,57,True
S1_C1_E122_V0499,E122,S1,C1,2.0,30.0,False,60,52,52,True
S1_C1_E122_V0500,E122,S1,C1,1.0,30.0,True,30,0,0,False
S1_C1_E123_V0501,E123,S1,C1,2.0,30.0,False,60,57,57,True
S1_C1_E123_V0502,E123,S1,C1,1.5,30.0,False,45,43,43,True
S1_C1_E123_V0503,E123,S1,C1,1.5,30.0,True,45,0,0,False
S1_C1_E123_V0504,E123,S1,C1,1.5,30.0,True,45,0,0,False
S1_C1_E123_V0505,E123,S1,C1,1.5,30.0,False,45,40,40,True
S1_C1_E123_V0506,E123,S1,C1,1.5,30.0,True,45,0,0,False
S1_C1_E123_V0507,E123,S1,C1,1.0,30.0,True,30,0,0,False
S1_C1_E123_V0508,E123,S1,C1,1.0,30.0,True,30,0,0,False
S1_C1_E123_V0509,E123,S1,C1,1.0,30.0,True,30,0,0,False
S1_C1_E123_V0510,E123,S1,C1,1.0,30.0,True,30,0,0,False
S1_C1_E123_V0511,E123,S1,C1,1.0,30.0,True,30,0,0,False
S1_C1_E123_V0512,E123,S1,C1,1.0,30.0,True,30,0,0,False
S1_C1_E123_V0513,E123,S1,C1,1.0,30.0,True,30,0,0,False
S1_C1_E123_V0514,E123,S1,C1,1.0,30.0,True,30,0,0,False
S1_C1_E123_V0515,E123,S1,C1,1.0,30.0,True,30,0,0,False
S1_C1_E123_V0516,E123,S1,C1,1.0,30.0,True,30,0,0,False
S1_C1_E123_V0517,E123,S1,C1,1.0,30.0,True,30,0,0,False
S1_C1_E123_V0518,E123,S1,C1,1.0,30.0,True,30,0,0,False
S1_C1_E123_V0519,E123,S1,C1,1.0,30.0,True,30,0,0,False
S1_C1_E123_V0520,E123,S1,C1,1.0,30.0,True,30,0,0,False
S1_C1_E123_V0521,E123,S1,C1,1.0,30.0,True,30,0,0,False
S1_C1_E123_V0522,E123,S1,C1,1.0,30.0,True,30,0,0,False
S1_C1_E123_V0523,E123,S1,C1,1.0,30.0,True,30,0,0,False
S1_C1_E123_V0524,E123,S1,C1,1.0,30.0,True,30,0,0,False
S1_C1_E123_V0525,E123,S1,C1,1.0,30.0,True,30,0,0,False
S1_C1_E123_V0526,E123,S1,C1,0.4666666666666667,30.0,True,14,0,0,False
S1_C1_E123_V0527,E123,S1,C1,1.0,30.0,True,30,0,0,False
S1_C1_E123_V0528,E123,S1,C1,1.0,30.0,True,30,0,0,False
S1_C1_E123_V0529,E123,S1,C1,1.0,30.0,True,30,0,0,False
S1_C1_E123_V0530,E123,S1,C1,1.0,30.0,True,30,0,0,False
S1_C1_E123_V0531,E123,S1,C1,1.0,30.0,True,30,0,0,False
S1_C1_E123_V0532,E123,S1,C1,1.0,30.0,True,30,0,0,False
S1_C1_E123_V0533,E123,S1,C1,1.0,30.0,True,30,0,0,False
S1_C1_E123_V0534,E123,S1,C1,1.0,30.0,True,30,0,0,False
S1_C1_E123_V0535,E123,S1,C1,1.0,30.0,True,30,0,0,False
S1_C1_E123_V0536,E123,S1,C1,1.0,30.0,True,30,0,0,False
S1_C1_E123_V0537,E123,S1,C1,1.0,30.0,True,30,0,0,False
S1_C1_E123_V0538,E123,S1,C1,1.0,30.0,True,30,0,0,False
S1_C1_E123_V0539,E123,S1,C1,1.0,30.0,True,30,0,0,False
S1_C1_E123_V0540,E123,S1,C1,1.0,30.0,True,30,0,0,False
S1_C1_E123_V0541,E123,S1,C1,1.0,30.0,True,30,0,0,False
S1_C1_E123_V0542,E123,S1,C1,1.0,30.0,True,30,0,0,False
S1_C1_E123_V0543,E123,S1,C1,1.0,30.0,True,30,0,0,False
S1_C1_E123_V0544,E123,S1,C1,1.0,30.0,True,30,0,0,False
S1_C1_E123_V0545,E123,S1,C1,1.0,30.0,True,30,0,0,False
S1_C1_E123_V0546,E123,S1,C1,1.0,30.0,True,30,0,0,False
S1_C1_E123_V0547,E123,S1,C1,1.0,30.0,True,30,0,0,False
S1_C1_E123_V0548,E123,S1,C1,1.0,30.0,True,30,0,0,False
S1_C1_E123_V0549,E123,S1,C1,1.0,30.0,True,30,0,0,False
S1_C1_E123_V0550,E123,S1,C1,1.0,30.0,True,30,0,0,False
S1_C1_E123_V0551,E123,S1,C1,1.0,30.0,True,30,0,0,False
S1_C1_E123_V0552,E123,S1,C1,1.0,30.0,True,30,0,0,False
S1_C1_E123_V0553,E123,S1,C1,1.0,30.0,True,30,0,0,False
S1_C1_E123_V0554,E123,S1,C1,1.0,30.0,True,30,0,0,False
S1_C1_E123_V0555,E123,S1,C1,1.0,30.0,True,30,0,0,False
S1_C1_E123_V0556,E123,S1,C1,1.0,30.0,True,30,0,0,False
S1_C1_E123_V0557,E123,S1,C1,1.0,30.0,True,30,0,0,False
S1_C1_E123_V0558,E123,S1,C1,1.0,30.0,True,30,0,0,False
S1_C1_E123_V0559,E123,S1,C1,1.0,30.0,True,30,0,0,False
S1_C1_E123_V0560,E123,S1,C1,1.0,30.0,True,30,0,0,False
S1_C1_E123_V0561,E123,S1,C1,1.0,30.0,True,30,0,0,False
S1_C1_E123_V0562,E123,S1,C1,1.0,30.0,True,30,0,0,False
S1_C1_E123_V0563,E123,S1,C1,1.0,30.0,True,30,0,0,False
S1_C1_E123_V0564,E123,S1,C1,1.0,30.0,True,30,0,0,False
S1_C1_E123_V0565,E123,S1,C1,1.0,30.0,True,30,0,0,False
S1_C1_E123_V0566,E123,S1,C1,1.0,30.0,True,30,0,0,False
S1_C1_E123_V0567,E123,S1,C1,1.0,30.0,True,30,0,0,False
S1_C1_E123_V0568,E123,S1,C1,1.0,30.0,True,30,0,0,False
S1_C1_E123_V0569,E123,S1,C1,1.0,30.0,True,30,0,0,False
S1_C1_E123_V0570,E123,S1,C1,1.0,30.0,True,30,0,0,False
S1_C1_E125_V0574,E125,S1,C1,1.0,30.0,True,30,0,0,False
S1_C1_E125_V0575,E125,S1,C1,1.0,30.0,True,30,0,0,False
S1_C1_E126_V0576,E126,S1,C1,120.5,30.0,False,3615,647,647,True
S1_C1_E130_V0577,E130,S1,C1,4.5,30.0,False,135,130,130,True
S1_C1_E130_V0578,E130,S1,C1,2.5,30.0,False,75,70,70,True
S1_C1_E130_V0579,E130,S1,C1,3.0,30.0,False,90,78,78,True
S1_C1_E130_V0580,E130,S1,C1,3.0,30.0,False,90,85,85,True
S1_C1_E130_V0581,E130,S1,C1,3.0,30.0,False,90,80,80,True
S1_C1_E130_V0582,E130,S1,C1,2.5,30.0,False,75,73,73,True
S1_C1_E130_V0583,E130,S1,C1,2.0,30.0,False,60,57,57,True
S1_C1_E130_V0584,E130,S1,C1,2.0,30.0,False,60,47,47,True
S1_C1_E130_V0585,E130,S1,C1,3.0,30.0,False,90,79,79,True
S1_C1_E130_V0586,E130,S1,C1,1.5,30.0,True,45,0,0,False
S1_C1_E130_V0587,E130,S1,C1,1.0,30.0,True,30,0,0,False
S1_C1_E130_V0588,E130,S1,C1,3.0,30.0,False,90,83,83,True
S1_C1_E130_V0589,E130,S1,C1,2.5,30.0,False,75,68,68,True
S1_C1_E130_V0590,E130,S1,C1,2.5,30.0,False,75,63,63,True
S1_C1_E130_V0591,E130,S1,C1,2.0,30.0,False,60,59,59,True
S1_C1_E130_V0592,E130,S1,C1,2.0,30.0,False,60,50,50,True
S1_C1_E130_V0593,E130,S1,C1,1.5,30.0,False,45,44,44,True
S1_C1_E130_V0594,E130,S1,C1,1.0,30.0,True,30,0,0,False
S1_C1_E130_V0595,E130,S1,C1,1.5,30.0,True,45,0,0,False
S1_C1_E130_V0596,E130,S1,C1,1.0,30.0,True,30,0,0,False
S1_C1_E130_V0597,E130,S1,C1,1.0,30.0,True,30,0,0,False
S1_C1_E130_V0598,E130,S1,C1,1.5,30.0,True,45,0,0,False
S1_C1_E130_V0599,E130,S1,C1,1.5,30.0,False,45,45,45,True
S1_C1_E130_V0600,E130,S1,C1,1.5,30.0,False,45,42,42,True
S1_C1_E130_V0601,E130,S1,C1,1.5,30.0,False,45,36,36,True
S1_C1_E130_V0602,E130,S1,C1,1.0,30.0,True,30,0,0,False
S1_C1_E130_V0603,E130,S1,C1,1.0,30.0,True,30,0,0,False
S1_C1_E130_V0604,E130,S1,C1,1.0,30.0,True,30,0,0,False
S1_C1_E130_V0605,E130,S1,C1,1.5,30.0,True,45,0,0,False
S1_C1_E130_V0606,E130,S1,C1,1.5,30.0,False,45,37,37,True
S1_C1_E130_V0607,E130,S1,C1,1.0,30.0,True,30,0,0,False
S1_C1_E130_V0608,E130,S1,C1,1.0,30.0,True,30,0,0,False
S1_C1_E130_V0609,E130,S1,C1,1.0,30.0,True,30,0,0,False
S1_C1_E130_V0610,E130,S1,C1,1.0,30.0,True,30,0,0,False
S1_C1_E130_V0611,E130,S1,C1,1.5,30.0,True,45,0,0,False
S1_C1_E130_V0612,E130,S1,C1,1.5,30.0,True,45,0,0,False
S1_C1_E130_V0613,E130,S1,C1,1.0,30.0,True,30,0,0,False
S1_C1_E130_V0614,E130,S1,C1,1.0,30.0,True,30,0,0,False
S1_C1_E130_V0615,E130,S1,C1,1.0,30.0,True,30,0,0,False
S1_C1_E130_V0616,E130,S1,C1,1.0,30.0,True,30,0,0,False
S1_C1_E130_V0617,E130,S1,C1,2.0,30.0,False,60,52,52,True
S1_C1_E130_V0618,E130,S1,C1,1.5,30.0,False,45,38,38,True
S1_C1_E130_V0619,E130,S1,C1,1.0,30.0,True,30,0,0,False
S1_C1_E130_V0620,E130,S1,C1,1.0,30.0,True,30,0,0,False
S1_C1_E130_V0621,E130,S1,C1,1.0,30.0,True,30,0,0,False
S1_C1_E130_V0622,E130,S1,C1,1.0,30.0,True,30,0,0,False
S1_C1_E130_V0623,E130,S1,C1,1.0,30.0,True,30,0,0,False
S1_C1_E130_V0624,E130,S1,C1,1.0,30.0,True,30,0,0,False
S1_C1_E130_V0625,E130,S1,C1,1.0,30.0,True,30,0,0,False
S1_C1_E131_V0626,E131,S1,C1,2.0,30.0,False,60,51,51,True
S1_C1_E131_V0627,E131,S1,C1,2.0,30.0,False,60,49,49,True
S1_C1_E131_V0628,E131,S1,C1,1.0,30.0,True,30,0,0,False
S1_C1_E131_V0629,E131,S1,C1,1.0,30.0,True,30,0,0,False
S1_C1_E132_V0630,E132,S1,C1,2.0,30.0,False,60,59,59,True
S1_C1_E132_V0631,E132,S1,C1,1.0,30.0,True,30,0,0,False
S1_C1_E132_V0632,E132,S1,C1,1.0,30.0,True,30,0,0,False
S1_C1_E132_V0633,E132,S1,C1,1.0,30.0,True,30,0,0,False
S1_C1_E132_V0634,E132,S1,C1,1.0,30.0,True,30,0,0,False
S1_C1_E132_V0635,E132,S1,C1,1.0,30.0,True,30,0,0,False
S1_C1_E133_V0636,E133,S1,C1,2.0,30.0,False,60,57,57,True
S1_C1_E133_V0637,E133,S1,C1,1.0,30.0,True,30,0,0,False
S1_C1_E133_V0638,E133,S1,C1,1.0,30.0,True,30,0,0,False
S1_C1_E133_V0639,E133,S1,C1,1.5,30.0,False,45,40,40,True
S1_C1_E133_V0640,E133,S1,C1,1.5,30.0,True,45,0,0,False
S1_C1_E133_V0641,E133,S1,C1,1.0,30.0,True,30,0,0,False
S1_C1_E133_V0642,E133,S1,C1,1.0,30.0,True,30,0,0,False
S1_C1_E133_V0643,E133,S1,C1,1.5,30.0,True,45,0,0,False
S1_C1_E133_V0644,E133,S1,C1,1.0,30.0,True,30,0,0,False
S1_C1_E134_V0645,E134,S1,C1,1.5,30.0,True,45,0,0,False
S1_C1_E134_V0646,E134,S1,C1,1.0,30.0,True,30,0,0,False
S1_C1_E134_V0647,E134,S1,C1,1.5,30.0,True,45,0,0,False
S1_C1_E134_V0648,E134,S1,C1,1.0,30.0,True,30,0,0,False
S1_C1_E134_V0649,E134,S1,C1,1.0,30.0,True,30,0,0,False
S1_C1_E134_V0650,E134,S1,C1,1.0,30.0,True,30,0,0,False
S1_C1_E134_V0651,E134,S1,C1,1.0,30.0,True,30,0,0,False
S1_C1_E134_V0652,E134,S1,C1,1.0,30.0,True,30,0,0,False
S1_C1_E134_V0653,E134,S1,C1,1.0,30.0,True,30,0,0,False
S1_C1_E134_V0654,E134,S1,C1,1.0,30.0,True,30,0,0,False
S1_C1_E134_V0655,E134,S1,C1,1.0,30.0,True,30,0,0,False
S1_C1_E134_V0656,E134,S1,C1,1.0,30.0,True,30,0,0,False
S1_C1_E134_V0657,E134,S1,C1,1.0,30.0,True,30,0,0,False
S1_C1_E134_V0658,E134,S1,C1,1.0,30.0,True,30,0,0,False
S1_C1_E134_V0659,E134,S1,C1,1.0,30.0,True,30,0,0,False
S1_C1_E134_V0660,E134,S1,C1,1.0,30.0,True,30,0,0,False
S1_C1_E135_V0661,E135,S1,C1,120.5,30.0,False,3615,841,841,True
S1_C1_E136_V0662,E136,S1,C1,2.5,30.0,False,75,67,67,True
S1_C1_E136_V0663,E136,S1,C1,2.0,30.0,False,60,48,48,True
S1_C1_E136_V0664,E136,S1,C1,1.5,30.0,False,45,45,45,True
S1_C1_E136_V0665,E136,S1,C1,1.5,30.0,False,45,45,45,True
S1_C1_E136_V0666,E136,S1,C1,2.0,30.0,False,60,60,60,True
S1_C1_E136_V0667,E136,S1,C1,1.0,30.0,True,30,0,0,False
S1_C1_E136_V0668,E136,S1,C1,1.5,30.0,False,45,45,45,True
S1_C1_E136_V0669,E136,S1,C1,1.5,30.0,False,45,45,45,True
S1_C1_E136_V0670,E136,S1,C1,1.5,30.0,False,45,45,45,True
S1_C1_E136_V0671,E136,S1,C1,1.5,30.0,False,45,45,45,True
S1_C1_E136_V0672,E136,S1,C1,2.0,30.0,False,60,60,60,True
S1_C1_E136_V0673,E136,S1,C1,1.5,30.0,False,45,45,45,True
S1_C1_E136_V0674,E136,S1,C1,1.5,30.0,True,45,0,0,False
S1_C1_E137_V0675,E137,S1,C1,2.0,30.0,False,60,56,56,True
S1_C1_E137_V0676,E137,S1,C1,2.0,30.0,False,60,52,52,True
S1_C1_E137_V0677,E137,S1,C1,1.5,30.0,False,45,41,41,True
S1_C1_E137_V0678,E137,S1,C1,1.5,30.0,False,45,45,45,True
S1_C1_E137_V0679,E137,S1,C1,1.5,30.0,True,45,0,0,False
S1_C1_E137_V0680,E137,S1,C1,1.5,30.0,True,45,0,0,False
S1_C1_E137_V0681,E137,S1,C1,1.5,30.0,False,45,39,39,True
S1_C1_E137_V0682,E137,S1,C1,1.0,30.0,True,30,0,0,False
S1_C1_E137_V0683,E137,S1,C1,1.0,30.0,True,30,0,0,False
S1_C1_E137_V0684,E137,S1,C1,1.0,30.0,True,30,0,0,False
S1_C1_E137_V0685,E137,S1,C1,1.0,30.0,True,30,0,0,False
S1_C1_E137_V0686,E137,S1,C1,1.0,30.0,True,30,0,0,False
S1_C1_E137_V0687,E137,S1,C1,1.0,30.0,True,30,0,0,False
S1_C1_E137_V0688,E137,S1,C1,1.0,30.0,True,30,0,0,False
S1_C1_E137_V0689,E137,S1,C1,1.0,30.0,True,30,0,0,False
S1_C1_E137_V0690,E137,S1,C1,1.0,30.0,True,30,0,0,False
S1_C1_E137_V0691,E137,S1,C1,1.0,30.0,True,30,0,0,False
S1_C1_E137_V0692,E137,S1,C1,1.0,30.0,True,30,0,0,False
S1_C1_E137_V0693,E137,S1,C1,1.0,30.0,True,30,0,0,False
S1_C1_E137_V0694,E137,S1,C1,1.0,30.0,True,30,0,0,False
S1_C1_E137_V0695,E137,S1,C1,1.0,30.0,True,30,0,0,False
S1_C1_E137_V0696,E137,S1,C1,1.0,30.0,True,30,0,0,False
S1_C1_E137_V0697,E137,S1,C1,1.0,30.0,True,30,0,0,False
S1_C1_E137_V0698,E137,S1,C1,1.0,30.0,True,30,0,0,False
S1_C1_E138_V0699,E138,S1,C1,1.5,30.0,False,45,39,39,True
S1_C1_E138_V0700,E138,S1,C1,1.0,30.0,True,30,0,0,False
S1_C1_E138_V0701,E138,S1,C1,1.5,30.0,False,45,39,39,True
S1_C1_E138_V0702,E138,S1,C1,1.0,30.0,True,30,0,0,False
S1_C1_E138_V0703,E138,S1,C1,1.0,30.0,True,30,0,0,False
S1_C1_E138_V0704,E138,S1,C1,1.5,30.0,True,45,0,0,False
S1_C1_E138_V0705,E138,S1,C1,1.0,30.0,True,30,0,0,False
S1_C1_E139_V0706,E139,S1,C1,120.5,30.0,False,3615,460,460,True
S1_C1_E142_V0707,E142,S1,C1,4.0,30.0,False,120,118,118,True
S1_C1_E142_V0708,E142,S1,C1,2.0,30.0,False,60,50,50,True
S1_C1_E142_V0709,E142,S1,C1,1.5,30.0,True,45,0,0,False
S1_C1_E143_V0710,E143,S1,C1,4.0,30.0,False,120,119,119,True
S1_C1_E143_V0711,E143,S1,C1,1.5,30.0,False,45,38,38,True
S1_C1_E143_V0712,E143,S1,C1,1.5,30.0,True,45,0,0,False
S1_C1_E143_V0713,E143,S1,C1,1.5,30.0,False,45,37,37,True
S1_C1_E143_V0714,E143,S1,C1,1.0,30.0,True,30,0,0,False
S1_C1_E143_V0715,E143,S1,C1,1.5,30.0,True,45,0,0,False
S1_C1_E143_V0716,E143,S1,C1,2.0,30.0,False,60,58,58,True
S1_C1_E143_V0717,E143,S1,C1,2.0,30.0,False,60,49,49,True
S1_C1_E143_V0718,E143,S1,C1,2.5,30.0,False,75,72,72,True
S1_C1_E143_V0719,E143,S1,C1,1.5,30.0,True,45,0,0,False
S1_C1_E143_V0720,E143,S1,C1,2.0,30.0,False,60,59,59,True
S1_C1_E143_V0721,E143,S1,C1,1.5,30.0,False,45,38,38,True
S1_C1_E143_V0722,E143,S1,C1,1.5,30.0,False,45,45,45,True
S1_C1_E143_V0723,E143,S1,C1,1.5,30.0,False,45,37,37,True
S1_C1_E143_V0724,E143,S1,C1,1.0,30.0,True,30,0,0,False
S1_C1_E143_V0725,E143,S1,C1,1.0,30.0,True,30,0,0,False
S1_C1_E145_V0726,E145,S1,C1,1.5,30.0,True,45,0,0,False
S1_C1_E145_V0727,E145,S1,C1,1.0,30.0,True,30,0,0,False
S1_C1_E145_V0728,E145,S1,C1,1.0,30.0,True,30,0,0,False
S1_C1_E145_V0729,E145,S1,C1,1.0,30.0,True,30,0,0,False
S1_C1_E145_V0730,E145,S1,C1,1.0,30.0,True,30,0,0,False
S1_C1_E145_V0731,E145,S1,C1,1.0,30.0,True,30,0,0,False
S1_C1_E145_V0732,E145,S1,C1,1.5,30.0,True,45,0,0,False
S1_C1_E145_V0733,E145,S1,C1,1.5,30.0,False,45,41,41,True
S1_C1_E145_V0734,E145,S1,C1,1.0,30.0,True,30,0,0,False
S1_C1_E145_V0735,E145,S1,C1,1.0,30.0,True,30,0,0,False
S1_C1_E145_V0736,E145,S1,C1,1.0,30.0,True,30,0,0,False
S1_C1_E145_V0737,E145,S1,C1,1.0,30.0,True,30,0,0,False
S1_C1_E146_V0738,E146,S1,C1,120.5,30.0,False,3615,3615,3615,True
S1_C1_E146_V0739,E146,S1,C1,120.5,30.0,False,3615,548,548,True
S1_C1_E150_V0740,E150,S1,C1,1.5,30.0,True,45,0,0,False
S1_C1_E150_V0741,E150,S1,C1,1.5,30.0,False,45,45,45,True
S1_C1_E150_V0742,E150,S1,C1,1.5,30.0,False,45,45,45,True
S1_C1_E150_V0743,E150,S1,C1,2.0,30.0,False,60,49,49,True
S1_C1_E150_V0744,E150,S1,C1,1.0,30.0,True,30,0,0,False
S1_C1_E150_V0745,E150,S1,C1,1.0,30.0,True,30,0,0,False
S1_C1_E150_V0746,E150,S1,C1,1.0,30.0,True,30,0,0,False
S1_C1_E150_V0747,E150,S1,C1,1.0,30.0,True,30,0,0,False
S1_C1_E150_V0748,E150,S1,C1,1.5,30.0,True,45,0,0,False
S1_C1_E150_V0749,E150,S1,C1,1.0,30.0,True,30,0,0,False
S1_C1_E150_V0750,E150,S1,C1,1.0,30.0,True,30,0,0,False
S1_C1_E150_V0751,E150,S1,C1,1.5,30.0,True,45,0,0,False
S1_C1_E150_V0752,E150,S1,C1,1.0,30.0,True,30,0,0,False
S1_C1_E150_V0753,E150,S1,C1,1.0,30.0,True,30,0,0,False
S1_C1_E150_V0754,E150,S1,C1,1.0,30.0,True,30,0,0,False
S1_C1_E150_V0755,E150,S1,C1,1.0,30.0,True,30,0,0,False
S1_C1_E150_V0756,E150,S1,C1,1.0,30.0,True,30,0,0,False
S1_C1_E150_V0757,E150,S1,C1,1.0,30.0,True,30,0,0,False
S1_C1_E150_V0758,E150,S1,C1,1.5,30.0,False,45,45,45,True
S1_C1_E150_V0759,E150,S1,C1,1.0,30.0,True,30,0,0,False
S1_C1_E150_V0760,E150,S1,C1,1.0,30.0,True,30,0,0,False
S1_C1_E150_V0761,E150,S1,C1,1.0,30.0,True,30,0,0,False
S1_C1_E150_V0762,E150,S1,C1,1.0,30.0,True,30,0,0,False
S1_C1_E150_V0763,E150,S1,C1,1.0,30.0,True,30,0,0,False
S1_C1_E150_V0764,E150,S1,C1,1.0,30.0,True,30,0,0,False
S1_C1_E150_V0765,E150,S1,C1,1.0,30.0,True,30,0,0,False
S1_C1_E150_V0766,E150,S1,C1,1.0,30.0,True,30,0,0,False
S1_C1_E150_V0767,E150,S1,C1,1.0,30.0,True,30,0,0,False
S1_C1_E151_V0768,E151,S1,C1,1.5,30.0,False,45,38,38,True
S1_C1_E151_V0769,E151,S1,C1,1.5,30.0,True,45,0,0,False
S1_C1_E151_V0770,E151,S1,C1,1.0,30.0,True,30,0,0,False
S1_C1_E151_V0771,E151,S1,C1,1.0,30.0,True,30,0,0,False
S1_C1_E151_V0772,E151,S1,C1,1.0,30.0,True,30,0,0,False
S1_C1_E153_V0776,E153,S1,C1,1.0,30.0,True,30,0,0,False
S1_C1_E153_V0777,E153,S1,C1,1.0,30.0,True,30,0,0,False
S1_C1_E154_V0778,E154,S1,C1,1.0,30.0,True,30,0,0,False
S1_C1_E155_V0779,E155,S1,C1,1.0,30.0,True,30,0,0,False
S1_C1_E15_V0036,E15,S1,C1,120.5,30.0,False,3615,1116,1116,True
S1_C1_E162_V0780,E162,S1,C1,120.5,30.0,False,3615,67,76,True
S1_C1_E166_V0781,E166,S1,C1,120.5,30.0,True,3615,0,0,False
S1_C1_E168_V0783,E168,S1,C1,120.5,30.0,True,3615,0,0,False
S1_C1_E169_V0784,E169,S1,C1,2.0,30.0,False,60,60,60,True
S1_C1_E169_V0785,E169,S1,C1,2.0,30.0,False,60,60,60,True
S1_C1_E169_V0786,E169,S1,C1,1.0,30.0,True,30,0,0,False
S1_C1_E16_V0037,E16,S1,C1,20.5,30.0,False,615,44,44,True
S1_C1_E16_V0038,E16,S1,C1,20.5,30.0,False,615,613,613,True
S1_C1_E16_V0039,E16,S1,C1,20.5,30.0,False,615,615,615,True
S1_C1_E16_V0040,E16,S1,C1,20.5,30.0,False,615,615,615,True
S1_C1_E16_V0041,E16,S1,C1,20.5,30.0,False,615,173,173,True
S1_C1_E170_V0787,E170,S1,C1,2.0,30.0,True,60,0,0,False
S1_C1_E170_V0788,E170,S1,C1,1.5,30.0,False,45,45,45,True
S1_C1_E170_V0789,E170,S1,C1,2.0,30.0,False,60,60,60,True
S1_C1_E170_V0790,E170,S1,C1,2.0,30.0,False,60,60,60,True
S1_C1_E170_V0791,E170,S1,C1,1.5,30.0,False,45,42,42,True
S1_C1_E170_V0792,E170,S1,C1,1.5,30.0,False,45,44,44,True
S1_C1_E170_V0793,E170,S1,C1,1.5,30.0,False,45,45,45,True
S1_C1_E170_V0794,E170,S1,C1,1.0,30.0,True,30,0,0,False
S1_C1_E170_V0795,E170,S1,C1,2.0,30.0,False,60,48,48,True
S1_C1_E170_V0796,E170,S1,C1,1.5,30.0,False,45,36,36,True
S1_C1_E170_V0797,E170,S1,C1,1.0,30.0,True,30,0,0,False
S1_C1_E170_V0798,E170,S1,C1,1.0,30.0,True,30,0,0,False
S1_C1_E170_V0799,E170,S1,C1,1.5,30.0,True,45,0,0,False
S1_C1_E171_V0800,E171,S1,C1,2.0,30.0,False,60,44,44,True
S1_C1_E171_V0801,E171,S1,C1,1.5,30.0,False,45,42,42,True
S1_C1_E171_V0802,E171,S1,C1,1.5,30.0,True,45,0,0,False
S1_C1_E171_V0803,E171,S1,C1,1.0,30.0,True,30,0,0,False
S1_C1_E171_V0804,E171,S1,C1,1.0,30.0,True,30,0,0,False
S1_C1_E172_V0805,E172,S1,C1,1.5,30.0,False,45,45,45,True
S1_C1_E172_V0806,E172,S1,C1,1.0,30.0,True,30,0,0,False
S1_C1_E172_V0807,E172,S1,C1,1.0,30.0,True,30,0,0,False
S1_C1_E172_V0808,E172,S1,C1,1.0,30.0,True,30,0,0,False
S1_C1_E172_V0809,E172,S1,C1,1.0,30.0,True,30,0,0,False
S1_C1_E173_V0810,E173,S1,C1,1.5,30.0,False,45,45,45,True
S1_C1_E173_V0811,E173,S1,C1,1.0,30.0,True,30,0,0,False
S1_C1_E173_V0812,E173,S1,C1,1.0,30.0,True,30,0,0,False
S1_C1_E173_V0813,E173,S1,C1,1.0,30.0,True,30,0,0,False
S1_C1_E174_V0814,E174,S1,C1,1.5,30.0,True,45,0,0,False
S1_C1_E174_V0815,E174,S1,C1,1.0,30.0,True,30,0,0,False
S1_C1_E175_V0816,E175,S1,C1,1.0,30.0,True,30,0,0,False
S1_C1_E175_V0817,E175,S1,C1,1.0,30.0,True,30,0,0,False
S1_C1_E176_V0818,E176,S1,C1,1.0,30.0,True,30,0,0,False
S1_C1_E176_V0819,E176,S1,C1,1.0,30.0,True,30,0,0,False
S1_C1_E176_V0820,E176,S1,C1,1.0,30.0,True,30,0,0,False
S1_C1_E177_V0821,E177,S1,C1,120.5,30.0,False,3615,3614,3614,True
S1_C1_E177_V0822,E177,S1,C1,120.5,30.0,False,3615,3615,3615,True
S1_C1_E177_V0823,E177,S1,C1,120.5,30.0,False,3615,2500,2500,True
S1_C1_E178_V0824,E178,S1,C1,120.5,30.0,False,3615,230,230,True
S1_C1_E17_V0042,E17,S1,C1,20.5,30.0,True,615,0,0,False
S1_C1_E17_V0043,E17,S1,C1,20.5,30.0,False,615,615,615,True
S1_C1_E17_V0044,E17,S1,C1,20.5,30.0,False,615,615,615,True
S1_C1_E17_V0045,E17,S1,C1,20.5,30.0,False,615,615,615,True
S1_C1_E17_V0046,E17,S1,C1,20.5,30.0,False,615,189,189,True
S1_C1_E189_V0825,E189,S1,C1,120.5,30.0,False,3615,3614,3614,True
S1_C1_E189_V0826,E189,S1,C1,120.5,30.0,False,3615,1843,1843,True
S1_C1_E18_V0047,E18,S1,C1,20.5,30.0,False,615,291,291,True
S1_C1_E18_V0048,E18,S1,C1,20.5,30.0,True,615,0,0,False
S1_C1_E190_V0827,E190,S1,C1,120.5,30.0,False,3615,304,304,True
S1_C1_E191_V0828,E191,S1,C1,1.0,30.0,True,30,0,0,False
S1_C1_E191_V0829,E191,S1,C1,1.0,30.0,True,30,0,0,False
S1_C1_E192_V0830,E192,S1,C1,120.5,30.0,False,3615,2258,2258,True
S1_C1_E192_V0831,E192,S1,C1,120.5,30.0,False,3615,649,649,True
S1_C1_E193_V0832,E193,S1,C1,120.5,30.0,False,3615,211,211,True
S1_C1_E194_V0833,E194,S1,C1,120.5,30.0,False,3615,3615,3615,True
S1_C1_E194_V0834,E194,S1,C1,120.5,30.0,False,3615,3615,3615,True
S1_C1_E194_V0835,E194,S1,C1,120.5,30.0,False,3615,63,63,True
S1_C1_E195_V0836,E195,S1,C1,120.5,30.0,False,3615,3615,3615,True
S1_C1_E195_V0837,E195,S1,C1,120.5,30.0,False,3615,3615,3615,True
S1_C1_E195_V0838,E195,S1,C1,120.5,30.0,False,3615,3615,3615,True
S1_C1_E195_V0839,E195,S1,C1,120.5,30.0,False,3615,3181,3181,True
S1_C1_E204_V0840,E204,S1,C1,120.5,30.0,True,3615,0,0,False
S1_C1_E204_V0841,E204,S1,C1,120.5,30.0,True,3615,0,0,False
S1_C1_E205_V0842,E205,S1,C1,120.5,30.0,True,3615,0,0,False
S1_C1_E205_V0843,E205,S1,C1,120.5,30.0,True,3615,0,0,False
S1_C1_E208_V0847,E208,S1,C1,120.5,30.0,True,3615,0,0,False
S1_C1_E208_V0848,E208,S1,C1,120.5,30.0,True,3615,0,0,False
S1_C1_E210_V0850,E210,S1,C1,120.5,30.0,True,3615,0,0,False
S1_C1_E210_V0851,E210,S1,C1,120.5,30.0,True,3615,0,0,False
S1_C1_E210_V0852,E210,S1,C1,120.5,30.0,True,3615,0,0,False
S1_C1_E210_V0853,E210,S1,C1,120.5,30.0,True,3615,0,0,False
S1_C1_E216_V0857,E216,S1,C1,120.5,30.0,False,3615,57,57,True
S1_C1_E217_V0858,E217,S1,C1,120.5,30.0,False,3615,57,57,True
S1_C1_E218_V0859,E218,S1,C1,120.5,30.0,True,3615,0,0,False
S1_C1_E21_V0051,E21,S1,C1,120.5,30.0,True,3615,0,0,False
S1_C1_E221_V0861,E221,S1,C1,120.5,30.0,True,3615,0,0,False
S1_C1_E222_V0862,E222,S1,C1,120.5,30.0,False,3615,122,122,True
S1_C1_E227_V0864,E227,S1,C1,120.5,30.0,True,3615,0,0,False
S1_C1_E228_V0865,E228,S1,C1,120.5,30.0,True,3615,0,0,False
S1_C1_E230_V0867,E230,S1,C1,120.5,30.0,True,3615,0,0,False
S1_C1_E242_V0873,E242,S1,C1,120.5,30.0,True,3615,0,0,False
S1_C1_E242_V0874,E242,S1,C1,120.5,30.0,True,3615,0,0,False
S1_C1_E248_V0877,E248,S1,C1,120.5,30.0,True,3615,0,0,False
S1_C1_E24_V0056,E24,S1,C1,120.5,30.0,True,3615,0,0,False
S1_C1_E24_V0057,E24,S1,C1,120.5,30.0,True,3615,0,0,False
S1_C1_E27_V0059,E27,S1,C1,20.5,30.0,False,615,484,484,True
S1_C1_E27_V0060,E27,S1,C1,20.5,30.0,False,615,540,540,True
S1_C1_E27_V0061,E27,S1,C1,20.5,30.0,False,615,560,560,True
S1_C1_E27_V0062,E27,S1,C1,20.5,30.0,True,615,0,0,False
S1_C1_E28_V0063,E28,S1,C1,20.5,30.0,True,615,0,0,False
S1_C1_E29_V0064,E29,S1,C1,120.5,30.0,False,3615,2769,2769,True
S1_C1_E29_V0065,E29,S1,C1,120.5,30.0,True,3615,0,0,False
S1_C1_E30_V0066,E30,S1,C1,20.5,30.0,False,615,292,292,True
S1_C1_E32_V0068,E32,S1,C1,120.5,30.0,False,3615,655,655,True
S1_C1_E33_V0069,E33,S1,C1,120.5,30.0,False,3615,3385,3385,True
S1_C1_E33_V0070,E33,S1,C1,120.5,30.0,False,3615,243,243,True
S1_C1_E34_V0071,E34,S1,C1,120.5,30.0,False,3615,1437,1466,True
S1_C1_E36_V0073,E36,S1,C1,120.5,30.0,False,3615,1547,1547,True
S1_C1_E36_V0074,E36,S1,C1,120.5,30.0,False,3615,2590,2590,True
S1_C1_E37_V0075,E37,S1,C1,120.5,30.0,False,3615,3615,3615,True
S1_C1_E37_V0076,E37,S1,C1,120.5,30.0,False,3615,1765,1765,True
S1_C1_E38_V0077,E38,S1,C1,120.5,30.0,False,3615,3606,3606,True
S1_C1_E38_V0078,E38,S1,C1,20.5,30.0,False,615,615,615,True
S1_C1_E38_V0079,E38,S1,C1,20.5,30.0,False,615,615,615,True
S1_C1_E38_V0080,E38,S1,C1,20.5,30.0,False,615,615,615,True
S1_C1_E38_V0081,E38,S1,C1,20.5,30.0,False,615,615,615,True
S1_C1_E38_V0082,E38,S1,C1,20.5,30.0,False,615,615,615,True
S1_C1_E38_V0083,E38,S1,C1,20.5,30.0,False,615,615,615,True
S1_C1_E38_V0084,E38,S1,C1,20.5,30.0,False,615,615,615,True
S1_C1_E38_V0085,E38,S1,C1,20.5,30.0,False,615,615,615,True
S1_C1_E38_V0086,E38,S1,C1,20.5,30.0,False,615,588,588,True
S1_C1_E38_V0087,E38,S1,C1,20.5,30.0,False,615,615,615,True
S1_C1_E38_V0088,E38,S1,C1,20.5,30.0,False,615,615,615,True
S1_C1_E38_V0089,E38,S1,C1,20.5,30.0,False,615,615,615,True
S1_C1_E38_V0090,E38,S1,C1,20.5,30.0,False,615,280,280,True
S1_C1_E39_V0091,E39,S1,C1,20.5,30.0,True,615,0,0,False
S1_C1_E40_V0092,E40,S1,C1,20.5,30.0,False,615,551,551,True
S1_C1_E40_V0093,E40,S1,C1,20.5,30.0,False,615,615,1146,True
S1_C1_E40_V0094,E40,S1,C1,20.5,30.0,False,615,615,1209,True
S1_C1_E40_V0095,E40,S1,C1,20.5,30.0,False,615,615,1228,True
S1_C1_E40_V0096,E40,S1,C1,20.5,30.0,False,615,615,1225,True
S1_C1_E40_V0097,E40,S1,C1,20.5,30.0,False,615,615,1223,True
S1_C1_E40_V0098,E40,S1,C1,20.5,30.0,False,615,615,1227,True
S1_C1_E40_V0099,E40,S1,C1,20.5,30.0,False,615,615,1191,True
S1_C1_E40_V0100,E40,S1,C1,20.5,30.0,False,615,615,1230,True
S1_C1_E40_V0101,E40,S1,C1,20.5,30.0,False,615,615,1230,True
S1_C1_E40_V0102,E40,S1,C1,20.5,30.0,False,615,615,1118,True
S1_C1_E40_V0103,E40,S1,C1,20.5,30.0,False,615,615,1230,True
S1_C1_E40_V0104,E40,S1,C1,20.5,30.0,False,615,615,1230,True
S1_C1_E40_V0105,E40,S1,C1,20.5,30.0,False,615,615,1180,True
S1_C1_E40_V0106,E40,S1,C1,20.5,30.0,False,615,554,554,True
S1_C1_E42_V0107,E42,S1,C1,120.5,30.0,True,3615,0,0,False
S1_C1_E42_V0108,E42,S1,C1,120.5,30.0,False,3615,2730,2730,True
S1_C1_E49_V0112,E49,S1,C1,120.5,30.0,False,3615,2250,2732,True
S1_C1_E4_V0016,E4,S1,C1,20.5,30.0,False,615,615,990,True
S1_C1_E4_V0017,E4,S1,C1,20.5,30.0,False,615,615,615,True
S1_C1_E4_V0018,E4,S1,C1,20.5,30.0,False,615,615,615,True
S1_C1_E4_V0019,E4,S1,C1,20.5,30.0,False,615,615,650,True
S1_C1_E4_V0020,E4,S1,C1,20.5,30.0,False,615,435,435,True
S1_C1_E50_V0113,E50,S1,C1,20.5,30.0,False,615,170,266,True
S1_C1_E50_V0114,E50,S1,C1,20.5,30.0,False,615,615,1704,True
S1_C1_E50_V0115,E50,S1,C1,20.5,30.0,False,615,378,378,True
S1_C1_E51_V0116,E51,S1,C1,20.5,30.0,False,615,390,390,True
S1_C1_E53_V0118,E53,S1,C1,120.5,30.0,True,3615,0,0,False
S1_C1_E57_V0141,E57,S1,C1,120.5,30.0,False,3615,47,47,True
S1_C1_E60_V0143,E60,S1,C1,20.5,30.0,False,615,585,585,True
S1_C1_E60_V0144,E60,S1,C1,20.5,30.0,False,615,76,76,True
S1_C1_E61_V0145,E61,S1,C1,20.5,30.0,True,615,0,0,False
S1_C1_E66_V0152,E66,S1,C1,120.5,30.0,False,3615,1618,1618,True
S1_C1_E68_V0153,E68,S1,C1,20.5,30.0,False,615,509,509,True
S1_C1_E68_V0154,E68,S1,C1,20.5,30.0,False,615,615,615,True
S1_C1_E68_V0155,E68,S1,C1,20.5,30.0,False,615,615,615,True
S1_C1_E68_V0156,E68,S1,C1,20.5,30.0,False,615,615,615,True
S1_C1_E68_V0157,E68,S1,C1,20.5,30.0,False,615,615,615,True
S1_C1_E68_V0158,E68,S1,C1,20.5,30.0,False,615,615,615,True
S1_C1_E68_V0159,E68,S1,C1,20.5,30.0,False,615,615,615,True
S1_C1_E68_V0160,E68,S1,C1,20.5,30.0,False,615,615,615,True
S1_C1_E68_V0161,E68,S1,C1,20.5,30.0,False,615,615,615,True
S1_C1_E68_V0162,E68,S1,C1,12.0,30.0,False,360,347,347,True
S1_C1_E68_V0163,E68,S1,C1,6.5,30.0,False,195,191,191,True
S1_C1_E68_V0164,E68,S1,C1,16.5,30.0,False,495,485,485,True
S1_C1_E68_V0165,E68,S1,C1,14.5,30.0,False,435,431,431,True
S1_C1_E68_V0166,E68,S1,C1,9.5,30.0,False,285,275,275,True
S1_C1_E68_V0167,E68,S1,C1,5.5,30.0,False,165,155,155,True
S1_C1_E68_V0168,E68,S1,C1,20.5,30.0,False,615,615,615,True
S1_C1_E68_V0169,E68,S1,C1,7.0,30.0,False,210,203,203,True
S1_C1_E68_V0170,E68,S1,C1,4.5,30.0,False,135,125,125,True
S1_C1_E68_V0171,E68,S1,C1,7.0,30.0,False,210,203,203,True
S1_C1_E68_V0172,E68,S1,C1,4.0,30.0,False,120,113,113,True
S1_C1_E68_V0173,E68,S1,C1,4.0,30.0,False,120,113,113,True
S1_C1_E68_V0174,E68,S1,C1,6.0,30.0,False,180,179,179,True
S1_C1_E68_V0175,E68,S1,C1,8.5,30.0,False,255,245,245,True
S1_C1_E68_V0176,E68,S1,C1,5.0,30.0,False,150,143,143,True
S1_C1_E68_V0177,E68,S1,C1,6.0,30.0,False,180,173,173,True
S1_C1_E68_V0178,E68,S1,C1,9.5,30.0,False,285,281,281,True
S1_C1_E68_V0179,E68,S1,C1,13.0,30.0,False,390,383,383,True
S1_C1_E68_V0180,E68,S1,C1,14.0,30.0,False,420,419,419,True
S1_C1_E68_V0181,E68,S1,C1,10.5,30.0,False,315,311,311,True
S1_C1_E75_V0185,E75,S1,C1,120.5,30.0,True,3615,0,0,False
S1_C1_E78_V0188,E78,S1,C1,120.5,30.0,True,3615,0,0,False
S1_C1_E84_V0194,E84,S1,C1,20.5,30.0,False,615,250,250,True
S1_C1_E85_V0195,E85,S1,C1,20.5,30.0,False,615,532,532,True
S1_C1_E86_V0196,E86,S1,C1,20.5,30.0,False,615,613,613,True
S1_C1_E86_V0197,E86,S1,C1,20.5,30.0,False,615,615,615,True
S1_C1_E86_V0198,E86,S1,C1,20.5,30.0,False,615,615,615,True
S1_C1_E86_V0199,E86,S1,C1,20.5,30.0,False,615,615,615,True
S1_C1_E86_V0200,E86,S1,C1,20.5,30.0,False,615,615,615,True
S1_C1_E86_V0201,E86,S1,C1,20.5,30.0,False,615,615,615,True
S1_C1_E86_V0202,E86,S1,C1,12.5,30.0,False,375,365,365,True
S1_C1_E86_V0203,E86,S1,C1,20.5,30.0,False,615,615,615,True
S1_C1_E86_V0204,E86,S1,C1,20.5,30.0,False,615,615,615,True
S1_C1_E86_V0205,E86,S1,C1,20.5,30.0,False,615,173,263,True
S1_C1_E86_V0206,E86,S1,C1,20.5,30.0,False,615,195,195,True
S1_C1_E8_V0024,E8,S1,C1,20.5,30.0,False,615,160,160,True
S1_C1_E8_V0025,E8,S1,C1,20.5,30.0,False,615,614,614,True
S1_C1_E8_V0026,E8,S1,C1,20.5,30.0,False,615,615,615,True
S1_C1_E8_V0027,E8,S1,C1,20.5,30.0,True,615,0,0,False
S1_C1_E8_V0028,E8,S1,C1,20.5,30.0,False,615,615,1003,True
S1_C1_E8_V0029,E8,S1,C1,20.5,30.0,False,615,206,206,True
S1_C1_E91_V0207,E91,S1,C1,120.5,30.0,False,3615,656,656,True
S1_C1_E94_V0210,E94,S1,C1,20.5,30.0,False,615,615,615,True
S1_C1_E94_V0211,E94,S1,C1,20.5,30.0,False,615,615,615,True
S1_C1_E94_V0212,E94,S1,C1,20.5,30.0,False,615,615,615,True
S1_C1_E94_V0213,E94,S1,C1,20.5,30.0,False,615,615,615,True
S1_C1_E94_V0214,E94,S1,C1,20.5,30.0,False,615,615,615,True
S1_C1_E94_V0215,E94,S1,C1,13.0,30.0,False,390,377,377,True
S1_C1_E94_V0216,E94,S1,C1,9.0,30.0,False,270,270,270,True
S1_C1_E94_V0217,E94,S1,C1,16.0,30.0,False,480,480,480,True
S1_C1_E94_V0218,E94,S1,C1,8.5,30.0,False,255,255,255,True
S1_C1_E94_V0219,E94,S1,C1,20.5,30.0,False,615,615,615,True
S1_C1_E98_V0221,E98,S1,C1,20.5,30.0,False,615,615,615,True
S1_C1_E98_V0222,E98,S1,C1,20.5,30.0,False,615,615,615,True
S1_C1_E98_V0223,E98,S1,C1,19.0,30.0,False,570,568,568,True
S1_C1_E98_V0224,E98,S1,C1,10.5,30.0,False,315,305,305,True
S1_C1_E98_V0225,E98,S1,C1,3.0,30.0,False,90,90,90,True
S1_C1_E98_V0226,E98,S1,C1,9.0,30.0,False,270,263,263,True
S1_C1_E98_V0227,E98,S1,C1,8.5,30.0,False,255,245,245,True
S1_C1_E98_V0228,E98,S1,C1,9.0,30.0,False,270,263,263,True
S1_C1_E98_V0229,E98,S1,C1,9.0,30.0,False,270,257,257,True
S1_C1_E98_V0230,E98,S1,C1,2.5,30.0,False,75,75,75,True
S1_C1_E98_V0231,E98,S1,C1,2.0,30.0,False,60,53,53,True
S1_C1_E98_V0232,E98,S1,C1,4.0,30.0,False,120,119,119,True
S1_C1_E98_V0233,E98,S1,C1,2.0,30.0,False,60,52,52,True
S1_C1_E98_V0234,E98,S1,C1,2.5,30.0,False,75,65,65,True
S1_C1_E98_V0235,E98,S1,C1,4.5,30.0,False,135,125,125,True
S1_C1_E98_V0236,E98,S1,C1,2.0,30.0,False,60,56,56,True
S1_C1_E98_V0237,E98,S1,C1,4.0,30.0,False,120,113,113,True
S1_C1_E98_V0238,E98,S1,C1,2.5,30.0,False,75,64,64,True
S1_C1_E98_V0239,E98,S1,C1,4.5,30.0,True,135,0,0,False
S1_C1_E98_V0240,E98,S1,C1,20.5,30.0,False,615,96,96,True
S1_C1_E99_V0241,E99,S1,C1,20.5,30.0,False,615,615,615,True
S1_C1_E99_V0242,E99,S1,C1,14.5,30.0,False,435,435,691,True
S1_C1_E99_V0243,E99,S1,C1,11.0,30.0,False,330,329,650,True
S1_C1_E99_V0244,E99,S1,C1,8.0,30.0,False,240,227,448,True
S1_C1_E99_V0245,E99,S1,C1,3.5,30.0,False,105,105,210,True
S1_C1_E99_V0246,E99,S1,C1,2.0,30.0,False,60,60,120,True
S1_C1_E99_V0247,E99,S1,C1,2.0,30.0,False,60,60,113,True
S1_C1_E99_V0248,E99,S1,C1,2.0,30.0,False,60,60,120,True
S1_C1_E99_V0249,E99,S1,C1,2.5,30.0,False,75,61,61,True
S1_C1_E99_V0250,E99,S1,C1,6.5,30.0,False,195,98,98,True
S1_C1_E9_V0030,E9,S1,C1,20.5,30.0,False,615,244,244,True
S1_C2_E103_V0118,E103,S1,C2,20.5,30.0,True,615,0,0,False
S1_C2_E104_V0119,E104,S1,C2,20.5,30.0,False,615,615,615,True
S1_C2_E104_V0120,E104,S1,C2,20.5,30.0,False,615,615,615,True
S1_C2_E105_V0121,E105,S1,C2,20.5,30.0,False,615,615,615,True
S1_C2_E105_V0122,E105,S1,C2,20.5,30.0,False,615,615,615,True
S1_C2_E105_V0123,E105,S1,C2,20.5,30.0,False,615,615,615,True
S1_C2_E105_V0124,E105,S1,C2,20.5,30.0,False,615,615,615,True
S1_C2_E105_V0125,E105,S1,C2,20.5,30.0,False,615,615,615,True
S1_C2_E105_V0126,E105,S1,C2,20.5,30.0,False,615,615,615,True
S1_C2_E105_V0127,E105,S1,C2,20.5,30.0,False,615,615,615,True
S1_C2_E105_V0128,E105,S1,C2,20.5,30.0,False,615,615,615,True
S1_C2_E105_V0129,E105,S1,C2,20.5,30.0,False,615,615,615,True
S1_C2_E105_V0130,E105,S1,C2,20.5,30.0,False,615,615,615,True
S1_C2_E105_V0131,E105,S1,C2,20.5,30.0,False,615,615,615,True
S1_C2_E105_V0132,E105,S1,C2,20.5,30.0,False,615,615,615,True
S1_C2_E105_V0133,E105,S1,C2,20.5,30.0,False,615,615,615,True
S1_C2_E105_V0134,E105,S1,C2,20.5,30.0,False,615,615,615,True
S1_C2_E105_V0135,E105,S1,C2,20.5,30.0,False,615,615,615,True
S1_C2_E105_V0136,E105,S1,C2,20.5,30.0,False,615,615,615,True
S1_C2_E105_V0137,E105,S1,C2,20.5,30.0,False,615,615,615,True
S1_C2_E105_V0138,E105,S1,C2,20.5,30.0,False,615,615,615,True
S1_C2_E105_V0139,E105,S1,C2,20.5,30.0,False,615,615,615,True
S1_C2_E105_V0140,E105,S1,C2,20.5,30.0,False,615,615,615,True
S1_C2_E105_V0141,E105,S1,C2,20.5,30.0,False,615,615,615,True
S1_C2_E105_V0142,E105,S1,C2,20.5,30.0,False,615,615,615,True
S1_C2_E105_V0143,E105,S1,C2,20.5,30.0,False,615,615,615,True
S1_C2_E105_V0144,E105,S1,C2,20.5,30.0,False,615,615,615,True
S1_C2_E105_V0145,E105,S1,C2,20.5,30.0,False,615,615,615,True
S1_C2_E105_V0146,E105,S1,C2,20.5,30.0,False,615,601,601,True
S1_C2_E105_V0147,E105,S1,C2,20.5,30.0,False,615,609,609,True
S1_C2_E105_V0148,E105,S1,C2,20.5,30.0,False,615,615,615,True
S1_C2_E105_V0149,E105,S1,C2,20.5,30.0,False,615,615,615,True
S1_C2_E105_V0150,E105,S1,C2,20.5,30.0,False,615,615,615,True
S1_C2_E106_V0151,E106,S1,C2,20.5,30.0,False,615,615,615,True
S1_C2_E106_V0152,E106,S1,C2,20.5,30.0,False,615,615,615,True
S1_C2_E106_V0153,E106,S1,C2,20.5,30.0,False,615,615,615,True
S1_C2_E106_V0154,E106,S1,C2,20.5,30.0,False,615,615,615,True
S1_C2_E106_V0155,E106,S1,C2,20.5,30.0,False,615,212,212,True
S1_C2_E107_V0156,E107,S1,C2,20.5,30.0,False,615,615,615,True
S1_C2_E107_V0157,E107,S1,C2,20.5,30.0,False,615,615,615,True
S1_C2_E107_V0158,E107,S1,C2,20.5,30.0,False,615,615,615,True
S1_C2_E107_V0159,E107,S1,C2,20.5,30.0,False,615,615,615,True
S1_C2_E108_V0160,E108,S1,C2,20.5,30.0,False,615,615,615,True
S1_C2_E109_V0161,E109,S1,C2,20.5,30.0,False,615,615,615,True
S1_C2_E109_V0162,E109,S1,C2,20.5,30.0,False,615,380,380,True
S1_C2_E115_V0163,E115,S1,C2,20.5,30.0,False,615,614,614,True
S1_C2_E115_V0164,E115,S1,C2,20.5,30.0,False,615,610,610,True
S1_C2_E115_V0165,E115,S1,C2,20.5,30.0,False,615,613,613,True
S1_C2_E115_V0166,E115,S1,C2,20.5,30.0,False,615,447,447,True
S1_C2_E115_V0167,E115,S1,C2,20.5,30.0,False,615,555,555,True
S1_C2_E115_V0168,E115,S1,C2,20.5,30.0,False,615,615,615,True
S1_C2_E115_V0169,E115,S1,C2,20.5,30.0,False,615,535,535,True
S1_C2_E117_V0170,E117,S1,C2,20.5,30.0,False,615,615,615,True
S1_C2_E117_V0171,E117,S1,C2,20.5,30.0,False,615,615,615,True
S1_C2_E117_V0172,E117,S1,C2,20.5,30.0,False,615,615,615,True
S1_C2_E117_V0173,E117,S1,C2,20.5,30.0,False,615,615,615,True
S1_C2_E117_V0174,E117,S1,C2,20.5,30.0,False,615,615,615,True
S1_C2_E117_V0175,E117,S1,C2,20.5,30.0,False,615,615,615,True
S1_C2_E117_V0176,E117,S1,C2,13.5,30.0,False,405,401,401,True
S1_C2_E117_V0177,E117,S1,C2,19.5,30.0,False,585,575,575,True
S1_C2_E118_V0178,E118,S1,C2,20.5,30.0,False,615,615,615,True
S1_C2_E118_V0179,E118,S1,C2,19.5,30.0,False,585,581,581,True
S1_C2_E118_V0180,E118,S1,C2,5.0,30.0,False,150,149,149,True
S1_C2_E118_V0181,E118,S1,C2,3.0,30.0,False,90,82,82,True
S1_C2_E118_V0182,E118,S1,C2,2.5,30.0,False,75,64,64,True
S1_C2_E118_V0183,E118,S1,C2,16.5,30.0,False,495,491,491,True
S1_C2_E121_V0184,E121,S1,C2,20.5,30.0,False,615,615,615,True
S1_C2_E121_V0185,E121,S1,C2,20.5,30.0,False,615,615,615,True
S1_C2_E121_V0186,E121,S1,C2,20.5,30.0,False,615,615,615,True
S1_C2_E121_V0187,E121,S1,C2,20.5,30.0,False,615,615,615,True
S1_C2_E121_V0188,E121,S1,C2,20.5,30.0,False,615,615,615,True
S1_C2_E121_V0189,E121,S1,C2,20.5,30.0,False,615,615,615,True
S1_C2_E121_V0190,E121,S1,C2,20.5,30.0,False,615,615,615,True
S1_C2_E121_V0191,E121,S1,C2,20.5,30.0,False,615,615,615,True
S1_C2_E121_V0192,E121,S1,C2,20.5,30.0,False,615,615,615,True
S1_C2_E121_V0193,E121,S1,C2,20.5,30.0,False,615,147,147,True
S1_C2_E122_V0194,E122,S1,C2,20.5,30.0,False,615,615,615,True
S1_C2_E122_V0195,E122,S1,C2,20.5,30.0,False,615,615,615,True
S1_C2_E122_V0196,E122,S1,C2,8.5,30.0,False,255,252,252,True
S1_C2_E122_V0197,E122,S1,C2,7.5,30.0,False,225,215,215,True
S1_C2_E122_V0198,E122,S1,C2,3.0,30.0,False,90,82,82,True
S1_C2_E122_V0199,E122,S1,C2,6.5,30.0,False,195,191,191,True
S1_C2_E122_V0200,E122,S1,C2,4.0,30.0,False,120,107,107,True
S1_C2_E122_V0201,E122,S1,C2,4.0,30.0,False,120,113,113,True
S1_C2_E122_V0202,E122,S1,C2,13.5,30.0,False,405,401,401,True
S1_C2_E122_V0203,E122,S1,C2,3.0,30.0,False,90,84,84,True
S1_C2_E122_V0204,E122,S1,C2,2.5,30.0,False,75,72,72,True
S1_C2_E122_V0205,E122,S1,C2,6.0,30.0,False,180,179,179,True
S1_C2_E122_V0206,E122,S1,C2,2.0,30.0,False,60,59,59,True
S1_C2_E122_V0207,E122,S1,C2,3.5,30.0,False,105,95,95,True
S1_C2_E122_V0208,E122,S1,C2,5.0,30.0,False,150,137,137,True
S1_C2_E122_V0209,E122,S1,C2,7.0,30.0,False,210,209,209,True
S1_C2_E122_V0210,E122,S1,C2,11.0,30.0,False,330,317,317,True
S1_C2_E122_V0211,E122,S1,C2,2.5,30.0,False,75,65,65,True
S1_C2_E122_V0212,E122,S1,C2,5.0,30.0,False,150,137,137,True
S1_C2_E122_V0213,E122,S1,C2,2.5,30.0,False,75,74,74,True
S1_C2_E122_V0214,E122,S1,C2,11.0,30.0,False,330,323,323,True
S1_C2_E122_V0215,E122,S1,C2,5.5,30.0,False,165,161,161,True
S1_C2_E122_V0216,E122,S1,C2,2.5,30.0,False,75,64,64,True
S1_C2_E122_V0217,E122,S1,C2,5.0,30.0,False,150,149,149,True
S1_C2_E122_V0218,E122,S1,C2,6.0,30.0,False,180,167,167,True
S1_C2_E122_V0219,E122,S1,C2,4.0,30.0,False,120,119,119,True
S1_C2_E122_V0220,E122,S1,C2,1.5,30.0,False,45,45,45,True
S1_C2_E122_V0221,E122,S1,C2,1.5,30.0,True,45,0,0,False
S1_C2_E122_V0222,E122,S1,C2,1.5,30.0,True,45,0,0,False
S1_C2_E122_V0223,E122,S1,C2,1.0,30.0,True,30,0,0,False
S1_C2_E122_V0224,E122,S1,C2,1.5,30.0,True,45,0,0,False
S1_C2_E122_V0225,E122,S1,C2,2.5,30.0,False,75,68,68,True
S1_C2_E122_V0226,E122,S1,C2,1.5,30.0,False,45,42,42,True
S1_C2_E122_V0227,E122,S1,C2,1.0,30.0,True,30,0,0,False
S1_C2_E122_V0228,E122,S1,C2,1.0,30.0,True,30,0,0,False
S1_C2_E122_V0229,E122,S1,C2,1.0,30.0,True,30,0,0,False
S1_C2_E122_V0230,E122,S1,C2,1.5,30.0,True,45,0,0,False
S1_C2_E122_V0231,E122,S1,C2,1.0,30.0,True,30,0,0,False
S1_C2_E122_V0232,E122,S1,C2,1.0,30.0,True,30,0,0,False
S1_C2_E122_V0233,E122,S1,C2,3.0,30.0,False,90,88,88,True
S1_C2_E122_V0234,E122,S1,C2,1.5,30.0,False,45,40,40,True
S1_C2_E122_V0235,E122,S1,C2,2.0,30.0,False,60,53,53,True
S1_C2_E122_V0236,E122,S1,C2,1.5,30.0,False,45,45,45,True
S1_C2_E122_V0237,E122,S1,C2,2.5,30.0,False,75,71,71,True
S1_C2_E122_V0238,E122,S1,C2,2.5,30.0,False,75,69,69,True
S1_C2_E122_V0239,E122,S1,C2,4.0,30.0,False,120,107,107,True
S1_C2_E122_V0240,E122,S1,C2,1.5,30.0,True,45,0,0,False
S1_C2_E122_V0241,E122,S1,C2,2.0,30.0,False,60,59,59,True
S1_C2_E122_V0242,E122,S1,C2,1.5,30.0,False,45,37,37,True
S1_C2_E122_V0243,E122,S1,C2,1.5,30.0,False,45,37,37,True
S1_C2_E122_V0244,E122,S1,C2,1.5,30.0,False,45,36,36,True
S1_C2_E122_V0245,E122,S1,C2,2.0,30.0,False,60,55,55,True
S1_C2_E122_V0246,E122,S1,C2,1.0,30.0,True,30,0,0,False
S1_C2_E122_V0247,E122,S1,C2,1.0,30.0,True,30,0,0,False
S1_C2_E122_V0248,E122,S1,C2,4.0,30.0,False,120,119,119,True
S1_C2_E122_V0249,E122,S1,C2,3.0,30.0,False,90,88,88,True
S1_C2_E122_V0250,E122,S1,C2,3.0,30.0,False,90,81,81,True
S1_C2_E122_V0251,E122,S1,C2,1.5,30.0,False,45,39,39,True
S1_C2_E122_V0252,E122,S1,C2,1.5,30.0,False,45,44,44,True
S1_C2_E122_V0253,E122,S1,C2,1.0,30.0,True,30,0,0,False
S1_C2_E122_V0254,E122,S1,C2,1.0,30.0,True,30,0,0,False
S1_C2_E122_V0255,E122,S1,C2,1.0,30.0,True,30,0,0,False
S1_C2_E122_V0256,E122,S1,C2,1.0,30.0,True,30,0,0,False
S1_C2_E122_V0257,E122,S1,C2,1.5,30.0,False,45,38,38,True
S1_C2_E122_V0258,E122,S1,C2,1.0,30.0,True,30,0,0,False
S1_C2_E122_V0259,E122,S1,C2,4.0,30.0,False,120,119,119,True
S1_C2_E122_V0260,E122,S1,C2,2.5,30.0,False,75,70,70,True
S1_C2_E122_V0261,E122,S1,C2,2.5,30.0,False,75,73,73,True
S1_C2_E122_V0262,E122,S1,C2,2.5,30.0,False,75,75,75,True
S1_C2_E122_V0263,E122,S1,C2,5.5,30.0,False,165,161,161,True
S1_C2_E122_V0264,E122,S1,C2,6.0,30.0,False,180,173,173,True
S1_C2_E122_V0265,E122,S1,C2,5.0,30.0,True,150,0,0,False
S1_C2_E123_V0266,E123,S1,C2,14.5,30.0,False,435,425,425,True
S1_C2_E123_V0267,E123,S1,C2,12.0,30.0,False,360,356,356,True
S1_C2_E123_V0268,E123,S1,C2,6.0,30.0,False,180,179,179,True
S1_C2_E123_V0269,E123,S1,C2,4.5,30.0,False,135,131,131,True
S1_C2_E123_V0270,E123,S1,C2,5.0,30.0,False,150,137,137,True
S1_C2_E123_V0271,E123,S1,C2,2.0,30.0,False,60,49,49,True
S1_C2_E123_V0272,E123,S1,C2,9.0,30.0,False,270,112,112,True
S1_C2_E123_V0273,E123,S1,C2,7.0,30.0,False,210,197,197,True
S1_C2_E125_V0274,E125,S1,C2,8.0,30.0,False,240,233,233,True
S1_C2_E125_V0275,E125,S1,C2,1.5,30.0,False,45,39,39,True
S1_C2_E125_V0276,E125,S1,C2,1.5,30.0,False,45,36,36,True
S1_C2_E125_V0277,E125,S1,C2,4.0,30.0,False,120,119,119,True
S1_C2_E125_V0278,E125,S1,C2,4.0,30.0,False,120,119,119,True
S1_C2_E125_V0279,E125,S1,C2,1.5,30.0,False,45,45,45,True
S1_C2_E125_V0280,E125,S1,C2,2.5,30.0,False,75,73,73,True
S1_C2_E125_V0281,E125,S1,C2,3.0,30.0,False,90,88,88,True
S1_C2_E130_V0282,E130,S1,C2,20.5,30.0,False,615,615,615,True
S1_C2_E130_V0283,E130,S1,C2,20.5,30.0,False,615,615,615,True
S1_C2_E130_V0284,E130,S1,C2,20.0,30.0,False,600,593,593,True
S1_C2_E130_V0285,E130,S1,C2,14.0,30.0,False,420,419,419,True
S1_C2_E131_V0286,E131,S1,C2,20.5,30.0,False,615,615,615,True
S1_C2_E131_V0287,E131,S1,C2,4.0,30.0,False,120,113,113,True
S1_C2_E131_V0288,E131,S1,C2,3.0,30.0,False,90,83,83,True
S1_C2_E131_V0289,E131,S1,C2,3.0,30.0,False,90,83,83,True
S1_C2_E131_V0290,E131,S1,C2,3.0,30.0,False,90,82,82,True
S1_C2_E131_V0291,E131,S1,C2,2.0,30.0,False,60,54,54,True
S1_C2_E131_V0292,E131,S1,C2,2.0,30.0,False,60,52,52,True
S1_C2_E131_V0293,E131,S1,C2,5.0,30.0,False,150,149,149,True
S1_C2_E131_V0294,E131,S1,C2,1.5,30.0,False,45,41,41,True
S1_C2_E131_V0295,E131,S1,C2,2.0,30.0,False,60,49,49,True
S1_C2_E131_V0296,E131,S1,C2,6.0,30.0,False,180,179,179,True
S1_C2_E131_V0297,E131,S1,C2,2.0,30.0,False,60,51,51,True
S1_C2_E131_V0298,E131,S1,C2,4.0,30.0,False,120,113,113,True
S1_C2_E131_V0299,E131,S1,C2,2.5,30.0,False,75,65,65,True
S1_C2_E131_V0300,E131,S1,C2,1.5,30.0,True,45,0,0,False
S1_C2_E131_V0301,E131,S1,C2,1.5,30.0,False,45,45,45,True
S1_C2_E134_V0302,E134,S1,C2,15.0,30.0,False,450,443,443,True
S1_C2_E134_V0303,E134,S1,C2,4.5,30.0,False,135,131,131,True
S1_C2_E134_V0304,E134,S1,C2,3.0,30.0,False,90,88,88,True
S1_C2_E134_V0305,E134,S1,C2,2.0,30.0,False,60,46,46,True
S1_C2_E136_V0306,E136,S1,C2,20.5,30.0,False,615,615,615,True
S1_C2_E136_V0307,E136,S1,C2,15.0,30.0,False,450,450,450,True
S1_C2_E136_V0308,E136,S1,C2,3.0,30.0,False,90,90,90,True
S1_C2_E136_V0309,E136,S1,C2,10.0,30.0,False,300,300,300,True
S1_C2_E136_V0310,E136,S1,C2,4.0,30.0,False,120,120,120,True
S1_C2_E136_V0311,E136,S1,C2,2.0,30.0,False,60,60,60,True
S1_C2_E136_V0312,E136,S1,C2,5.0,30.0,False,150,150,150,True
S1_C2_E136_V0313,E136,S1,C2,4.5,30.0,False,135,135,135,True
S1_C2_E136_V0314,E136,S1,C2,8.0,30.0,False,240,240,240,True
S1_C2_E136_V0315,E136,S1,C2,13.0,30.0,False,390,390,390,True
S1_C2_E137_V0316,E137,S1,C2,18.0,30.0,False,540,527,527,True
S1_C2_E137_V0317,E137,S1,C2,8.0,30.0,False,240,190,190,True
S1_C2_E137_V0318,E137,S1,C2,7.0,30.0,False,210,197,197,True
S1_C2_E137_V0319,E137,S1,C2,8.0,30.0,True,240,0,0,False
S1_C2_E143_V0320,E143,S1,C2,20.5,30.0,False,615,615,615,True
S1_C2_E143_V0321,E143,S1,C2,17.0,30.0,False,510,504,504,True
S1_C2_E143_V0322,E143,S1,C2,14.0,30.0,False,420,407,407,True
S1_C2_E143_V0323,E143,S1,C2,9.0,30.0,False,270,263,263,True
S1_C2_E143_V0324,E143,S1,C2,6.5,30.0,False,195,191,191,True
S1_C2_E143_V0325,E143,S1,C2,5.0,30.0,False,150,137,137,True
S1_C2_E143_V0326,E143,S1,C2,3.0,30.0,False,90,79,79,True
S1_C2_E143_V0327,E143,S1,C2,1.5,30.0,False,45,45,45,True
S1_C2_E144_V0328,E144,S1,C2,20.5,30.0,False,615,207,207,True
S1_C2_E145_V0329,E145,S1,C2,13.5,30.0,False,405,349,349,True
S1_C2_E145_V0330,E145,S1,C2,2.5,30.0,True,75,0,0,False
S1_C2_E145_V0331,E145,S1,C2,9.5,30.0,False,285,275,275,True
S1_C2_E145_V0332,E145,S1,C2,4.0,30.0,True,120,0,0,False
S1_C2_E145_V0333,E145,S1,C2,3.0,30.0,False,90,87,87,True
S1_C2_E145_V0334,E145,S1,C2,7.0,30.0,False,210,203,203,True
S1_C2_E145_V0335,E145,S1,C2,1.5,30.0,False,45,45,45,True
S1_C2_E145_V0336,E145,S1,C2,2.0,30.0,False,60,54,54,True
S1_C2_E145_V0337,E145,S1,C2,1.5,30.0,False,45,45,45,True
S1_C2_E145_V0338,E145,S1,C2,1.0,30.0,True,30,0,0,False
S1_C2_E145_V0339,E145,S1,C2,1.5,30.0,False,45,41,41,True
S1_C2_E145_V0340,E145,S1,C2,1.0,30.0,True,30,0,0,False
S1_C2_E145_V0341,E145,S1,C2,1.0,30.0,True,30,0,0,False
S1_C2_E145_V0342,E145,S1,C2,1.0,30.0,True,30,0,0,False
S1_C2_E145_V0343,E145,S1,C2,1.0,30.0,True,30,0,0,False
S1_C2_E145_V0344,E145,S1,C2,1.0,30.0,True,30,0,0,False
S1_C2_E146_V0345,E146,S1,C2,120.5,30.0,False,3615,3614,3614,True
S1_C2_E146_V0346,E146,S1,C2,120.5,30.0,False,3615,1090,1090,True
S1_C2_E150_V0347,E150,S1,C2,20.5,30.0,False,615,615,615,True
S1_C2_E150_V0348,E150,S1,C2,6.0,30.0,False,180,167,167,True
S1_C2_E150_V0349,E150,S1,C2,2.5,30.0,False,75,71,71,True
S1_C2_E150_V0350,E150,S1,C2,2.5,30.0,False,75,64,64,True
S1_C2_E150_V0351,E150,S1,C2,2.0,30.0,False,60,50,50,True
S1_C2_E150_V0352,E150,S1,C2,2.5,30.0,False,75,74,74,True
S1_C2_E150_V0353,E150,S1,C2,1.5,30.0,False,45,45,45,True
S1_C2_E150_V0354,E150,S1,C2,1.5,30.0,True,45,0,0,False
S1_C2_E150_V0355,E150,S1,C2,9.0,30.0,False,270,254,254,True
S1_C2_E150_V0356,E150,S1,C2,2.5,30.0,False,75,73,73,True
S1_C2_E150_V0357,E150,S1,C2,2.5,30.0,False,75,64,64,True
S1_C2_E150_V0358,E150,S1,C2,2.5,30.0,False,75,71,71,True
S1_C2_E150_V0359,E150,S1,C2,1.5,30.0,False,45,37,37,True
S1_C2_E150_V0360,E150,S1,C2,2.0,30.0,False,60,54,54,True
S1_C2_E150_V0361,E150,S1,C2,1.5,30.0,False,45,38,38,True
S1_C2_E150_V0362,E150,S1,C2,2.0,30.0,False,60,53,53,True
S1_C2_E150_V0363,E150,S1,C2,3.0,30.0,False,90,90,90,True
S1_C2_E150_V0364,E150,S1,C2,4.5,30.0,False,135,131,131,True
S1_C2_E150_V0365,E150,S1,C2,5.0,30.0,False,150,150,287,True
S1_C2_E150_V0366,E150,S1,C2,2.0,30.0,False,60,59,59,True
S1_C2_E150_V0367,E150,S1,C2,2.0,30.0,False,60,57,57,True
S1_C2_E150_V0368,E150,S1,C2,1.0,30.0,True,30,0,0,False
S1_C2_E150_V0369,E150,S1,C2,1.5,30.0,True,45,0,0,False
S1_C2_E150_V0370,E150,S1,C2,1.0,30.0,True,30,0,0,False
S1_C2_E150_V0371,E150,S1,C2,1.0,30.0,True,30,0,0,False
S1_C2_E150_V0372,E150,S1,C2,1.0,30.0,True,30,0,0,False
S1_C2_E151_V0373,E151,S1,C2,11.0,30.0,False,330,329,329,True
S1_C2_E151_V0374,E151,S1,C2,5.0,30.0,False,150,149,149,True
S1_C2_E151_V0375,E151,S1,C2,3.0,30.0,False,90,83,83,True
S1_C2_E151_V0376,E151,S1,C2,2.0,30.0,False,60,49,49,True
S1_C2_E151_V0377,E151,S1,C2,2.5,30.0,False,75,71,71,True
S1_C2_E151_V0378,E151,S1,C2,2.0,30.0,False,60,58,58,True
S1_C2_E151_V0379,E151,S1,C2,2.0,30.0,False,60,46,46,True
S1_C2_E151_V0380,E151,S1,C2,1.5,30.0,False,45,44,44,True
S1_C2_E153_V0383,E153,S1,C2,6.0,30.0,False,180,179,179,True
S1_C2_E153_V0384,E153,S1,C2,2.0,30.0,True,60,0,0,False
S1_C2_E154_V0385,E154,S1,C2,6.0,30.0,False,180,167,167,True
S1_C2_E154_V0386,E154,S1,C2,1.5,30.0,True,45,0,0,False
S1_C2_E154_V0387,E154,S1,C2,1.0,30.0,True,30,0,0,False
S1_C2_E155_V0388,E155,S1,C2,4.0,30.0,False,120,107,107,True
S1_C2_E155_V0389,E155,S1,C2,1.5,30.0,False,45,39,39,True
S1_C2_E155_V0390,E155,S1,C2,1.0,30.0,True,30,0,0,False
S1_C2_E15_V0026,E15,S1,C2,120.5,30.0,False,3615,1018,1018,True
S1_C2_E162_V0391,E162,S1,C2,120.5,30.0,True,3615,0,0,False
S1_C2_E163_V0392,E163,S1,C2,17.5,30.0,False,525,514,514,True
S1_C2_E169_V0393,E169,S1,C2,20.5,30.0,False,615,581,581,True
S1_C2_E16_V0027,E16,S1,C2,20.5,30.0,False,615,615,615,True
S1_C2_E16_V0028,E16,S1,C2,20.5,30.0,False,615,615,615,True
S1_C2_E16_V0029,E16,S1,C2,20.5,30.0,False,615,305,305,True
S1_C2_E170_V0394,E170,S1,C2,20.5,30.0,False,615,615,615,True
S1_C2_E170_V0395,E170,S1,C2,9.5,30.0,False,285,275,275,True
S1_C2_E170_V0396,E170,S1,C2,8.0,30.0,False,240,233,233,True
S1_C2_E170_V0397,E170,S1,C2,5.5,30.0,False,165,161,161,True
S1_C2_E170_V0398,E170,S1,C2,2.0,30.0,False,60,54,54,True
S1_C2_E170_V0399,E170,S1,C2,13.5,30.0,False,405,86,86,True
S1_C2_E171_V0400,E171,S1,C2,14.0,30.0,False,420,227,227,True
S1_C2_E173_V0401,E173,S1,C2,10.5,30.0,False,315,222,222,True
S1_C2_E174_V0402,E174,S1,C2,8.5,30.0,False,255,124,124,True
S1_C2_E175_V0403,E175,S1,C2,6.0,30.0,False,180,173,173,True
S1_C2_E175_V0404,E175,S1,C2,3.0,30.0,False,90,87,87,True
S1_C2_E175_V0405,E175,S1,C2,1.5,30.0,True,45,0,0,False
S1_C2_E175_V0406,E175,S1,C2,1.5,30.0,True,45,0,0,False
S1_C2_E176_V0407,E176,S1,C2,8.5,30.0,False,255,205,205,True
S1_C2_E177_V0408,E177,S1,C2,120.5,30.0,False,3615,2601,2601,True
S1_C2_E179_V0409,E179,S1,C2,11.5,30.0,False,345,89,148,True
S1_C2_E17_V0030,E17,S1,C2,20.5,30.0,False,615,615,615,True
S1_C2_E17_V0031,E17,S1,C2,20.5,30.0,False,615,615,615,True
S1_C2_E17_V0032,E17,S1,C2,20.5,30.0,False,615,602,602,True
S1_C2_E180_V0410,E180,S1,C2,7.0,30.0,False,210,209,209,True
S1_C2_E181_V0411,E181,S1,C2,6.0,30.0,False,180,179,179,True
S1_C2_E181_V0412,E181,S1,C2,1.5,30.0,False,45,40,40,True
S1_C2_E181_V0413,E181,S1,C2,1.5,30.0,True,45,0,0,False
S1_C2_E181_V0414,E181,S1,C2,2.0,30.0,False,60,60,60,True
S1_C2_E181_V0415,E181,S1,C2,1.5,30.0,False,45,45,45,True
S1_C2_E181_V0416,E181,S1,C2,2.0,30.0,False,60,42,42,True
S1_C2_E181_V0417,E181,S1,C2,1.5,30.0,True,45,0,0,False
S1_C2_E182_V0418,E182,S1,C2,5.5,30.0,False,165,155,155,True
S1_C2_E182_V0419,E182,S1,C2,1.5,30.0,True,45,0,0,False
S1_C2_E182_V0420,E182,S1,C2,1.5,30.0,True,45,0,0,False
S1_C2_E188_V0423,E188,S1,C2,5.0,30.0,False,150,139,139,True
S1_C2_E189_V0424,E189,S1,C2,120.5,30.0,False,3615,3614,3614,True
S1_C2_E189_V0425,E189,S1,C2,120.5,30.0,False,3615,2470,2470,True
S1_C2_E18_V0033,E18,S1,C2,20.5,30.0,False,615,252,252,True
S1_C2_E190_V0426,E190,S1,C2,120.5,30.0,False,3615,475,475,True
S1_C2_E191_V0427,E191,S1,C2,8.5,30.0,False,255,249,249,True
S1_C2_E191_V0428,E191,S1,C2,2.0,30.0,False,60,53,53,True
S1_C2_E191_V0429,E191,S1,C2,3.0,30.0,False,90,82,82,True
S1_C2_E191_V0430,E191,S1,C2,1.0,30.0,True,30,0,0,False
S1_C2_E191_V0431,E191,S1,C2,2.0,30.0,False,60,46,46,True
S1_C2_E191_V0432,E191,S1,C2,2.0,30.0,False,60,47,47,True
S1_C2_E191_V0433,E191,S1,C2,1.0,30.0,True,30,0,0,False
S1_C2_E191_V0434,E191,S1,C2,1.5,30.0,True,45,0,0,False
S1_C2_E191_V0435,E191,S1,C2,1.0,30.0,True,30,0,0,False
S1_C2_E191_V0436,E191,S1,C2,1.0,30.0,True,30,0,0,False
S1_C2_E192_V0437,E192,S1,C2,120.5,30.0,False,3615,1855,1855,True
S1_C2_E194_V0438,E194,S1,C2,120.5,30.0,False,3615,3140,3140,True
S1_C2_E195_V0439,E195,S1,C2,120.5,30.0,False,3615,3615,3615,True
S1_C2_E195_V0440,E195,S1,C2,120.5,30.0,False,3615,3615,3615,True
S1_C2_E195_V0441,E195,S1,C2,120.5,30.0,False,3615,3615,3615,True
S1_C2_E195_V0442,E195,S1,C2,120.5,30.0,False,3615,3615,3615,True
S1_C2_E196_V0443,E196,S1,C2,6.5,30.0,False,195,190,190,True
S1_C2_E196_V0444,E196,S1,C2,2.0,30.0,False,60,55,55,True
S1_C2_E196_V0445,E196,S1,C2,2.5,30.0,False,75,70,70,True
S1_C2_E196_V0446,E196,S1,C2,1.5,30.0,True,45,0,0,False
S1_C2_E196_V0447,E196,S1,C2,2.5,30.0,False,75,70,70,True
S1_C2_E196_V0448,E196,S1,C2,4.0,30.0,False,120,119,119,True
S1_C2_E196_V0449,E196,S1,C2,1.5,30.0,False,45,40,40,True
S1_C2_E196_V0450,E196,S1,C2,1.0,30.0,True,30,0,0,False
S1_C2_E196_V0451,E196,S1,C2,1.0,30.0,True,30,0,0,False
S1_C2_E197_V0452,E197,S1,C2,6.5,30.0,False,195,184,184,True
S1_C2_E197_V0453,E197,S1,C2,4.0,30.0,False,120,107,107,True
S1_C2_E197_V0454,E197,S1,C2,3.0,30.0,False,90,77,77,True
S1_C2_E197_V0455,E197,S1,C2,2.0,30.0,False,60,53,53,True
S1_C2_E197_V0456,E197,S1,C2,4.0,30.0,False,120,113,113,True
S1_C2_E197_V0457,E197,S1,C2,1.5,30.0,False,45,37,37,True
S1_C2_E197_V0458,E197,S1,C2,3.0,30.0,False,90,84,84,True
S1_C2_E197_V0459,E197,S1,C2,2.0,30.0,False,60,60,60,True
S1_C2_E197_V0460,E197,S1,C2,1.5,30.0,True,45,0,0,False
S1_C2_E197_V0461,E197,S1,C2,1.0,30.0,True,30,0,0,False
S1_C2_E197_V0462,E197,S1,C2,1.5,30.0,False,45,36,36,True
S1_C2_E197_V0463,E197,S1,C2,1.0,30.0,True,30,0,0,False
S1_C2_E197_V0464,E197,S1,C2,1.5,30.0,True,45,0,0,False
S1_C2_E197_V0465,E197,S1,C2,1.5,30.0,True,45,0,0,False
S1_C2_E197_V0466,E197,S1,C2,1.0,30.0,True,30,0,0,False
S1_C2_E197_V0467,E197,S1,C2,1.0,30.0,True,30,0,0,False
S1_C2_E197_V0468,E197,S1,C2,1.0,30.0,True,30,0,0,False
S1_C2_E198_V0469,E198,S1,C2,4.0,30.0,False,120,107,107,True
S1_C2_E198_V0470,E198,S1,C2,2.0,30.0,False,60,53,53,True
S1_C2_E198_V0471,E198,S1,C2,1.5,30.0,True,45,0,0,False
S1_C2_E198_V0472,E198,S1,C2,1.5,30.0,False,45,41,41,True
S1_C2_E198_V0473,E198,S1,C2,1.0,30.0,True,30,0,0,False
S1_C2_E198_V0474,E198,S1,C2,1.0,30.0,True,30,0,0,False
S1_C2_E198_V0475,E198,S1,C2,1.0,30.0,True,30,0,0,False
S1_C2_E198_V0476,E198,S1,C2,1.0,30.0,True,30,0,0,False
S1_C2_E198_V0477,E198,S1,C2,1.5,30.0,True,45,0,0,False
S1_C2_E198_V0478,E198,S1,C2,1.0,30.0,True,30,0,0,False
S1_C2_E198_V0479,E198,S1,C2,1.0,30.0,True,30,0,0,False
S1_C2_E198_V0480,E198,S1,C2,1.5,30.0,False,45,37,37,True
S1_C2_E198_V0481,E198,S1,C2,1.5,30.0,True,45,0,0,False
S1_C2_E198_V0482,E198,S1,C2,1.5,30.0,False,45,41,41,True
S1_C2_E198_V0483,E198,S1,C2,1.5,30.0,True,45,0,0,False
S1_C2_E198_V0484,E198,S1,C2,1.5,30.0,True,45,0,0,False
S1_C2_E198_V0485,E198,S1,C2,1.5,30.0,True,45,0,0,False
S1_C2_E198_V0486,E198,S1,C2,1.0,30.0,True,30,0,0,False
S1_C2_E198_V0487,E198,S1,C2,1.0,30.0,True,30,0,0,False
S1_C2_E198_V0488,E198,S1,C2,1.5,30.0,True,45,0,0,False
S1_C2_E198_V0489,E198,S1,C2,1.5,30.0,True,45,0,0,False
S1_C2_E198_V0490,E198,S1,C2,1.0,30.0,True,30,0,0,False
S1_C2_E198_V0491,E198,S1,C2,1.0,30.0,True,30,0,0,False
S1_C2_E198_V0492,E198,S1,C2,1.0,30.0,True,30,0,0,False
S1_C2_E198_V0493,E198,S1,C2,1.0,30.0,True,30,0,0,False
S1_C2_E198_V0494,E198,S1,C2,1.0,30.0,True,30,0,0,False
S1_C2_E198_V0495,E198,S1,C2,1.0,30.0,True,30,0,0,False
S1_C2_E198_V0496,E198,S1,C2,1.0,30.0,True,30,0,0,False
S1_C2_E198_V0497,E198,S1,C2,1.0,30.0,True,30,0,0,False
S1_C2_E198_V0498,E198,S1,C2,1.0,30.0,True,30,0,0,False
S1_C2_E198_V0499,E198,S1,C2,1.0,30.0,True,30,0,0,False
S1_C2_E198_V0500,E198,S1,C2,1.0,30.0,True,30,0,0,False
S1_C2_E198_V0501,E198,S1,C2,1.0,30.0,True,30,0,0,False
S1_C2_E198_V0502,E198,S1,C2,1.0,30.0,True,30,0,0,False
S1_C2_E198_V0503,E198,S1,C2,1.0,30.0,True,30,0,0,False
S1_C2_E198_V0504,E198,S1,C2,1.0,30.0,True,30,0,0,False
S1_C2_E198_V0505,E198,S1,C2,1.0,30.0,True,30,0,0,False
S1_C2_E198_V0506,E198,S1,C2,1.0,30.0,True,30,0,0,False
S1_C2_E198_V0507,E198,S1,C2,1.0,30.0,True,30,0,0,False
S1_C2_E198_V0508,E198,S1,C2,1.0,30.0,True,30,0,0,False
S1_C2_E198_V0509,E198,S1,C2,1.0,30.0,True,30,0,0,False
S1_C2_E198_V0510,E198,S1,C2,1.0,30.0,True,30,0,0,False
S1_C2_E198_V0511,E198,S1,C2,1.0,30.0,True,30,0,0,False
S1_C2_E198_V0512,E198,S1,C2,1.0,30.0,True,30,0,0,False
S1_C2_E198_V0513,E198,S1,C2,1.0,30.0,True,30,0,0,False
S1_C2_E198_V0514,E198,S1,C2,1.0,30.0,True,30,0,0,False
S1_C2_E198_V0515,E198,S1,C2,1.0,30.0,True,30,0,0,False
S1_C2_E200_V0516,E200,S1,C2,1.0,30.0,True,30,0,0,False
S1_C2_E202_V0517,E202,S1,C2,120.5,30.0,False,3615,556,556,True
S1_C2_E219_V0519,E219,S1,C2,8.0,30.0,False,240,160,160,True
S1_C2_E219_V0520,E219,S1,C2,2.0,30.0,False,60,60,60,True
S1_C2_E219_V0521,E219,S1,C2,1.5,30.0,False,45,45,45,True
S1_C2_E21_V0035,E21,S1,C2,120.5,30.0,True,3615,0,0,False
S1_C2_E231_V0524,E231,S1,C2,1.0,30.0,True,30,0,0,False
S1_C2_E231_V0525,E231,S1,C2,1.0,30.0,True,30,0,0,False
S1_C2_E231_V0526,E231,S1,C2,1.5,30.0,False,45,36,36,True
S1_C2_E231_V0527,E231,S1,C2,1.0,30.0,True,30,0,0,False
S1_C2_E231_V0528,E231,S1,C2,1.0,30.0,True,30,0,0,False
S1_C2_E237_V0529,E237,S1,C2,6.0,30.0,False,180,167,167,True
S1_C2_E237_V0530,E237,S1,C2,2.0,30.0,True,60,0,0,False
S1_C2_E237_V0531,E237,S1,C2,3.0,30.0,True,90,0,0,False
S1_C2_E237_V0532,E237,S1,C2,1.5,30.0,False,45,40,40,True
S1_C2_E238_V0533,E238,S1,C2,1.5,30.0,False,45,43,43,True
S1_C2_E238_V0534,E238,S1,C2,1.5,30.0,False,45,37,37,True
S1_C2_E238_V0535,E238,S1,C2,1.0,30.0,True,30,0,0,False
S1_C2_E238_V0536,E238,S1,C2,1.0,30.0,True,30,0,0,False
S1_C2_E238_V0537,E238,S1,C2,1.0,30.0,True,30,0,0,False
S1_C2_E243_V0540,E243,S1,C2,2.0,30.0,True,60,0,0,False
S1_C2_E243_V0541,E243,S1,C2,2.5,30.0,True,75,0,0,False
S1_C2_E243_V0542,E243,S1,C2,2.5,30.0,False,75,16,16,True
S1_C2_E243_V0543,E243,S1,C2,2.0,30.0,False,60,55,55,True
S1_C2_E243_V0544,E243,S1,C2,2.0,30.0,True,60,0,0,False
S1_C2_E243_V0545,E243,S1,C2,2.0,30.0,True,60,0,0,False
S1_C2_E243_V0546,E243,S1,C2,1.5,30.0,True,45,0,0,False
S1_C2_E243_V0547,E243,S1,C2,1.5,30.0,True,45,0,0,False
S1_C2_E243_V0548,E243,S1,C2,1.5,30.0,True,45,0,0,False
S1_C2_E243_V0549,E243,S1,C2,1.0,30.0,True,30,0,0,False
S1_C2_E243_V0550,E243,S1,C2,1.0,30.0,True,30,0,0,False
S1_C2_E243_V0551,E243,S1,C2,1.0,30.0,True,30,0,0,False
S1_C2_E243_V0552,E243,S1,C2,1.0,30.0,True,30,0,0,False
S1_C2_E244_V0553,E244,S1,C2,2.0,30.0,False,60,60,60,True
S1_C2_E244_V0554,E244,S1,C2,2.0,30.0,False,60,49,49,True
S1_C2_E244_V0555,E244,S1,C2,1.0,30.0,True,30,0,0,False
S1_C2_E244_V0556,E244,S1,C2,1.0,30.0,True,30,0,0,False
S1_C2_E244_V0557,E244,S1,C2,1.0,30.0,True,30,0,0,False
S1_C2_E244_V0558,E244,S1,C2,1.0,30.0,True,30,0,0,False
S1_C2_E244_V0559,E244,S1,C2,1.0,30.0,True,30,0,0,False
S1_C2_E251_V0560,E251,S1,C2,1.0,30.0,True,30,0,0,False
S1_C2_E251_V0561,E251,S1,C2,1.0,30.0,True,30,0,0,False
S1_C2_E251_V0562,E251,S1,C2,1.0,30.0,True,30,0,0,False
S1_C2_E251_V0563,E251,S1,C2,1.0,30.0,True,30,0,0,False
S1_C2_E251_V0564,E251,S1,C2,1.0,30.0,True,30,0,0,False
S1_C2_E251_V0565,E251,S1,C2,1.5,30.0,False,45,40,40,True
S1_C2_E251_V0566,E251,S1,C2,1.0,30.0,True,30,0,0,False
S1_C2_E251_V0567,E251,S1,C2,1.0,30.0,True,30,0,0,False
S1_C2_E251_V0568,E251,S1,C2,1.5,30.0,True,45,0,0,False
S1_C2_E251_V0569,E251,S1,C2,1.0,30.0,True,30,0,0,False
S1_C2_E251_V0570,E251,S1,C2,1.5,30.0,True,45,0,0,False
S1_C2_E251_V0571,E251,S1,C2,1.0,30.0,True,30,0,0,False
S1_C2_E251_V0572,E251,S1,C2,1.0,30.0,True,30,0,0,False
S1_C2_E252_V0573,E252,S1,C2,2.0,30.0,False,60,47,47,True
S1_C2_E252_V0574,E252,S1,C2,1.0,30.0,True,30,0,0,False
S1_C2_E252_V0575,E252,S1,C2,1.0,30.0,True,30,0,0,False
S1_C2_E25_V0036,E25,S1,C2,120.5,30.0,False,3615,527,527,True
S1_C2_E27_V0037,E27,S1,C2,20.5,30.0,False,615,611,611,True
S1_C2_E27_V0038,E27,S1,C2,20.5,30.0,False,615,615,615,True
S1_C2_E28_V0039,E28,S1,C2,20.5,30.0,False,615,615,615,True
S1_C2_E29_V0040,E29,S1,C2,120.5,30.0,False,3615,946,1329,True
S1_C2_E30_V0041,E30,S1,C2,20.5,30.0,False,615,615,615,True
S1_C2_E33_V0042,E33,S1,C2,120.5,30.0,False,3615,325,325,True
S1_C2_E33_V0043,E33,S1,C2,120.5,30.0,False,3615,369,369,True
S1_C2_E34_V0044,E34,S1,C2,120.5,30.0,False,3615,495,495,True
S1_C2_E36_V0046,E36,S1,C2,120.5,30.0,False,3615,1264,1264,True
S1_C2_E37_V0047,E37,S1,C2,120.5,30.0,False,3615,2015,2015,True
S1_C2_E38_V0048,E38,S1,C2,120.5,30.0,False,3615,2305,2305,True
S1_C2_E38_V0049,E38,S1,C2,20.5,30.0,False,615,615,615,True
S1_C2_E38_V0050,E38,S1,C2,20.5,30.0,False,615,615,615,True
S1_C2_E38_V0051,E38,S1,C2,20.5,30.0,False,615,615,615,True
S1_C2_E38_V0052,E38,S1,C2,20.5,30.0,False,615,615,615,True
S1_C2_E38_V0053,E38,S1,C2,20.5,30.0,False,615,615,615,True
S1_C2_E38_V0054,E38,S1,C2,20.5,30.0,False,615,615,615,True
S1_C2_E38_V0055,E38,S1,C2,20.5,30.0,False,615,615,615,True
S1_C2_E38_V0056,E38,S1,C2,20.5,30.0,False,615,615,615,True
S1_C2_E38_V0057,E38,S1,C2,20.5,30.0,False,615,42,42,True
S1_C2_E38_V0058,E38,S1,C2,20.5,30.0,False,615,615,615,True
S1_C2_E38_V0059,E38,S1,C2,20.5,30.0,False,615,615,615,True
S1_C2_E38_V0060,E38,S1,C2,20.5,30.0,False,615,494,494,True
S1_C2_E39_V0061,E39,S1,C2,20.5,30.0,False,615,425,425,True
S1_C2_E40_V0062,E40,S1,C2,20.5,30.0,False,615,615,997,True
S1_C2_E40_V0063,E40,S1,C2,20.5,30.0,True,615,0,0,False
S1_C2_E40_V0064,E40,S1,C2,20.5,30.0,False,615,615,615,True
S1_C2_E40_V0065,E40,S1,C2,20.5,30.0,False,615,615,615,True
S1_C2_E40_V0066,E40,S1,C2,20.5,30.0,False,615,615,1230,True
S1_C2_E40_V0067,E40,S1,C2,20.5,30.0,False,615,615,1230,True
S1_C2_E40_V0068,E40,S1,C2,20.5,30.0,False,615,615,1230,True
S1_C2_E40_V0069,E40,S1,C2,20.5,30.0,False,615,615,1230,True
S1_C2_E40_V0070,E40,S1,C2,20.5,30.0,False,615,615,859,True
S1_C2_E40_V0071,E40,S1,C2,20.5,30.0,False,615,93,93,True
S1_C2_E42_V0072,E42,S1,C2,120.5,30.0,False,3615,459,459,True
S1_C2_E49_V0075,E49,S1,C2,120.5,30.0,False,3615,1829,2231,True
S1_C2_E50_V0076,E50,S1,C2,20.5,30.0,False,615,615,1027,True
S1_C2_E50_V0077,E50,S1,C2,20.5,30.0,False,615,359,359,True
S1_C2_E51_V0078,E51,S1,C2,20.5,30.0,True,615,0,0,False
S1_C2_E53_V0079,E53,S1,C2,120.5,30.0,False,3615,433,433,True
S1_C2_E55_V0080,E55,S1,C2,20.5,30.0,False,615,291,291,True
S1_C2_E57_V0089,E57,S1,C2,120.5,30.0,True,3615,0,0,False
S1_C2_E60_V0090,E60,S1,C2,20.5,30.0,False,615,376,632,True
S1_C2_E66_V0092,E66,S1,C2,120.5,30.0,False,3615,200,200,True
S1_C2_E84_V0093,E84,S1,C2,20.5,30.0,False,615,370,370,True
S1_C2_E8_V0021,E8,S1,C2,20.5,30.0,False,615,606,606,True
S1_C2_E8_V0022,E8,S1,C2,20.5,30.0,False,615,615,615,True
S1_C2_E8_V0023,E8,S1,C2,20.5,30.0,False,615,322,322,True
S1_C2_E8_V0024,E8,S1,C2,20.5,30.0,False,615,615,719,True
S1_C2_E8_V0025,E8,S1,C2,20.5,30.0,False,615,615,892,True
S1_C2_E94_V0097,E94,S1,C2,20.5,30.0,False,615,615,615,True
S1_C2_E94_V0098,E94,S1,C2,20.5,30.0,False,615,615,615,True
S1_C2_E94_V0099,E94,S1,C2,20.5,30.0,False,615,615,615,True
S1_C2_E94_V0100,E94,S1,C2,20.5,30.0,False,615,615,615,True
S1_C2_E94_V0101,E94,S1,C2,20.5,30.0,False,615,615,615,True
S1_C2_E94_V0102,E94,S1,C2,20.5,30.0,False,615,615,615,True
S1_C2_E94_V0103,E94,S1,C2,20.5,30.0,False,615,615,615,True
S1_C2_E94_V0104,E94,S1,C2,20.5,30.0,False,615,125,125,True
S1_C2_E94_V0105,E94,S1,C2,20.5,30.0,False,615,615,615,True
S1_C2_E94_V0106,E94,S1,C2,20.5,30.0,False,615,615,615,True
S1_C2_E94_V0107,E94,S1,C2,20.5,30.0,False,615,615,615,True
S1_C2_E94_V0108,E94,S1,C2,20.5,30.0,False,615,615,615,True
S1_C2_E94_V0109,E94,S1,C2,20.5,30.0,False,615,615,615,True
S1_C2_E94_V0110,E94,S1,C2,20.5,30.0,False,615,615,615,True
S1_C2_E94_V0111,E94,S1,C2,20.5,30.0,False,615,615,615,True
S1_C2_E94_V0112,E94,S1,C2,20.5,30.0,False,615,615,615,True
S1_C2_E94_V0113,E94,S1,C2,20.5,30.0,False,615,179,179,True
S1_C2_E99_V0114,E99,S1,C2,20.5,30.0,False,615,615,959,True
S1_C2_E99_V0115,E99,S1,C2,20.5,30.0,False,615,615,1155,True
S1_C2_E99_V0116,E99,S1,C2,20.5,30.0,False,615,615,615,True
S1_C2_E99_V0117,E99,S1,C2,20.5,30.0,False,615,348,348,True
S1_C3_E136_V0056,E136,S1,C3,20.5,30.0,False,615,615,615,True
S1_C3_E140_V0057,E140,S1,C3,120.5,30.0,True,3615,0,0,False
S1_C3_E140_V0058,E140,S1,C3,120.5,30.0,True,3615,0,0,False
S1_C3_E144_V0060,E144,S1,C3,20.5,30.0,False,615,292,292,True
S1_C3_E145_V0061,E145,S1,C3,20.5,30.0,False,615,560,560,True
S1_C3_E151_V0065,E151,S1,C3,20.5,30.0,False,615,161,161,True
S1_C3_E154_V0066,E154,S1,C3,20.5,30.0,False,615,79,79,True
S1_C3_E169_V0075,E169,S1,C3,120.5,30.0,False,3615,808,808,True
S1_C3_E190_V0079,E190,S1,C3,120.5,30.0,False,3615,70,70,True
S1_C3_E191_V0080,E191,S1,C3,20.5,30.0,False,615,523,523,True
S1_C3_E192_V0081,E192,S1,C3,120.5,30.0,False,3615,904,904,True
S1_C3_E198_V0082,E198,S1,C3,20.5,30.0,False,615,615,615,True
S1_C3_E200_V0084,E200,S1,C3,20.5,30.0,False,615,585,585,True
S1_C3_E219_V0088,E219,S1,C3,20.5,30.0,False,615,615,615,True
S1_C3_E224_V0089,E224,S1,C3,20.5,30.0,False,615,55,55,True
S1_C3_E228_V0090,E228,S1,C3,120.5,30.0,True,3615,0,0,False
S1_C3_E237_V0092,E237,S1,C3,20.5,30.0,False,615,160,160,True
S1_C3_E243_V0093,E243,S1,C3,20.5,30.0,False,615,615,615,True
S1_C3_E27_V0016,E27,S1,C3,20.5,30.0,False,615,615,615,True
S1_C3_E27_V0017,E27,S1,C3,20.5,30.0,False,615,615,615,True
S1_C3_E36_V0018,E36,S1,C3,120.5,30.0,False,3615,2510,2510,True
S1_C3_E37_V0019,E37,S1,C3,120.5,30.0,False,3615,1627,1627,True
S1_C3_E61_V0029,E61,S1,C3,20.5,30.0,False,615,318,318,True
S1_C3_E67_V0030,E67,S1,C3,20.5,30.0,False,615,615,615,True
S1_C3_E67_V0031,E67,S1,C3,20.5,30.0,False,615,615,615,True
S1_C3_E67_V0032,E67,S1,C3,20.5,30.0,False,615,615,615,True
S1_C3_E67_V0033,E67,S1,C3,20.5,30.0,True,615,0,0,False
S1_C3_E84_V0038,E84,S1,C3,20.5,30.0,False,615,370,370,True
S2_C1_E260_V0017,E260,S2,C1,20.5,30.0,False,615,613,613,True
S2_C1_E260_V0018,E260,S2,C1,20.5,30.0,False,615,615,615,True
S2_C1_E260_V0019,E260,S2,C1,20.5,30.0,False,615,615,615,True
S2_C1_E260_V0020,E260,S2,C1,20.5,30.0,False,615,615,615,True
S2_C1_E260_V0021,E260,S2,C1,20.5,30.0,False,615,615,615,True
S2_C1_E260_V0022,E260,S2,C1,20.5,30.0,False,615,120,120,True
S2_C1_E263_V0023,E263,S2,C1,120.5,30.0,False,3615,159,159,True
S2_C1_E264_V0024,E264,S2,C1,120.5,30.0,True,3615,0,0,False
S2_C1_E265_V0025,E265,S2,C1,20.5,30.0,False,615,135,135,True
S2_C1_E265_V0026,E265,S2,C1,20.5,30.0,False,615,350,350,True
S2_C1_E265_V0027,E265,S2,C1,20.5,30.0,False,615,522,522,True
S2_C1_E265_V0028,E265,S2,C1,20.5,30.0,False,615,215,215,True
S2_C1_E265_V0029,E265,S2,C1,20.5,30.0,False,615,70,70,True
S2_C1_E265_V0030,E265,S2,C1,20.5,30.0,False,615,615,615,True
S2_C1_E270_V0031,E270,S2,C1,20.5,30.0,False,615,615,615,True
S2_C1_E270_V0032,E270,S2,C1,20.5,30.0,False,615,562,620,True
S2_C1_E274_V0033,E274,S2,C1,120.5,30.0,False,3615,959,959,True
S2_C1_E276_V0035,E276,S2,C1,20.5,30.0,False,615,73,73,True
S2_C1_E280_V0036,E280,S2,C1,120.5,30.0,False,3615,84,84,True
S2_C1_E280_V0037,E280,S2,C1,120.5,30.0,False,3615,439,488,True
S2_C1_E281_V0038,E281,S2,C1,120.5,30.0,False,3615,2698,2698,True
S2_C1_E284_V0039,E284,S2,C1,20.5,30.0,False,615,156,156,True
S2_C1_E284_V0040,E284,S2,C1,20.5,30.0,False,615,505,505,True
S2_C1_E285_V0041,E285,S2,C1,120.5,30.0,False,3615,146,146,True
S2_C1_E290_V0042,E290,S2,C1,20.5,30.0,False,615,88,88,True
S2_C1_E291_V0043,E291,S2,C1,20.5,30.0,False,615,326,503,True
S2_C1_E292_V0044,E292,S2,C1,20.5,30.0,True,615,0,0,False
S2_C1_E292_V0045,E292,S2,C1,20.5,30.0,True,615,0,0,False
S2_C1_E293_V0046,E293,S2,C1,20.5,30.0,True,615,0,0,False
S2_C1_E300_V0047,E300,S2,C1,20.5,30.0,False,615,615,1158,True
S2_C1_E300_V0048,E300,S2,C1,20.5,30.0,False,615,336,400,True
S2_C1_E301_V0049,E301,S2,C1,120.5,30.0,False,3615,1824,1914,True
S2_C1_E304_V0050,E304,S2,C1,120.5,30.0,False,3615,1338,3880,True
S2_C1_E305_V0051,E305,S2,C1,120.5,30.0,False,3615,88,139,True
S2_C1_E306_V0052,E306,S2,C1,120.5,30.0,False,3615,1641,1641,True
S2_C1_E306_V0053,E306,S2,C1,20.5,30.0,False,615,208,208,True
S2_C1_E307_V0054,E307,S2,C1,20.5,30.0,False,615,615,650,True
S2_C1_E307_V0055,E307,S2,C1,20.5,30.0,False,615,77,77,True
S2_C1_E308_V0056,E308,S2,C1,20.5,30.0,False,615,99,99,True
S2_C1_E308_V0057,E308,S2,C1,20.5,30.0,False,615,614,614,True
S2_C1_E308_V0058,E308,S2,C1,20.5,30.0,False,615,615,615,True
S2_C1_E308_V0059,E308,S2,C1,20.5,30.0,False,615,597,597,True
S2_C1_E308_V0060,E308,S2,C1,20.5,30.0,False,615,163,163,True
S2_C1_E312_V0062,E312,S2,C1,120.5,30.0,True,3615,0,0,False
S2_C1_E321_V0067,E321,S2,C1,120.5,30.0,True,3615,0,0,False
S2_C1_E322_V0068,E322,S2,C1,120.5,30.0,True,3615,0,0,False
S2_C1_E322_V0069,E322,S2,C1,120.5,30.0,True,3615,0,0,False
S2_C1_E322_V0070,E322,S2,C1,120.5,30.0,True,3615,0,0,False
S2_C1_E322_V0071,E322,S2,C1,120.5,30.0,True,3615,0,0,False
S2_C1_E323_V0072,E323,S2,C1,20.5,30.0,False,615,613,613,True
S2_C1_E323_V0073,E323,S2,C1,20.5,30.0,False,615,517,517,True
S2_C1_E323_V0074,E323,S2,C1,20.5,30.0,False,615,72,72,True
S2_C1_E332_V0076,E332,S2,C1,120.5,30.0,False,3615,662,662,True
S2_C1_E334_V0077,E334,S2,C1,20.5,30.0,False,615,567,567,True
S2_C1_E339_V0079,E339,S2,C1,20.5,30.0,False,615,371,553,True
S2_C1_E339_V0080,E339,S2,C1,20.5,30.0,False,615,130,184,True
S2_C1_E339_V0081,E339,S2,C1,20.5,30.0,False,615,209,253,True
S2_C1_E341_V0082,E341,S2,C1,20.5,30.0,False,615,379,379,True
S2_C1_E343_V0083,E343,S2,C1,20.5,30.0,False,615,319,319,True
S2_C1_E347_V0084,E347,S2,C1,20.5,30.0,False,615,329,329,True
S2_C1_E349_V0085,E349,S2,C1,20.5,30.0,False,615,615,615,True
S2_C1_E350_V0086,E350,S2,C1,20.5,30.0,False,615,445,445,True
S2_C1_E353_V0087,E353,S2,C1,20.5,30.0,False,615,615,615,True
S2_C1_E353_V0088,E353,S2,C1,20.5,30.0,False,615,615,615,True
S2_C1_E353_V0089,E353,S2,C1,20.5,30.0,False,615,615,1230,True
S2_C1_E353_V0090,E353,S2,C1,20.5,30.0,False,615,480,480,True
S2_C1_E357_V0091,E357,S2,C1,20.5,30.0,False,615,614,614,True
S2_C1_E357_V0092,E357,S2,C1,20.5,30.0,False,615,615,663,True
S2_C1_E357_V0093,E357,S2,C1,20.5,30.0,False,615,473,473,True
S2_C1_E358_V0094,E358,S2,C1,20.5,30.0,False,615,315,410,True
S2_C1_E359_V0095,E359,S2,C1,20.5,30.0,False,615,555,555,True
S2_C1_E360_V0096,E360,S2,C1,20.5,30.0,False,615,175,175,True
S2_C1_E361_V0097,E361,S2,C1,20.5,30.0,False,615,430,680,True
S2_C1_E363_V0098,E363,S2,C1,20.5,30.0,False,615,117,117,True
S2_C1_E365_V0100,E365,S2,C1,120.5,30.0,False,3615,72,72,True
S2_C1_E366_V0101,E366,S2,C1,20.5,30.0,False,615,319,319,True
S2_C1_E367_V0102,E367,S2,C1,20.5,30.0,False,615,112,112,True
S2_C1_E368_V0103,E368,S2,C1,20.5,30.0,False,615,298,298,True
S2_C1_E369_V0104,E369,S2,C1,20.5,30.0,False,615,554,554,True
S2_C1_E371_V0105,E371,S2,C1,20.5,30.0,False,615,90,90,True
S2_C1_E375_V0106,E375,S2,C1,20.5,30.0,False,615,226,226,True
S2_C1_E376_V0107,E376,S2,C1,20.5,30.0,False,615,169,169,True
S2_C1_E377_V0108,E377,S2,C1,20.5,30.0,False,615,103,103,True
S2_C1_E378_V0109,E378,S2,C1,120.5,30.0,False,3615,197,217,True
S2_C1_E384_V0110,E384,S2,C1,20.5,30.0,False,615,139,139,True
S2_C1_E387_V0112,E387,S2,C1,20.5,30.0,False,615,242,242,True
S2_C1_E388_V0113,E388,S2,C1,20.5,30.0,False,615,399,399,True
S2_C1_E390_V0114,E390,S2,C1,20.5,30.0,False,615,130,130,True
S2_C1_E393_V0116,E393,S2,C1,120.5,30.0,False,3615,285,285,True
S2_C1_E394_V0117,E394,S2,C1,20.5,30.0,False,615,75,75,True
S2_C2_E260_V0018,E260,S2,C2,20.5,30.0,False,615,448,448,True
S2_C2_E260_V0019,E260,S2,C2,20.5,30.0,False,615,586,586,True
S2_C2_E260_V0020,E260,S2,C2,20.5,30.0,False,615,615,615,True
S2_C2_E263_V0023,E263,S2,C2,120.5,30.0,False,3615,58,58,True
S2_C2_E265_V0024,E265,S2,C2,20.5,30.0,False,615,613,674,True
S2_C2_E265_V0025,E265,S2,C2,20.5,30.0,False,615,605,605,True
S2_C2_E270_V0027,E270,S2,C2,20.5,30.0,False,615,615,615,True
S2_C2_E270_V0028,E270,S2,C2,20.5,30.0,False,615,615,615,True
S2_C2_E270_V0029,E270,S2,C2,20.5,30.0,False,615,615,615,True
S2_C2_E270_V0030,E270,S2,C2,20.5,30.0,False,615,615,615,True
S2_C2_E270_V0031,E270,S2,C2,20.5,30.0,False,615,615,615,True
S2_C2_E280_V0033,E280,S2,C2,120.5,30.0,False,3615,2932,3189,True
S2_C2_E280_V0034,E280,S2,C2,120.5,30.0,False,3615,3608,3608,True
S2_C2_E280_V0035,E280,S2,C2,120.5,30.0,False,3615,3615,3615,True
S2_C2_E280_V0036,E280,S2,C2,120.5,30.0,False,3615,1329,1329,True
S2_C2_E280_V0037,E280,S2,C2,120.5,30.0,False,3615,1032,1334,True
S2_C2_E281_V0038,E281,S2,C2,120.5,30.0,False,3615,1723,1723,True
S2_C2_E284_V0040,E284,S2,C2,20.5,30.0,False,615,287,287,True
S2_C2_E290_V0042,E290,S2,C2,20.5,30.0,False,615,407,407,True
S2_C2_E291_V0043,E291,S2,C2,20.5,30.0,False,615,615,1050,True
S2_C2_E292_V0044,E292,S2,C2,20.5,30.0,True,615,0,0,False
S2_C2_E292_V0045,E292,S2,C2,20.5,30.0,False,615,108,108,True
S2_C2_E293_V0046,E293,S2,C2,20.5,30.0,False,615,86,86,True
S2_C2_E297_V0048,E297,S2,C2,120.5,30.0,True,3615,0,0,False
S2_C2_E300_V0050,E300,S2,C2,20.5,30.0,False,615,613,1132,True
S2_C2_E300_V0051,E300,S2,C2,20.5,30.0,False,615,363,466,True
S2_C2_E301_V0052,E301,S2,C2,120.5,30.0,False,3615,2217,3942,True
S2_C2_E304_V0055,E304,S2,C2,120.5,30.0,False,3615,95,139,True
S2_C2_E305_V0056,E305,S2,C2,120.5,30.0,False,3615,146,173,True
S2_C2_E306_V0057,E306,S2,C2,120.5,30.0,False,3615,3327,3327,True
S2_C2_E306_V0058,E306,S2,C2,20.5,30.0,False,615,584,584,True
S2_C2_E307_V0059,E307,S2,C2,20.5,30.0,False,615,615,1155,True
S2_C2_E307_V0060,E307,S2,C2,20.5,30.0,False,615,85,85,True
S2_C2_E308_V0061,E308,S2,C2,20.5,30.0,False,615,615,615,True
S2_C2_E308_V0062,E308,S2,C2,20.5,30.0,False,615,90,90,True
S2_C2_E312_V0064,E312,S2,C2,120.5,30.0,False,3615,155,155,True
S2_C2_E313_V0065,E313,S2,C2,120.5,30.0,False,3615,2420,3638,True
S2_C2_E323_V0071,E323,S2,C2,20.5,30.0,False,615,615,615,True
S2_C2_E323_V0072,E323,S2,C2,20.5,30.0,False,615,615,615,True
S2_C2_E323_V0073,E323,S2,C2,20.5,30.0,False,615,540,540,True
S2_C2_E330_V0077,E330,S2,C2,120.5,30.0,True,3615,0,0,False
S2_C2_E332_V0079,E332,S2,C2,120.5,30.0,False,3615,231,231,True
S2_C2_E334_V0080,E334,S2,C2,20.5,30.0,False,615,60,60,True
S2_C2_E336_V0081,E336,S2,C2,120.5,30.0,False,3615,3614,3614,True
S2_C2_E339_V0083,E339,S2,C2,20.5,30.0,False,615,332,625,True
S2_C2_E339_V0084,E339,S2,C2,20.5,30.0,False,615,145,277,True
S2_C2_E339_V0085,E339,S2,C2,20.5,30.0,False,615,575,1422,True
S2_C2_E341_V0086,E341,S2,C2,20.5,30.0,False,615,175,175,True
S2_C2_E343_V0087,E343,S2,C2,20.5,30.0,False,615,157,157,True
S2_C2_E344_V0088,E344,S2,C2,20.5,30.0,False,615,85,85,True
S2_C2_E344_V0089,E344,S2,C2,20.5,30.0,False,615,157,157,True
S2_C2_E347_V0092,E347,S2,C2,20.5,30.0,False,615,597,597,True
S2_C2_E349_V0094,E349,S2,C2,20.5,30.0,False,615,398,398,True
S2_C2_E350_V0095,E350,S2,C2,20.5,30.0,False,615,615,615,True
S2_C2_E350_V0096,E350,S2,C2,20.5,30.0,False,615,612,612,True
S2_C2_E351_V0097,E351,S2,C2,20.5,30.0,False,615,615,950,True
S2_C2_E351_V0098,E351,S2,C2,20.5,30.0,False,615,615,1232,True
S2_C2_E351_V0099,E351,S2,C2,20.5,30.0,False,615,105,105,True
S2_C2_E358_V0105,E358,S2,C2,20.5,30.0,False,615,319,676,True
S2_C2_E359_V0106,E359,S2,C2,20.5,30.0,False,615,202,202,True
S2_C2_E363_V0107,E363,S2,C2,20.5,30.0,False,615,615,615,True
S2_C2_E365_V0109,E365,S2,C2,120.5,30.0,False,3615,3523,3523,True
S2_C2_E365_V0110,E365,S2,C2,120.5,30.0,False,3615,508,508,True
S2_C2_E366_V0111,E366,S2,C2,20.5,30.0,False,615,226,226,True
S2_C2_E367_V0112,E367,S2,C2,20.5,30.0,False,615,395,395,True
S2_C2_E368_V0113,E368,S2,C2,20.5,30.0,False,615,86,86,True
S2_C2_E369_V0114,E369,S2,C2,20.5,30.0,False,615,526,824,True
S2_C2_E370_V0115,E370,S2,C2,20.5,30.0,False,615,188,188,True
S2_C2_E371_V0116,E371,S2,C2,20.5,30.0,False,615,45,45,True
S2_C2_E375_V0118,E375,S2,C2,20.5,30.0,True,615,0,0,False
S2_C2_E376_V0119,E376,S2,C2,20.5,30.0,False,615,568,568,True
S2_C2_E377_V0120,E377,S2,C2,20.5,30.0,False,615,615,615,True
S2_C2_E378_V0121,E378,S2,C2,120.5,30.0,False,3615,459,459,True
S2_C2_E384_V0127,E384,S2,C2,20.5,30.0,False,615,615,615,True
S2_C2_E387_V0129,E387,S2,C2,20.5,30.0,False,615,220,220,True
S2_C2_E388_V0130,E388,S2,C2,20.5,30.0,False,615,359,359,True
S2_C2_E389_V0131,E389,S2,C2,20.5,30.0,False,615,70,70,True
S2_C2_E390_V0132,E390,S2,C2,20.5,30.0,False,615,572,572,True
S2_C2_E393_V0134,E393,S2,C2,120.5,30.0,False,3615,1123,1123,True
S2_C2_E394_V0135,E394,S2,C2,20.5,30.0,False,615,126,131,True
S2_C3_E263_V0018,E263,S2,C3,120.5,30.0,False,3615,1264,1264,True
S2_C3_E264_V0019,E264,S2,C3,120.5,30.0,False,3615,53,53,True
S2_C3_E265_V0020,E265,S2,C3,20.5,30.0,False,615,613,1216,True
S2_C3_E265_V0021,E265,S2,C3,20.5,30.0,False,615,615,615,True
S2_C3_E265_V0022,E265,S2,C3,20.5,30.0,True,615,0,0,False
S2_C3_E266_V0023,E266,S2,C3,20.5,30.0,False,615,370,370,True
S2_C3_E268_V0025,E268,S2,C3,20.5,30.0,False,615,558,558,True
S2_C3_E270_V0026,E270,S2,C3,20.5,30.0,False,615,317,317,True
S2_C3_E270_V0027,E270,S2,C3,20.5,30.0,False,615,615,615,True
S2_C3_E270_V0028,E270,S2,C3,20.5,30.0,False,615,615,615,True
S2_C3_E270_V0029,E270,S2,C3,20.5,30.0,False,615,615,615,True
S2_C3_E270_V0030,E270,S2,C3,20.5,30.0,False,615,469,469,True
S2_C3_E270_V0031,E270,S2,C3,20.5,30.0,False,615,165,165,True
S2_C3_E270_V0032,E270,S2,C3,20.5,30.0,True,615,0,0,False
S2_C3_E277_V0038,E277,S2,C3,20.5,30.0,False,615,615,615,True
S2_C3_E280_V0040,E280,S2,C3,120.5,30.0,False,3615,1453,1453,True
S2_C3_E280_V0041,E280,S2,C3,120.5,30.0,False,3615,3615,5911,True
S2_C3_E280_V0042,E280,S2,C3,120.5,30.0,False,3615,3615,6980,True
S2_C3_E280_V0043,E280,S2,C3,120.5,30.0,False,3615,3615,3615,True
S2_C3_E280_V0044,E280,S2,C3,120.5,30.0,False,3615,2680,2680,True
S2_C3_E280_V0045,E280,S2,C3,120.5,30.0,False,3615,3339,3339,True
S2_C3_E280_V0046,E280,S2,C3,120.5,30.0,False,3615,3615,5426,True
S2_C3_E281_V0047,E281,S2,C3,120.5,30.0,False,3615,1283,1283,True
S2_C3_E284_V0049,E284,S2,C3,20.5,30.0,False,615,615,615,True
S2_C3_E284_V0050,E284,S2,C3,20.5,30.0,False,615,557,557,True
S2_C3_E285_V0051,E285,S2,C3,120.5,30.0,False,3615,1009,2435,True
S2_C3_E288_V0054,E288,S2,C3,20.5,30.0,False,615,615,615,True
S2_C3_E288_V0055,E288,S2,C3,20.5,30.0,True,615,0,0,False
S2_C3_E290_V0057,E290,S2,C3,20.5,30.0,False,615,614,614,True
S2_C3_E290_V0058,E290,S2,C3,20.5,30.0,False,615,284,284,True
S2_C3_E291_V0059,E291,S2,C3,20.5,30.0,False,615,540,735,True
S2_C3_E292_V0060,E292,S2,C3,20.5,30.0,True,615,0,0,False
S2_C3_E292_V0061,E292,S2,C3,20.5,30.0,False,615,109,109,True
S2_C3_E293_V0062,E293,S2,C3,20.5,30.0,False,615,47,47,True
S2_C3_E300_V0067,E300,S2,C3,20.5,30.0,False,615,615,638,True
S2_C3_E300_V0068,E300,S2,C3,20.5,30.0,False,615,325,516,True
S2_C3_E301_V0069,E301,S2,C3,120.5,30.0,False,3615,2049,3728,True
S2_C3_E304_V0070,E304,S2,C3,120.5,30.0,False,3615,124,180,True
S2_C3_E305_V0071,E305,S2,C3,120.5,30.0,False,3615,230,380,True
S2_C3_E306_V0072,E306,S2,C3,20.5,30.0,False,615,615,615,True
S2_C3_E306_V0073,E306,S2,C3,20.5,30.0,False,615,615,615,True
S2_C3_E306_V0074,E306,S2,C3,20.5,30.0,False,615,613,613,True
S2_C3_E306_V0075,E306,S2,C3,20.5,30.0,False,615,607,607,True
S2_C3_E307_V0076,E307,S2,C3,20.5,30.0,False,615,615,700,True
S2_C3_E307_V0077,E307,S2,C3,20.5,30.0,False,615,300,300,True
S2_C3_E308_V0078,E308,S2,C3,20.5,30.0,False,615,615,615,True
S2_C3_E308_V0079,E308,S2,C3,20.5,30.0,False,615,615,615,True
S2_C3_E308_V0080,E308,S2,C3,20.5,30.0,False,615,615,615,True
S2_C3_E308_V0081,E308,S2,C3,20.5,30.0,False,615,300,300,True
S2_C3_E308_V0082,E308,S2,C3,20.5,30.0,False,615,470,470,True
S2_C3_E308_V0083,E308,S2,C3,20.5,30.0,False,615,615,615,True
S2_C3_E311_V0084,E311,S2,C3,20.5,30.0,False,615,615,615,True
S2_C3_E312_V0085,E312,S2,C3,120.5,30.0,False,3615,66,66,True
S2_C3_E313_V0086,E313,S2,C3,120.5,30.0,False,3615,2267,3382,True
S2_C3_E319_V0089,E319,S2,C3,20.5,30.0,False,615,189,189,True
S2_C3_E323_V0090,E323,S2,C3,20.5,30.0,False,615,307,307,True
S2_C3_E323_V0091,E323,S2,C3,20.5,30.0,False,615,365,365,True
S2_C3_E324_V0092,E324,S2,C3,20.5,30.0,False,615,118,118,True
S2_C3_E327_V0095,E327,S2,C3,20.5,30.0,False,615,416,416,True
S2_C3_E330_V0096,E330,S2,C3,120.5,30.0,False,3615,53,53,True
S2_C3_E332_V0097,E332,S2,C3,120.5,30.0,False,3615,212,212,True
S2_C3_E333_V0098,E333,S2,C3,120.5,30.0,False,3615,2591,2591,True
S2_C3_E334_V0099,E334,S2,C3,20.5,30.0,False,615,615,615,True
S2_C3_E334_V0100,E334,S2,C3,20.5,30.0,True,615,0,0,False
S2_C3_E339_V0102,E339,S2,C3,20.5,30.0,False,615,615,1359,True
S2_C3_E339_V0103,E339,S2,C3,20.5,30.0,False,615,102,102,True
S2_C3_E340_V0104,E340,S2,C3,20.5,30.0,False,615,376,617,True
S2_C3_E341_V0105,E341,S2,C3,20.5,30.0,False,615,323,323,True
S2_C3_E343_V0107,E343,S2,C3,20.5,30.0,False,615,565,565,True
S2_C3_E344_V0108,E344,S2,C3,20.5,30.0,False,615,615,615,True
S2_C3_E344_V0109,E344,S2,C3,20.5,30.0,False,615,350,350,True
S2_C3_E347_V0110,E347,S2,C3,20.5,30.0,False,615,567,567,True
S2_C3_E349_V0111,E349,S2,C3,20.5,30.0,False,615,615,615,True
S2_C3_E350_V0112,E350,S2,C3,20.5,30.0,False,615,615,615,True
S2_C3_E350_V0113,E350,S2,C3,20.5,30.0,False,615,615,615,True
S2_C3_E362_V0114,E362,S2,C3,20.5,30.0,False,615,561,775,True
S2_C3_E365_V0115,E365,S2,C3,120.5,30.0,False,3615,3614,3614,True
S2_C3_E365_V0116,E365,S2,C3,120.5,30.0,False,3615,969,969,True
S2_C3_E366_V0117,E366,S2,C3,20.5,30.0,False,615,257,257,True
S2_C3_E367_V0118,E367,S2,C3,20.5,30.0,False,615,208,208,True
S2_C3_E371_V0119,E371,S2,C3,20.5,30.0,False,615,42,42,True
S2_C3_E374_V0121,E374,S2,C3,20.5,30.0,False,615,615,1476,True
S2_C3_E374_V0122,E374,S2,C3,20.5,30.0,False,615,205,299,True
S2_C3_E375_V0123,E375,S2,C3,20.5,30.0,False,615,43,43,True
S2_C3_E376_V0124,E376,S2,C3,20.5,30.0,False,615,337,337,True
S2_C3_E384_V0125,E384,S2,C3,20.5,30.0,False,615,361,361,True
S2_C3_E385_V0126,E385,S2,C3,20.5,30.0,False,615,606,606,True
S2_C3_E388_V0127,E388,S2,C3,20.5,30.0,False,615,447,447,True
S2_C3_E393_V0129,E393,S2,C3,120.5,30.0,False,3615,815,815,True
S2_C3_E394_V0130,E394,S2,C3,20.5,30.0,False,615,84,84,True
S2_C3_E394_V0131,E394,S2,C3,20.5,30.0,False,615,125,125,True
S3_C1_E407_V0159,E407,S3,C1,20.5,30.0,True,615,0,0,False
S3_C1_E418_V0234,E418,S3,C1,20.5,30.0,False,615,615,615,True
S3_C1_E418_V0235,E418,S3,C1,20.5,30.0,False,615,615,615,True
S3_C1_E419_V0236,E419,S3,C1,20.5,30.0,False,615,615,615,True
S3_C1_E419_V0237,E419,S3,C1,20.5,30.0,False,615,615,615,True
S3_C1_E429_V0335,E429,S3,C1,60.5,30.0,True,1815,0,0,False
S3_C1_E429_V0336,E429,S3,C1,60.5,30.0,True,1815,0,0,False
S3_C1_E429_V0337,E429,S3,C1,60.5,30.0,True,1815,0,0,False
S3_C1_E429_V0338,E429,S3,C1,60.5,30.0,True,1815,0,0,False
S3_C1_E429_V0339,E429,S3,C1,60.5,30.0,True,1815,0,0,False
S3_C1_E429_V0340,E429,S3,C1,60.5,30.0,True,1815,0,0,False
S3_C1_E429_V0341,E429,S3,C1,60.5,30.0,True,1815,0,0,False
S3_C1_E429_V0342,E429,S3,C1,60.5,30.0,True,1815,0,0,False
S3_C1_E429_V0343,E429,S3,C1,60.5,30.0,True,1815,0,0,False
S3_C1_E429_V0344,E429,S3,C1,60.5,30.0,True,1815,0,0,False
S3_C1_E437_V0355,E437,S3,C1,20.5,30.0,False,615,121,121,True
S3_C1_E437_V0356,E437,S3,C1,20.5,30.0,False,615,112,112,True
S3_C1_E460_V0544,E460,S3,C1,13.5,30.0,False,405,394,394,True
S3_C1_E460_V0545,E460,S3,C1,8.0,30.0,False,240,105,105,True
S3_C1_E462_V0546,E462,S3,C1,6.0,30.0,False,180,173,196,True
S3_C2_E407_V0022,E407,S3,C2,20.5,30.0,False,615,615,615,True
S3_C2_E413_V0024,E413,S3,C2,120.5,30.0,True,3615,0,0,False
S3_C2_E418_V0030,E418,S3,C2,20.5,30.0,False,615,615,615,True
S3_C2_E418_V0031,E418,S3,C2,20.5,30.0,False,615,615,615,True
S3_C2_E419_V0032,E419,S3,C2,20.5,30.0,False,615,615,615,True
S3_C2_E419_V0033,E419,S3,C2,20.5,30.0,False,615,615,615,True
S3_C2_E419_V0034,E419,S3,C2,20.5,30.0,False,615,615,615,True
S3_C2_E419_V0035,E419,S3,C2,20.5,30.0,False,615,615,615,True
S3_C2_E419_V0036,E419,S3,C2,20.5,30.0,False,615,615,615,True
S3_C2_E419_V0037,E419,S3,C2,20.5,30.0,False,615,615,615,True
S3_C2_E419_V0038,E419,S3,C2,20.5,30.0,False,615,615,615,True
S3_C2_E419_V0039,E419,S3,C2,20.5,30.0,False,615,310,310,True
S3_C2_E437_V0047,E437,S3,C2,20.5,30.0,False,615,615,615,True
S3_C2_E437_V0048,E437,S3,C2,20.5,30.0,False,615,222,222,True
S3_C2_E437_V0049,E437,S3,C2,20.5,30.0,False,615,615,615,True
S3_C2_E444_V0052,E444,S3,C2,20.5,30.0,False,615,615,615,True
S3_C2_E444_V0053,E444,S3,C2,20.5,30.0,False,615,615,615,True
S3_C2_E444_V0054,E444,S3,C2,20.5,30.0,False,615,615,615,True
S3_C2_E444_V0055,E444,S3,C2,20.5,30.0,False,615,315,315,True
S3_C2_E444_V0056,E444,S3,C2,20.5,30.0,False,615,615,951,True
S3_C2_E453_V0057,E453,S3,C2,20.5,30.0,False,615,310,310,True
S3_C2_E453_V0058,E453,S3,C2,20.5,30.0,False,615,45,45,True
S3_C2_E454_V0059,E454,S3,C2,20.5,30.0,False,615,615,615,True
S3_C2_E454_V0060,E454,S3,C2,20.5,30.0,False,615,615,615,True
S3_C2_E455_V0061,E455,S3,C2,20.5,30.0,False,615,140,140,True
S3_C2_E455_V0062,E455,S3,C2,20.5,30.0,False,615,65,117,True
S3_C2_E460_V0063,E460,S3,C2,20.5,30.0,False,615,615,615,True
S3_C2_E460_V0064,E460,S3,C2,20.5,30.0,False,615,475,475,True
S3_C2_E460_V0065,E460,S3,C2,20.5,30.0,False,615,615,615,True
S3_C2_E460_V0066,E460,S3,C2,20.5,30.0,False,615,615,1038,True
S3_C2_E462_V0067,E462,S3,C2,20.5,30.0,False,615,615,615,True
S3_C2_E462_V0068,E462,S3,C2,20.5,30.0,False,615,460,878,True
S3_C2_E465_V0069,E465,S3,C2,20.5,30.0,False,615,615,907,True
S3_C2_E466_V0070,E466,S3,C2,60.5,30.0,False,1815,1814,1814,True
S3_C2_E476_V0071,E476,S3,C2,20.5,30.0,False,615,615,615,True
S3_C2_E476_V0072,E476,S3,C2,20.5,30.0,False,615,565,565,True
S3_C2_E476_V0073,E476,S3,C2,20.5,30.0,False,615,615,615,True
S3_C2_E476_V0074,E476,S3,C2,20.5,30.0,False,615,615,615,True
S3_C2_E476_V0075,E476,S3,C2,20.5,30.0,False,615,615,615,True
S3_C2_E476_V0076,E476,S3,C2,20.5,30.0,False,615,562,562,True
S3_C2_E491_V0077,E491,S3,C2,60.5,30.0,True,1815,0,0,False
S3_C2_E493_V0078,E493,S3,C2,60.5,30.0,True,1815,0,0,False
S3_C2_E495_V0080,E495,S3,C2,60.5,30.0,True,1815,0,0,False
S3_C2_E500_V0081,E500,S3,C2,60.5,30.0,True,1815,0,0,False
S3_C2_E501_V0082,E501,S3,C2,20.5,30.0,False,615,615,615,True
S3_C2_E501_V0083,E501,S3,C2,20.5,30.0,False,615,268,268,True
S3_C2_E509_V0084,E509,S3,C2,60.5,30.0,True,1815,0,0,False
S3_C2_E515_V0086,E515,S3,C2,60.5,30.0,False,1815,1815,3442,True
S3_C2_E524_V0087,E524,S3,C2,20.5,30.0,False,615,615,615,True
S3_C2_E524_V0088,E524,S3,C2,20.5,30.0,True,615,0,0,False
S3_C2_E525_V0089,E525,S3,C2,20.5,30.0,False,615,615,615,True
S3_C2_E525_V0090,E525,S3,C2,20.5,30.0,False,615,615,615,True
S3_C2_E525_V0091,E525,S3,C2,20.5,30.0,False,615,450,450,True
S3_C2_E536_V0092,E536,S3,C2,60.5,30.0,True,1815,0,0,False
S3_C2_E545_V0093,E545,S3,C2,20.5,30.0,False,615,615,615,True
S3_C2_E545_V0094,E545,S3,C2,20.5,30.0,False,615,615,615,True
S3_C2_E545_V0095,E545,S3,C2,20.5,30.0,False,615,615,615,True
S3_C2_E545_V0096,E545,S3,C2,20.5,30.0,False,615,414,414,True
S3_C2_E545_V0097,E545,S3,C2,20.5,30.0,False,615,615,615,True
S3_C2_E545_V0098,E545,S3,C2,20.5,30.0,False,615,615,615,True
S3_C2_E546_V0099,E546,S3,C2,20.5,30.0,False,615,503,503,True
S3_C2_E554_V0100,E554,S3,C2,60.5,30.0,True,1815,0,0,False
S3_C2_E561_V0101,E561,S3,C2,20.5,30.0,False,615,595,595,True
S3_C2_E561_V0102,E561,S3,C2,20.5,30.0,False,615,615,1729,True
S3_C2_E569_V0103,E569,S3,C2,60.5,30.0,True,1815,0,0,False
S3_C2_E581_V0106,E581,S3,C2,20.5,30.0,False,615,615,615,True
S3_C2_E581_V0107,E581,S3,C2,20.5,30.0,False,615,615,735,True
S3_C2_E581_V0108,E581,S3,C2,20.5,30.0,False,615,615,1230,True
S3_C2_E581_V0109,E581,S3,C2,20.5,30.0,False,615,615,1229,True
S3_C2_E581_V0110,E581,S3,C2,20.5,30.0,False,615,615,1063,True
S3_C2_E582_V0111,E582,S3,C2,20.5,30.0,False,615,615,1041,True
S3_C2_E582_V0112,E582,S3,C2,20.5,30.0,False,615,615,1230,True
S3_C2_E582_V0113,E582,S3,C2,20.5,30.0,False,615,445,445,True
S3_C2_E593_V0114,E593,S3,C2,60.5,30.0,True,1815,0,0,False
S3_C2_E597_V0116,E597,S3,C2,20.5,30.0,False,615,615,615,True
S3_C2_E597_V0117,E597,S3,C2,20.5,30.0,False,615,387,387,True
S3_C2_E607_V0118,E607,S3,C2,60.5,30.0,True,1815,0,0,False
S3_C2_E607_V0119,E607,S3,C2,60.5,30.0,True,1815,0,0,False
S3_C2_E607_V0120,E607,S3,C2,60.5,30.0,True,1815,0,0,False
S3_C2_E608_V0121,E608,S3,C2,60.5,30.0,True,1815,0,0,False
S3_C2_E614_V0123,E614,S3,C2,20.5,30.0,False,615,615,615,True
S3_C2_E615_V0124,E615,S3,C2,20.5,30.0,False,615,615,615,True
S3_C2_E615_V0125,E615,S3,C2,20.5,30.0,False,615,615,615,True
S3_C2_E616_V0126,E616,S3,C2,20.5,30.0,False,615,615,615,True
S3_C2_E616_V0127,E616,S3,C2,20.5,30.0,False,615,615,615,True
S3_C2_E616_V0128,E616,S3,C2,20.5,30.0,False,615,615,615,True
S3_C2_E616_V0129,E616,S3,C2,20.5,30.0,False,615,615,615,True
S3_C2_E616_V0130,E616,S3,C2,20.5,30.0,False,615,47,47,True
S3_C2_E617_V0131,E617,S3,C2,20.5,30.0,False,615,615,615,True
S3_C2_E617_V0132,E617,S3,C2,20.5,30.0,False,615,615,615,True
S3_C2_E617_V0133,E617,S3,C2,20.5,30.0,False,615,615,615,True
S3_C2_E619_V0135,E619,S3,C2,20.5,30.0,False,615,615,615,True
S3_C2_E629_V0136,E629,S3,C2,60.5,30.0,True,1815,0,0,False
S3_C2_E638_V0137,E638,S3,C2,20.5,30.0,False,615,614,614,True
S3_C2_E638_V0138,E638,S3,C2,20.5,30.0,False,615,615,615,True
S3_C2_E638_V0139,E638,S3,C2,20.5,30.0,False,615,155,155,True
S3_C2_E639_V0140,E639,S3,C2,20.5,30.0,False,615,615,615,True
S3_C2_E639_V0141,E639,S3,C2,20.5,30.0,False,615,163,163,True
S3_C2_E640_V0142,E640,S3,C2,20.5,30.0,False,615,615,615,True
S3_C2_E641_V0143,E641,S3,C2,20.5,30.0,False,615,615,615,True
S3_C2_E642_V0144,E642,S3,C2,60.5,30.0,False,1815,1814,5192,True
S3_C2_E642_V0145,E642,S3,C2,60.5,30.0,False,1815,1815,2691,True
S3_C2_E642_V0146,E642,S3,C2,60.5,30.0,False,1815,1784,3562,True
S3_C2_E654_V0147,E654,S3,C2,60.5,30.0,True,1815,0,0,False
S3_C2_E657_V0148,E657,S3,C2,20.5,30.0,False,615,615,615,True
S3_C2_E657_V0149,E657,S3,C2,20.5,30.0,False,615,615,615,True
S3_C2_E658_V0150,E658,S3,C2,20.5,30.0,False,615,615,615,True
S3_C2_E659_V0151,E659,S3,C2,20.5,30.0,False,615,615,1715,True
S3_C2_E659_V0152,E659,S3,C2,20.5,30.0,True,615,0,0,False
S3_C2_E670_V0154,E670,S3,C2,20.5,30.0,False,615,615,615,True
S3_C2_E670_V0155,E670,S3,C2,20.5,30.0,False,615,615,615,True
S3_C2_E670_V0156,E670,S3,C2,20.5,30.0,False,615,615,615,True
S3_C2_E670_V0157,E670,S3,C2,20.5,30.0,False,615,615,615,True
S3_C2_E670_V0158,E670,S3,C2,20.5,30.0,False,615,615,615,True
S3_C2_E670_V0159,E670,S3,C2,20.5,30.0,False,615,615,615,True
S3_C2_E670_V0160,E670,S3,C2,20.5,30.0,False,615,615,615,True
S3_C2_E670_V0161,E670,S3,C2,20.5,30.0,False,615,615,615,True
S3_C2_E670_V0162,E670,S3,C2,20.5,30.0,False,615,615,615,True
S3_C2_E670_V0163,E670,S3,C2,20.5,30.0,False,615,615,615,True
S3_C2_E670_V0164,E670,S3,C2,20.5,30.0,False,615,74,74,True
S3_C2_E671_V0165,E671,S3,C2,20.5,30.0,False,615,615,615,True
S3_C2_E671_V0166,E671,S3,C2,20.5,30.0,False,615,615,615,True
S3_C2_E671_V0167,E671,S3,C2,20.5,30.0,False,615,206,206,True
S3_C2_E672_V0168,E672,S3,C2,20.5,30.0,False,615,615,615,True
S3_C2_E673_V0169,E673,S3,C2,20.5,30.0,False,615,239,239,True
S3_C2_E684_V0170,E684,S3,C2,20.5,30.0,False,615,615,615,True
S3_C2_E684_V0171,E684,S3,C2,20.5,30.0,False,615,321,321,True
S3_C2_E685_V0172,E685,S3,C2,20.5,30.0,False,615,615,615,True
S3_C2_E685_V0173,E685,S3,C2,20.5,30.0,False,615,615,615,True
S3_C2_E685_V0174,E685,S3,C2,20.5,30.0,False,615,246,246,True
S3_C2_E686_V0175,E686,S3,C2,20.5,30.0,False,615,615,623,True
S3_C2_E686_V0176,E686,S3,C2,20.5,30.0,False,615,80,80,True
S3_C2_E686_V0177,E686,S3,C2,20.5,30.0,False,615,139,139,True
S3_C2_E692_V0180,E692,S3,C2,60.5,30.0,False,1815,1815,1815,True
S3_C2_E692_V0181,E692,S3,C2,60.5,30.0,False,1815,1815,1815,True
S3_C2_E693_V0182,E693,S3,C2,60.5,30.0,False,1815,1668,5683,True
S3_C2_E693_V0183,E693,S3,C2,60.5,30.0,False,1815,1810,1847,True
S3_C2_E693_V0184,E693,S3,C2,60.5,30.0,False,1815,193,193,True
S3_C2_E698_V0185,E698,S3,C2,20.5,30.0,False,615,585,585,True
S3_C2_E699_V0186,E699,S3,C2,60.5,30.0,False,1815,1815,1815,True
S3_C2_E699_V0187,E699,S3,C2,60.5,30.0,False,1815,73,73,True
S3_C2_E701_V0189,E701,S3,C2,20.5,30.0,False,615,615,615,True
S3_C2_E702_V0190,E702,S3,C2,20.5,30.0,False,615,481,481,True
S3_C2_E703_V0191,E703,S3,C2,60.5,30.0,True,1815,0,0,False
S3_C2_E704_V0192,E704,S3,C2,20.5,30.0,False,615,615,615,True
S3_C2_E704_V0193,E704,S3,C2,20.5,30.0,False,615,615,954,True
S3_C2_E704_V0194,E704,S3,C2,20.5,30.0,False,615,615,615,True
S3_C2_E705_V0195,E705,S3,C2,20.5,30.0,False,615,62,62,True
S3_C2_E706_V0196,E706,S3,C2,20.5,30.0,False,615,615,615,True
S3_C2_E706_V0197,E706,S3,C2,20.5,30.0,False,615,615,615,True
S3_C2_E706_V0198,E706,S3,C2,20.5,30.0,False,615,615,615,True
S3_C2_E706_V0199,E706,S3,C2,20.5,30.0,False,615,615,615,True
S3_C2_E706_V0200,E706,S3,C2,20.5,30.0,False,615,615,615,True
S3_C2_E706_V0201,E706,S3,C2,20.5,30.0,False,615,615,615,True
S3_C2_E706_V0202,E706,S3,C2,20.5,30.0,False,615,615,615,True
S3_C2_E706_V0203,E706,S3,C2,20.5,30.0,False,615,615,615,True
S3_C2_E706_V0204,E706,S3,C2,20.5,30.0,False,615,615,615,True
S3_C2_E706_V0205,E706,S3,C2,20.5,30.0,False,615,615,615,True
S3_C2_E706_V0206,E706,S3,C2,20.5,30.0,False,615,615,615,True
S3_C2_E706_V0207,E706,S3,C2,20.5,30.0,False,615,615,615,True
S3_C2_E706_V0208,E706,S3,C2,20.5,30.0,False,615,615,615,True
S3_C2_E706_V0209,E706,S3,C2,20.5,30.0,False,615,615,615,True
S3_C2_E706_V0210,E706,S3,C2,20.5,30.0,False,615,615,615,True
S3_C2_E706_V0211,E706,S3,C2,20.5,30.0,False,615,615,615,True
S3_C2_E706_V0212,E706,S3,C2,20.5,30.0,False,615,615,615,True
S3_C2_E706_V0213,E706,S3,C2,20.5,30.0,False,615,615,615,True
S3_C2_E706_V0214,E706,S3,C2,20.5,30.0,False,615,615,615,True
S3_C2_E706_V0215,E706,S3,C2,20.5,30.0,False,615,615,615,True
S3_C2_E706_V0216,E706,S3,C2,20.5,30.0,False,615,615,615,True
S3_C2_E706_V0217,E706,S3,C2,20.5,30.0,False,615,615,615,True
S3_C2_E706_V0218,E706,S3,C2,20.5,30.0,False,615,615,615,True
S3_C2_E706_V0219,E706,S3,C2,20.5,30.0,False,615,615,615,True
S3_C2_E706_V0220,E706,S3,C2,20.5,30.0,False,615,615,615,True
S3_C2_E706_V0221,E706,S3,C2,20.5,30.0,False,615,615,615,True
S3_C2_E706_V0222,E706,S3,C2,20.5,30.0,False,615,615,615,True
S3_C2_E706_V0223,E706,S3,C2,20.5,30.0,False,615,615,615,True
S3_C2_E706_V0224,E706,S3,C2,20.5,30.0,False,615,615,615,True
S3_C2_E706_V0225,E706,S3,C2,20.5,30.0,False,615,615,615,True
S3_C2_E706_V0226,E706,S3,C2,20.5,30.0,False,615,615,615,True
S3_C2_E706_V0227,E706,S3,C2,20.5,30.0,False,615,615,615,True
S3_C2_E706_V0228,E706,S3,C2,20.5,30.0,False,615,615,615,True
S3_C2_E706_V0229,E706,S3,C2,20.5,30.0,False,615,615,615,True
S3_C2_E706_V0230,E706,S3,C2,20.5,30.0,False,615,322,322,True
S3_C2_E706_V0231,E706,S3,C2,20.5,30.0,False,615,615,615,True
S3_C2_E706_V0232,E706,S3,C2,20.5,30.0,False,615,615,615,True
S3_C2_E706_V0233,E706,S3,C2,20.5,30.0,False,615,427,427,True
S3_C2_E707_V0234,E707,S3,C2,20.5,30.0,False,615,605,605,True
S3_C2_E707_V0235,E707,S3,C2,20.5,30.0,False,615,615,615,True
S3_C2_E707_V0236,E707,S3,C2,20.5,30.0,False,615,615,615,True
S3_C2_E707_V0237,E707,S3,C2,20.5,30.0,False,615,615,615,True
S3_C2_E707_V0238,E707,S3,C2,20.5,30.0,False,615,162,162,True
S3_C2_E708_V0239,E708,S3,C2,20.5,30.0,False,615,615,615,True
S3_C2_E708_V0240,E708,S3,C2,20.5,30.0,False,615,568,568,True
S3_C2_E709_V0241,E709,S3,C2,20.5,30.0,False,615,615,615,True
S3_C2_E709_V0242,E709,S3,C2,20.5,30.0,False,615,615,615,True
S3_C2_E709_V0243,E709,S3,C2,20.5,30.0,False,615,615,615,True
S3_C2_E709_V0244,E709,S3,C2,20.5,30.0,False,615,615,615,True
S3_C2_E710_V0245,E710,S3,C2,60.5,30.0,False,1815,1814,2247,True
S3_C2_E710_V0246,E710,S3,C2,60.5,30.0,False,1815,859,859,True
S3_C2_E711_V0247,E711,S3,C2,20.5,30.0,False,615,614,614,True
S3_C2_E712_V0248,E712,S3,C2,60.5,30.0,False,1815,1815,3630,True
S3_C2_E712_V0249,E712,S3,C2,60.5,30.0,False,1815,1320,1320,True
S3_C2_E714_V0251,E714,S3,C2,20.5,30.0,False,615,546,546,True
S3_C2_E715_V0252,E715,S3,C2,20.5,30.0,False,615,615,615,True
S3_C2_E715_V0253,E715,S3,C2,20.5,30.0,False,615,40,40,True
S3_C2_E716_V0254,E716,S3,C2,20.5,30.0,False,615,615,615,True
S3_C2_E716_V0255,E716,S3,C2,20.5,30.0,False,615,615,1230,True
S3_C2_E716_V0256,E716,S3,C2,20.5,30.0,False,615,615,1230,True
S3_C2_E716_V0257,E716,S3,C2,20.5,30.0,False,615,615,1115,True
S3_C2_E716_V0258,E716,S3,C2,20.5,30.0,False,615,615,715,True
S3_C2_E716_V0259,E716,S3,C2,20.5,30.0,False,615,615,615,True
S3_C2_E717_V0260,E717,S3,C2,20.5,30.0,False,615,615,615,True
S3_C2_E717_V0261,E717,S3,C2,20.5,30.0,False,615,63,63,True
S3_C2_E718_V0262,E718,S3,C2,20.5,30.0,False,615,615,615,True
S3_C2_E718_V0263,E718,S3,C2,20.5,30.0,False,615,615,615,True
S3_C2_E718_V0264,E718,S3,C2,20.5,30.0,False,615,615,615,True
S3_C2_E718_V0265,E718,S3,C2,20.5,30.0,False,615,615,615,True
S3_C2_E718_V0266,E718,S3,C2,20.5,30.0,False,615,615,615,True
S3_C2_E718_V0267,E718,S3,C2,20.5,30.0,False,615,615,615,True
S3_C2_E718_V0268,E718,S3,C2,20.5,30.0,False,615,615,615,True
S3_C2_E719_V0269,E719,S3,C2,20.5,30.0,False,615,615,615,True
S3_C2_E719_V0270,E719,S3,C2,20.5,30.0,False,615,615,615,True
S3_C2_E719_V0271,E719,S3,C2,19.0,30.0,False,570,42,42,True
S3_C2_E719_V0272,E719,S3,C2,4.5,30.0,False,135,130,130,True
S3_C2_E719_V0273,E719,S3,C2,2.5,30.0,False,75,68,68,True
S3_C2_E719_V0274,E719,S3,C2,2.0,30.0,False,60,59,59,True
S3_C2_E719_V0275,E719,S3,C2,12.0,30.0,False,360,359,359,True
S3_C2_E719_V0276,E719,S3,C2,9.0,30.0,False,270,102,102,True
S3_C2_E720_V0277,E720,S3,C2,20.5,30.0,False,615,615,615,True
S3_C2_E720_V0278,E720,S3,C2,20.5,30.0,False,615,187,187,True
S3_C2_E721_V0279,E721,S3,C2,20.5,30.0,False,615,92,92,True
S3_C2_E722_V0280,E722,S3,C2,60.5,30.0,False,1815,1436,1436,True
S3_C2_E723_V0281,E723,S3,C2,15.0,30.0,False,450,450,450,True
S3_C2_E723_V0282,E723,S3,C2,2.0,30.0,False,60,60,60,True
S3_C2_E723_V0283,E723,S3,C2,9.0,30.0,False,270,270,270,True
S3_C2_E723_V0284,E723,S3,C2,4.0,30.0,False,120,120,120,True
S3_C2_E723_V0285,E723,S3,C2,1.5,30.0,False,45,45,45,True
S3_C2_E723_V0286,E723,S3,C2,3.0,30.0,False,90,90,90,True
S3_C2_E723_V0287,E723,S3,C2,5.5,30.0,False,165,165,165,True
S3_C2_E723_V0288,E723,S3,C2,1.5,30.0,False,45,45,45,True
S3_C2_E723_V0289,E723,S3,C2,2.0,30.0,False,60,50,50,True
S3_C2_E723_V0290,E723,S3,C2,1.5,30.0,False,45,37,37,True
S3_C2_E723_V0291,E723,S3,C2,1.0,30.0,True,30,0,0,False
S3_C2_E723_V0292,E723,S3,C2,1.0,30.0,True,30,0,0,False
S3_C2_E723_V0293,E723,S3,C2,2.0,30.0,False,60,60,60,True
S3_C2_E723_V0294,E723,S3,C2,1.5,30.0,False,45,45,45,True
S3_C2_E723_V0295,E723,S3,C2,2.0,30.0,False,60,60,60,True
S3_C2_E723_V0296,E723,S3,C2,1.0,30.0,True,30,0,0,False
S3_C2_E723_V0297,E723,S3,C2,1.0,30.0,True,30,0,0,False
S3_C2_E723_V0298,E723,S3,C2,6.5,30.0,False,195,195,352,True
S3_C2_E723_V0299,E723,S3,C2,2.0,30.0,False,60,60,60,True
S3_C2_E723_V0300,E723,S3,C2,5.0,30.0,False,150,79,79,True
S3_C2_E723_V0301,E723,S3,C2,4.0,30.0,False,120,120,120,True
S3_C2_E723_V0302,E723,S3,C2,1.5,30.0,False,45,45,45,True
S3_C2_E724_V0303,E724,S3,C2,9.5,30.0,False,285,285,285,True
S3_C2_E724_V0304,E724,S3,C2,6.5,30.0,False,195,195,195,True
S3_C2_E724_V0305,E724,S3,C2,5.0,30.0,False,150,144,144,True
S3_C2_E724_V0306,E724,S3,C2,6.5,30.0,False,195,195,195,True
S3_C2_E725_V0307,E725,S3,C2,7.0,30.0,False,210,203,203,True
S3_C2_E725_V0308,E725,S3,C2,2.0,30.0,False,60,55,55,True
S3_C2_E725_V0309,E725,S3,C2,2.0,30.0,False,60,59,59,True
S3_C2_E725_V0310,E725,S3,C2,3.0,30.0,False,90,84,84,True
S3_C2_E726_V0311,E726,S3,C2,4.0,30.0,False,120,107,107,True
S3_C2_E726_V0312,E726,S3,C2,1.0,30.0,True,30,0,0,False
S3_C2_E726_V0313,E726,S3,C2,1.0,30.0,True,30,0,0,False
S3_C2_E726_V0314,E726,S3,C2,1.0,30.0,True,30,0,0,False
S3_C2_E727_V0315,E727,S3,C2,4.0,30.0,False,120,107,107,True
S3_C2_E727_V0316,E727,S3,C2,3.0,30.0,False,90,82,82,True
S3_C2_E729_V0318,E729,S3,C2,60.5,30.0,False,1815,1815,1815,True
S3_C2_E729_V0319,E729,S3,C2,60.5,30.0,False,1815,1815,1815,True
S3_C2_E729_V0320,E729,S3,C2,60.5,30.0,False,1815,865,865,True
S3_C2_E730_V0321,E730,S3,C2,60.5,30.0,False,1815,1815,1815,True
S3_C2_E730_V0322,E730,S3,C2,60.5,30.0,False,1815,1815,1815,True
S3_C2_E730_V0323,E730,S3,C2,60.5,30.0,False,1815,680,680,True
S3_C2_E731_V0324,E731,S3,C2,60.5,30.0,False,1815,1815,1815,True
S3_C2_E731_V0325,E731,S3,C2,60.5,30.0,False,1815,1815,1815,True
S3_C2_E731_V0326,E731,S3,C2,60.5,30.0,False,1815,1815,1815,True
S3_C2_E732_V0327,E732,S3,C2,5.0,30.0,False,150,148,148,True
S3_C2_E732_V0328,E732,S3,C2,4.5,30.0,False,135,125,125,True
S3_C2_E732_V0329,E732,S3,C2,1.5,30.0,False,45,42,42,True
S3_C2_E732_V0330,E732,S3,C2,2.0,30.0,False,60,54,54,True
S3_C2_E732_V0331,E732,S3,C2,2.0,30.0,False,60,57,57,True
S3_C2_E732_V0332,E732,S3,C2,2.5,30.0,False,75,64,64,True
S3_C2_E732_V0333,E732,S3,C2,2.0,30.0,False,60,50,50,True
S3_C2_E732_V0334,E732,S3,C2,3.0,30.0,False,90,83,83,True
S3_C2_E732_V0335,E732,S3,C2,3.0,30.0,False,90,81,81,True
S3_C2_E732_V0336,E732,S3,C2,3.0,30.0,False,90,80,80,True
S3_C2_E732_V0337,E732,S3,C2,2.5,30.0,False,75,69,69,True
S3_C2_E732_V0338,E732,S3,C2,2.0,30.0,False,60,59,59,True
S3_C2_E732_V0339,E732,S3,C2,2.5,30.0,False,75,65,65,True
S3_C2_E732_V0340,E732,S3,C2,2.0,30.0,False,60,50,50,True
S3_C2_E732_V0341,E732,S3,C2,2.0,30.0,False,60,55,55,True
S3_C2_E733_V0342,E733,S3,C2,3.0,30.0,False,90,78,78,True
S3_C2_E734_V0343,E734,S3,C2,60.5,30.0,True,1815,0,0,False
S3_C2_E735_V0344,E735,S3,C2,60.5,30.0,False,1815,1815,1815,True
S3_C2_E735_V0345,E735,S3,C2,60.5,30.0,False,1815,1815,1815,True
S3_C2_E735_V0346,E735,S3,C2,60.5,30.0,False,1815,1815,1815,True
S3_C2_E735_V0347,E735,S3,C2,60.5,30.0,False,1815,1815,1815,True
S3_C2_E735_V0348,E735,S3,C2,60.5,30.0,False,1815,1815,1815,True
S3_C2_E735_V0349,E735,S3,C2,60.5,30.0,False,1815,232,232,True
S3_C2_E736_V0350,E736,S3,C2,60.5,30.0,False,1815,1815,1815,True
S3_C2_E736_V0351,E736,S3,C2,5.5,30.0,False,165,165,165,True
S3_C2_E736_V0352,E736,S3,C2,1.0,30.0,True,30,0,0,False
S3_C2_E736_V0353,E736,S3,C2,5.0,30.0,False,150,150,150,True
S3_C2_E736_V0354,E736,S3,C2,2.5,30.0,False,75,75,75,True
S3_C2_E737_V0355,E737,S3,C2,4.5,30.0,False,135,135,135,True
S3_C2_E738_V0356,E738,S3,C2,60.5,30.0,False,1815,1815,1815,True
S3_C2_E739_V0357,E739,S3,C2,60.5,30.0,False,1815,46,46,True
S3_C2_E741_V0359,E741,S3,C2,60.5,30.0,False,1815,695,695,True
S3_C2_E742_V0360,E742,S3,C2,20.5,30.0,False,615,615,615,True
S3_C2_E742_V0361,E742,S3,C2,20.5,30.0,False,615,615,615,True
S3_C2_E743_V0362,E743,S3,C2,18.5,30.0,False,555,254,254,True
S3_C2_E744_V0363,E744,S3,C2,2.0,30.0,False,60,51,51,True
S3_C2_E744_V0364,E744,S3,C2,1.0,30.0,True,30,0,0,False
S3_C2_E744_V0365,E744,S3,C2,1.0,30.0,True,30,0,0,False
S3_C2_E744_V0366,E744,S3,C2,1.0,30.0,True,30,0,0,False
S3_C2_E744_V0367,E744,S3,C2,1.0,30.0,True,30,0,0,False
S3_C2_E744_V0368,E744,S3,C2,1.0,30.0,True,30,0,0,False
S3_C2_E744_V0369,E744,S3,C2,0.5,30.0,True,15,0,0,False
S3_C2_E744_V0370,E744,S3,C2,1.0,30.0,True,30,0,0,False
S3_C2_E745_V0371,E745,S3,C2,2.0,30.0,False,60,58,58,True
S3_C2_E745_V0372,E745,S3,C2,1.0,30.0,True,30,0,0,False
S3_C2_E745_V0373,E745,S3,C2,1.0,30.0,True,30,0,0,False
S3_C2_E746_V0374,E746,S3,C2,2.0,30.0,False,60,53,53,True
S3_C2_E746_V0375,E746,S3,C2,1.5,30.0,False,45,45,45,True
S3_C2_E746_V0376,E746,S3,C2,1.5,30.0,False,45,38,38,True
S3_C2_E747_V0377,E747,S3,C2,1.5,30.0,False,45,45,45,True
S3_C2_E747_V0378,E747,S3,C2,1.0,30.0,True,30,0,0,False
S3_C2_E750_V0381,E750,S3,C2,60.5,30.0,True,1815,0,0,False
S3_C2_E751_V0382,E751,S3,C2,20.5,30.0,False,615,615,615,True
S3_C2_E751_V0383,E751,S3,C2,20.0,30.0,False,600,587,587,True
S3_C2_E751_V0384,E751,S3,C2,16.0,30.0,False,480,467,467,True
S3_C2_E751_V0385,E751,S3,C2,8.5,30.0,False,255,245,245,True
S3_C2_E751_V0386,E751,S3,C2,4.5,30.0,False,135,124,124,True
S3_C2_E752_V0387,E752,S3,C2,12.0,30.0,False,360,262,262,True
S3_C2_E753_V0388,E753,S3,C2,8.0,30.0,False,240,239,239,True
S3_C2_E753_V0389,E753,S3,C2,2.0,30.0,False,60,52,52,True
S3_C2_E754_V0390,E754,S3,C2,7.0,30.0,False,210,202,202,True
S3_C2_E756_V0392,E756,S3,C2,4.0,30.0,False,120,118,118,True
S3_C2_E757_V0393,E757,S3,C2,2.5,30.0,False,75,72,72,True
S3_C2_E757_V0394,E757,S3,C2,2.5,30.0,False,75,65,65,True
S3_C2_E757_V0395,E757,S3,C2,1.5,30.0,True,45,0,0,False
S3_C2_E757_V0396,E757,S3,C2,1.0,30.0,True,30,0,0,False
S3_C2_E757_V0397,E757,S3,C2,1.0,30.0,True,30,0,0,False
S3_C2_E757_V0398,E757,S3,C2,0.5,30.0,True,15,0,0,False
S3_C2_E758_V0399,E758,S3,C2,2.0,30.0,False,60,60,60,True
S3_C2_E758_V0400,E758,S3,C2,1.0,30.0,True,30,0,0,False
S3_C2_E758_V0401,E758,S3,C2,1.0,30.0,True,30,0,0,False
S3_C2_E758_V0402,E758,S3,C2,0.5,30.0,True,15,0,0,False
S3_C2_E758_V0403,E758,S3,C2,1.5,30.0,False,45,45,45,True
S3_C2_E758_V0404,E758,S3,C2,1.5,30.0,False,45,36,36,True
S3_C2_E759_V0405,E759,S3,C2,1.5,30.0,True,45,0,0,False
S3_C2_E759_V0406,E759,S3,C2,1.0,30.0,True,30,0,0,False
S3_C2_E759_V0407,E759,S3,C2,1.5,30.0,False,45,45,45,True
S3_C2_E759_V0408,E759,S3,C2,0.5,30.0,True,15,0,0,False
S3_C2_E760_V0409,E760,S3,C2,60.5,30.0,False,1815,1815,1815,True
S3_C2_E760_V0410,E760,S3,C2,60.5,30.0,False,1815,1815,1815,True
S3_C2_E760_V0411,E760,S3,C2,60.5,30.0,False,1815,86,86,True
S3_C2_E762_V0412,E762,S3,C2,60.5,30.0,False,1815,1815,1815,True
S3_C2_E762_V0413,E762,S3,C2,60.5,30.0,False,1815,1198,1198,True
S3_C2_E763_V0414,E763,S3,C2,60.5,30.0,False,1815,1815,1815,True
S3_C2_E763_V0415,E763,S3,C2,17.0,30.0,False,510,510,510,True
S3_C2_E763_V0416,E763,S3,C2,10.0,30.0,False,300,300,300,True
S3_C2_E764_V0417,E764,S3,C2,2.0,30.0,False,60,50,50,True
S3_C2_E764_V0418,E764,S3,C2,1.0,30.0,True,30,0,0,False
S3_C2_E764_V0419,E764,S3,C2,1.5,30.0,True,45,0,0,False
S3_C2_E764_V0420,E764,S3,C2,2.5,30.0,False,75,63,63,True
S3_C2_E764_V0421,E764,S3,C2,2.0,30.0,False,60,51,51,True
S3_C2_E764_V0422,E764,S3,C2,2.0,30.0,False,60,55,55,True
S3_C2_E764_V0423,E764,S3,C2,1.5,30.0,False,45,36,36,True
S3_C2_E764_V0424,E764,S3,C2,2.0,30.0,False,60,58,58,True
S3_C2_E765_V0425,E765,S3,C2,60.5,30.0,False,1815,1815,1815,True
S3_C2_E765_V0426,E765,S3,C2,60.5,30.0,False,1815,1815,1815,True
S3_C2_E765_V0427,E765,S3,C2,60.5,30.0,False,1815,1815,1815,True
S3_C2_E765_V0428,E765,S3,C2,60.5,30.0,False,1815,850,850,True
S3_C2_E766_V0429,E766,S3,C2,60.5,30.0,False,1815,1815,1815,True
S3_C2_E766_V0430,E766,S3,C2,60.5,30.0,False,1815,1815,1815,True
S3_C2_E766_V0431,E766,S3,C2,60.5,30.0,False,1815,1815,1815,True
S3_C2_E766_V0432,E766,S3,C2,60.5,30.0,False,1815,995,995,True
S3_C2_E768_V0433,E768,S3,C2,60.5,30.0,False,1815,1815,1837,True
S3_C2_E769_V0434,E769,S3,C2,60.5,30.0,False,1815,1815,1815,True
S3_C2_E769_V0435,E769,S3,C2,60.5,30.0,False,1815,1815,1815,True
S3_C2_E769_V0436,E769,S3,C2,60.5,30.0,False,1815,1815,1815,True
S3_C2_E769_V0437,E769,S3,C2,60.5,30.0,False,1815,1815,1815,True
S3_C2_E769_V0438,E769,S3,C2,60.5,30.0,False,1815,1815,1815,True
S3_C2_E769_V0439,E769,S3,C2,60.5,30.0,False,1815,1815,1815,True
S3_C2_E769_V0440,E769,S3,C2,60.5,30.0,False,1815,1815,1815,True
S3_C2_E769_V0441,E769,S3,C2,60.5,30.0,False,1815,1241,1241,True
S3_C2_E773_V0455,E773,S3,C2,2.0,30.0,False,60,55,55,True
S3_C2_E774_V0456,E774,S3,C2,2.0,30.0,False,60,48,144,True
S3_C2_E774_V0457,E774,S3,C2,1.0,30.0,True,30,0,0,False
S3_C2_E774_V0458,E774,S3,C2,1.0,30.0,True,30,0,0,False
S3_C2_E777_V0463,E777,S3,C2,11.0,30.0,False,330,330,330,True
S3_C2_E778_V0464,E778,S3,C2,60.5,30.0,False,1815,1815,1815,True
S3_C2_E778_V0465,E778,S3,C2,60.5,30.0,False,1815,262,262,True
S3_C2_E779_V0466,E779,S3,C2,60.5,30.0,True,1815,0,0,False
S3_C2_E780_V0467,E780,S3,C2,60.5,30.0,False,1815,1815,1815,True
S3_C2_E780_V0468,E780,S3,C2,60.5,30.0,False,1815,1815,1815,True
S3_C2_E780_V0469,E780,S3,C2,60.5,30.0,False,1815,1815,1815,True
S3_C2_E780_V0470,E780,S3,C2,60.5,30.0,False,1815,1815,1815,True
S3_C2_E780_V0471,E780,S3,C2,60.5,30.0,False,1815,1815,1815,True
S3_C2_E780_V0472,E780,S3,C2,60.5,30.0,False,1815,1815,1815,True
S3_C2_E781_V0473,E781,S3,C2,60.5,30.0,False,1815,62,62,True
S3_C2_E782_V0474,E782,S3,C2,4.5,30.0,False,135,135,135,True
S3_C2_E782_V0475,E782,S3,C2,1.0,30.0,True,30,0,0,False
S3_C2_E782_V0476,E782,S3,C2,1.5,30.0,False,45,45,45,True
S3_C2_E782_V0477,E782,S3,C2,1.0,30.0,True,30,0,0,False
S3_C2_E782_V0478,E782,S3,C2,1.0,30.0,True,30,0,0,False
S3_C2_E782_V0479,E782,S3,C2,1.5,30.0,False,45,45,45,True
S3_C2_E782_V0480,E782,S3,C2,1.5,30.0,False,45,45,45,True
S3_C2_E782_V0481,E782,S3,C2,3.0,30.0,False,90,90,90,True
S3_C2_E782_V0482,E782,S3,C2,3.0,30.0,False,90,89,89,True
S3_C2_E783_V0483,E783,S3,C2,2.0,30.0,False,60,47,188,True
S3_C2_E783_V0484,E783,S3,C2,1.5,30.0,False,45,43,43,True
S3_C2_E783_V0485,E783,S3,C2,1.5,30.0,False,45,40,80,True
S3_C2_E783_V0486,E783,S3,C2,1.0,30.0,True,30,0,0,False
S3_C2_E783_V0487,E783,S3,C2,1.0,30.0,True,30,0,0,False
S3_C2_E783_V0488,E783,S3,C2,1.0,30.0,True,30,0,0,False
S3_C2_E783_V0489,E783,S3,C2,1.0,30.0,True,30,0,0,False
S3_C2_E783_V0490,E783,S3,C2,1.0,30.0,True,30,0,0,False
S3_C2_E783_V0491,E783,S3,C2,1.0,30.0,True,30,0,0,False
S3_C2_E783_V0492,E783,S3,C2,0.5,30.0,True,15,0,0,False
S3_C2_E783_V0493,E783,S3,C2,1.0,30.0,True,30,0,0,False
S3_C2_E783_V0494,E783,S3,C2,1.0,30.0,True,30,0,0,False
S3_C2_E783_V0495,E783,S3,C2,1.0,30.0,True,30,0,0,False
S3_C2_E785_V0497,E785,S3,C2,15.0,30.0,False,450,437,437,True
S3_C2_E785_V0498,E785,S3,C2,8.5,30.0,False,255,47,47,True
S3_C2_E786_V0499,E786,S3,C2,9.0,30.0,False,270,269,512,True
S3_C2_E786_V0500,E786,S3,C2,4.5,30.0,False,135,125,250,True
S3_C2_E786_V0501,E786,S3,C2,1.0,30.0,True,30,0,0,False
S3_C2_E786_V0502,E786,S3,C2,3.0,30.0,False,90,81,162,True
S3_C2_E786_V0503,E786,S3,C2,1.5,30.0,False,45,39,75,True
S3_C2_E786_V0504,E786,S3,C2,5.5,30.0,False,165,163,325,True
S3_C2_E786_V0505,E786,S3,C2,5.5,30.0,False,165,44,44,True
S3_C2_E787_V0506,E787,S3,C2,60.5,30.0,False,1815,830,830,True
S3_C2_E788_V0507,E788,S3,C2,1.0,30.0,True,30,0,0,False
S3_C2_E788_V0508,E788,S3,C2,1.0,30.0,True,30,0,0,False
S3_C2_E788_V0509,E788,S3,C2,0.4666666666666667,30.0,True,14,0,0,False
S3_C2_E788_V0510,E788,S3,C2,0.5,30.0,True,15,0,0,False
S3_C2_E788_V0511,E788,S3,C2,1.5,30.0,False,45,40,79,True
S3_C2_E788_V0512,E788,S3,C2,1.0,30.0,True,30,0,0,False
S3_C2_E789_V0513,E789,S3,C2,8.5,30.0,False,255,251,251,True
S3_C2_E790_V0514,E790,S3,C2,8.0,30.0,False,240,227,227,True
S3_C2_E791_V0515,E791,S3,C2,6.5,30.0,False,195,100,100,True
S3_C2_E791_V0516,E791,S3,C2,5.0,30.0,False,150,149,149,True
S3_C2_E791_V0517,E791,S3,C2,5.0,30.0,False,150,143,143,True
S3_C2_E791_V0518,E791,S3,C2,1.5,30.0,True,45,0,0,False
S3_C2_E791_V0519,E791,S3,C2,1.0,30.0,True,30,0,0,False
S3_C2_E791_V0520,E791,S3,C2,0.5,30.0,True,15,0,0,False
S3_C2_E792_V0521,E792,S3,C2,60.5,30.0,False,1815,1815,1815,True
S3_C2_E792_V0522,E792,S3,C2,60.5,30.0,False,1815,1815,1815,True
S3_C2_E792_V0523,E792,S3,C2,60.5,30.0,False,1815,1815,1815,True
S3_C2_E792_V0524,E792,S3,C2,60.5,30.0,False,1815,1815,1815,True
S3_C2_E792_V0525,E792,S3,C2,60.5,30.0,False,1815,1815,1815,True
S3_C2_E792_V0526,E792,S3,C2,60.5,30.0,False,1815,399,399,True
S3_C2_E792_V0527,E792,S3,C2,60.5,30.0,False,1815,1815,1815,True
S3_C2_E792_V0528,E792,S3,C2,60.5,30.0,False,1815,1815,1815,True
S3_C2_E792_V0529,E792,S3,C2,60.5,30.0,False,1815,1815,1815,True
S3_C2_E792_V0530,E792,S3,C2,60.5,30.0,False,1815,1815,1815,True
S3_C2_E792_V0531,E792,S3,C2,60.5,30.0,False,1815,1815,1815,True
S3_C2_E792_V0532,E792,S3,C2,60.5,30.0,False,1815,1815,1815,True
S3_C2_E792_V0533,E792,S3,C2,60.5,30.0,False,1815,1526,1526,True
S3_C2_E799_V0535,E799,S3,C2,60.5,30.0,False,1815,1815,1815,True
S3_C2_E800_V0536,E800,S3,C2,60.5,30.0,False,1815,1815,1815,True
S3_C2_E801_V0537,E801,S3,C2,60.5,30.0,True,1815,0,0,False
S3_C2_E802_V0538,E802,S3,C2,60.5,30.0,False,1815,1815,1815,True
S3_C2_E803_V0539,E803,S3,C2,10.5,30.0,False,315,305,305,True
S3_C2_E803_V0540,E803,S3,C2,6.5,30.0,False,195,191,381,True
S3_C2_E803_V0541,E803,S3,C2,6.0,30.0,False,180,179,353,True
S3_C2_E803_V0542,E803,S3,C2,7.0,30.0,False,210,209,418,True
S3_C2_E803_V0543,E803,S3,C2,3.0,30.0,False,90,89,178,True
S3_C2_E803_V0544,E803,S3,C2,4.5,30.0,False,135,132,250,True
S3_C2_E803_V0545,E803,S3,C2,2.5,30.0,False,75,66,66,True
S3_C2_E803_V0546,E803,S3,C2,1.0,30.0,True,30,0,0,False
S3_C2_E803_V0547,E803,S3,C2,1.0,30.0,True,30,0,0,False
S3_C2_E803_V0548,E803,S3,C2,2.0,30.0,True,60,0,0,False
S3_C2_E803_V0549,E803,S3,C2,4.0,30.0,False,120,107,107,True
S3_C2_E804_V0550,E804,S3,C2,5.0,30.0,False,150,149,149,True
S3_C2_E804_V0551,E804,S3,C2,4.0,30.0,False,120,113,113,True
S3_C2_E806_V0553,E806,S3,C2,15.0,30.0,False,450,437,437,True
S3_C2_E806_V0554,E806,S3,C2,5.5,30.0,False,165,155,155,True
S3_C2_E806_V0555,E806,S3,C2,1.5,30.0,False,45,44,44,True
S3_C2_E807_V0556,E807,S3,C2,5.0,30.0,False,150,148,148,True
S3_C2_E809_V0558,E809,S3,C2,60.5,30.0,True,1815,0,0,False
S3_C3_E407_V0058,E407,S3,C3,20.5,30.0,False,615,615,615,True
S3_C3_E407_V0059,E407,S3,C3,20.5,30.0,False,615,598,598,True
S3_C3_E407_V0060,E407,S3,C3,20.5,30.0,True,615,0,0,False
S3_C3_E418_V0067,E418,S3,C3,20.5,30.0,False,615,614,614,True
S3_C3_E418_V0068,E418,S3,C3,20.5,30.0,False,615,615,615,True
S3_C3_E418_V0069,E418,S3,C3,20.5,30.0,False,615,615,615,True
S3_C3_E418_V0070,E418,S3,C3,20.5,30.0,False,615,615,615,True
S3_C3_E418_V0071,E418,S3,C3,20.5,30.0,False,615,615,615,True
S3_C3_E418_V0072,E418,S3,C3,20.5,30.0,False,615,615,615,True
S3_C3_E418_V0073,E418,S3,C3,20.5,30.0,False,615,615,615,True
S3_C3_E418_V0074,E418,S3,C3,20.5,30.0,False,615,615,615,True
S3_C3_E418_V0075,E418,S3,C3,20.5,30.0,False,615,615,615,True
S3_C3_E418_V0076,E418,S3,C3,20.5,30.0,False,615,615,615,True
S3_C3_E418_V0077,E418,S3,C3,20.5,30.0,False,615,615,615,True
S3_C3_E419_V0078,E419,S3,C3,20.5,30.0,False,615,615,615,True
S3_C3_E419_V0079,E419,S3,C3,20.5,30.0,False,615,615,615,True
S3_C3_E419_V0080,E419,S3,C3,20.5,30.0,False,615,615,615,True
S3_C3_E419_V0081,E419,S3,C3,20.5,30.0,False,615,615,615,True
S3_C3_E419_V0082,E419,S3,C3,20.5,30.0,False,615,615,615,True
S3_C3_E419_V0083,E419,S3,C3,20.5,30.0,False,615,615,615,True
S3_C3_E419_V0084,E419,S3,C3,20.5,30.0,False,615,615,615,True
S3_C3_E419_V0085,E419,S3,C3,20.5,30.0,False,615,615,615,True
S3_C3_E419_V0086,E419,S3,C3,20.5,30.0,False,615,507,507,True
S3_C3_E437_V0095,E437,S3,C3,20.5,30.0,False,615,615,615,True
S3_C3_E437_V0096,E437,S3,C3,20.5,30.0,False,615,203,203,True
S3_C3_E437_V0097,E437,S3,C3,20.5,30.0,False,615,615,615,True
S3_C3_E437_V0098,E437,S3,C3,20.5,30.0,False,615,615,615,True
S3_C3_E437_V0099,E437,S3,C3,20.5,30.0,False,615,240,240,True
S3_C3_E444_V0115,E444,S3,C3,20.5,30.0,False,615,615,615,True
S3_C3_E444_V0116,E444,S3,C3,20.5,30.0,False,615,615,615,True
S3_C3_E444_V0117,E444,S3,C3,20.5,30.0,False,615,615,615,True
S3_C3_E444_V0118,E444,S3,C3,20.5,30.0,False,615,385,385,True
S3_C3_E444_V0119,E444,S3,C3,20.5,30.0,True,615,0,0,False
S3_C3_E444_V0120,E444,S3,C3,20.5,30.0,False,615,416,416,True
S3_C3_E444_V0121,E444,S3,C3,20.5,30.0,False,615,615,1230,True
S3_C3_E444_V0122,E444,S3,C3,20.5,30.0,False,615,615,1230,True
S3_C3_E444_V0123,E444,S3,C3,20.5,30.0,False,615,615,1614,True
S3_C3_E444_V0124,E444,S3,C3,20.5,30.0,False,615,615,1230,True
S3_C3_E444_V0125,E444,S3,C3,20.5,30.0,False,615,438,487,True
S3_C3_E444_V0126,E444,S3,C3,20.5,30.0,True,615,0,0,False
S3_C3_E444_V0127,E444,S3,C3,20.5,30.0,False,615,615,615,True
S3_C3_E444_V0128,E444,S3,C3,20.5,30.0,False,615,540,540,True
S3_C3_E444_V0129,E444,S3,C3,20.5,30.0,False,615,615,615,True
S3_C3_E444_V0130,E444,S3,C3,20.5,30.0,False,615,615,615,True
S3_C3_E444_V0131,E444,S3,C3,20.5,30.0,False,615,615,615,True
S3_C3_E444_V0132,E444,S3,C3,20.5,30.0,False,615,610,610,True
S3_C3_E444_V0133,E444,S3,C3,20.5,30.0,False,615,610,610,True
S3_C3_E444_V0134,E444,S3,C3,20.5,30.0,True,615,0,0,False
S3_C3_E444_V0135,E444,S3,C3,20.5,30.0,False,615,602,602,True
S3_C3_E444_V0136,E444,S3,C3,20.5,30.0,False,615,615,615,True
S3_C3_E444_V0137,E444,S3,C3,20.5,30.0,False,615,615,615,True
S3_C3_E444_V0138,E444,S3,C3,20.5,30.0,False,615,600,600,True
S3_C3_E444_V0139,E444,S3,C3,20.5,30.0,False,615,610,610,True
S3_C3_E444_V0140,E444,S3,C3,20.5,30.0,False,615,595,595,True
S3_C3_E444_V0141,E444,S3,C3,20.5,30.0,False,615,610,610,True
S3_C3_E444_V0142,E444,S3,C3,20.5,30.0,False,615,615,615,True
S3_C3_E444_V0143,E444,S3,C3,20.5,30.0,False,615,510,510,True
S3_C3_E444_V0144,E444,S3,C3,20.5,30.0,False,615,615,615,True
S3_C3_E444_V0145,E444,S3,C3,20.5,30.0,False,615,515,515,True
S3_C3_E444_V0146,E444,S3,C3,20.5,30.0,False,615,615,615,True
S3_C3_E444_V0147,E444,S3,C3,20.5,30.0,False,615,565,565,True
S3_C3_E444_V0148,E444,S3,C3,20.5,30.0,False,615,590,590,True
S3_C3_E444_V0149,E444,S3,C3,20.5,30.0,False,615,615,615,True
S3_C3_E444_V0150,E444,S3,C3,20.5,30.0,False,615,615,615,True
S3_C3_E444_V0151,E444,S3,C3,20.5,30.0,False,615,615,615,True
S3_C3_E444_V0152,E444,S3,C3,20.5,30.0,False,615,615,615,True
S3_C3_E444_V0153,E444,S3,C3,20.5,30.0,False,615,615,615,True
S3_C3_E444_V0154,E444,S3,C3,20.5,30.0,False,615,615,615,True
S3_C3_E444_V0155,E444,S3,C3,20.5,30.0,False,615,615,615,True
S3_C3_E444_V0156,E444,S3,C3,20.5,30.0,False,615,615,615,True
S3_C3_E444_V0157,E444,S3,C3,20.5,30.0,False,615,615,615,True
S3_C3_E444_V0158,E444,S3,C3,20.5,30.0,False,615,397,397,True
S3_C3_E453_V0159,E453,S3,C3,20.5,30.0,False,615,175,175,True
S3_C3_E453_V0160,E453,S3,C3,20.5,30.0,False,615,615,650,True
S3_C3_E453_V0161,E453,S3,C3,20.5,30.0,False,615,615,615,True
S3_C3_E454_V0162,E454,S3,C3,20.5,30.0,False,615,614,614,True
S3_C3_E454_V0163,E454,S3,C3,20.5,30.0,False,615,615,615,True
S3_C3_E454_V0164,E454,S3,C3,20.5,30.0,False,615,615,615,True
S3_C3_E454_V0165,E454,S3,C3,20.5,30.0,False,615,615,615,True
S3_C3_E454_V0166,E454,S3,C3,20.5,30.0,False,615,615,615,True
S3_C3_E454_V0167,E454,S3,C3,20.5,30.0,False,615,347,347,True
S3_C3_E455_V0168,E455,S3,C3,20.5,30.0,False,615,615,615,True
S3_C3_E455_V0169,E455,S3,C3,20.5,30.0,False,615,615,615,True
S3_C3_E455_V0170,E455,S3,C3,20.5,30.0,False,615,454,714,True
S3_C3_E460_V0171,E460,S3,C3,20.5,30.0,False,615,615,615,True
S3_C3_E460_V0172,E460,S3,C3,20.5,30.0,False,615,485,485,True
S3_C3_E460_V0173,E460,S3,C3,20.5,30.0,False,615,413,413,True
S3_C3_E460_V0174,E460,S3,C3,20.5,30.0,False,615,615,615,True
S3_C3_E460_V0175,E460,S3,C3,20.5,30.0,False,615,615,615,True
S3_C3_E460_V0176,E460,S3,C3,20.5,30.0,False,615,615,1229,True
S3_C3_E460_V0177,E460,S3,C3,20.5,30.0,False,615,411,411,True
S3_C3_E461_V0178,E461,S3,C3,20.5,30.0,False,615,154,154,True
S3_C3_E462_V0179,E462,S3,C3,20.5,30.0,False,615,615,776,True
S3_C3_E462_V0180,E462,S3,C3,20.5,30.0,False,615,615,1230,True
S3_C3_E462_V0181,E462,S3,C3,20.5,30.0,False,615,258,348,True
S3_C3_E476_V0212,E476,S3,C3,20.5,30.0,False,615,615,615,True
S3_C3_E476_V0213,E476,S3,C3,20.5,30.0,False,615,615,615,True
S3_C3_E476_V0214,E476,S3,C3,20.5,30.0,False,615,480,480,True
S3_C3_E476_V0215,E476,S3,C3,20.5,30.0,False,615,615,615,True
S3_C3_E476_V0216,E476,S3,C3,20.5,30.0,False,615,615,615,True
S3_C3_E476_V0217,E476,S3,C3,20.5,30.0,False,615,615,615,True
S3_C3_E476_V0218,E476,S3,C3,9.0,30.0,False,270,270,270,True
S3_C3_E476_V0219,E476,S3,C3,20.5,30.0,False,615,593,593,True
S3_C3_E476_V0220,E476,S3,C3,20.5,30.0,False,615,614,614,True
S3_C3_E476_V0221,E476,S3,C3,7.5,30.0,False,225,225,225,True
S3_C3_E476_V0222,E476,S3,C3,10.5,30.0,False,315,315,315,True
S3_C3_E476_V0223,E476,S3,C3,6.5,30.0,False,195,191,191,True
S3_C3_E476_V0224,E476,S3,C3,5.0,30.0,False,150,150,150,True
S3_C3_E476_V0225,E476,S3,C3,2.5,30.0,False,75,75,75,True
S3_C3_E476_V0226,E476,S3,C3,4.0,30.0,False,120,120,120,True
S3_C3_E476_V0227,E476,S3,C3,3.5,30.0,False,105,103,103,True
S3_C3_E476_V0228,E476,S3,C3,10.5,30.0,False,315,315,315,True
S3_C3_E476_V0229,E476,S3,C3,2.5,30.0,False,75,75,75,True
S3_C3_E476_V0230,E476,S3,C3,5.0,30.0,False,150,137,137,True
S3_C3_E476_V0231,E476,S3,C3,4.5,30.0,False,135,131,131,True
S3_C3_E476_V0232,E476,S3,C3,3.0,30.0,False,90,90,90,True
S3_C3_E476_V0233,E476,S3,C3,3.0,30.0,False,90,90,90,True
S3_C3_E476_V0234,E476,S3,C3,4.0,30.0,False,120,113,113,True
S3_C3_E477_V0235,E477,S3,C3,60.5,30.0,True,1815,0,0,False
S3_C3_E478_V0236,E478,S3,C3,60.5,30.0,True,1815,0,0,False
S3_C3_E478_V0237,E478,S3,C3,60.5,30.0,True,1815,0,0,False
S3_C3_E484_V0251,E484,S3,C3,60.5,30.0,True,1815,0,0,False
S3_C3_E486_V0253,E486,S3,C3,60.5,30.0,True,1815,0,0,False
S3_C3_E486_V0254,E486,S3,C3,60.5,30.0,True,1815,0,0,False
S3_C3_E486_V0255,E486,S3,C3,60.5,30.0,True,1815,0,0,False
S3_C3_E486_V0256,E486,S3,C3,60.5,30.0,True,1815,0,0,False
S3_C3_E491_V0261,E491,S3,C3,60.5,30.0,True,1815,0,0,False
S3_C3_E495_V0265,E495,S3,C3,60.5,30.0,True,1815,0,0,False
S3_C3_E495_V0266,E495,S3,C3,60.5,30.0,True,1815,0,0,False
S3_C3_E495_V0267,E495,S3,C3,60.5,30.0,True,1815,0,0,False
S3_C3_E495_V0268,E495,S3,C3,60.5,30.0,True,1815,0,0,False
S3_C3_E495_V0269,E495,S3,C3,60.5,30.0,True,1815,0,0,False
S3_C3_E496_V0270,E496,S3,C3,60.5,30.0,True,1815,0,0,False
S3_C3_E496_V0271,E496,S3,C3,60.5,30.0,True,1815,0,0,False
S3_C3_E501_V0277,E501,S3,C3,20.5,30.0,False,615,614,614,True
S3_C3_E501_V0278,E501,S3,C3,20.5,30.0,False,615,615,615,True
S3_C3_E501_V0279,E501,S3,C3,20.5,30.0,False,615,615,615,True
S3_C3_E501_V0280,E501,S3,C3,15.5,30.0,False,465,384,384,True
S3_C3_E503_V0282,E503,S3,C3,60.5,30.0,True,1815,0,0,False
S3_C3_E503_V0283,E503,S3,C3,60.5,30.0,True,1815,0,0,False
S3_C3_E503_V0284,E503,S3,C3,60.5,30.0,True,1815,0,0,False
S3_C3_E503_V0285,E503,S3,C3,60.5,30.0,True,1815,0,0,False
S3_C3_E503_V0286,E503,S3,C3,60.5,30.0,True,1815,0,0,False
S3_C3_E503_V0287,E503,S3,C3,60.5,30.0,True,1815,0,0,False
S3_C3_E504_V0288,E504,S3,C3,60.5,30.0,True,1815,0,0,False
S3_C3_E505_V0289,E505,S3,C3,60.5,30.0,True,1815,0,0,False
S3_C3_E505_V0290,E505,S3,C3,60.5,30.0,True,1815,0,0,False
S3_C3_E506_V0291,E506,S3,C3,60.5,30.0,True,1815,0,0,False
S3_C3_E507_V0292,E507,S3,C3,60.5,30.0,True,1815,0,0,False
S3_C3_E508_V0293,E508,S3,C3,60.5,30.0,True,1815,0,0,False
S3_C3_E515_V0313,E515,S3,C3,60.5,30.0,False,1815,1815,1815,True
S3_C3_E515_V0314,E515,S3,C3,60.5,30.0,True,1815,0,0,False
S3_C3_E515_V0315,E515,S3,C3,60.5,30.0,False,1815,1815,1815,True
S3_C3_E515_V0316,E515,S3,C3,60.5,30.0,False,1815,184,184,True
S3_C3_E523_V0324,E523,S3,C3,60.5,30.0,True,1815,0,0,False
S3_C3_E524_V0325,E524,S3,C3,20.5,30.0,False,615,615,615,True
S3_C3_E524_V0326,E524,S3,C3,20.5,30.0,True,615,0,0,False
S3_C3_E524_V0327,E524,S3,C3,20.5,30.0,False,615,535,535,True
S3_C3_E524_V0328,E524,S3,C3,8.0,30.0,False,240,227,227,True
S3_C3_E524_V0329,E524,S3,C3,10.5,30.0,False,315,305,305,True
S3_C3_E524_V0330,E524,S3,C3,2.5,30.0,False,75,61,61,True
S3_C3_E524_V0331,E524,S3,C3,6.0,30.0,False,180,55,55,True
S3_C3_E524_V0332,E524,S3,C3,14.5,30.0,False,435,425,425,True
S3_C3_E524_V0333,E524,S3,C3,3.0,30.0,False,90,81,81,True
S3_C3_E525_V0334,E525,S3,C3,18.0,30.0,False,540,540,540,True
S3_C3_E525_V0335,E525,S3,C3,2.0,30.0,False,60,56,56,True
S3_C3_E525_V0336,E525,S3,C3,6.0,30.0,False,180,167,167,True
S3_C3_E525_V0337,E525,S3,C3,4.5,30.0,False,135,125,125,True
S3_C3_E525_V0338,E525,S3,C3,1.5,30.0,True,45,0,0,False
S3_C3_E525_V0339,E525,S3,C3,4.0,30.0,True,120,0,0,False
S3_C3_E525_V0340,E525,S3,C3,5.0,30.0,False,150,150,150,True
S3_C3_E525_V0341,E525,S3,C3,1.5,30.0,False,45,45,45,True
S3_C3_E525_V0342,E525,S3,C3,1.5,30.0,False,45,45,45,True
S3_C3_E525_V0343,E525,S3,C3,1.5,30.0,False,45,45,45,True
S3_C3_E525_V0344,E525,S3,C3,3.0,30.0,False,90,90,90,True
S3_C3_E526_V0345,E526,S3,C3,60.5,30.0,False,1815,1815,1815,True
S3_C3_E529_V0348,E529,S3,C3,60.5,30.0,True,1815,0,0,False
S3_C3_E529_V0349,E529,S3,C3,60.5,30.0,True,1815,0,0,False
S3_C3_E529_V0350,E529,S3,C3,60.5,30.0,True,1815,0,0,False
S3_C3_E529_V0351,E529,S3,C3,60.5,30.0,True,1815,0,0,False
S3_C3_E532_V0354,E532,S3,C3,60.5,30.0,True,1815,0,0,False
S3_C3_E532_V0355,E532,S3,C3,60.5,30.0,True,1815,0,0,False
S3_C3_E532_V0356,E532,S3,C3,60.5,30.0,True,1815,0,0,False
S3_C3_E532_V0357,E532,S3,C3,60.5,30.0,True,1815,0,0,False
S3_C3_E532_V0358,E532,S3,C3,60.5,30.0,True,1815,0,0,False
S3_C3_E532_V0359,E532,S3,C3,60.5,30.0,True,1815,0,0,False
S3_C3_E534_V0361,E534,S3,C3,60.5,30.0,True,1815,0,0,False
S3_C3_E534_V0362,E534,S3,C3,60.5,30.0,True,1815,0,0,False
S3_C3_E534_V0363,E534,S3,C3,60.5,30.0,True,1815,0,0,False
S3_C3_E534_V0364,E534,S3,C3,60.5,30.0,True,1815,0,0,False
S3_C3_E535_V0365,E535,S3,C3,60.5,30.0,True,1815,0,0,False
S3_C3_E535_V0366,E535,S3,C3,60.5,30.0,True,1815,0,0,False
S3_C3_E535_V0367,E535,S3,C3,60.5,30.0,True,1815,0,0,False
S3_C3_E536_V0368,E536,S3,C3,60.5,30.0,True,1815,0,0,False
S3_C3_E540_V0373,E540,S3,C3,60.5,30.0,True,1815,0,0,False
S3_C3_E540_V0374,E540,S3,C3,60.5,30.0,True,1815,0,0,False
S3_C3_E541_V0375,E541,S3,C3,60.5,30.0,True,1815,0,0,False
S3_C3_E541_V0376,E541,S3,C3,60.5,30.0,True,1815,0,0,False
S3_C3_E545_V0381,E545,S3,C3,20.5,30.0,False,615,609,609,True
S3_C3_E545_V0382,E545,S3,C3,16.5,30.0,False,495,372,372,True
S3_C3_E545_V0383,E545,S3,C3,12.0,30.0,False,360,58,58,True
S3_C3_E545_V0384,E545,S3,C3,2.5,30.0,True,75,0,0,False
S3_C3_E545_V0385,E545,S3,C3,5.5,30.0,True,165,0,0,False
S3_C3_E545_V0386,E545,S3,C3,5.0,30.0,False,150,143,143,True
S3_C3_E545_V0387,E545,S3,C3,4.0,30.0,True,120,0,0,False
S3_C3_E545_V0388,E545,S3,C3,1.5,30.0,True,45,0,0,False
S3_C3_E545_V0389,E545,S3,C3,8.0,30.0,False,240,223,223,True
S3_C3_E545_V0390,E545,S3,C3,2.5,30.0,False,75,69,69,True
S3_C3_E545_V0391,E545,S3,C3,2.0,30.0,False,60,47,47,True
S3_C3_E545_V0392,E545,S3,C3,2.0,30.0,False,60,54,54,True
S3_C3_E545_V0393,E545,S3,C3,5.5,30.0,False,165,78,78,True
S3_C3_E545_V0394,E545,S3,C3,2.5,30.0,False,75,71,71,True
S3_C3_E545_V0395,E545,S3,C3,2.5,30.0,False,75,75,75,True
S3_C3_E545_V0396,E545,S3,C3,1.5,30.0,False,45,45,45,True
S3_C3_E545_V0397,E545,S3,C3,1.5,30.0,False,45,45,45,True
S3_C3_E545_V0398,E545,S3,C3,3.0,30.0,False,90,90,90,True
S3_C3_E545_V0399,E545,S3,C3,1.5,30.0,False,45,45,45,True
S3_C3_E545_V0400,E545,S3,C3,2.0,30.0,False,60,48,48,True
S3_C3_E545_V0401,E545,S3,C3,1.0,30.0,True,30,0,0,False
S3_C3_E545_V0402,E545,S3,C3,1.5,30.0,False,45,45,45,True
S3_C3_E545_V0403,E545,S3,C3,1.0,30.0,True,30,0,0,False
S3_C3_E545_V0404,E545,S3,C3,1.5,30.0,False,45,36,36,True
S3_C3_E545_V0405,E545,S3,C3,1.0,30.0,True,30,0,0,False
S3_C3_E545_V0406,E545,S3,C3,2.0,30.0,False,60,48,48,True
S3_C3_E545_V0407,E545,S3,C3,2.5,30.0,True,75,0,0,False
S3_C3_E545_V0408,E545,S3,C3,4.0,30.0,False,120,119,119,True
S3_C3_E545_V0409,E545,S3,C3,1.0,30.0,True,30,0,0,False
S3_C3_E545_V0410,E545,S3,C3,1.5,30.0,False,45,41,41,True
S3_C3_E545_V0411,E545,S3,C3,2.0,30.0,False,60,54,54,True
S3_C3_E545_V0412,E545,S3,C3,1.5,30.0,True,45,0,0,False
S3_C3_E545_V0413,E545,S3,C3,1.5,30.0,True,45,0,0,False
S3_C3_E545_V0414,E545,S3,C3,1.0,30.0,True,30,0,0,False
S3_C3_E545_V0415,E545,S3,C3,2.0,30.0,False,60,53,53,True
S3_C3_E545_V0416,E545,S3,C3,1.5,30.0,False,45,44,44,True
S3_C3_E545_V0417,E545,S3,C3,2.0,30.0,False,60,59,59,True
S3_C3_E545_V0418,E545,S3,C3,9.0,30.0,False,270,263,263,True
S3_C3_E545_V0419,E545,S3,C3,2.5,30.0,False,75,75,75,True
S3_C3_E545_V0420,E545,S3,C3,2.0,30.0,False,60,57,57,True
S3_C3_E545_V0421,E545,S3,C3,1.5,30.0,False,45,45,45,True
S3_C3_E545_V0422,E545,S3,C3,2.0,30.0,False,60,60,60,True
S3_C3_E545_V0423,E545,S3,C3,2.0,30.0,False,60,60,60,True
S3_C3_E545_V0424,E545,S3,C3,2.5,30.0,False,75,64,64,True
S3_C3_E545_V0425,E545,S3,C3,1.0,30.0,True,30,0,0,False
S3_C3_E545_V0426,E545,S3,C3,1.0,30.0,True,30,0,0,False
S3_C3_E545_V0427,E545,S3,C3,1.0,30.0,True,30,0,0,False
S3_C3_E545_V0428,E545,S3,C3,1.5,30.0,True,45,0,0,False
S3_C3_E545_V0429,E545,S3,C3,1.5,30.0,True,45,0,0,False
S3_C3_E545_V0430,E545,S3,C3,5.0,30.0,True,150,0,0,False
S3_C3_E545_V0431,E545,S3,C3,2.0,30.0,False,60,58,58,True
S3_C3_E545_V0432,E545,S3,C3,2.0,30.0,True,60,0,0,False
S3_C3_E545_V0433,E545,S3,C3,2.5,30.0,False,75,69,69,True
S3_C3_E545_V0434,E545,S3,C3,1.0,30.0,True,30,0,0,False
S3_C3_E545_V0435,E545,S3,C3,1.0,30.0,True,30,0,0,False
S3_C3_E545_V0436,E545,S3,C3,1.0,30.0,True,30,0,0,False
S3_C3_E545_V0437,E545,S3,C3,3.0,30.0,False,90,84,84,True
S3_C3_E545_V0438,E545,S3,C3,2.5,30.0,False,75,71,71,True
S3_C3_E545_V0439,E545,S3,C3,2.0,30.0,False,60,51,51,True
S3_C3_E545_V0440,E545,S3,C3,1.5,30.0,False,45,38,38,True
S3_C3_E545_V0441,E545,S3,C3,2.0,30.0,False,60,50,50,True
S3_C3_E548_V0443,E548,S3,C3,60.5,30.0,True,1815,0,0,False
S3_C3_E549_V0444,E549,S3,C3,60.5,30.0,True,1815,0,0,False
S3_C3_E549_V0445,E549,S3,C3,60.5,30.0,True,1815,0,0,False
S3_C3_E552_V0448,E552,S3,C3,60.5,30.0,True,1815,0,0,False
S3_C3_E552_V0449,E552,S3,C3,60.5,30.0,True,1815,0,0,False
S3_C3_E552_V0450,E552,S3,C3,60.5,30.0,True,1815,0,0,False
S3_C3_E560_V0458,E560,S3,C3,5.0,30.0,False,150,74,110,True
S3_C3_E561_V0459,E561,S3,C3,2.5,30.0,False,75,75,75,True
S3_C3_E561_V0460,E561,S3,C3,1.0,30.0,True,30,0,0,False
S3_C3_E561_V0461,E561,S3,C3,1.5,30.0,False,45,45,45,True
S3_C3_E561_V0462,E561,S3,C3,1.5,30.0,False,45,45,45,True
S3_C3_E561_V0463,E561,S3,C3,1.0,30.0,True,30,0,0,False
S3_C3_E561_V0464,E561,S3,C3,1.0,30.0,True,30,0,0,False
S3_C3_E561_V0465,E561,S3,C3,1.5,30.0,False,45,36,36,True
S3_C3_E561_V0466,E561,S3,C3,1.0,30.0,True,30,0,0,False
S3_C3_E566_V0471,E566,S3,C3,60.5,30.0,True,1815,0,0,False
S3_C3_E566_V0472,E566,S3,C3,60.5,30.0,True,1815,0,0,False
S3_C3_E567_V0473,E567,S3,C3,60.5,30.0,True,1815,0,0,False
S3_C3_E568_V0474,E568,S3,C3,60.5,30.0,True,1815,0,0,False
S3_C3_E569_V0475,E569,S3,C3,60.5,30.0,True,1815,0,0,False
S3_C3_E571_V0492,E571,S3,C3,60.5,30.0,True,1815,0,0,False
S3_C3_E571_V0493,E571,S3,C3,60.5,30.0,True,1815,0,0,False
S3_C3_E571_V0494,E571,S3,C3,60.5,30.0,True,1815,0,0,False
S3_C3_E571_V0495,E571,S3,C3,60.5,30.0,True,1815,0,0,False
S3_C3_E571_V0496,E571,S3,C3,60.5,30.0,True,1815,0,0,False
S3_C3_E571_V0497,E571,S3,C3,60.5,30.0,True,1815,0,0,False
S3_C3_E571_V0498,E571,S3,C3,60.5,30.0,True,1815,0,0,False
S3_C3_E576_V0505,E576,S3,C3,60.5,30.0,True,1815,0,0,False
S3_C3_E581_V0508,E581,S3,C3,2.0,30.0,False,60,60,60,True
S3_C3_E581_V0509,E581,S3,C3,1.5,30.0,False,45,45,45,True
S3_C3_E581_V0510,E581,S3,C3,2.0,30.0,False,60,60,60,True
S3_C3_E581_V0511,E581,S3,C3,1.5,30.0,False,45,37,37,True
S3_C3_E581_V0512,E581,S3,C3,1.5,30.0,False,45,45,45,True
S3_C3_E581_V0513,E581,S3,C3,1.5,30.0,False,45,37,37,True
S3_C3_E581_V0514,E581,S3,C3,1.0,30.0,True,30,0,0,False
S3_C3_E581_V0515,E581,S3,C3,2.0,30.0,False,60,49,49,True
S3_C3_E581_V0516,E581,S3,C3,1.0,30.0,True,30,0,0,False
S3_C3_E581_V0517,E581,S3,C3,1.0,30.0,True,30,0,0,False
S3_C3_E581_V0518,E581,S3,C3,1.0,30.0,True,30,0,0,False
S3_C3_E581_V0519,E581,S3,C3,1.0,30.0,True,30,0,0,False
S3_C3_E581_V0520,E581,S3,C3,2.0,30.0,False,60,48,48,True
S3_C3_E581_V0521,E581,S3,C3,2.0,30.0,False,60,49,49,True
S3_C3_E581_V0522,E581,S3,C3,1.5,30.0,False,45,45,45,True
S3_C3_E581_V0523,E581,S3,C3,2.5,30.0,False,75,68,68,True
S3_C3_E582_V0524,E582,S3,C3,4.0,30.0,False,120,110,110,True
S3_C3_E582_V0525,E582,S3,C3,1.0,30.0,True,30,0,0,False
S3_C3_E582_V0526,E582,S3,C3,1.0,30.0,True,30,0,0,False
S3_C3_E582_V0527,E582,S3,C3,1.0,30.0,True,30,0,0,False
S3_C3_E582_V0528,E582,S3,C3,1.0,30.0,True,30,0,0,False
S3_C3_E582_V0529,E582,S3,C3,1.5,30.0,False,45,45,45,True
S3_C3_E582_V0530,E582,S3,C3,1.0,30.0,True,30,0,0,False
S3_C3_E585_V0533,E585,S3,C3,60.5,30.0,True,1815,0,0,False
S3_C3_E585_V0534,E585,S3,C3,60.5,30.0,True,1815,0,0,False
S3_C3_E586_V0535,E586,S3,C3,60.5,30.0,True,1815,0,0,False
S3_C3_E586_V0536,E586,S3,C3,60.5,30.0,True,1815,0,0,False
S3_C3_E587_V0537,E587,S3,C3,60.5,30.0,True,1815,0,0,False
S3_C3_E589_V0539,E589,S3,C3,60.5,30.0,True,1815,0,0,False
S3_C3_E589_V0540,E589,S3,C3,60.5,30.0,True,1815,0,0,False
S3_C3_E589_V0541,E589,S3,C3,60.5,30.0,True,1815,0,0,False
S3_C3_E589_V0542,E589,S3,C3,60.5,30.0,True,1815,0,0,False
S3_C3_E589_V0543,E589,S3,C3,60.5,30.0,True,1815,0,0,False
S3_C3_E589_V0544,E589,S3,C3,60.5,30.0,True,1815,0,0,False
S3_C3_E598_V0553,E598,S3,C3,60.5,30.0,True,1815,0,0,False
S3_C3_E598_V0554,E598,S3,C3,60.5,30.0,True,1815,0,0,False
S3_C3_E598_V0555,E598,S3,C3,60.5,30.0,True,1815,0,0,False
S3_C3_E604_V0564,E604,S3,C3,60.5,30.0,True,1815,0,0,False
S3_C3_E607_V0568,E607,S3,C3,60.5,30.0,True,1815,0,0,False
S3_C3_E607_V0569,E607,S3,C3,60.5,30.0,True,1815,0,0,False
S3_C3_E607_V0570,E607,S3,C3,60.5,30.0,True,1815,0,0,False
S3_C3_E608_V0571,E608,S3,C3,60.5,30.0,True,1815,0,0,False
S3_C3_E608_V0572,E608,S3,C3,60.5,30.0,True,1815,0,0,False
S3_C3_E608_V0573,E608,S3,C3,60.5,30.0,True,1815,0,0,False
S3_C3_E608_V0574,E608,S3,C3,60.5,30.0,True,1815,0,0,False
S3_C3_E608_V0575,E608,S3,C3,60.5,30.0,True,1815,0,0,False
S3_C3_E608_V0576,E608,S3,C3,60.5,30.0,True,1815,0,0,False
S3_C3_E614_V0589,E614,S3,C3,1.0,30.0,True,30,0,0,False
S3_C3_E614_V0590,E614,S3,C3,1.0,30.0,True,30,0,0,False
S3_C3_E614_V0591,E614,S3,C3,1.0,30.0,True,30,0,0,False
S3_C3_E629_V0604,E629,S3,C3,60.5,30.0,True,1815,0,0,False
S3_C3_E631_V0606,E631,S3,C3,60.5,30.0,True,1815,0,0,False
S3_C3_E631_V0607,E631,S3,C3,60.5,30.0,True,1815,0,0,False
S3_C3_E631_V0608,E631,S3,C3,60.5,30.0,True,1815,0,0,False
S3_C3_E634_V0611,E634,S3,C3,60.5,30.0,True,1815,0,0,False
S3_C3_E642_V0616,E642,S3,C3,60.5,30.0,False,1815,645,1427,True
S3_C3_E642_V0617,E642,S3,C3,60.5,30.0,False,1815,1815,1815,True
S3_C3_E642_V0618,E642,S3,C3,60.5,30.0,False,1815,1815,2063,True
S3_C3_E642_V0619,E642,S3,C3,60.5,30.0,False,1815,1815,5205,True
S3_C3_E642_V0620,E642,S3,C3,60.5,30.0,False,1815,1815,3768,True
S3_C3_E642_V0621,E642,S3,C3,60.5,30.0,False,1815,1815,3630,True
S3_C3_E642_V0622,E642,S3,C3,60.5,30.0,False,1815,626,1114,True
S3_C3_E642_V0623,E642,S3,C3,60.5,30.0,False,1815,1815,2274,True
S3_C3_E644_V0625,E644,S3,C3,60.5,30.0,True,1815,0,0,False
S3_C3_E663_V0644,E663,S3,C3,60.5,30.0,True,1815,0,0,False
S3_C3_E663_V0645,E663,S3,C3,60.5,30.0,True,1815,0,0,False
S3_C3_E663_V0646,E663,S3,C3,60.5,30.0,True,1815,0,0,False
S3_C3_E692_V0698,E692,S3,C3,60.5,30.0,False,1815,1815,1815,True
S3_C3_E692_V0699,E692,S3,C3,60.5,30.0,False,1815,1815,1815,True
S3_C3_E692_V0700,E692,S3,C3,60.5,30.0,False,1815,1815,1815,True
S3_C3_E692_V0701,E692,S3,C3,60.5,30.0,False,1815,1815,1815,True
S3_C3_E693_V0702,E693,S3,C3,60.5,30.0,False,1815,1815,7767,True
S3_C3_E693_V0703,E693,S3,C3,60.5,30.0,False,1815,1815,8738,True
S3_C3_E693_V0704,E693,S3,C3,60.5,30.0,False,1815,1815,7252,True
S3_C3_E693_V0705,E693,S3,C3,60.5,30.0,False,1815,1815,3670,True
S3_C3_E693_V0706,E693,S3,C3,60.5,30.0,False,1815,658,1454,True
