video_path,start_s,end_s,activity,actions,species
S1_C3_E144_V0060_ID1_T1/S1_C3_E144_V0060_ID1_T1_c0.mp4,0.0,4.966666666666667,camera_reaction,looking_at_camera;none,red_deer
S1_C3_E144_V0060_ID1_T1/S1_C3_E144_V0060_ID1_T1_c1.mp4,0.0,0.7666666666666667,camera_reaction,standing_head_up;none,red_deer
S1_C3_E144_V0060_ID1_T1/S1_C3_E144_V0060_ID1_T1_c2.mp4,0.0,4.0,camera_reaction,walking;none,red_deer
S1_C3_E145_V0061_ID1_T1/S1_C3_E145_V0061_ID1_T1_c0.mp4,0.0,3.5,foraging,walking;none,red_deer
S1_C3_E145_V0061_ID1_T1/S1_C3_E145_V0061_ID1_T1_c1.mp4,0.0,1.3666666666666667,foraging,standing_head_down;none,red_deer
S1_C3_E145_V0061_ID1_T1/S1_C3_E145_V0061_ID1_T1_c2.mp4,0.0,7.9,foraging,walking;none,red_deer
S1_C3_E145_V0061_ID1_T1/S1_C3_E145_V0061_ID1_T1_c3.mp4,0.0,5.566666666666666,foraging,unknown;none,red_deer
S1_C3_E145_V0061_ID1_T1/S1_C3_E145_V0061_ID1_T1_c4.mp4,0.0,0.3333333333333333,foraging,walking;none,red_deer
S1_C3_E151_V0065_ID1_T1/S1_C3_E151_V0065_ID1_T1_c0.mp4,0.0,1.1333333333333333,foraging,standing_head_down;none,red_deer
S1_C3_E151_V0065_ID1_T1/S1_C3_E151_V0065_ID1_T1_c1.mp4,0.0,4.233333333333333,foraging,walking;none,red_deer
S1_C3_E169_V0075_ID1_T1/S1_C3_E169_V0075_ID1_T1_c0.mp4,0.0,1.3,foraging,walking;none,roe_deer
S1_C3_E169_V0075_ID1_T1/S1_C3_E169_V0075_ID1_T1_c1.mp4,0.0,1.9,vigilance,standing_head_up;none,roe_deer
S1_C3_E169_V0075_ID1_T1/S1_C3_E169_V0075_ID1_T1_c2.mp4,0.0,6.233333333333333,foraging,walking;none,roe_deer
S1_C3_E169_V0075_ID1_T1/S1_C3_E169_V0075_ID1_T1_c3.mp4,0.0,8.433333333333334,foraging,grazing;none,roe_deer
S1_C3_E169_V0075_ID1_T1/S1_C3_E169_V0075_ID1_T1_c4.mp4,0.0,2.8,foraging,standing_head_up;none,roe_deer
S1_C3_E169_V0075_ID1_T1/S1_C3_E169_V0075_ID1_T1_c5.mp4,0.0,2.7666666666666666,vigilance,standing_head_up;none,roe_deer
S1_C3_E169_V0075_ID1_T1/S1_C3_E169_V0075_ID1_T1_c6.mp4,0.0,0.7,foraging,standing_head_up;none,roe_deer
S1_C3_E169_V0075_ID1_T1/S1_C3_E169_V0075_ID1_T1_c7.mp4,0.0,2.8,foraging,walking;none,roe_deer
S1_C3_E192_V0081_ID1_T1/S1_C3_E192_V0081_ID1_T1_c0.mp4,0.0,4.0,unknown,unknown;none,red_deer
S1_C3_E192_V0081_ID1_T1/S1_C3_E192_V0081_ID1_T1_c1.mp4,0.0,1.6333333333333333,foraging,standing_head_down;none,red_deer
S1_C3_E192_V0081_ID1_T1/S1_C3_E192_V0081_ID1_T1_c2.mp4,0.0,4.2,foraging,walking;none,red_deer
S1_C3_E192_V0081_ID1_T1/S1_C3_E192_V0081_ID1_T1_c3.mp4,0.0,2.8,foraging,sniffing;none,red_deer
S1_C3_E192_V0081_ID1_T1/S1_C3_E192_V0081_ID1_T1_c4.mp4,0.0,9.433333333333334,foraging,walking;none,red_deer
S1_C3_E192_V0081_ID1_T1/S1_C3_E192_V0081_ID1_T1_c5.mp4,0.0,2.1,courtship,standing_head_up;vocalizing,red_deer
S1_C3_E192_V0081_ID1_T1/S1_C3_E192_V0081_ID1_T1_c6.mp4,0.0,5.966666666666667,foraging,walking;none,red_deer
S1_C3_E198_V0082_ID1_T1/S1_C3_E198_V0082_ID1_T1_c0.mp4,0.0,0.6666666666666666,foraging,walking;none,red_deer
S1_C3_E198_V0082_ID1_T1/S1_C3_E198_V0082_ID1_T1_c1.mp4,0.0,4.866666666666666,vigilance,standing_head_up;none,red_deer
S1_C3_E198_V0082_ID1_T1/S1_C3_E198_V0082_ID1_T1_c2.mp4,0.0,3.2333333333333334,foraging,walking;none,red_deer
S1_C3_E198_V0082_ID1_T1/S1_C3_E198_V0082_ID1_T1_c3.mp4,0.0,3.533333333333333,foraging,sniffing;none,red_deer
S1_C3_E198_V0082_ID1_T1/S1_C3_E198_V0082_ID1_T1_c4.mp4,0.0,8.2,foraging,walking;none,red_deer
S1_C3_E200_V0084_ID1_T1/S1_C3_E200_V0084_ID1_T1_c0.mp4,0.0,9.266666666666667,foraging,walking;none,red_deer
S1_C3_E200_V0084_ID1_T1/S1_C3_E200_V0084_ID1_T1_c1.mp4,0.0,0.36666666666666664,vigilance,standing_head_up;none,red_deer
S1_C3_E200_V0084_ID1_T1/S1_C3_E200_V0084_ID1_T1_c2.mp4,0.0,0.9333333333333333,foraging,standing_head_up;none,red_deer
S1_C3_E200_V0084_ID1_T1/S1_C3_E200_V0084_ID1_T1_c3.mp4,0.0,2.466666666666667,foraging,walking;none,red_deer
S1_C3_E200_V0084_ID1_T1/S1_C3_E200_V0084_ID1_T1_c4.mp4,0.0,1.2666666666666666,foraging,standing_head_down;none,red_deer
S1_C3_E200_V0084_ID1_T1/S1_C3_E200_V0084_ID1_T1_c5.mp4,0.0,1.4333333333333333,foraging,grazing;none,red_deer
S1_C3_E200_V0084_ID1_T1/S1_C3_E200_V0084_ID1_T1_c6.mp4,0.0,0.6,foraging,standing_head_down;none,red_deer
S1_C3_E200_V0084_ID1_T1/S1_C3_E200_V0084_ID1_T1_c7.mp4,0.0,3.1666666666666665,foraging,walking;none,red_deer
S1_C3_E219_V0088_ID1_T1/S1_C3_E219_V0088_ID1_T1_c0.mp4,0.0,3.433333333333333,foraging,walking;none,red_deer
S1_C3_E219_V0088_ID1_T1/S1_C3_E219_V0088_ID1_T1_c1.mp4,0.0,4.166666666666667,foraging,sniffing;none,red_deer
S1_C3_E219_V0088_ID1_T1/S1_C3_E219_V0088_ID1_T1_c2.mp4,0.0,5.866666666666666,vigilance,standing_head_up;none,red_deer
S1_C3_E219_V0088_ID1_T1/S1_C3_E219_V0088_ID1_T1_c3.mp4,0.0,7.033333333333333,foraging,walking;none,red_deer
S1_C3_E224_V0089_ID1_T1/S1_C3_E224_V0089_ID1_T1_c0.mp4,0.0,1.8333333333333333,foraging,walking;none,red_deer
S1_C3_E237_V0092_ID1_T1/S1_C3_E237_V0092_ID1_T1_c0.mp4,0.0,1.9,camera_reaction,looking_at_camera;none,red_deer
S1_C3_E237_V0092_ID1_T1/S1_C3_E237_V0092_ID1_T1_c1.mp4,0.0,2.1,camera_reaction,running;none,red_deer
S1_C3_E237_V0092_ID1_T1/S1_C3_E237_V0092_ID1_T1_c2.mp4,0.0,1.3333333333333333,foraging,walking;none,red_deer
S1_C3_E243_V0093_ID1_T1/S1_C3_E243_V0093_ID1_T1_c0.mp4,0.0,0.5,foraging,walking;none,red_deer
S1_C3_E243_V0093_ID1_T1/S1_C3_E243_V0093_ID1_T1_c1.mp4,0.0,8.3,foraging,grazing;none,red_deer
S1_C3_E243_V0093_ID1_T1/S1_C3_E243_V0093_ID1_T1_c2.mp4,0.0,2.1666666666666665,foraging,walking;none,red_deer
S1_C3_E243_V0093_ID1_T1/S1_C3_E243_V0093_ID1_T1_c3.mp4,0.0,0.36666666666666664,foraging,sniffing;none,red_deer
S1_C3_E243_V0093_ID1_T1/S1_C3_E243_V0093_ID1_T1_c4.mp4,0.0,0.1,foraging,grazing;none,red_deer
S1_C3_E243_V0093_ID1_T1/S1_C3_E243_V0093_ID1_T1_c5.mp4,0.0,1.5,foraging,walking;none,red_deer
S1_C3_E243_V0093_ID1_T1/S1_C3_E243_V0093_ID1_T1_c6.mp4,0.0,7.566666666666666,foraging,grazing;none,red_deer
S1_C3_E27_V0016_ID1_T1/S1_C3_E27_V0016_ID1_T1_c0.mp4,0.0,20.5,camera_reaction,looking_at_camera;none,red_deer
S1_C3_E27_V0017_ID1_T1/S1_C3_E27_V0017_ID1_T1_c0.mp4,0.0,4.566666666666666,vigilance,looking_at_camera;none,red_deer
S1_C3_E27_V0017_ID1_T1/S1_C3_E27_V0017_ID1_T1_c1.mp4,0.0,2.8333333333333335,vigilance,sniffing;none,red_deer
S1_C3_E27_V0017_ID1_T1/S1_C3_E27_V0017_ID1_T1_c2.mp4,0.0,5.833333333333333,vigilance,looking_at_camera;none,red_deer
S1_C3_E27_V0017_ID1_T1/S1_C3_E27_V0017_ID1_T1_c3.mp4,0.0,3.1666666666666665,vigilance,standing_head_down;none,red_deer
S1_C3_E27_V0017_ID1_T1/S1_C3_E27_V0017_ID1_T1_c4.mp4,0.0,4.1,vigilance,sniffing;none,red_deer
S1_C3_E36_V0018_ID1_T1/S1_C3_E36_V0018_ID1_T1_c0.mp4,0.0,0.5,vigilance,looking_at_camera;none,red_deer
S1_C3_E36_V0018_ID1_T1/S1_C3_E36_V0018_ID1_T1_c1.mp4,0.0,4.366666666666666,escaping,running;none,red_deer
S1_C3_E36_V0018_ID2_T1/S1_C3_E36_V0018_ID2_T1_c0.mp4,0.0,1.6666666666666667,vigilance,standing_head_up;none,red_deer
S1_C3_E36_V0018_ID2_T1/S1_C3_E36_V0018_ID2_T1_c1.mp4,0.0,1.3333333333333333,foraging,walking;none,red_deer
S1_C3_E36_V0018_ID2_T1/S1_C3_E36_V0018_ID2_T1_c2.mp4,0.0,55.56666666666667,foraging,grazing;none,red_deer
S1_C3_E36_V0018_ID2_T1/S1_C3_E36_V0018_ID2_T1_c3.mp4,0.0,0.3,unknown,unknown;none,red_deer
S1_C3_E36_V0018_ID2_T1/S1_C3_E36_V0018_ID2_T1_c4.mp4,0.0,11.4,foraging,walking;none,red_deer
S1_C3_E36_V0018_ID2_T1/S1_C3_E36_V0018_ID2_T1_c5.mp4,0.0,1.9666666666666666,foraging,running;none,red_deer
S1_C3_E36_V0018_ID2_T1/S1_C3_E36_V0018_ID2_T1_c6.mp4,0.0,3.0,vigilance,standing_head_up;none,red_deer
S1_C3_E36_V0018_ID2_T1/S1_C3_E36_V0018_ID2_T1_c7.mp4,0.0,1.1333333333333333,foraging,walking;none,red_deer
S1_C3_E36_V0018_ID2_T1/S1_C3_E36_V0018_ID2_T1_c8.mp4,0.0,0.6333333333333333,foraging,sniffing;none,red_deer
S1_C3_E36_V0018_ID2_T1/S1_C3_E36_V0018_ID2_T1_c9.mp4,0.0,1.0,foraging,walking;none,red_deer
S1_C3_E36_V0018_ID2_T1/S1_C3_E36_V0018_ID2_T1_c10.mp4,0.0,0.7333333333333333,unknown,running;none,red_deer
S1_C3_E37_V0019_ID1_T1/S1_C3_E37_V0019_ID1_T1_c0.mp4,0.0,10.266666666666667,vigilance,standing_head_up;none,red_deer
S1_C3_E37_V0019_ID1_T1/S1_C3_E37_V0019_ID1_T1_c1.mp4,0.0,43.96666666666667,foraging,grazing;none,red_deer
S1_C1_E104_V0262_ID1_T1/S1_C1_E104_V0262_ID1_T1_c0.mp4,0.0,20.5,foraging,grazing;none,red_deer
S1_C1_E104_V0263_ID1_T1/S1_C1_E104_V0263_ID1_T1_c0.mp4,0.0,11.166666666666666,foraging,grazing;none,red_deer
S1_C1_E104_V0264_ID1_T1/S1_C1_E104_V0264_ID1_T1_c0.mp4,0.0,5.966666666666667,foraging,grazing;none,red_deer
S1_C1_E104_V0265_ID1_T1/S1_C1_E104_V0265_ID1_T1_c0.mp4,0.0,1.5,foraging,grazing;none,red_deer
S1_C1_E104_V0266_ID1_T1/S1_C1_E104_V0266_ID1_T1_c0.mp4,0.0,2.9,foraging,grazing;none,red_deer
S1_C1_E104_V0267_ID1_T1/S1_C1_E104_V0267_ID1_T1_c0.mp4,0.0,1.9666666666666666,foraging,grazing;none,red_deer
S1_C1_E104_V0268_ID1_T1/S1_C1_E104_V0268_ID1_T1_c0.mp4,0.0,2.9,foraging,grazing;none,red_deer
S1_C1_E104_V0269_ID1_T1/S1_C1_E104_V0269_ID1_T1_c0.mp4,0.0,2.1666666666666665,foraging,grazing;none,red_deer
S1_C1_E104_V0270_ID1_T1/S1_C1_E104_V0270_ID1_T1_c0.mp4,0.0,2.1333333333333333,foraging,grazing;none,red_deer
S1_C1_E104_V0271_ID1_T1/S1_C1_E104_V0271_ID1_T1_c0.mp4,0.0,1.5333333333333334,foraging,grazing;none,red_deer
S1_C1_E104_V0273_ID1_T1/S1_C1_E104_V0273_ID1_T1_c0.mp4,0.0,1.5,foraging,grazing;none,red_deer
S1_C1_E104_V0274_ID1_T1/S1_C1_E104_V0274_ID1_T1_c0.mp4,0.0,2.2,foraging,grazing;none,red_deer
S1_C1_E104_V0276_ID1_T1/S1_C1_E104_V0276_ID1_T1_c0.mp4,0.0,6.966666666666667,foraging,grazing;none,red_deer
S1_C1_E104_V0277_ID1_T1/S1_C1_E104_V0277_ID1_T1_c0.mp4,0.0,5.966666666666667,foraging,grazing;none,red_deer
S1_C1_E104_V0278_ID1_T1/S1_C1_E104_V0278_ID1_T1_c0.mp4,0.0,3.0,foraging,grazing;none,red_deer
S1_C1_E104_V0279_ID1_T1/S1_C1_E104_V0279_ID1_T1_c0.mp4,0.0,3.966666666666667,foraging,grazing;none,red_deer
S1_C1_E104_V0280_ID1_T1/S1_C1_E104_V0280_ID1_T1_c0.mp4,0.0,1.5,vigilance,standing_head_up;none,red_deer
S1_C1_E104_V0281_ID1_T1/S1_C1_E104_V0281_ID1_T1_c0.mp4,0.0,3.7666666666666666,vigilance,standing_head_up;none,red_deer
S1_C1_E104_V0282_ID1_T1/S1_C1_E104_V0282_ID1_T1_c0.mp4,0.0,3.2333333333333334,vigilance,standing_head_up;none,red_deer
S1_C1_E104_V0282_ID1_T1/S1_C1_E104_V0282_ID1_T1_c1.mp4,0.0,0.6333333333333333,grooming,scratching_body;none,red_deer
S1_C1_E104_V0283_ID1_T1/S1_C1_E104_V0283_ID1_T1_c0.mp4,0.0,2.8666666666666667,foraging,grazing;none,red_deer
S1_C1_E104_V0284_ID1_T1/S1_C1_E104_V0284_ID1_T1_c0.mp4,0.0,5.966666666666667,foraging,grazing;none,red_deer
S1_C1_E105_V0285_ID1_T1/S1_C1_E105_V0285_ID1_T1_c0.mp4,0.0,0.9333333333333333,foraging,standing_head_down;none,red_deer
S1_C1_E105_V0285_ID1_T1/S1_C1_E105_V0285_ID1_T1_c1.mp4,0.0,9.433333333333334,foraging,grazing;none,red_deer
S1_C1_E105_V0286_ID1_T1/S1_C1_E105_V0286_ID1_T1_c0.mp4,0.0,9.0,foraging,grazing;none,red_deer
S1_C1_E105_V0287_ID1_T1/S1_C1_E105_V0287_ID1_T1_c0.mp4,0.0,8.166666666666666,foraging,grazing;none,red_deer
S1_C1_E105_V0288_ID1_T1/S1_C1_E105_V0288_ID1_T1_c0.mp4,0.0,5.5,foraging,grazing;none,red_deer
S1_C1_E105_V0289_ID1_T1/S1_C1_E105_V0289_ID1_T1_c0.mp4,0.0,7.966666666666667,foraging,grazing;none,red_deer
S1_C1_E105_V0290_ID1_T1/S1_C1_E105_V0290_ID1_T1_c0.mp4,0.0,3.8,vigilance,standing_head_up;none,red_deer
S1_C1_E105_V0290_ID1_T1/S1_C1_E105_V0290_ID1_T1_c1.mp4,0.0,0.8,unknown,unknown;none,red_deer
S1_C1_E105_V0290_ID1_T1/S1_C1_E105_V0290_ID1_T1_c2.mp4,0.0,1.2333333333333334,courtship,standing_head_up;none,red_deer
S1_C1_E105_V0290_ID1_T1/S1_C1_E105_V0290_ID1_T1_c3.mp4,0.0,2.7333333333333334,courtship,standing_head_up;vocalizing,red_deer
S1_C1_E105_V0291_ID1_T1/S1_C1_E105_V0291_ID1_T1_c0.mp4,0.0,6.366666666666666,foraging,grazing;none,red_deer
S1_C1_E105_V0293_ID1_T1/S1_C1_E105_V0293_ID1_T1_c0.mp4,0.0,2.8,foraging,walking;none,red_deer
S1_C1_E105_V0293_ID1_T1/S1_C1_E105_V0293_ID1_T1_c1.mp4,0.0,0.2,foraging,grazing;none,red_deer
S1_C1_E105_V0294_ID1_T1/S1_C1_E105_V0294_ID1_T1_c0.mp4,0.0,3.1333333333333333,foraging,grazing;none,red_deer
S1_C1_E105_V0295_ID1_T1/S1_C1_E105_V0295_ID1_T1_c0.mp4,0.0,5.566666666666666,foraging,grazing;none,red_deer
S1_C1_E105_V0296_ID1_T1/S1_C1_E105_V0296_ID1_T1_c0.mp4,0.0,5.5,unknown,standing_head_up;none,red_deer
S1_C1_E105_V0297_ID1_T1/S1_C1_E105_V0297_ID1_T1_c0.mp4,0.0,2.1333333333333333,foraging,grazing;none,red_deer
S1_C1_E105_V0298_ID1_T1/S1_C1_E105_V0298_ID1_T1_c0.mp4,0.0,3.966666666666667,foraging,grazing;none,red_deer
S1_C1_E105_V0299_ID1_T1/S1_C1_E105_V0299_ID1_T1_c0.mp4,0.0,2.1333333333333333,foraging,standing_head_down;none,red_deer
S1_C1_E105_V0299_ID1_T1/S1_C1_E105_V0299_ID1_T1_c1.mp4,0.0,1.8333333333333333,foraging,grazing;none,red_deer
S1_C1_E105_V0300_ID1_T1/S1_C1_E105_V0300_ID1_T1_c0.mp4,0.0,1.8333333333333333,foraging,grazing;none,red_deer
S1_C1_E105_V0300_ID1_T1/S1_C1_E105_V0300_ID1_T1_c1.mp4,0.0,0.9333333333333333,marking,scratching_antlers;none,red_deer
S1_C1_E105_V0301_ID1_T1/S1_C1_E105_V0301_ID1_T1_c0.mp4,0.0,1.5,foraging,standing_head_down;none,red_deer
S1_C1_E105_V0302_ID1_T1/S1_C1_E105_V0302_ID1_T1_c0.mp4,0.0,1.5,foraging,standing_head_down;none,red_deer
S1_C1_E105_V0303_ID1_T1/S1_C1_E105_V0303_ID1_T1_c0.mp4,0.0,2.8,foraging,grazing;none,red_deer
S1_C1_E105_V0304_ID1_T1/S1_C1_E105_V0304_ID1_T1_c0.mp4,0.0,2.5,foraging,grazing;none,red_deer
S1_C1_E105_V0305_ID1_T1/S1_C1_E105_V0305_ID1_T1_c0.mp4,0.0,2.8333333333333335,foraging,grazing;none,red_deer
S1_C1_E105_V0306_ID1_T1/S1_C1_E105_V0306_ID1_T1_c0.mp4,0.0,2.966666666666667,foraging,grazing;none,red_deer
S1_C1_E105_V0307_ID1_T1/S1_C1_E105_V0307_ID1_T1_c0.mp4,0.0,2.5,foraging,grazing;none,red_deer
S1_C1_E105_V0308_ID1_T1/S1_C1_E105_V0308_ID1_T1_c0.mp4,0.0,2.3,foraging,grazing;none,red_deer
S1_C1_E105_V0309_ID1_T1/S1_C1_E105_V0309_ID1_T1_c0.mp4,0.0,1.3,foraging,unknown;none,red_deer
S1_C1_E106_V0311_ID1_T1/S1_C1_E106_V0311_ID1_T1_c0.mp4,0.0,2.1,foraging,standing_head_up;none,red_deer
S1_C1_E106_V0311_ID1_T1/S1_C1_E106_V0311_ID1_T1_c1.mp4,0.0,1.5333333333333334,foraging,standing_head_down;none,red_deer
S1_C1_E106_V0315_ID1_T1/S1_C1_E106_V0315_ID1_T1_c0.mp4,0.0,1.6666666666666667,foraging,grazing;none,red_deer
S1_C1_E106_V0316_ID1_T1/S1_C1_E106_V0316_ID1_T1_c0.mp4,0.0,1.8,foraging,grazing;none,red_deer
S1_C1_E106_V0322_ID1_T1/S1_C1_E106_V0322_ID1_T1_c0.mp4,0.0,3.0,foraging,standing_head_down;none,red_deer
S1_C1_E106_V0323_ID1_T1/S1_C1_E106_V0323_ID1_T1_c0.mp4,0.0,1.5,foraging,grazing;none,red_deer
S1_C1_E106_V0324_ID1_T1/S1_C1_E106_V0324_ID1_T1_c0.mp4,0.0,3.0,foraging,grazing;none,red_deer
S1_C1_E106_V0325_ID1_T1/S1_C1_E106_V0325_ID1_T1_c0.mp4,0.0,3.0,foraging,grazing;none,red_deer
S1_C1_E106_V0326_ID1_T1/S1_C1_E106_V0326_ID1_T1_c0.mp4,0.0,2.1666666666666665,foraging,walking;none,red_deer
S1_C1_E107_V0327_ID1_T1/S1_C1_E107_V0327_ID1_T1_c0.mp4,0.0,5.966666666666667,foraging,grazing;none,red_deer
S1_C1_E107_V0328_ID1_T1/S1_C1_E107_V0328_ID1_T1_c0.mp4,0.0,4.966666666666667,foraging,grazing;none,red_deer
S1_C1_E107_V0329_ID1_T1/S1_C1_E107_V0329_ID1_T1_c0.mp4,0.0,4.366666666666666,foraging,grazing;none,red_deer
S1_C1_E107_V0330_ID1_T1/S1_C1_E107_V0330_ID1_T1_c0.mp4,0.0,2.3666666666666667,foraging,grazing;none,red_deer
S1_C1_E107_V0331_ID1_T1/S1_C1_E107_V0331_ID1_T1_c0.mp4,0.0,1.3333333333333333,foraging,grazing;none,red_deer
S1_C1_E107_V0332_ID1_T1/S1_C1_E107_V0332_ID1_T1_c0.mp4,0.0,2.7666666666666666,foraging,grazing;none,red_deer
S1_C1_E107_V0333_ID1_T1/S1_C1_E107_V0333_ID1_T1_c0.mp4,0.0,2.4,foraging,grazing;none,red_deer
S1_C1_E107_V0334_ID1_T1/S1_C1_E107_V0334_ID1_T1_c0.mp4,0.0,1.6666666666666667,foraging,standing_head_down;none,red_deer
S1_C1_E107_V0334_ID1_T1/S1_C1_E107_V0334_ID1_T1_c1.mp4,0.0,0.6333333333333333,foraging,grazing;none,red_deer
S1_C1_E107_V0335_ID1_T1/S1_C1_E107_V0335_ID1_T1_c0.mp4,0.0,2.0,foraging,grazing;none,red_deer
S1_C1_E107_V0336_ID1_T1/S1_C1_E107_V0336_ID1_T1_c0.mp4,0.0,3.0,foraging,grazing;none,red_deer
S1_C1_E107_V0337_ID1_T1/S1_C1_E107_V0337_ID1_T1_c0.mp4,0.0,2.0,foraging,grazing;none,red_deer
S1_C1_E107_V0338_ID1_T1/S1_C1_E107_V0338_ID1_T1_c0.mp4,0.0,2.5,foraging,grazing;none,red_deer
S1_C1_E109_V0339_ID1_T1/S1_C1_E109_V0339_ID1_T1_c0.mp4,0.0,1.9666666666666666,foraging,walking;none,red_deer
S1_C1_E109_V0339_ID1_T1/S1_C1_E109_V0339_ID1_T1_c1.mp4,0.0,2.4,foraging,grazing;none,red_deer
S1_C1_E10_V0031_ID1_T1/S1_C1_E10_V0031_ID1_T1_c0.mp4,0.0,0.6333333333333333,foraging,walking;none,roe_deer
S1_C1_E10_V0031_ID1_T1/S1_C1_E10_V0031_ID1_T1_c1.mp4,0.0,3.066666666666667,vigilance,standing_head_up;none,roe_deer
S1_C1_E10_V0031_ID1_T1/S1_C1_E10_V0031_ID1_T1_c2.mp4,0.0,1.6333333333333333,foraging,walking;none,roe_deer
S1_C1_E10_V0031_ID1_T1/S1_C1_E10_V0031_ID1_T1_c3.mp4,0.0,1.2,foraging,standing_head_down;none,roe_deer
S1_C1_E10_V0031_ID1_T1/S1_C1_E10_V0031_ID1_T1_c4.mp4,0.0,1.3,vigilance,standing_head_up;none,roe_deer
S1_C1_E10_V0031_ID1_T1/S1_C1_E10_V0031_ID1_T1_c5.mp4,0.0,2.0,foraging,walking;none,roe_deer
S1_C1_E10_V0031_ID1_T1/S1_C1_E10_V0031_ID1_T1_c6.mp4,0.0,2.433333333333333,foraging,sniffing;none,roe_deer
S1_C1_E10_V0031_ID1_T1/S1_C1_E10_V0031_ID1_T1_c7.mp4,0.0,1.1666666666666667,vigilance,standing_head_up;none,roe_deer
S1_C1_E10_V0031_ID1_T1/S1_C1_E10_V0031_ID1_T1_c8.mp4,0.0,0.8333333333333334,foraging,sniffing;none,roe_deer
S1_C1_E10_V0031_ID1_T1/S1_C1_E10_V0031_ID1_T1_c9.mp4,0.0,1.8333333333333333,vigilance,standing_head_up;none,roe_deer
S1_C1_E10_V0031_ID1_T1/S1_C1_E10_V0031_ID1_T1_c10.mp4,0.0,3.3,foraging,walking;none,roe_deer
S1_C1_E10_V0031_ID2_T1/S1_C1_E10_V0031_ID2_T1_c0.mp4,0.0,5.233333333333333,unknown,unknown;none,roe_deer
S1_C1_E10_V0031_ID2_T1/S1_C1_E10_V0031_ID2_T1_c1.mp4,0.0,0.8666666666666667,unknown,walking;none,roe_deer
S1_C1_E10_V0031_ID2_T1/S1_C1_E10_V0031_ID2_T1_c2.mp4,0.0,8.8,vigilance,standing_head_up;none,roe_deer
S1_C1_E10_V0031_ID2_T1/S1_C1_E10_V0031_ID2_T1_c3.mp4,0.0,3.433333333333333,foraging,walking;none,roe_deer
S1_C1_E10_V0031_ID2_T1/S1_C1_E10_V0031_ID2_T1_c4.mp4,0.0,2.3333333333333335,foraging,standing_head_down;none,roe_deer
S1_C1_E10_V0031_ID2_T1/S1_C1_E10_V0031_ID2_T1_c5.mp4,0.0,1.7,vigilance,standing_head_up;none,roe_deer
S1_C1_E10_V0031_ID2_T1/S1_C1_E10_V0031_ID2_T1_c6.mp4,0.0,3.533333333333333,foraging,standing_head_down;none,roe_deer
S1_C1_E10_V0031_ID2_T1/S1_C1_E10_V0031_ID2_T1_c7.mp4,0.0,1.0333333333333334,vigilance,standing_head_up;none,roe_deer
S1_C1_E10_V0031_ID2_T1/S1_C1_E10_V0031_ID2_T1_c8.mp4,0.0,1.5666666666666667,foraging,walking;none,roe_deer
S1_C1_E10_V0031_ID2_T1/S1_C1_E10_V0031_ID2_T1_c9.mp4,0.0,0.36666666666666664,foraging,standing_head_down;none,roe_deer
S1_C1_E10_V0031_ID2_T1/S1_C1_E10_V0031_ID2_T1_c10.mp4,0.0,4.2,foraging,walking;none,roe_deer
S1_C1_E10_V0031_ID2_T1/S1_C1_E10_V0031_ID2_T1_c11.mp4,0.0,1.6666666666666667,foraging,standing_head_down;none,roe_deer
S1_C1_E10_V0031_ID2_T1/S1_C1_E10_V0031_ID2_T1_c12.mp4,0.0,1.1,foraging,walking;none,roe_deer
S1_C1_E10_V0031_ID3_T1/S1_C1_E10_V0031_ID3_T1_c0.mp4,0.0,8.866666666666667,unknown,unknown;none,roe_deer
S1_C1_E10_V0031_ID3_T1/S1_C1_E10_V0031_ID3_T1_c1.mp4,0.0,2.0,foraging,running;none,roe_deer
S1_C1_E10_V0031_ID3_T1/S1_C1_E10_V0031_ID3_T1_c2.mp4,0.0,3.3666666666666667,foraging,walking;none,roe_deer
S1_C1_E115_V0342_ID1_T1/S1_C1_E115_V0342_ID1_T1_c0.mp4,0.0,0.6,vigilance,standing_head_up;none,red_deer
S1_C1_E115_V0342_ID1_T1/S1_C1_E115_V0342_ID1_T1_c1.mp4,0.0,0.5,foraging,standing_head_down;none,red_deer
S1_C1_E115_V0342_ID1_T1/S1_C1_E115_V0342_ID1_T1_c2.mp4,0.0,8.733333333333333,foraging,grazing;none,red_deer
S1_C1_E115_V0342_ID1_T1/S1_C1_E115_V0342_ID1_T1_c3.mp4,0.0,2.6,vigilance,standing_head_down;none,red_deer
S1_C1_E115_V0342_ID1_T1/S1_C1_E115_V0342_ID1_T1_c4.mp4,0.0,2.1,vigilance,standing_head_up;none,red_deer
S1_C1_E115_V0342_ID1_T1/S1_C1_E115_V0342_ID1_T1_c5.mp4,0.0,1.4,vigilance,walking;none,red_deer
S1_C1_E115_V0342_ID1_T1/S1_C1_E115_V0342_ID1_T1_c6.mp4,0.0,1.9333333333333333,foraging,sniffing;none,red_deer
S1_C1_E115_V0342_ID1_T1/S1_C1_E115_V0342_ID1_T1_c7.mp4,0.0,0.9,foraging,standing_head_down;none,red_deer
S1_C1_E115_V0342_ID1_T1/S1_C1_E115_V0342_ID1_T1_c8.mp4,0.0,1.7333333333333334,vigilance,walking;none,red_deer
S1_C1_E115_V0343_ID1_T1/S1_C1_E115_V0343_ID1_T1_c0.mp4,0.0,3.2333333333333334,vigilance,standing_head_up;none,red_deer
S1_C1_E115_V0343_ID1_T1/S1_C1_E115_V0343_ID1_T1_c1.mp4,0.0,2.7666666666666666,vigilance,walking;none,red_deer
S1_C1_E115_V0343_ID1_T1/S1_C1_E115_V0343_ID1_T1_c2.mp4,0.0,1.2,foraging,standing_head_down;none,red_deer
S1_C1_E115_V0343_ID1_T1/S1_C1_E115_V0343_ID1_T1_c3.mp4,0.0,3.8666666666666667,foraging,grazing;none,red_deer
S1_C1_E115_V0343_ID1_T1/S1_C1_E115_V0343_ID1_T1_c4.mp4,0.0,2.433333333333333,foraging,standing_head_down;none,red_deer
S1_C1_E115_V0344_ID1_T1/S1_C1_E115_V0344_ID1_T1_c0.mp4,0.0,2.7666666666666666,foraging,grazing;none,red_deer
S1_C1_E115_V0345_ID1_T1/S1_C1_E115_V0345_ID1_T1_c0.mp4,0.0,2.7333333333333334,vigilance,standing_head_up;none,red_deer
S1_C1_E115_V0345_ID1_T1/S1_C1_E115_V0345_ID1_T1_c1.mp4,0.0,8.233333333333333,foraging,standing_head_down;none,red_deer
S1_C1_E115_V0346_ID1_T1/S1_C1_E115_V0346_ID1_T1_c0.mp4,0.0,2.1666666666666665,foraging,grazing;none,red_deer
S1_C1_E115_V0347_ID1_T1/S1_C1_E115_V0347_ID1_T1_c0.mp4,0.0,1.5,foraging,walking;none,red_deer
S1_C1_E115_V0347_ID1_T1/S1_C1_E115_V0347_ID1_T1_c1.mp4,0.0,1.3666666666666667,foraging,standing_head_down;none,red_deer
S1_C1_E115_V0348_ID1_T1/S1_C1_E115_V0348_ID1_T1_c0.mp4,0.0,1.6333333333333333,foraging,grazing;none,red_deer
S1_C1_E115_V0349_ID1_T1/S1_C1_E115_V0349_ID1_T1_c0.mp4,0.0,1.6,foraging,grazing;none,red_deer
S1_C1_E115_V0350_ID1_T1/S1_C1_E115_V0350_ID1_T1_c0.mp4,0.0,2.2,foraging,grazing;none,red_deer
S1_C1_E115_V0351_ID1_T1/S1_C1_E115_V0351_ID1_T1_c0.mp4,0.0,4.366666666666666,foraging,grazing;none,red_deer
S1_C1_E115_V0352_ID1_T1/S1_C1_E115_V0352_ID1_T1_c0.mp4,0.0,1.3666666666666667,foraging,walking;none,red_deer
S1_C1_E115_V0353_ID1_T1/S1_C1_E115_V0353_ID1_T1_c0.mp4,0.0,4.766666666666667,foraging,grazing;none,red_deer
S1_C1_E115_V0354_ID1_T1/S1_C1_E115_V0354_ID1_T1_c0.mp4,0.0,1.9,foraging,grazing;none,red_deer
S1_C1_E115_V0355_ID1_T1/S1_C1_E115_V0355_ID1_T1_c0.mp4,0.0,2.566666666666667,foraging,grazing;none,red_deer
S1_C1_E116_V0357_ID1_T1/S1_C1_E116_V0357_ID1_T1_c0.mp4,0.0,3.2666666666666666,foraging,walking;none,red_deer
S1_C1_E116_V0357_ID1_T1/S1_C1_E116_V0357_ID1_T1_c1.mp4,0.0,2.5,foraging,standing_head_up;none,red_deer
S1_C1_E116_V0357_ID1_T1/S1_C1_E116_V0357_ID1_T1_c2.mp4,0.0,3.566666666666667,foraging,walking;none,red_deer
S1_C1_E116_V0358_ID1_T1/S1_C1_E116_V0358_ID1_T1_c0.mp4,0.0,1.8333333333333333,foraging,walking;none,red_deer
S1_C1_E122_V0450_ID1_T1/S1_C1_E122_V0450_ID1_T1_c0.mp4,0.0,3.5,foraging,grazing;none,red_deer
S1_C1_E122_V0450_ID1_T1/S1_C1_E122_V0450_ID1_T1_c1.mp4,0.0,1.7333333333333334,vigilance,standing_head_up;none,red_deer
S1_C1_E122_V0451_ID1_T1/S1_C1_E122_V0451_ID1_T1_c0.mp4,0.0,3.0,foraging,grazing;none,red_deer
S1_C1_E122_V0452_ID1_T1/S1_C1_E122_V0452_ID1_T1_c0.mp4,0.0,4.766666666666667,foraging,grazing;none,red_deer
S1_C1_E122_V0453_ID1_T1/S1_C1_E122_V0453_ID1_T1_c0.mp4,0.0,4.566666666666666,foraging,grazing;none,red_deer
S1_C1_E122_V0455_ID1_T1/S1_C1_E122_V0455_ID1_T1_c0.mp4,0.0,1.3666666666666667,courtship,standing_head_up;vocalizing,red_deer
S1_C1_E122_V0456_ID1_T1/S1_C1_E122_V0456_ID1_T1_c0.mp4,0.0,1.4333333333333333,foraging,standing_head_up;vocalizing,red_deer
S1_C1_E122_V0456_ID1_T1/S1_C1_E122_V0456_ID1_T1_c1.mp4,0.0,0.06666666666666667,courtship,standing_head_up;vocalizing,red_deer
S1_C1_E122_V0457_ID1_T1/S1_C1_E122_V0457_ID1_T1_c0.mp4,0.0,1.9,vigilance,standing_head_up;none,red_deer
S1_C1_E122_V0459_ID1_T1/S1_C1_E122_V0459_ID1_T1_c0.mp4,0.0,2.2333333333333334,foraging,standing_head_up;none,red_deer
S1_C1_E122_V0460_ID1_T1/S1_C1_E122_V0460_ID1_T1_c0.mp4,0.0,1.8666666666666667,foraging,walking;none,red_deer
S1_C1_E122_V0463_ID1_T1/S1_C1_E122_V0463_ID1_T1_c0.mp4,0.0,2.066666666666667,foraging,standing_head_down;none,red_deer
S1_C1_E122_V0464_ID1_T1/S1_C1_E122_V0464_ID1_T1_c0.mp4,0.0,1.8666666666666667,foraging,grazing;none,red_deer
S1_C1_E122_V0465_ID1_T1/S1_C1_E122_V0465_ID1_T1_c0.mp4,0.0,1.6,foraging,grazing;none,red_deer
S1_C1_E122_V0471_ID1_T1/S1_C1_E122_V0471_ID1_T1_c0.mp4,0.0,1.8,foraging,grazing;none,red_deer
S1_C1_E122_V0477_ID1_T1/S1_C1_E122_V0477_ID1_T1_c0.mp4,0.0,1.9,foraging,grazing;none,red_deer
S1_C1_E122_V0478_ID1_T1/S1_C1_E122_V0478_ID1_T1_c0.mp4,0.0,1.5,foraging,grazing;none,red_deer
S1_C1_E122_V0484_ID1_T1/S1_C1_E122_V0484_ID1_T1_c0.mp4,0.0,1.7666666666666666,foraging,grazing;none,red_deer
S1_C1_E122_V0485_ID1_T1/S1_C1_E122_V0485_ID1_T1_c0.mp4,0.0,1.6,foraging,grazing;none,red_deer
S1_C1_E122_V0486_ID1_T1/S1_C1_E122_V0486_ID1_T1_c0.mp4,0.0,1.6,foraging,grazing;none,red_deer
S1_C1_E122_V0487_ID1_T1/S1_C1_E122_V0487_ID1_T1_c0.mp4,0.0,1.7666666666666666,foraging,grazing;none,red_deer
S1_C1_E122_V0488_ID1_T1/S1_C1_E122_V0488_ID1_T1_c0.mp4,0.0,2.1,foraging,grazing;none,red_deer
S1_C1_E122_V0489_ID1_T1/S1_C1_E122_V0489_ID1_T1_c0.mp4,0.0,2.0,foraging,grazing;none,red_deer
S1_C1_E122_V0490_ID1_T1/S1_C1_E122_V0490_ID1_T1_c0.mp4,0.0,2.5,foraging,grazing;none,red_deer
S1_C1_E122_V0491_ID1_T1/S1_C1_E122_V0491_ID1_T1_c0.mp4,0.0,2.0,foraging,grazing;none,red_deer
S1_C1_E122_V0492_ID1_T1/S1_C1_E122_V0492_ID1_T1_c0.mp4,0.0,2.5,foraging,grazing;none,red_deer
S1_C1_E122_V0493_ID1_T1/S1_C1_E122_V0493_ID1_T1_c0.mp4,0.0,1.3333333333333333,foraging,grazing;none,red_deer
S1_C1_E122_V0494_ID1_T1/S1_C1_E122_V0494_ID1_T1_c0.mp4,0.0,2.0,foraging,grazing;none,red_deer
S1_C1_E122_V0495_ID1_T1/S1_C1_E122_V0495_ID1_T1_c0.mp4,0.0,1.6333333333333333,foraging,grazing;none,red_deer
S1_C1_E122_V0496_ID1_T1/S1_C1_E122_V0496_ID1_T1_c0.mp4,0.0,1.3666666666666667,foraging,grazing;none,red_deer
S1_C1_E122_V0497_ID1_T1/S1_C1_E122_V0497_ID1_T1_c0.mp4,0.0,2.0,foraging,grazing;none,red_deer
S1_C1_E122_V0498_ID1_T1/S1_C1_E122_V0498_ID1_T1_c0.mp4,0.0,1.9,foraging,grazing;none,red_deer
S1_C1_E122_V0499_ID1_T1/S1_C1_E122_V0499_ID1_T1_c0.mp4,0.0,1.7333333333333334,foraging,unknown;none,red_deer
S1_C1_E123_V0501_ID1_T1/S1_C1_E123_V0501_ID1_T1_c0.mp4,0.0,1.9,foraging,grazing;none,red_deer
S1_C1_E123_V0502_ID1_T1/S1_C1_E123_V0502_ID1_T1_c0.mp4,0.0,1.4333333333333333,foraging,grazing;none,red_deer
S1_C1_E123_V0505_ID1_T1/S1_C1_E123_V0505_ID1_T1_c0.mp4,0.0,1.3333333333333333,foraging,grazing;none,red_deer
S1_C1_E126_V0576_ID1_T1/S1_C1_E126_V0576_ID1_T1_c0.mp4,0.0,3.3666666666666667,foraging,walking;none,red_deer
S1_C1_E126_V0576_ID1_T1/S1_C1_E126_V0576_ID1_T1_c1.mp4,0.0,9.233333333333333,vigilance,standing_head_up;none,red_deer
S1_C1_E126_V0576_ID1_T1/S1_C1_E126_V0576_ID1_T1_c2.mp4,0.0,8.966666666666667,foraging,walking;none,red_deer
S1_C1_E139_V0706_ID1_T1/S1_C1_E139_V0706_ID1_T1_c0.mp4,0.0,6.3,foraging,walking;none,red_deer
S1_C1_E139_V0706_ID1_T1/S1_C1_E139_V0706_ID1_T1_c1.mp4,0.0,9.0,foraging,unknown;none,red_deer
S1_C1_E142_V0707_ID1_T1/S1_C1_E142_V0707_ID1_T1_c0.mp4,0.0,3.933333333333333,foraging,walking;none,red_deer
S1_C1_E142_V0708_ID1_T1/S1_C1_E142_V0708_ID1_T1_c0.mp4,0.0,1.6666666666666667,foraging,walking;none,red_deer
S1_C1_E143_V0710_ID1_T1/S1_C1_E143_V0710_ID1_T1_c0.mp4,0.0,2.3666666666666667,foraging,walking;none,red_deer
S1_C1_E143_V0710_ID1_T1/S1_C1_E143_V0710_ID1_T1_c1.mp4,0.0,1.6,foraging,grazing;none,red_deer
S1_C1_E143_V0711_ID1_T1/S1_C1_E143_V0711_ID1_T1_c0.mp4,0.0,1.2666666666666666,foraging,grazing;none,red_deer
S1_C1_E143_V0713_ID1_T1/S1_C1_E143_V0713_ID1_T1_c0.mp4,0.0,1.2333333333333334,foraging,walking;none,red_deer
S1_C1_E143_V0716_ID1_T1/S1_C1_E143_V0716_ID1_T1_c0.mp4,0.0,1.9333333333333333,foraging,grazing;none,red_deer
S1_C1_E143_V0717_ID1_T1/S1_C1_E143_V0717_ID1_T1_c0.mp4,0.0,1.6333333333333333,foraging,grazing;none,red_deer
S1_C1_E143_V0718_ID1_T1/S1_C1_E143_V0718_ID1_T1_c0.mp4,0.0,2.4,foraging,grazing;none,red_deer
S1_C1_E143_V0720_ID1_T1/S1_C1_E143_V0720_ID1_T1_c0.mp4,0.0,1.9666666666666666,foraging,grazing;none,red_deer
S1_C1_E143_V0721_ID1_T1/S1_C1_E143_V0721_ID1_T1_c0.mp4,0.0,1.2666666666666666,foraging,grazing;none,red_deer
S1_C1_E143_V0722_ID1_T1/S1_C1_E143_V0722_ID1_T1_c0.mp4,0.0,1.5,foraging,standing_head_down;none,red_deer
S1_C1_E143_V0723_ID1_T1/S1_C1_E143_V0723_ID1_T1_c0.mp4,0.0,1.2333333333333334,foraging,walking;none,red_deer
S1_C1_E145_V0733_ID1_T1/S1_C1_E145_V0733_ID1_T1_c0.mp4,0.0,1.3666666666666667,foraging,walking;none,red_deer
S1_C1_E146_V0738_ID1_T1/S1_C1_E146_V0738_ID1_T1_c0.mp4,0.0,7.0,vigilance,walking;none,red_deer
S1_C1_E146_V0738_ID1_T1/S1_C1_E146_V0738_ID1_T1_c1.mp4,0.0,1.3,foraging,standing_head_down;none,red_deer
S1_C1_E146_V0738_ID1_T1/S1_C1_E146_V0738_ID1_T1_c2.mp4,0.0,2.6333333333333333,vigilance,standing_head_up;none,red_deer
S1_C1_E146_V0738_ID1_T1/S1_C1_E146_V0738_ID1_T1_c3.mp4,0.0,4.3,vigilance,standing_head_down;none,red_deer
S1_C1_E146_V0738_ID1_T1/S1_C1_E146_V0738_ID1_T1_c4.mp4,0.0,2.433333333333333,foraging,standing_head_down;none,red_deer
S1_C1_E146_V0738_ID1_T1/S1_C1_E146_V0738_ID1_T1_c5.mp4,0.0,2.1333333333333333,foraging,sniffing;none,red_deer
S1_C1_E146_V0738_ID1_T1/S1_C1_E146_V0738_ID1_T1_c6.mp4,0.0,2.0,foraging,standing_head_down;none,red_deer
S1_C1_E146_V0738_ID1_T1/S1_C1_E146_V0738_ID1_T1_c7.mp4,0.0,9.133333333333333,foraging,walking;none,red_deer
S1_C1_E146_V0738_ID1_T1/S1_C1_E146_V0738_ID1_T1_c8.mp4,0.0,1.2666666666666666,vigilance,walking;none,red_deer
S1_C1_E146_V0738_ID1_T1/S1_C1_E146_V0738_ID1_T1_c9.mp4,0.0,1.4333333333333333,vigilance,standing_head_up;none,red_deer
S1_C1_E146_V0738_ID1_T1/S1_C1_E146_V0738_ID1_T1_c10.mp4,0.0,1.2,foraging,unknown;none,red_deer
S1_C1_E146_V0738_ID1_T1/S1_C1_E146_V0738_ID1_T1_c11.mp4,0.0,4.0,foraging,walking;none,red_deer
S1_C1_E146_V0738_ID1_T1/S1_C1_E146_V0738_ID1_T1_c12.mp4,0.0,1.6,foraging,unknown;none,red_deer
S1_C1_E146_V0738_ID1_T1/S1_C1_E146_V0738_ID1_T1_c13.mp4,0.0,8.166666666666666,vigilance,standing_head_up;none,red_deer
S1_C1_E146_V0738_ID1_T1/S1_C1_E146_V0738_ID1_T1_c14.mp4,0.0,4.666666666666667,foraging,unknown;none,red_deer
S1_C1_E146_V0738_ID1_T1/S1_C1_E146_V0738_ID1_T1_c15.mp4,0.0,1.0333333333333334,unknown,running;none,red_deer
S1_C1_E146_V0738_ID1_T1/S1_C1_E146_V0738_ID1_T1_c16.mp4,0.0,7.933333333333334,vigilance,standing_head_up;none,red_deer
S1_C1_E146_V0738_ID1_T1/S1_C1_E146_V0738_ID1_T1_c17.mp4,0.0,1.7666666666666666,foraging,unknown;none,red_deer
S1_C1_E146_V0738_ID1_T1/S1_C1_E146_V0738_ID1_T1_c18.mp4,0.0,1.7,vigilance,standing_head_up;none,red_deer
S1_C1_E146_V0738_ID1_T1/S1_C1_E146_V0738_ID1_T1_c19.mp4,0.0,6.366666666666666,vigilance,walking;none,red_deer
S1_C1_E146_V0738_ID1_T1/S1_C1_E146_V0738_ID1_T1_c20.mp4,0.0,1.2,vigilance,standing_head_up;none,red_deer
S1_C1_E146_V0738_ID1_T1/S1_C1_E146_V0738_ID1_T1_c21.mp4,0.0,2.4,vigilance,walking;none,red_deer
S1_C1_E146_V0738_ID1_T1/S1_C1_E146_V0738_ID1_T1_c22.mp4,0.0,14.933333333333334,vigilance,standing_head_down;none,red_deer
S1_C1_E146_V0738_ID1_T1/S1_C1_E146_V0738_ID1_T1_c23.mp4,0.0,13.133333333333333,foraging,standing_head_down;none,red_deer
S1_C1_E146_V0738_ID1_T1/S1_C1_E146_V0738_ID1_T1_c24.mp4,0.0,4.033333333333333,grooming,scratching_body;none,red_deer
S1_C1_E146_V0738_ID1_T1/S1_C1_E146_V0738_ID1_T1_c25.mp4,0.0,1.4333333333333333,foraging,standing_head_down;none,red_deer
S1_C1_E146_V0738_ID1_T1/S1_C1_E146_V0738_ID1_T1_c26.mp4,0.0,11.3,foraging,grazing;none,red_deer
S1_C1_E146_V0739_ID1_T1/S1_C1_E146_V0739_ID1_T1_c0.mp4,0.0,3.433333333333333,foraging,unknown;none,red_deer
S1_C1_E146_V0739_ID1_T1/S1_C1_E146_V0739_ID1_T1_c1.mp4,0.0,4.833333333333333,foraging,walking;none,red_deer
S1_C1_E146_V0739_ID1_T1/S1_C1_E146_V0739_ID1_T1_c2.mp4,0.0,1.6666666666666667,foraging,standing_head_down;none,red_deer
S1_C1_E146_V0739_ID1_T1/S1_C1_E146_V0739_ID1_T1_c3.mp4,0.0,1.4,foraging,standing_head_up;none,red_deer
S1_C1_E146_V0739_ID1_T1/S1_C1_E146_V0739_ID1_T1_c4.mp4,0.0,6.933333333333334,foraging,walking;defecating,red_deer
S1_C1_E150_V0741_ID1_T1/S1_C1_E150_V0741_ID1_T1_c0.mp4,0.0,1.5,vigilance,walking;none,red_deer
S1_C1_E150_V0742_ID1_T1/S1_C1_E150_V0742_ID1_T1_c0.mp4,0.0,1.0333333333333334,foraging,sniffing;none,red_deer
S1_C1_E150_V0742_ID1_T1/S1_C1_E150_V0742_ID1_T1_c1.mp4,0.0,0.4666666666666667,vigilance,standing_head_up;none,red_deer
S1_C1_E150_V0743_ID1_T1/S1_C1_E150_V0743_ID1_T1_c0.mp4,0.0,0.8666666666666667,foraging,walking;none,red_deer
S1_C1_E150_V0743_ID1_T1/S1_C1_E150_V0743_ID1_T1_c1.mp4,0.0,0.7666666666666667,foraging,standing_head_down;none,red_deer
S1_C1_E150_V0758_ID1_T1/S1_C1_E150_V0758_ID1_T1_c0.mp4,0.0,1.5,foraging,grazing;none,red_deer
S1_C1_E151_V0768_ID1_T1/S1_C1_E151_V0768_ID1_T1_c0.mp4,0.0,1.2666666666666666,vigilance,standing_head_up;none,red_deer
S1_C1_E15_V0036_ID1_T1/S1_C1_E15_V0036_ID1_T1_c0.mp4,0.0,9.966666666666667,vigilance,standing_head_up;none,roe_deer
S1_C1_E15_V0036_ID1_T1/S1_C1_E15_V0036_ID1_T1_c1.mp4,0.0,12.433333333333334,foraging,walking;none,roe_deer
S1_C1_E15_V0036_ID2_T1/S1_C1_E15_V0036_ID2_T1_c0.mp4,0.0,4.733333333333333,foraging,walking;none,roe_deer
S1_C1_E15_V0036_ID2_T1/S1_C1_E15_V0036_ID2_T1_c1.mp4,0.0,0.7,vigilance,walking;none,roe_deer
S1_C1_E15_V0036_ID2_T1/S1_C1_E15_V0036_ID2_T1_c2.mp4,0.0,1.5,foraging,sniffing;none,roe_deer
S1_C1_E15_V0036_ID2_T1/S1_C1_E15_V0036_ID2_T1_c3.mp4,0.0,0.5666666666666667,foraging,standing_head_up;none,roe_deer
S1_C1_E15_V0036_ID2_T1/S1_C1_E15_V0036_ID2_T1_c4.mp4,0.0,2.433333333333333,foraging,walking;none,roe_deer
S1_C1_E15_V0036_ID2_T1/S1_C1_E15_V0036_ID2_T1_c5.mp4,0.0,1.3333333333333333,foraging,grazing;none,roe_deer
S1_C1_E15_V0036_ID2_T1/S1_C1_E15_V0036_ID2_T1_c6.mp4,0.0,0.7666666666666667,foraging,standing_head_down;none,roe_deer
S1_C1_E15_V0036_ID2_T1/S1_C1_E15_V0036_ID2_T1_c7.mp4,0.0,2.7666666666666666,foraging,walking;none,roe_deer
S1_C1_E169_V0784_ID1_T1/S1_C1_E169_V0784_ID1_T1_c0.mp4,0.0,2.0,foraging,sniffing;none,roe_deer
S1_C1_E169_V0785_ID1_T1/S1_C1_E169_V0785_ID1_T1_c0.mp4,0.0,2.0,foraging,walking;none,roe_deer
S1_C1_E170_V0788_ID1_T1/S1_C1_E170_V0788_ID1_T1_c0.mp4,0.0,1.5,vigilance,standing_head_up;none,red_deer
S1_C1_E170_V0789_ID1_T1/S1_C1_E170_V0789_ID1_T1_c0.mp4,0.0,2.0,grooming,scratching_body;none,red_deer
S1_C1_E170_V0790_ID1_T1/S1_C1_E170_V0790_ID1_T1_c0.mp4,0.0,0.9,foraging,standing_head_up;none,red_deer
S1_C1_E170_V0790_ID1_T1/S1_C1_E170_V0790_ID1_T1_c1.mp4,0.0,1.1,vigilance,standing_head_up;none,red_deer
S1_C1_E170_V0791_ID1_T1/S1_C1_E170_V0791_ID1_T1_c0.mp4,0.0,1.4,foraging,standing_head_down;none,red_deer
S1_C1_E170_V0792_ID1_T1/S1_C1_E170_V0792_ID1_T1_c0.mp4,0.0,1.4666666666666666,foraging,grazing;none,red_deer
S1_C1_E170_V0793_ID1_T1/S1_C1_E170_V0793_ID1_T1_c0.mp4,0.0,0.8666666666666667,vigilance,standing_head_up;none,red_deer
S1_C1_E170_V0793_ID1_T1/S1_C1_E170_V0793_ID1_T1_c1.mp4,0.0,0.6333333333333333,foraging,standing_head_down;none,red_deer
S1_C1_E170_V0795_ID1_T1/S1_C1_E170_V0795_ID1_T1_c0.mp4,0.0,1.6,foraging,standing_head_down;none,red_deer
S1_C1_E170_V0796_ID1_T1/S1_C1_E170_V0796_ID1_T1_c0.mp4,0.0,0.7666666666666667,vigilance,standing_head_up;none,red_deer
S1_C1_E170_V0796_ID1_T1/S1_C1_E170_V0796_ID1_T1_c1.mp4,0.0,0.43333333333333335,foraging,standing_head_down;none,red_deer
S1_C1_E171_V0800_ID1_T1/S1_C1_E171_V0800_ID1_T1_c0.mp4,0.0,1.4666666666666666,unknown,unknown;none,red_deer
S1_C1_E171_V0801_ID1_T1/S1_C1_E171_V0801_ID1_T1_c0.mp4,0.0,0.9,foraging,standing_head_down;none,red_deer
S1_C1_E171_V0801_ID1_T1/S1_C1_E171_V0801_ID1_T1_c1.mp4,0.0,0.5,foraging,standing_head_up;none,red_deer
S1_C1_E172_V0805_ID1_T1/S1_C1_E172_V0805_ID1_T1_c0.mp4,0.0,1.5,foraging,grazing;none,red_deer
S1_C1_E173_V0810_ID1_T1/S1_C1_E173_V0810_ID1_T1_c0.mp4,0.0,1.5,foraging,walking;none,red_deer
S1_C1_E192_V0830_ID1_T1/S1_C1_E192_V0830_ID1_T1_c0.mp4,0.0,2.8333333333333335,foraging,grazing;none,red_deer
S1_C1_E192_V0830_ID1_T1/S1_C1_E192_V0830_ID1_T1_c1.mp4,0.0,15.333333333333334,vigilance,standing_head_up;none,red_deer
S1_C1_E192_V0830_ID1_T1/S1_C1_E192_V0830_ID1_T1_c2.mp4,0.0,0.7333333333333333,foraging,standing_head_down;none,red_deer
S1_C1_E192_V0830_ID1_T1/S1_C1_E192_V0830_ID1_T1_c3.mp4,0.0,16.033333333333335,foraging,grazing;none,red_deer
S1_C1_E192_V0830_ID1_T1/S1_C1_E192_V0830_ID1_T1_c4.mp4,0.0,2.533333333333333,foraging,walking;none,red_deer
S1_C1_E192_V0830_ID1_T1/S1_C1_E192_V0830_ID1_T1_c5.mp4,0.0,1.1333333333333333,foraging,standing_head_down;none,red_deer
S1_C1_E192_V0830_ID1_T1/S1_C1_E192_V0830_ID1_T1_c6.mp4,0.0,1.4666666666666666,foraging,standing_head_up;none,red_deer
S1_C1_E192_V0830_ID1_T1/S1_C1_E192_V0830_ID1_T1_c7.mp4,0.0,2.5,foraging,walking;none,red_deer
S1_C1_E192_V0830_ID1_T1/S1_C1_E192_V0830_ID1_T1_c8.mp4,0.0,9.533333333333333,foraging,unknown;none,red_deer
S1_C1_E192_V0830_ID1_T1/S1_C1_E192_V0830_ID1_T1_c9.mp4,0.0,2.1666666666666665,foraging,walking;none,red_deer
S1_C1_E192_V0830_ID1_T1/S1_C1_E192_V0830_ID1_T1_c10.mp4,0.0,11.0,foraging,grazing;none,red_deer
S1_C1_E192_V0830_ID1_T1/S1_C1_E192_V0830_ID1_T1_c11.mp4,0.0,5.833333333333333,foraging,walking;none,red_deer
S1_C1_E192_V0830_ID1_T1/S1_C1_E192_V0830_ID1_T1_c12.mp4,0.0,1.1666666666666667,foraging,grazing;none,red_deer
S1_C1_E192_V0830_ID1_T1/S1_C1_E192_V0830_ID1_T1_c13.mp4,0.0,2.966666666666667,foraging,walking;none,red_deer
S1_C1_E192_V0831_ID1_T1/S1_C1_E192_V0831_ID1_T1_c0.mp4,0.0,6.8,foraging,walking;none,red_deer
S1_C1_E192_V0831_ID1_T1/S1_C1_E192_V0831_ID1_T1_c1.mp4,0.0,1.6333333333333333,unknown,unknown;none,red_deer
S1_C1_E192_V0831_ID1_T1/S1_C1_E192_V0831_ID1_T1_c2.mp4,0.0,2.7333333333333334,foraging,walking;vocalizing,red_deer
S1_C1_E192_V0831_ID2_T1/S1_C1_E192_V0831_ID2_T1_c0.mp4,0.0,0.3333333333333333,unknown,running;none,red_deer
S1_C1_E192_V0831_ID2_T1/S1_C1_E192_V0831_ID2_T1_c1.mp4,0.0,0.6333333333333333,unknown,unknown;none,red_deer
S1_C1_E192_V0831_ID2_T1/S1_C1_E192_V0831_ID2_T1_c2.mp4,0.0,0.6,unknown,running;none,red_deer
S1_C1_E192_V0831_ID3_T1/S1_C1_E192_V0831_ID3_T1_c0.mp4,0.0,2.1333333333333333,foraging,walking;none,red_deer
S1_C1_E192_V0831_ID3_T1/S1_C1_E192_V0831_ID3_T1_c1.mp4,0.0,3.6666666666666665,unknown,unknown;none,red_deer
S1_C1_E192_V0831_ID3_T1/S1_C1_E192_V0831_ID3_T1_c2.mp4,0.0,3.0,foraging,walking;none,red_deer
S1_C1_E193_V0832_ID1_T1/S1_C1_E193_V0832_ID1_T1_c0.mp4,0.0,0.23333333333333334,foraging,walking;none,red_deer
S1_C1_E193_V0832_ID1_T1/S1_C1_E193_V0832_ID1_T1_c1.mp4,0.0,2.2666666666666666,foraging,walking;vocalizing,red_deer
S1_C1_E193_V0832_ID1_T1/S1_C1_E193_V0832_ID1_T1_c2.mp4,0.0,4.5,foraging,walking;none,red_deer
S1_C1_E194_V0833_ID1_T1/S1_C1_E194_V0833_ID1_T1_c0.mp4,0.0,2.6666666666666665,foraging,walking;none,red_deer
S1_C1_E194_V0833_ID1_T1/S1_C1_E194_V0833_ID1_T1_c1.mp4,0.0,12.533333333333333,vigilance,standing_head_up;none,red_deer
S1_C1_E194_V0833_ID1_T1/S1_C1_E194_V0833_ID1_T1_c2.mp4,0.0,3.2,foraging,standing_head_down;none,red_deer
S1_C1_E194_V0833_ID1_T1/S1_C1_E194_V0833_ID1_T1_c3.mp4,0.0,39.43333333333333,foraging,grazing;none,red_deer
S1_C1_E194_V0833_ID1_T1/S1_C1_E194_V0833_ID1_T1_c4.mp4,0.0,39.46666666666667,vigilance,standing_head_up;none,red_deer
S1_C1_E194_V0833_ID1_T1/S1_C1_E194_V0833_ID1_T1_c5.mp4,0.0,0.6333333333333333,foraging,standing_head_down;none,red_deer
S1_C1_E194_V0833_ID1_T1/S1_C1_E194_V0833_ID1_T1_c6.mp4,0.0,22.566666666666666,foraging,grazing;none,red_deer
S1_C1_E194_V0834_ID1_T1/S1_C1_E194_V0834_ID1_T1_c0.mp4,0.0,11.033333333333333,foraging,grazing;none,red_deer
S1_C1_E194_V0834_ID1_T1/S1_C1_E194_V0834_ID1_T1_c1.mp4,0.0,2.3333333333333335,vigilance,standing_head_up;none,red_deer
S1_C1_E194_V0834_ID1_T1/S1_C1_E194_V0834_ID1_T1_c2.mp4,0.0,8.5,courtship,standing_head_up;vocalizing,red_deer
S1_C1_E194_V0834_ID1_T1/S1_C1_E194_V0834_ID1_T1_c3.mp4,0.0,1.3666666666666667,vigilance,standing_head_up;none,red_deer
S1_C1_E194_V0834_ID1_T1/S1_C1_E194_V0834_ID1_T1_c4.mp4,0.0,2.9,courtship,standing_head_up;vocalizing,red_deer
S1_C1_E194_V0834_ID1_T1/S1_C1_E194_V0834_ID1_T1_c5.mp4,0.0,8.633333333333333,vigilance,standing_head_up;none,red_deer
S1_C1_E194_V0834_ID1_T1/S1_C1_E194_V0834_ID1_T1_c6.mp4,0.0,7.3,courtship,standing_head_up;vocalizing,red_deer
S1_C1_E194_V0834_ID1_T1/S1_C1_E194_V0834_ID1_T1_c7.mp4,0.0,19.266666666666666,vigilance,standing_head_up;none,red_deer
S1_C1_E194_V0834_ID1_T1/S1_C1_E194_V0834_ID1_T1_c8.mp4,0.0,11.6,foraging,grazing;none,red_deer
S1_C1_E194_V0834_ID1_T1/S1_C1_E194_V0834_ID1_T1_c9.mp4,0.0,19.5,vigilance,standing_head_up;none,red_deer
S1_C1_E194_V0834_ID1_T1/S1_C1_E194_V0834_ID1_T1_c10.mp4,0.0,1.4666666666666666,foraging,standing_head_down;none,red_deer
S1_C1_E194_V0834_ID1_T1/S1_C1_E194_V0834_ID1_T1_c11.mp4,0.0,8.666666666666666,foraging,grazing;none,red_deer
S1_C1_E194_V0834_ID1_T1/S1_C1_E194_V0834_ID1_T1_c12.mp4,0.0,7.9,vigilance,standing_head_up;none,red_deer
S1_C1_E194_V0834_ID1_T1/S1_C1_E194_V0834_ID1_T1_c13.mp4,0.0,3.9,grooming,scratching_body;none,red_deer
S1_C1_E194_V0834_ID1_T1/S1_C1_E194_V0834_ID1_T1_c14.mp4,0.0,6.133333333333334,foraging,walking;none,red_deer
S1_C1_E194_V0835_ID1_T1/S1_C1_E194_V0835_ID1_T1_c0.mp4,0.0,2.066666666666667,foraging,walking;none,red_deer
S1_C1_E195_V0836_ID1_T1/S1_C1_E195_V0836_ID1_T1_c0.mp4,0.0,6.2,foraging,walking;none,red_deer
S1_C1_E195_V0836_ID1_T1/S1_C1_E195_V0836_ID1_T1_c1.mp4,0.0,12.866666666666667,foraging,grazing;none,red_deer
S1_C1_E195_V0836_ID1_T1/S1_C1_E195_V0836_ID1_T1_c2.mp4,0.0,4.3,foraging,standing_head_down;none,red_deer
S1_C1_E195_V0836_ID1_T1/S1_C1_E195_V0836_ID1_T1_c3.mp4,0.0,14.8,foraging,grazing;none,red_deer
S1_C1_E195_V0836_ID1_T1/S1_C1_E195_V0836_ID1_T1_c4.mp4,0.0,7.066666666666666,vigilance,standing_head_up;none,red_deer
S1_C1_E195_V0836_ID1_T1/S1_C1_E195_V0836_ID1_T1_c5.mp4,0.0,1.9333333333333333,foraging,standing_head_down;none,red_deer
S1_C1_E195_V0836_ID1_T1/S1_C1_E195_V0836_ID1_T1_c6.mp4,0.0,2.6666666666666665,foraging,grazing;none,red_deer
S1_C1_E195_V0836_ID1_T1/S1_C1_E195_V0836_ID1_T1_c7.mp4,0.0,21.866666666666667,vigilance,standing_head_up;none,red_deer
S1_C1_E195_V0836_ID1_T1/S1_C1_E195_V0836_ID1_T1_c8.mp4,0.0,1.3666666666666667,foraging,standing_head_down;none,red_deer
S1_C1_E195_V0836_ID1_T1/S1_C1_E195_V0836_ID1_T1_c9.mp4,0.0,10.1,foraging,grazing;none,red_deer
S1_C1_E195_V0836_ID1_T1/S1_C1_E195_V0836_ID1_T1_c10.mp4,0.0,25.133333333333333,vigilance,standing_head_up;none,red_deer
S1_C1_E195_V0836_ID1_T1/S1_C1_E195_V0836_ID1_T1_c11.mp4,0.0,1.3,foraging,standing_head_down;none,red_deer
S1_C1_E195_V0836_ID1_T1/S1_C1_E195_V0836_ID1_T1_c12.mp4,0.0,10.9,foraging,grazing;none,red_deer
S1_C1_E195_V0837_ID1_T1/S1_C1_E195_V0837_ID1_T1_c0.mp4,0.0,2.0,foraging,standing_head_down;none,red_deer
S1_C1_E195_V0837_ID1_T1/S1_C1_E195_V0837_ID1_T1_c1.mp4,0.0,29.3,foraging,grazing;none,red_deer
S1_C1_E195_V0837_ID1_T1/S1_C1_E195_V0837_ID1_T1_c2.mp4,0.0,15.6,vigilance,standing_head_up;none,red_deer
S1_C1_E195_V0837_ID1_T1/S1_C1_E195_V0837_ID1_T1_c3.mp4,0.0,1.9,foraging,standing_head_down;none,red_deer
S1_C1_E195_V0837_ID1_T1/S1_C1_E195_V0837_ID1_T1_c4.mp4,0.0,23.833333333333332,foraging,grazing;none,red_deer
S1_C1_E195_V0837_ID1_T1/S1_C1_E195_V0837_ID1_T1_c5.mp4,0.0,18.1,vigilance,standing_head_up;none,red_deer
S1_C1_E195_V0837_ID1_T1/S1_C1_E195_V0837_ID1_T1_c6.mp4,0.0,4.466666666666667,courtship,standing_head_up;vocalizing,red_deer
S1_C1_E195_V0837_ID1_T1/S1_C1_E195_V0837_ID1_T1_c7.mp4,0.0,14.033333333333333,vigilance,standing_head_up;none,red_deer
S1_C1_E195_V0837_ID1_T1/S1_C1_E195_V0837_ID1_T1_c8.mp4,0.0,1.4333333333333333,vigilance,standing_head_down;none,red_deer
S1_C1_E195_V0837_ID1_T1/S1_C1_E195_V0837_ID1_T1_c9.mp4,0.0,9.833333333333334,vigilance,grazing;none,red_deer
S1_C1_E195_V0838_ID1_T1/S1_C1_E195_V0838_ID1_T1_c0.mp4,0.0,3.0,foraging,grazing;none,red_deer
S1_C1_E195_V0838_ID1_T1/S1_C1_E195_V0838_ID1_T1_c1.mp4,0.0,13.333333333333334,vigilance,standing_head_up;none,red_deer
S1_C1_E195_V0838_ID1_T1/S1_C1_E195_V0838_ID1_T1_c2.mp4,0.0,3.1,courtship,standing_head_up;vocalizing,red_deer
S1_C1_E195_V0838_ID1_T1/S1_C1_E195_V0838_ID1_T1_c3.mp4,0.0,24.8,vigilance,standing_head_up;none,red_deer
S1_C1_E195_V0838_ID1_T1/S1_C1_E195_V0838_ID1_T1_c4.mp4,0.0,1.6666666666666667,foraging,standing_head_down;none,red_deer
S1_C1_E195_V0838_ID1_T1/S1_C1_E195_V0838_ID1_T1_c5.mp4,0.0,7.3,foraging,grazing;none,red_deer
S1_C1_E195_V0838_ID1_T1/S1_C1_E195_V0838_ID1_T1_c6.mp4,0.0,8.3,vigilance,standing_head_up;none,red_deer
S1_C1_E195_V0838_ID1_T1/S1_C1_E195_V0838_ID1_T1_c7.mp4,0.0,1.0,foraging,standing_head_down;none,red_deer
S1_C1_E195_V0838_ID1_T1/S1_C1_E195_V0838_ID1_T1_c8.mp4,0.0,20.0,foraging,grazing;none,red_deer
S1_C1_E195_V0838_ID1_T1/S1_C1_E195_V0838_ID1_T1_c9.mp4,0.0,5.0,vigilance,standing_head_up;none,red_deer
S1_C1_E195_V0838_ID1_T1/S1_C1_E195_V0838_ID1_T1_c10.mp4,0.0,1.0,foraging,standing_head_down;none,red_deer
S1_C1_E195_V0838_ID1_T1/S1_C1_E195_V0838_ID1_T1_c11.mp4,0.0,8.0,foraging,grazing;none,red_deer
S1_C1_E195_V0838_ID1_T1/S1_C1_E195_V0838_ID1_T1_c12.mp4,0.0,2.0,vigilance,standing_head_up;none,red_deer
S1_C1_E195_V0838_ID1_T1/S1_C1_E195_V0838_ID1_T1_c13.mp4,0.0,3.0,foraging,standing_head_down;none,red_deer
S1_C1_E195_V0838_ID1_T1/S1_C1_E195_V0838_ID1_T1_c14.mp4,0.0,14.0,foraging,grazing;none,red_deer
S1_C1_E195_V0838_ID1_T1/S1_C1_E195_V0838_ID1_T1_c15.mp4,0.0,5.0,vigilance,standing_head_up;none,red_deer
S1_C1_E195_V0839_ID1_T1/S1_C1_E195_V0839_ID1_T1_c0.mp4,0.0,16.0,foraging,grazing;none,red_deer
S1_C1_E195_V0839_ID1_T1/S1_C1_E195_V0839_ID1_T1_c1.mp4,0.0,56.0,unknown,unknown;none,red_deer
S1_C1_E195_V0839_ID1_T1/S1_C1_E195_V0839_ID1_T1_c2.mp4,0.0,21.0,vigilance,standing_head_up;none,red_deer
S1_C1_E195_V0839_ID1_T1/S1_C1_E195_V0839_ID1_T1_c3.mp4,0.0,8.0,unknown,unknown;none,red_deer
S1_C1_E195_V0839_ID1_T1/S1_C1_E195_V0839_ID1_T1_c4.mp4,0.0,5.0,vigilance,standing_head_up;none,red_deer
S1_C1_E222_V0862_ID1_T1/S1_C1_E222_V0862_ID1_T1_c0.mp4,0.0,4.033333333333333,foraging,walking;none,red_deer
S1_C1_E27_V0059_ID1_T1/S1_C1_E27_V0059_ID1_T1_c0.mp4,0.0,4.766666666666667,foraging,standing_head_down;none,red_deer
S1_C1_E27_V0059_ID1_T1/S1_C1_E27_V0059_ID1_T1_c1.mp4,0.0,2.2666666666666666,camera_reaction,running;none,red_deer
S1_C1_E27_V0059_ID1_T1/S1_C1_E27_V0059_ID1_T1_c2.mp4,0.0,3.466666666666667,foraging,walking;none,red_deer
S1_C1_E27_V0059_ID1_T1/S1_C1_E27_V0059_ID1_T1_c3.mp4,0.0,5.633333333333334,foraging,unknown;none,red_deer
S1_C1_E27_V0060_ID1_T1/S1_C1_E27_V0060_ID1_T1_c0.mp4,0.0,5.6,foraging,standing_head_down;none,red_deer
S1_C1_E27_V0060_ID1_T1/S1_C1_E27_V0060_ID1_T1_c1.mp4,0.0,9.7,foraging,walking;none,red_deer
S1_C1_E27_V0060_ID1_T1/S1_C1_E27_V0060_ID1_T1_c2.mp4,0.0,2.7,foraging,standing_head_down;none,red_deer
S1_C1_E27_V0061_ID1_T1/S1_C1_E27_V0061_ID1_T1_c0.mp4,0.0,3.3333333333333335,foraging,walking;none,red_deer
S1_C1_E27_V0061_ID1_T1/S1_C1_E27_V0061_ID1_T1_c1.mp4,0.0,9.033333333333333,foraging,unknown;none,red_deer
S1_C1_E27_V0061_ID1_T1/S1_C1_E27_V0061_ID1_T1_c2.mp4,0.0,6.266666666666667,foraging,walking;none,red_deer
S1_C1_E29_V0064_ID1_T1/S1_C1_E29_V0064_ID1_T1_c0.mp4,0.0,2.933333333333333,camera_reaction,running;none,red_deer
S1_C1_E29_V0064_ID1_T1/S1_C1_E29_V0064_ID1_T1_c1.mp4,0.0,3.9,vigilance,standing_head_up;none,red_deer
S1_C1_E29_V0064_ID1_T1/S1_C1_E29_V0064_ID1_T1_c2.mp4,0.0,3.933333333333333,foraging,standing_head_down;none,red_deer
S1_C1_E29_V0064_ID1_T1/S1_C1_E29_V0064_ID1_T1_c3.mp4,0.0,1.4666666666666666,unknown,jumping;none,red_deer
S1_C1_E29_V0064_ID1_T1/S1_C1_E29_V0064_ID1_T1_c4.mp4,0.0,1.8666666666666667,vigilance,standing_head_up;none,red_deer
S1_C1_E29_V0064_ID1_T1/S1_C1_E29_V0064_ID1_T1_c5.mp4,0.0,0.6,foraging,standing_head_down;none,red_deer
S1_C1_E29_V0064_ID1_T1/S1_C1_E29_V0064_ID1_T1_c6.mp4,0.0,4.7,grooming,scratching_body;none,red_deer
S1_C1_E29_V0064_ID1_T1/S1_C1_E29_V0064_ID1_T1_c7.mp4,0.0,2.066666666666667,vigilance,standing_head_up;none,red_deer
S1_C1_E29_V0064_ID1_T1/S1_C1_E29_V0064_ID1_T1_c8.mp4,0.0,2.0,foraging,walking;none,red_deer
S1_C1_E29_V0064_ID1_T1/S1_C1_E29_V0064_ID1_T1_c9.mp4,0.0,4.666666666666667,foraging,standing_head_down;none,red_deer
S1_C1_E29_V0064_ID1_T1/S1_C1_E29_V0064_ID1_T1_c10.mp4,0.0,0.26666666666666666,foraging,walking;none,red_deer
S1_C1_E29_V0064_ID1_T1/S1_C1_E29_V0064_ID1_T1_c11.mp4,0.0,10.2,foraging,standing_head_down;none,red_deer
S1_C1_E29_V0064_ID1_T1/S1_C1_E29_V0064_ID1_T1_c12.mp4,0.0,1.7666666666666666,vigilance,standing_head_up;none,red_deer
S1_C1_E29_V0064_ID1_T1/S1_C1_E29_V0064_ID1_T1_c13.mp4,0.0,16.0,grooming,scratching_body;none,red_deer
S1_C1_E29_V0064_ID1_T1/S1_C1_E29_V0064_ID1_T1_c14.mp4,0.0,2.533333333333333,vigilance,standing_head_up;none,red_deer
S1_C1_E29_V0064_ID1_T1/S1_C1_E29_V0064_ID1_T1_c15.mp4,0.0,6.0,grooming,scratching_body;none,red_deer
S1_C1_E29_V0064_ID1_T1/S1_C1_E29_V0064_ID1_T1_c16.mp4,0.0,1.5,vigilance,standing_head_up;none,red_deer
S1_C1_E29_V0064_ID1_T1/S1_C1_E29_V0064_ID1_T1_c17.mp4,0.0,1.9333333333333333,foraging,standing_head_down;none,red_deer
S1_C1_E29_V0064_ID1_T1/S1_C1_E29_V0064_ID1_T1_c18.mp4,0.0,0.7,vigilance,standing_head_up;none,red_deer
S1_C1_E29_V0064_ID1_T1/S1_C1_E29_V0064_ID1_T1_c19.mp4,0.0,15.0,grooming,scratching_body;none,red_deer
S1_C1_E29_V0064_ID1_T1/S1_C1_E29_V0064_ID1_T1_c20.mp4,0.0,0.9333333333333333,vigilance,standing_head_up;none,red_deer
S1_C1_E29_V0064_ID1_T1/S1_C1_E29_V0064_ID1_T1_c21.mp4,0.0,3.0,grooming,scratching_body;none,red_deer
S1_C1_E29_V0064_ID1_T1/S1_C1_E29_V0064_ID1_T1_c22.mp4,0.0,1.5333333333333334,vigilance,standing_head_up;none,red_deer
S1_C1_E29_V0064_ID1_T1/S1_C1_E29_V0064_ID1_T1_c23.mp4,0.0,2.8,foraging,walking;none,red_deer
S1_C1_E30_V0066_ID1_T1/S1_C1_E30_V0066_ID1_T1_c0.mp4,0.0,2.566666666666667,foraging,walking;none,red_deer
S1_C1_E30_V0066_ID1_T1/S1_C1_E30_V0066_ID1_T1_c1.mp4,0.0,2.466666666666667,foraging,standing_head_down;none,red_deer
S1_C1_E30_V0066_ID1_T1/S1_C1_E30_V0066_ID1_T1_c2.mp4,0.0,4.7,foraging,walking;none,red_deer
S1_C1_E33_V0069_ID1_T1/S1_C1_E33_V0069_ID1_T1_c0.mp4,0.0,1.5333333333333334,foraging,walking;none,red_deer
S1_C1_E33_V0069_ID1_T1/S1_C1_E33_V0069_ID1_T1_c1.mp4,0.0,2.1,unknown,unknown;none,red_deer
S1_C1_E33_V0069_ID1_T1/S1_C1_E33_V0069_ID1_T1_c2.mp4,0.0,2.566666666666667,foraging,walking;none,red_deer
S1_C1_E33_V0069_ID1_T1/S1_C1_E33_V0069_ID1_T1_c3.mp4,0.0,3.6333333333333333,vigilance,standing_head_up;none,red_deer
S1_C1_E33_V0069_ID1_T1/S1_C1_E33_V0069_ID1_T1_c4.mp4,0.0,0.9333333333333333,vigilance,walking;none,red_deer
S1_C1_E33_V0069_ID1_T1/S1_C1_E33_V0069_ID1_T1_c5.mp4,0.0,3.7666666666666666,vigilance,standing_head_up;none,red_deer
S1_C1_E33_V0069_ID1_T1/S1_C1_E33_V0069_ID1_T1_c6.mp4,0.0,1.0666666666666667,vigilance,walking;none,red_deer
S1_C1_E33_V0069_ID1_T1/S1_C1_E33_V0069_ID1_T1_c7.mp4,0.0,5.033333333333333,vigilance,standing_head_up;none,red_deer
S1_C1_E33_V0069_ID1_T1/S1_C1_E33_V0069_ID1_T1_c8.mp4,0.0,6.766666666666667,foraging,standing_head_down;none,red_deer
S1_C1_E33_V0069_ID1_T1/S1_C1_E33_V0069_ID1_T1_c9.mp4,0.0,2.3,vigilance,standing_head_up;none,red_deer
S1_C1_E33_V0069_ID1_T1/S1_C1_E33_V0069_ID1_T1_c10.mp4,0.0,0.3333333333333333,foraging,standing_head_down;none,red_deer
S1_C1_E33_V0069_ID1_T1/S1_C1_E33_V0069_ID1_T1_c11.mp4,0.0,4.866666666666666,foraging,unknown;none,red_deer
S1_C1_E33_V0069_ID1_T1/S1_C1_E33_V0069_ID1_T1_c12.mp4,0.0,4.866666666666666,vigilance,standing_head_up;none,red_deer
S1_C1_E33_V0069_ID1_T1/S1_C1_E33_V0069_ID1_T1_c13.mp4,0.0,3.3333333333333335,vigilance,walking;none,red_deer
S1_C1_E33_V0069_ID1_T1/S1_C1_E33_V0069_ID1_T1_c14.mp4,0.0,1.8666666666666667,foraging,standing_head_down;none,red_deer
S1_C1_E33_V0069_ID1_T1/S1_C1_E33_V0069_ID1_T1_c15.mp4,0.0,10.6,foraging,sniffing;none,red_deer
S1_C1_E33_V0069_ID1_T1/S1_C1_E33_V0069_ID1_T1_c16.mp4,0.0,2.3333333333333335,foraging,standing_head_up;none,red_deer
S1_C1_E33_V0069_ID1_T1/S1_C1_E33_V0069_ID1_T1_c17.mp4,0.0,4.133333333333334,foraging,sniffing;none,red_deer
S1_C1_E33_V0069_ID1_T1/S1_C1_E33_V0069_ID1_T1_c18.mp4,0.0,3.2,vigilance,standing_head_up;none,red_deer
S1_C1_E33_V0069_ID1_T1/S1_C1_E33_V0069_ID1_T1_c19.mp4,0.0,1.7666666666666666,foraging,sniffing;none,red_deer
S1_C1_E33_V0069_ID1_T1/S1_C1_E33_V0069_ID1_T1_c20.mp4,0.0,9.533333333333333,vigilance,standing_head_up;none,red_deer
S1_C1_E33_V0069_ID1_T1/S1_C1_E33_V0069_ID1_T1_c21.mp4,0.0,3.3666666666666667,foraging,walking;none,red_deer
S1_C1_E33_V0069_ID1_T1/S1_C1_E33_V0069_ID1_T1_c22.mp4,0.0,5.233333333333333,foraging,unknown;none,red_deer
S1_C1_E33_V0069_ID1_T1/S1_C1_E33_V0069_ID1_T1_c23.mp4,0.0,1.5666666666666667,foraging,walking;none,red_deer
S1_C1_E33_V0069_ID1_T1/S1_C1_E33_V0069_ID1_T1_c24.mp4,0.0,1.4333333333333333,foraging,unknown;none,red_deer
S1_C1_E33_V0069_ID1_T1/S1_C1_E33_V0069_ID1_T1_c25.mp4,0.0,6.366666666666666,foraging,standing_head_down;none,red_deer
S1_C1_E33_V0069_ID1_T1/S1_C1_E33_V0069_ID1_T1_c26.mp4,0.0,12.866666666666667,vigilance,standing_head_up;none,red_deer
S1_C1_E33_V0069_ID1_T1/S1_C1_E33_V0069_ID1_T1_c27.mp4,0.0,5.466666666666667,foraging,standing_head_up;none,red_deer
S1_C1_E33_V0070_ID1_T1/S1_C1_E33_V0070_ID1_T1_c0.mp4,0.0,2.933333333333333,foraging,walking;none,red_deer
S1_C1_E33_V0070_ID1_T1/S1_C1_E33_V0070_ID1_T1_c1.mp4,0.0,4.633333333333334,unknown,unknown;none,red_deer
S1_C1_E33_V0070_ID1_T1/S1_C1_E33_V0070_ID1_T1_c2.mp4,0.0,0.5,unknown,running;none,red_deer
S1_C1_E34_V0071_ID1_T1/S1_C1_E34_V0071_ID1_T1_c0.mp4,0.0,2.6333333333333333,foraging,walking;none,red_deer
S1_C1_E34_V0071_ID1_T1/S1_C1_E34_V0071_ID1_T1_c1.mp4,0.0,10.266666666666667,foraging,sniffing;none,red_deer
S1_C1_E34_V0071_ID1_T1/S1_C1_E34_V0071_ID1_T1_c2.mp4,0.0,12.466666666666667,vigilance,standing_head_up;none,red_deer
S1_C1_E34_V0071_ID1_T1/S1_C1_E34_V0071_ID1_T1_c3.mp4,0.0,0.6666666666666666,vigilance,walking;none,red_deer
S1_C1_E34_V0071_ID1_T1/S1_C1_E34_V0071_ID1_T1_c4.mp4,0.0,4.4,vigilance,standing_head_up;none,red_deer
S1_C1_E34_V0071_ID1_T1/S1_C1_E34_V0071_ID1_T1_c5.mp4,0.0,2.566666666666667,unknown,running;none,red_deer
S1_C1_E34_V0071_ID1_T1/S1_C1_E34_V0071_ID1_T1_c6.mp4,0.0,14.3,unknown,unknown;none,red_deer
S1_C1_E34_V0071_ID1_T1/S1_C1_E34_V0071_ID1_T1_c7.mp4,0.0,0.5333333333333333,unknown,running;none,red_deer
S1_C1_E34_V0071_ID2_T1/S1_C1_E34_V0071_ID2_T1_c0.mp4,0.0,0.9666666666666667,unknown,running;none,red_deer
S1_C1_E36_V0073_ID1_T1/S1_C1_E36_V0073_ID1_T1_c0.mp4,0.0,2.7666666666666666,foraging,walking;none,red_deer
S1_C1_E36_V0073_ID1_T1/S1_C1_E36_V0073_ID1_T1_c1.mp4,0.0,0.9,foraging,standing_head_down;none,red_deer
S1_C1_E36_V0073_ID1_T1/S1_C1_E36_V0073_ID1_T1_c2.mp4,0.0,3.933333333333333,foraging,walking;none,red_deer
S1_C1_E36_V0073_ID1_T1/S1_C1_E36_V0073_ID1_T1_c3.mp4,0.0,6.466666666666667,vigilance,standing_head_up;none,red_deer
S1_C1_E36_V0073_ID1_T1/S1_C1_E36_V0073_ID1_T1_c4.mp4,0.0,6.0,foraging,walking;none,red_deer
S1_C1_E36_V0073_ID2_T1/S1_C1_E36_V0073_ID2_T1_c0.mp4,0.0,0.9666666666666667,foraging,walking;none,red_deer
S1_C1_E36_V0073_ID2_T1/S1_C1_E36_V0073_ID2_T1_c1.mp4,0.0,3.933333333333333,unknown,unknown;none,red_deer
S1_C1_E36_V0073_ID2_T1/S1_C1_E36_V0073_ID2_T1_c2.mp4,0.0,2.566666666666667,foraging,walking;none,red_deer
S1_C1_E36_V0073_ID2_T1/S1_C1_E36_V0073_ID2_T1_c3.mp4,0.0,1.0,vigilance,standing_head_up;none,red_deer
S1_C1_E36_V0073_ID2_T1/S1_C1_E36_V0073_ID2_T1_c4.mp4,0.0,1.9333333333333333,foraging,walking;none,red_deer
S1_C1_E36_V0073_ID2_T1/S1_C1_E36_V0073_ID2_T1_c5.mp4,0.0,5.4,foraging,sniffing;none,red_deer
S1_C1_E36_V0073_ID2_T1/S1_C1_E36_V0073_ID2_T1_c6.mp4,0.0,2.9,vigilance,standing_head_up;none,red_deer
S1_C1_E36_V0073_ID2_T1/S1_C1_E36_V0073_ID2_T1_c7.mp4,0.0,6.266666666666667,foraging,walking;none,red_deer
S1_C1_E36_V0073_ID2_T1/S1_C1_E36_V0073_ID2_T1_c8.mp4,0.0,2.1,unknown,running;none,red_deer
S1_C1_E36_V0073_ID2_T1/S1_C1_E36_V0073_ID2_T1_c9.mp4,0.0,1.1666666666666667,unknown,unknown;none,red_deer
S1_C1_E36_V0073_ID3_T1/S1_C1_E36_V0073_ID3_T1_c0.mp4,0.0,2.2666666666666666,foraging,walking;none,red_deer
S1_C1_E36_V0073_ID3_T1/S1_C1_E36_V0073_ID3_T1_c1.mp4,0.0,0.9333333333333333,foraging,sniffing;none,red_deer
S1_C1_E36_V0074_ID1_T1/S1_C1_E36_V0074_ID1_T1_c0.mp4,0.0,4.466666666666667,foraging,sniffing;none,red_deer
S1_C1_E36_V0074_ID1_T1/S1_C1_E36_V0074_ID1_T1_c1.mp4,0.0,5.133333333333334,foraging,walking;none,red_deer
S1_C1_E36_V0074_ID1_T1/S1_C1_E36_V0074_ID1_T1_c2.mp4,0.0,2.8333333333333335,vigilance,standing_head_up;none,red_deer
S1_C1_E36_V0074_ID1_T1/S1_C1_E36_V0074_ID1_T1_c3.mp4,0.0,1.8666666666666667,foraging,walking;none,red_deer
S1_C1_E36_V0074_ID1_T1/S1_C1_E36_V0074_ID1_T1_c4.mp4,0.0,1.6,foraging,standing_head_down;none,red_deer
S1_C1_E36_V0074_ID1_T1/S1_C1_E36_V0074_ID1_T1_c5.mp4,0.0,6.8,foraging,grazing;none,red_deer
S1_C1_E36_V0074_ID1_T1/S1_C1_E36_V0074_ID1_T1_c6.mp4,0.0,0.4,foraging,standing_head_up;none,red_deer
S1_C1_E36_V0074_ID1_T1/S1_C1_E36_V0074_ID1_T1_c7.mp4,0.0,5.366666666666666,vigilance,standing_head_up;none,red_deer
S1_C1_E36_V0074_ID1_T1/S1_C1_E36_V0074_ID1_T1_c8.mp4,0.0,1.5,foraging,standing_head_down;none,red_deer
S1_C1_E36_V0074_ID1_T1/S1_C1_E36_V0074_ID1_T1_c9.mp4,0.0,0.5,foraging,grazing;none,red_deer
S1_C1_E36_V0074_ID1_T1/S1_C1_E36_V0074_ID1_T1_c10.mp4,0.0,1.9,foraging,standing_head_down;none,red_deer
S1_C1_E36_V0074_ID1_T1/S1_C1_E36_V0074_ID1_T1_c11.mp4,0.0,2.2,foraging,grazing;none,red_deer
S1_C1_E36_V0074_ID1_T1/S1_C1_E36_V0074_ID1_T1_c12.mp4,0.0,1.6,foraging,walking;none,red_deer
S1_C1_E36_V0074_ID1_T1/S1_C1_E36_V0074_ID1_T1_c13.mp4,0.0,0.8333333333333334,foraging,grazing;none,red_deer
S1_C1_E36_V0074_ID1_T1/S1_C1_E36_V0074_ID1_T1_c14.mp4,0.0,0.8333333333333334,foraging,standing_head_up;none,red_deer
S1_C1_E36_V0074_ID1_T1/S1_C1_E36_V0074_ID1_T1_c15.mp4,0.0,2.1,foraging,standing_head_down;none,red_deer
S1_C1_E36_V0074_ID1_T1/S1_C1_E36_V0074_ID1_T1_c16.mp4,0.0,3.9,foraging,grazing;none,red_deer
S1_C1_E36_V0074_ID1_T1/S1_C1_E36_V0074_ID1_T1_c17.mp4,0.0,9.5,vigilance,standing_head_up;none,red_deer
S1_C1_E36_V0074_ID1_T1/S1_C1_E36_V0074_ID1_T1_c18.mp4,0.0,1.0333333333333334,foraging,standing_head_down;none,red_deer
S1_C1_E36_V0074_ID1_T1/S1_C1_E36_V0074_ID1_T1_c19.mp4,0.0,6.8,foraging,grazing;none,red_deer
S1_C1_E36_V0074_ID1_T1/S1_C1_E36_V0074_ID1_T1_c20.mp4,0.0,1.2666666666666666,vigilance,standing_head_up;none,red_deer
S1_C1_E36_V0074_ID1_T1/S1_C1_E36_V0074_ID1_T1_c21.mp4,0.0,1.5333333333333334,foraging,walking;none,red_deer
S1_C1_E36_V0074_ID1_T1/S1_C1_E36_V0074_ID1_T1_c22.mp4,0.0,0.9,foraging,sniffing;none,red_deer
S1_C1_E36_V0074_ID1_T1/S1_C1_E36_V0074_ID1_T1_c23.mp4,0.0,3.066666666666667,vigilance,standing_head_up;none,red_deer
S1_C1_E36_V0074_ID1_T1/S1_C1_E36_V0074_ID1_T1_c24.mp4,0.0,12.833333333333334,foraging,walking;none,red_deer
S1_C1_E36_V0074_ID1_T1/S1_C1_E36_V0074_ID1_T1_c25.mp4,0.0,4.733333333333333,unknown,unknown;none,red_deer
S1_C1_E36_V0074_ID1_T1/S1_C1_E36_V0074_ID1_T1_c26.mp4,0.0,0.8333333333333334,foraging,walking;none,red_deer
S1_C1_E37_V0075_ID1_T1/S1_C1_E37_V0075_ID1_T1_c0.mp4,0.0,0.8,foraging,walking;none,red_deer
S1_C1_E37_V0075_ID1_T1/S1_C1_E37_V0075_ID1_T1_c1.mp4,0.0,12.2,unknown,unknown;none,red_deer
S1_C1_E37_V0075_ID1_T1/S1_C1_E37_V0075_ID1_T1_c2.mp4,0.0,2.3666666666666667,foraging,walking;none,red_deer
S1_C1_E37_V0075_ID1_T1/S1_C1_E37_V0075_ID1_T1_c3.mp4,0.0,7.333333333333333,vigilance,standing_head_up;none,red_deer
S1_C1_E37_V0075_ID1_T1/S1_C1_E37_V0075_ID1_T1_c4.mp4,0.0,2.2333333333333334,foraging,walking;none,red_deer
S1_C1_E37_V0075_ID1_T1/S1_C1_E37_V0075_ID1_T1_c5.mp4,0.0,3.033333333333333,foraging,sniffing;none,red_deer
S1_C1_E37_V0075_ID1_T1/S1_C1_E37_V0075_ID1_T1_c6.mp4,0.0,6.766666666666667,vigilance,standing_head_up;none,red_deer
S1_C1_E37_V0075_ID1_T1/S1_C1_E37_V0075_ID1_T1_c7.mp4,0.0,14.4,foraging,grazing;none,red_deer
S1_C1_E37_V0075_ID1_T1/S1_C1_E37_V0075_ID1_T1_c8.mp4,0.0,6.566666666666666,foraging,standing_head_up;none,red_deer
S1_C1_E37_V0075_ID1_T1/S1_C1_E37_V0075_ID1_T1_c9.mp4,0.0,27.2,foraging,grazing;none,red_deer
S1_C1_E37_V0075_ID1_T1/S1_C1_E37_V0075_ID1_T1_c10.mp4,0.0,3.2,vigilance,standing_head_up;none,red_deer
S1_C1_E37_V0075_ID1_T1/S1_C1_E37_V0075_ID1_T1_c11.mp4,0.0,10.533333333333333,foraging,grazing;none,red_deer
S1_C1_E37_V0075_ID1_T1/S1_C1_E37_V0075_ID1_T1_c12.mp4,0.0,1.1,foraging,standing_head_up;none,red_deer
S1_C1_E37_V0075_ID1_T1/S1_C1_E37_V0075_ID1_T1_c13.mp4,0.0,2.433333333333333,foraging,walking;none,red_deer
S1_C1_E37_V0075_ID1_T1/S1_C1_E37_V0075_ID1_T1_c14.mp4,0.0,0.5666666666666667,foraging,standing_head_up;none,red_deer
S1_C1_E37_V0075_ID1_T1/S1_C1_E37_V0075_ID1_T1_c15.mp4,0.0,2.2666666666666666,foraging,standing_head_down;none,red_deer
S1_C1_E37_V0075_ID1_T1/S1_C1_E37_V0075_ID1_T1_c16.mp4,0.0,1.7666666666666666,foraging,unknown;none,red_deer
S1_C1_E37_V0075_ID1_T1/S1_C1_E37_V0075_ID1_T1_c17.mp4,0.0,3.466666666666667,foraging,walking;none,red_deer
S1_C1_E37_V0075_ID1_T1/S1_C1_E37_V0075_ID1_T1_c18.mp4,0.0,1.4,foraging,standing_head_down;none,red_deer
S1_C1_E37_V0075_ID1_T1/S1_C1_E37_V0075_ID1_T1_c19.mp4,0.0,4.366666666666666,foraging,grazing;none,red_deer
S1_C1_E37_V0075_ID1_T1/S1_C1_E37_V0075_ID1_T1_c20.mp4,0.0,6.5,vigilance,standing_head_up;none,red_deer
S1_C1_E37_V0076_ID1_T1/S1_C1_E37_V0076_ID1_T1_c0.mp4,0.0,2.7333333333333334,vigilance,standing_head_up;none,red_deer
S1_C1_E37_V0076_ID1_T1/S1_C1_E37_V0076_ID1_T1_c1.mp4,0.0,3.033333333333333,foraging,walking;none,red_deer
S1_C1_E37_V0076_ID1_T1/S1_C1_E37_V0076_ID1_T1_c2.mp4,0.0,0.9333333333333333,foraging,unknown;none,red_deer
S1_C1_E37_V0076_ID1_T1/S1_C1_E37_V0076_ID1_T1_c3.mp4,0.0,41.0,foraging,grazing;none,red_deer
S1_C1_E37_V0076_ID1_T1/S1_C1_E37_V0076_ID1_T1_c4.mp4,0.0,1.8666666666666667,vigilance,standing_head_up;none,red_deer
S1_C1_E37_V0076_ID1_T1/S1_C1_E37_V0076_ID1_T1_c5.mp4,0.0,1.3,foraging,walking;none,red_deer
S1_C1_E37_V0076_ID1_T1/S1_C1_E37_V0076_ID1_T1_c6.mp4,0.0,4.566666666666666,vigilance,standing_head_up;none,red_deer
S1_C1_E37_V0076_ID1_T1/S1_C1_E37_V0076_ID1_T1_c7.mp4,0.0,3.4,foraging,walking;none,red_deer
S1_C1_E38_V0077_ID1_T1/S1_C1_E38_V0077_ID1_T1_c0.mp4,0.0,2.7666666666666666,foraging,walking;none,red_deer
S1_C1_E38_V0077_ID1_T1/S1_C1_E38_V0077_ID1_T1_c1.mp4,0.0,4.233333333333333,foraging,standing_head_down;none,red_deer
S1_C1_E38_V0077_ID1_T1/S1_C1_E38_V0077_ID1_T1_c2.mp4,0.0,67.6,foraging,grazing;none,red_deer
S1_C1_E38_V0077_ID1_T1/S1_C1_E38_V0077_ID1_T1_c3.mp4,0.0,3.6,foraging,standing_head_down;none,red_deer
S1_C1_E38_V0077_ID1_T1/S1_C1_E38_V0077_ID1_T1_c4.mp4,0.0,3.9,foraging,walking;none,red_deer
S1_C1_E38_V0077_ID1_T1/S1_C1_E38_V0077_ID1_T1_c5.mp4,0.0,38.1,foraging,grazing;none,red_deer
S1_C1_E38_V0078_ID1_T1/S1_C1_E38_V0078_ID1_T1_c0.mp4,0.0,2.6333333333333333,vigilance,standing_head_up;none,red_deer
S1_C1_E38_V0078_ID1_T1/S1_C1_E38_V0078_ID1_T1_c1.mp4,0.0,0.9333333333333333,foraging,standing_head_down;none,red_deer
S1_C1_E38_V0078_ID1_T1/S1_C1_E38_V0078_ID1_T1_c2.mp4,0.0,16.933333333333334,foraging,grazing;none,red_deer
S1_C1_E38_V0079_ID1_T1/S1_C1_E38_V0079_ID1_T1_c0.mp4,0.0,19.9,foraging,grazing;none,red_deer
S1_C1_E38_V0079_ID1_T1/S1_C1_E38_V0079_ID1_T1_c1.mp4,0.0,0.6,foraging,sniffing;none,red_deer
S1_C1_E38_V0080_ID1_T1/S1_C1_E38_V0080_ID1_T1_c0.mp4,0.0,4.966666666666667,foraging,sniffing;none,red_deer
S1_C1_E38_V0080_ID1_T1/S1_C1_E38_V0080_ID1_T1_c1.mp4,0.0,1.2333333333333334,foraging,standing_head_up;none,red_deer
S1_C1_E38_V0080_ID1_T1/S1_C1_E38_V0080_ID1_T1_c2.mp4,0.0,0.7333333333333333,foraging,standing_head_down;none,red_deer
S1_C1_E38_V0080_ID1_T1/S1_C1_E38_V0080_ID1_T1_c3.mp4,0.0,13.566666666666666,foraging,grazing;none,red_deer
S1_C1_E38_V0081_ID1_T1/S1_C1_E38_V0081_ID1_T1_c0.mp4,0.0,20.5,foraging,grazing;none,red_deer
S1_C1_E38_V0082_ID1_T1/S1_C1_E38_V0082_ID1_T1_c0.mp4,0.0,1.6333333333333333,foraging,standing_head_down;none,red_deer
S1_C1_E38_V0082_ID1_T1/S1_C1_E38_V0082_ID1_T1_c1.mp4,0.0,7.033333333333333,foraging,grazing;none,red_deer
S1_C1_E38_V0082_ID1_T1/S1_C1_E38_V0082_ID1_T1_c2.mp4,0.0,3.2666666666666666,vigilance,standing_head_down;none,red_deer
S1_C1_E38_V0082_ID1_T1/S1_C1_E38_V0082_ID1_T1_c3.mp4,0.0,2.566666666666667,vigilance,standing_head_up;none,red_deer
S1_C1_E38_V0082_ID1_T1/S1_C1_E38_V0082_ID1_T1_c4.mp4,0.0,0.8333333333333334,foraging,standing_head_down;none,red_deer
S1_C1_E38_V0082_ID1_T1/S1_C1_E38_V0082_ID1_T1_c5.mp4,0.0,5.166666666666667,foraging,grazing;none,red_deer
S1_C1_E38_V0083_ID1_T1/S1_C1_E38_V0083_ID1_T1_c0.mp4,0.0,20.5,foraging,grazing;none,red_deer
S1_C1_E38_V0084_ID1_T1/S1_C1_E38_V0084_ID1_T1_c0.mp4,0.0,13.866666666666667,foraging,grazing;none,red_deer
S1_C1_E38_V0084_ID1_T1/S1_C1_E38_V0084_ID1_T1_c1.mp4,0.0,2.6333333333333333,foraging,standing_head_up;none,red_deer
S1_C1_E38_V0084_ID1_T1/S1_C1_E38_V0084_ID1_T1_c2.mp4,0.0,1.1,foraging,standing_head_down;none,red_deer
S1_C1_E38_V0084_ID1_T1/S1_C1_E38_V0084_ID1_T1_c3.mp4,0.0,2.9,foraging,grazing;none,red_deer
S1_C1_E38_V0085_ID1_T1/S1_C1_E38_V0085_ID1_T1_c0.mp4,0.0,7.433333333333334,foraging,unknown;none,red_deer
S1_C1_E38_V0085_ID1_T1/S1_C1_E38_V0085_ID1_T1_c1.mp4,0.0,13.066666666666666,foraging,grazing;none,red_deer
S1_C1_E38_V0086_ID1_T1/S1_C1_E38_V0086_ID1_T1_c0.mp4,0.0,2.9,foraging,standing_head_down;none,red_deer
S1_C1_E38_V0086_ID1_T1/S1_C1_E38_V0086_ID1_T1_c1.mp4,0.0,1.8333333333333333,vigilance,standing_head_up;none,red_deer
S1_C1_E38_V0086_ID1_T1/S1_C1_E38_V0086_ID1_T1_c2.mp4,0.0,2.1333333333333333,foraging,standing_head_down;none,red_deer
S1_C1_E38_V0086_ID1_T1/S1_C1_E38_V0086_ID1_T1_c3.mp4,0.0,3.4,foraging,grazing;none,red_deer
S1_C1_E38_V0086_ID1_T1/S1_C1_E38_V0086_ID1_T1_c4.mp4,0.0,1.6,foraging,standing_head_down;none,red_deer
S1_C1_E38_V0086_ID1_T1/S1_C1_E38_V0086_ID1_T1_c5.mp4,0.0,2.4,foraging,walking;none,red_deer
S1_C1_E38_V0086_ID1_T1/S1_C1_E38_V0086_ID1_T1_c6.mp4,0.0,5.333333333333333,foraging,unknown;none,red_deer
S1_C1_E38_V0087_ID1_T1/S1_C1_E38_V0087_ID1_T1_c0.mp4,0.0,2.1,foraging,walking;none,red_deer
S1_C1_E38_V0087_ID1_T1/S1_C1_E38_V0087_ID1_T1_c1.mp4,0.0,2.2666666666666666,foraging,standing_head_down;none,red_deer
S1_C1_E38_V0087_ID1_T1/S1_C1_E38_V0087_ID1_T1_c2.mp4,0.0,16.133333333333333,foraging,grazing;none,red_deer
S1_C1_E38_V0088_ID1_T1/S1_C1_E38_V0088_ID1_T1_c0.mp4,0.0,20.5,foraging,grazing;none,red_deer
S1_C1_E38_V0089_ID1_T1/S1_C1_E38_V0089_ID1_T1_c0.mp4,0.0,7.1,foraging,grazing;none,red_deer
S1_C1_E38_V0089_ID1_T1/S1_C1_E38_V0089_ID1_T1_c1.mp4,0.0,1.6666666666666667,foraging,walking;none,red_deer
S1_C1_E38_V0089_ID1_T1/S1_C1_E38_V0089_ID1_T1_c2.mp4,0.0,11.733333333333333,foraging,grazing;none,red_deer
S1_C1_E38_V0090_ID1_T1/S1_C1_E38_V0090_ID1_T1_c0.mp4,0.0,5.7,foraging,grazing;none,red_deer
S1_C1_E38_V0090_ID1_T1/S1_C1_E38_V0090_ID1_T1_c1.mp4,0.0,3.6333333333333333,foraging,walking;none,red_deer
S1_C1_E40_V0092_ID1_T1/S1_C1_E40_V0092_ID1_T1_c0.mp4,0.0,5.1,foraging,walking;none,red_deer
S1_C1_E40_V0092_ID1_T1/S1_C1_E40_V0092_ID1_T1_c1.mp4,0.0,6.333333333333333,foraging,standing_head_down;none,red_deer
S1_C1_E40_V0092_ID1_T1/S1_C1_E40_V0092_ID1_T1_c2.mp4,0.0,2.4,foraging,walking;none,red_deer
S1_C1_E40_V0092_ID1_T1/S1_C1_E40_V0092_ID1_T1_c3.mp4,0.0,4.533333333333333,foraging,standing_head_down;none,red_deer
S1_C1_E40_V0093_ID1_T1/S1_C1_E40_V0093_ID1_T1_c0.mp4,0.0,20.5,foraging,grazing;none,red_deer
S1_C1_E40_V0093_ID2_T1/S1_C1_E40_V0093_ID2_T1_c0.mp4,0.0,3.7,foraging,walking;none,red_deer
S1_C1_E40_V0093_ID2_T1/S1_C1_E40_V0093_ID2_T1_c1.mp4,0.0,2.3666666666666667,foraging,standing_head_down;none,red_deer
S1_C1_E40_V0093_ID2_T1/S1_C1_E40_V0093_ID2_T1_c2.mp4,0.0,2.3,foraging,walking;none,red_deer
S1_C1_E40_V0093_ID2_T1/S1_C1_E40_V0093_ID2_T1_c3.mp4,0.0,7.466666666666667,vigilance,standing_head_up;none,red_deer
S1_C1_E40_V0093_ID2_T1/S1_C1_E40_V0093_ID2_T1_c4.mp4,0.0,0.9,foraging,standing_head_down;none,red_deer
S1_C1_E40_V0093_ID2_T1/S1_C1_E40_V0093_ID2_T1_c5.mp4,0.0,0.9666666666666667,foraging,walking;none,red_deer
S1_C1_E40_V0094_ID1_T1/S1_C1_E40_V0094_ID1_T1_c0.mp4,0.0,1.9333333333333333,foraging,grazing;none,red_deer
S1_C1_E40_V0094_ID1_T1/S1_C1_E40_V0094_ID1_T1_c1.mp4,0.0,1.6,foraging,walking;none,red_deer
S1_C1_E40_V0094_ID1_T1/S1_C1_E40_V0094_ID1_T1_c2.mp4,0.0,8.666666666666666,foraging,grazing;none,red_deer
S1_C1_E40_V0094_ID1_T1/S1_C1_E40_V0094_ID1_T1_c3.mp4,0.0,3.7,vigilance,standing_head_up;none,red_deer
S1_C1_E40_V0094_ID1_T1/S1_C1_E40_V0094_ID1_T1_c4.mp4,0.0,0.4666666666666667,foraging,standing_head_down;none,red_deer
S1_C1_E40_V0094_ID1_T1/S1_C1_E40_V0094_ID1_T1_c5.mp4,0.0,4.133333333333334,foraging,grazing;none,red_deer
S1_C1_E40_V0094_ID2_T1/S1_C1_E40_V0094_ID2_T1_c0.mp4,0.0,2.2333333333333334,foraging,standing_head_down;none,red_deer
S1_C1_E40_V0094_ID2_T1/S1_C1_E40_V0094_ID2_T1_c1.mp4,0.0,0.6666666666666666,vigilance,standing_head_up;none,red_deer
S1_C1_E40_V0094_ID2_T1/S1_C1_E40_V0094_ID2_T1_c2.mp4,0.0,1.8666666666666667,foraging,standing_head_down;none,red_deer
S1_C1_E40_V0094_ID2_T1/S1_C1_E40_V0094_ID2_T1_c3.mp4,0.0,3.3666666666666667,foraging,grazing;none,red_deer
S1_C1_E40_V0094_ID2_T1/S1_C1_E40_V0094_ID2_T1_c4.mp4,0.0,0.3,foraging,standing_head_down;none,red_deer
S1_C1_E40_V0094_ID2_T1/S1_C1_E40_V0094_ID2_T1_c5.mp4,0.0,11.366666666666667,unknown,unknown;none,red_deer
S1_C1_E40_V0095_ID1_T1/S1_C1_E40_V0095_ID1_T1_c0.mp4,0.0,20.5,foraging,grazing;none,red_deer
S1_C1_E40_V0095_ID2_T1/S1_C1_E40_V0095_ID2_T1_c0.mp4,0.0,1.6666666666666667,foraging,walking;none,red_deer
S1_C1_E40_V0095_ID2_T1/S1_C1_E40_V0095_ID2_T1_c1.mp4,0.0,4.433333333333334,foraging,grazing;none,red_deer
S1_C1_E40_V0095_ID2_T1/S1_C1_E40_V0095_ID2_T1_c2.mp4,0.0,3.6666666666666665,foraging,standing_head_down;none,red_deer
S1_C1_E40_V0095_ID2_T1/S1_C1_E40_V0095_ID2_T1_c3.mp4,0.0,10.666666666666666,foraging,grazing;none,red_deer
S1_C1_E40_V0096_ID1_T1/S1_C1_E40_V0096_ID1_T1_c0.mp4,0.0,20.5,foraging,grazing;none,red_deer
S1_C1_E40_V0096_ID2_T1/S1_C1_E40_V0096_ID2_T1_c0.mp4,0.0,20.333333333333332,foraging,grazing;none,red_deer
S1_C1_E40_V0097_ID1_T1/S1_C1_E40_V0097_ID1_T1_c0.mp4,0.0,20.5,foraging,grazing;none,red_deer
S1_C1_E40_V0097_ID2_T1/S1_C1_E40_V0097_ID2_T1_c0.mp4,0.0,20.266666666666666,foraging,grazing;none,red_deer
S1_C1_E40_V0098_ID1_T1/S1_C1_E40_V0098_ID1_T1_c0.mp4,0.0,16.9,foraging,grazing;none,red_deer
S1_C1_E40_V0098_ID1_T1/S1_C1_E40_V0098_ID1_T1_c1.mp4,0.0,2.2333333333333334,foraging,standing_head_down;none,red_deer
S1_C1_E40_V0098_ID1_T1/S1_C1_E40_V0098_ID1_T1_c2.mp4,0.0,1.3666666666666667,foraging,grazing;none,red_deer
S1_C1_E40_V0098_ID2_T1/S1_C1_E40_V0098_ID2_T1_c0.mp4,0.0,12.6,foraging,grazing;none,red_deer
S1_C1_E40_V0098_ID2_T1/S1_C1_E40_V0098_ID2_T1_c1.mp4,0.0,4.466666666666667,unknown,unknown;none,red_deer
S1_C1_E40_V0098_ID2_T1/S1_C1_E40_V0098_ID2_T1_c2.mp4,0.0,3.3333333333333335,foraging,grazing;none,red_deer
S1_C1_E40_V0099_ID1_T1/S1_C1_E40_V0099_ID1_T1_c0.mp4,0.0,20.5,foraging,grazing;none,red_deer
S1_C1_E40_V0099_ID2_T1/S1_C1_E40_V0099_ID2_T1_c0.mp4,0.0,19.2,unknown,unknown;none,red_deer
S1_C1_E40_V0100_ID1_T1/S1_C1_E40_V0100_ID1_T1_c0.mp4,0.0,11.133333333333333,vigilance,standing_head_up;none,red_deer
S1_C1_E40_V0100_ID1_T1/S1_C1_E40_V0100_ID1_T1_c1.mp4,0.0,2.6,unknown,unknown;none,red_deer
S1_C1_E40_V0100_ID1_T1/S1_C1_E40_V0100_ID1_T1_c2.mp4,0.0,6.766666666666667,foraging,grazing;none,red_deer
S1_C1_E40_V0100_ID2_T1/S1_C1_E40_V0100_ID2_T1_c0.mp4,0.0,0.2,foraging,grazing;none,red_deer
S1_C1_E40_V0100_ID2_T1/S1_C1_E40_V0100_ID2_T1_c1.mp4,0.0,7.866666666666666,vigilance,standing_head_up;none,red_deer
S1_C1_E40_V0100_ID2_T1/S1_C1_E40_V0100_ID2_T1_c2.mp4,0.0,0.6333333333333333,foraging,standing_head_down;none,red_deer
S1_C1_E40_V0100_ID2_T1/S1_C1_E40_V0100_ID2_T1_c3.mp4,0.0,11.8,foraging,grazing;none,red_deer
S1_C1_E40_V0101_ID1_T1/S1_C1_E40_V0101_ID1_T1_c0.mp4,0.0,20.5,foraging,grazing;none,red_deer
S1_C1_E40_V0101_ID2_T1/S1_C1_E40_V0101_ID2_T1_c0.mp4,0.0,20.5,foraging,grazing;none,red_deer
S1_C1_E40_V0102_ID1_T1/S1_C1_E40_V0102_ID1_T1_c0.mp4,0.0,2.8333333333333335,foraging,grazing;none,red_deer
S1_C1_E40_V0102_ID1_T1/S1_C1_E40_V0102_ID1_T1_c1.mp4,0.0,2.8,foraging,walking;none,red_deer
S1_C1_E40_V0102_ID1_T1/S1_C1_E40_V0102_ID1_T1_c2.mp4,0.0,8.1,vigilance,standing_head_up;none,red_deer
S1_C1_E40_V0102_ID1_T1/S1_C1_E40_V0102_ID1_T1_c3.mp4,0.0,0.8333333333333334,foraging,standing_head_down;none,red_deer
S1_C1_E40_V0102_ID1_T1/S1_C1_E40_V0102_ID1_T1_c4.mp4,0.0,5.933333333333334,foraging,grazing;none,red_deer
S1_C1_E40_V0102_ID2_T1/S1_C1_E40_V0102_ID2_T1_c0.mp4,0.0,0.5,foraging,grazing;none,red_deer
S1_C1_E40_V0102_ID2_T1/S1_C1_E40_V0102_ID2_T1_c1.mp4,0.0,14.6,vigilance,standing_head_up;none,red_deer
S1_C1_E40_V0102_ID2_T1/S1_C1_E40_V0102_ID2_T1_c2.mp4,0.0,0.5333333333333333,foraging,standing_head_down;none,red_deer
S1_C1_E40_V0102_ID2_T1/S1_C1_E40_V0102_ID2_T1_c3.mp4,0.0,1.1333333333333333,foraging,grazing;none,red_deer
S1_C1_E40_V0103_ID1_T1/S1_C1_E40_V0103_ID1_T1_c0.mp4,0.0,11.966666666666667,foraging,grazing;none,red_deer
S1_C1_E40_V0103_ID1_T1/S1_C1_E40_V0103_ID1_T1_c1.mp4,0.0,2.1666666666666665,vigilance,standing_head_up;none,red_deer
S1_C1_E40_V0103_ID1_T1/S1_C1_E40_V0103_ID1_T1_c2.mp4,0.0,1.8666666666666667,vigilance,walking;none,red_deer
S1_C1_E40_V0103_ID1_T1/S1_C1_E40_V0103_ID1_T1_c3.mp4,0.0,3.1,vigilance,standing_head_up;none,red_deer
S1_C1_E40_V0103_ID1_T1/S1_C1_E40_V0103_ID1_T1_c4.mp4,0.0,0.7333333333333333,foraging,standing_head_down;none,red_deer
S1_C1_E40_V0103_ID1_T1/S1_C1_E40_V0103_ID1_T1_c5.mp4,0.0,0.6666666666666666,foraging,grazing;none,red_deer
S1_C1_E40_V0103_ID2_T1/S1_C1_E40_V0103_ID2_T1_c0.mp4,0.0,16.966666666666665,foraging,grazing;none,red_deer
S1_C1_E40_V0103_ID2_T1/S1_C1_E40_V0103_ID2_T1_c1.mp4,0.0,3.533333333333333,vigilance,standing_head_up;none,red_deer
S1_C1_E40_V0104_ID1_T1/S1_C1_E40_V0104_ID1_T1_c0.mp4,0.0,20.5,foraging,grazing;none,red_deer
S1_C1_E40_V0104_ID2_T1/S1_C1_E40_V0104_ID2_T1_c0.mp4,0.0,20.5,foraging,grazing;none,red_deer
S1_C1_E40_V0105_ID1_T1/S1_C1_E40_V0105_ID1_T1_c0.mp4,0.0,2.466666666666667,vigilance,walking;none,red_deer
S1_C1_E40_V0105_ID1_T1/S1_C1_E40_V0105_ID1_T1_c1.mp4,0.0,9.266666666666667,vigilance,standing_head_up;none,red_deer
S1_C1_E40_V0105_ID1_T1/S1_C1_E40_V0105_ID1_T1_c2.mp4,0.0,1.3333333333333333,vigilance,walking;none,red_deer
S1_C1_E40_V0105_ID1_T1/S1_C1_E40_V0105_ID1_T1_c3.mp4,0.0,3.2666666666666666,vigilance,standing_head_up;none,red_deer
S1_C1_E40_V0105_ID1_T1/S1_C1_E40_V0105_ID1_T1_c4.mp4,0.0,2.5,foraging,walking;none,red_deer
S1_C1_E40_V0105_ID2_T1/S1_C1_E40_V0105_ID2_T1_c0.mp4,0.0,2.2,foraging,grazing;none,red_deer
S1_C1_E40_V0105_ID2_T1/S1_C1_E40_V0105_ID2_T1_c1.mp4,0.0,18.3,vigilance,standing_head_up;none,red_deer
S1_C1_E40_V0106_ID1_T1/S1_C1_E40_V0106_ID1_T1_c0.mp4,0.0,13.633333333333333,foraging,grazing;none,red_deer
S1_C1_E40_V0106_ID1_T1/S1_C1_E40_V0106_ID1_T1_c1.mp4,0.0,4.833333333333333,vigilance,walking;none,red_deer
S1_C1_E49_V0112_ID1_T1/S1_C1_E49_V0112_ID1_T1_c0.mp4,0.0,4.5,foraging,walking;none,roe_deer
S1_C1_E49_V0112_ID1_T1/S1_C1_E49_V0112_ID1_T1_c1.mp4,0.0,2.0,foraging,standing_head_down;none,roe_deer
S1_C1_E49_V0112_ID1_T1/S1_C1_E49_V0112_ID1_T1_c2.mp4,0.0,1.9666666666666666,vigilance,standing_head_up;none,roe_deer
S1_C1_E49_V0112_ID1_T1/S1_C1_E49_V0112_ID1_T1_c3.mp4,0.0,8.033333333333333,foraging,walking;none,roe_deer
S1_C1_E49_V0112_ID1_T1/S1_C1_E49_V0112_ID1_T1_c4.mp4,0.0,4.9,unknown,unknown;none,roe_deer
S1_C1_E49_V0112_ID1_T1/S1_C1_E49_V0112_ID1_T1_c5.mp4,0.0,2.7666666666666666,foraging,walking;none,roe_deer
S1_C1_E49_V0112_ID2_T1/S1_C1_E49_V0112_ID2_T1_c0.mp4,0.0,2.5,foraging,walking;none,roe_deer
S1_C1_E49_V0112_ID2_T1/S1_C1_E49_V0112_ID2_T1_c1.mp4,0.0,1.6,foraging,sniffing;none,roe_deer
S1_C1_E49_V0112_ID2_T1/S1_C1_E49_V0112_ID2_T1_c2.mp4,0.0,4.7,foraging,walking;none,roe_deer
S1_C1_E49_V0112_ID2_T1/S1_C1_E49_V0112_ID2_T1_c3.mp4,0.0,1.3,foraging,standing_head_down;none,roe_deer
S1_C1_E49_V0112_ID2_T1/S1_C1_E49_V0112_ID2_T1_c4.mp4,0.0,2.0,foraging,walking;none,roe_deer
S1_C1_E49_V0112_ID2_T1/S1_C1_E49_V0112_ID2_T1_c5.mp4,0.0,3.2333333333333334,foraging,standing_head_down;none,roe_deer
S1_C1_E49_V0112_ID2_T1/S1_C1_E49_V0112_ID2_T1_c6.mp4,0.0,6.1,foraging,grazing;none,roe_deer
S1_C1_E49_V0112_ID2_T1/S1_C1_E49_V0112_ID2_T1_c7.mp4,0.0,2.1,vigilance,standing_head_up;none,roe_deer
S1_C1_E49_V0112_ID2_T1/S1_C1_E49_V0112_ID2_T1_c8.mp4,0.0,1.4666666666666666,foraging,walking;none,roe_deer
S1_C1_E49_V0112_ID2_T1/S1_C1_E49_V0112_ID2_T1_c9.mp4,0.0,1.5,foraging,standing_head_down;none,roe_deer
S1_C1_E49_V0112_ID2_T1/S1_C1_E49_V0112_ID2_T1_c10.mp4,0.0,6.466666666666667,foraging,walking;none,roe_deer
S1_C1_E49_V0112_ID3_T1/S1_C1_E49_V0112_ID3_T1_c0.mp4,0.0,2.566666666666667,foraging,walking;none,roe_deer
S1_C1_E49_V0112_ID3_T1/S1_C1_E49_V0112_ID3_T1_c1.mp4,0.0,4.6,foraging,sniffing;none,roe_deer
S1_C1_E49_V0112_ID3_T1/S1_C1_E49_V0112_ID3_T1_c2.mp4,0.0,3.8666666666666667,vigilance,standing_head_up;none,roe_deer
S1_C1_E49_V0112_ID3_T1/S1_C1_E49_V0112_ID3_T1_c3.mp4,0.0,0.4666666666666667,foraging,standing_head_down;none,roe_deer
S1_C1_E49_V0112_ID3_T1/S1_C1_E49_V0112_ID3_T1_c4.mp4,0.0,2.2333333333333334,foraging,sniffing;none,roe_deer
S1_C1_E49_V0112_ID3_T1/S1_C1_E49_V0112_ID3_T1_c5.mp4,0.0,0.4666666666666667,foraging,standing_head_down;none,roe_deer
S1_C1_E49_V0112_ID3_T1/S1_C1_E49_V0112_ID3_T1_c6.mp4,0.0,6.0,foraging,walking;none,roe_deer
S1_C1_E49_V0112_ID3_T1/S1_C1_E49_V0112_ID3_T1_c7.mp4,0.0,1.3,foraging,standing_head_down;none,roe_deer
S1_C1_E49_V0112_ID3_T1/S1_C1_E49_V0112_ID3_T1_c8.mp4,0.0,1.3333333333333333,vigilance,standing_head_up;none,roe_deer
S1_C1_E49_V0112_ID3_T1/S1_C1_E49_V0112_ID3_T1_c9.mp4,0.0,2.5,foraging,walking;none,roe_deer
S1_C1_E49_V0112_ID3_T1/S1_C1_E49_V0112_ID3_T1_c10.mp4,0.0,3.3333333333333335,foraging,sniffing;none,roe_deer
S1_C1_E49_V0112_ID3_T1/S1_C1_E49_V0112_ID3_T1_c11.mp4,0.0,1.0333333333333334,vigilance,standing_head_up;none,roe_deer
S1_C1_E49_V0112_ID3_T1/S1_C1_E49_V0112_ID3_T1_c12.mp4,0.0,4.133333333333334,foraging,walking;none,roe_deer
S1_C1_E50_V0113_ID1_T1/S1_C1_E50_V0113_ID1_T1_c0.mp4,0.0,1.1,vigilance,walking;none,red_deer
S1_C1_E50_V0113_ID2_T1/S1_C1_E50_V0113_ID2_T1_c0.mp4,0.0,3.433333333333333,foraging,walking;none,red_deer
S1_C1_E50_V0113_ID2_T1/S1_C1_E50_V0113_ID2_T1_c1.mp4,0.0,1.1333333333333333,foraging,grazing;none,red_deer
S1_C1_E50_V0113_ID3_T1/S1_C1_E50_V0113_ID3_T1_c0.mp4,0.0,2.6333333333333333,foraging,walking;none,red_deer
S1_C1_E50_V0113_ID3_T1/S1_C1_E50_V0113_ID3_T1_c1.mp4,0.0,0.5666666666666667,foraging,sniffing;none,red_deer
S1_C1_E50_V0114_ID1_T1/S1_C1_E50_V0114_ID1_T1_c0.mp4,0.0,2.2,foraging,walking;none,red_deer
S1_C1_E50_V0114_ID1_T1/S1_C1_E50_V0114_ID1_T1_c1.mp4,0.0,3.7333333333333334,foraging,grazing;none,red_deer
S1_C1_E50_V0114_ID1_T1/S1_C1_E50_V0114_ID1_T1_c2.mp4,0.0,9.366666666666667,foraging,walking;none,red_deer
S1_C1_E50_V0114_ID1_T1/S1_C1_E50_V0114_ID1_T1_c3.mp4,0.0,3.533333333333333,foraging,standing_head_down;none,red_deer
S1_C1_E50_V0114_ID1_T1/S1_C1_E50_V0114_ID1_T1_c4.mp4,0.0,1.6666666666666667,foraging,sniffing;none,red_deer
S1_C1_E50_V0114_ID2_T1/S1_C1_E50_V0114_ID2_T1_c0.mp4,0.0,1.4,foraging,walking;none,red_deer
S1_C1_E50_V0114_ID2_T1/S1_C1_E50_V0114_ID2_T1_c1.mp4,0.0,1.7333333333333334,unknown,unknown;none,red_deer
S1_C1_E50_V0114_ID2_T1/S1_C1_E50_V0114_ID2_T1_c2.mp4,0.0,2.6666666666666665,foraging,walking;none,red_deer
S1_C1_E50_V0114_ID2_T1/S1_C1_E50_V0114_ID2_T1_c3.mp4,0.0,1.8666666666666667,unknown,unknown;none,red_deer
S1_C1_E50_V0114_ID2_T1/S1_C1_E50_V0114_ID2_T1_c4.mp4,0.0,1.7,foraging,walking;none,red_deer
S1_C1_E50_V0114_ID2_T1/S1_C1_E50_V0114_ID2_T1_c5.mp4,0.0,2.066666666666667,unknown,unknown;none,red_deer
S1_C1_E50_V0114_ID2_T1/S1_C1_E50_V0114_ID2_T1_c6.mp4,0.0,3.033333333333333,foraging,standing_head_down;none,red_deer
S1_C1_E50_V0114_ID2_T1/S1_C1_E50_V0114_ID2_T1_c7.mp4,0.0,1.3333333333333333,foraging,walking;none,red_deer
S1_C1_E50_V0114_ID3_T1/S1_C1_E50_V0114_ID3_T1_c0.mp4,0.0,1.2,foraging,walking;none,red_deer
S1_C1_E50_V0114_ID3_T1/S1_C1_E50_V0114_ID3_T1_c1.mp4,0.0,3.6666666666666665,foraging,standing_head_down;none,red_deer
S1_C1_E50_V0114_ID3_T1/S1_C1_E50_V0114_ID3_T1_c2.mp4,0.0,2.7,unknown,unknown;none,red_deer
S1_C1_E50_V0114_ID3_T1/S1_C1_E50_V0114_ID3_T1_c3.mp4,0.0,1.5333333333333334,foraging,walking;none,red_deer
S1_C1_E50_V0114_ID3_T1/S1_C1_E50_V0114_ID3_T1_c4.mp4,0.0,8.633333333333333,foraging,standing_head_down;none,red_deer
S1_C1_E50_V0114_ID3_T1/S1_C1_E50_V0114_ID3_T1_c5.mp4,0.0,1.0666666666666667,camera_reaction,jumping;none,red_deer
S1_C1_E50_V0114_ID3_T1/S1_C1_E50_V0114_ID3_T1_c6.mp4,0.0,1.6666666666666667,camera_reaction,running;none,red_deer
S1_C1_E50_V0115_ID1_T1/S1_C1_E50_V0115_ID1_T1_c0.mp4,0.0,2.1333333333333333,foraging,walking;none,red_deer
S1_C1_E50_V0115_ID1_T1/S1_C1_E50_V0115_ID1_T1_c1.mp4,0.0,2.5,foraging,sniffing;none,red_deer
S1_C1_E50_V0115_ID1_T1/S1_C1_E50_V0115_ID1_T1_c2.mp4,0.0,1.6,vigilance,standing_head_up;none,red_deer
S1_C1_E50_V0115_ID1_T1/S1_C1_E50_V0115_ID1_T1_c3.mp4,0.0,2.5,vigilance,walking;none,red_deer
S1_C1_E50_V0115_ID1_T1/S1_C1_E50_V0115_ID1_T1_c4.mp4,0.0,1.3666666666666667,vigilance,standing_head_up;none,red_deer
S1_C1_E50_V0115_ID1_T1/S1_C1_E50_V0115_ID1_T1_c5.mp4,0.0,2.5,vigilance,walking;none,red_deer
S1_C1_E51_V0116_ID1_T1/S1_C1_E51_V0116_ID1_T1_c0.mp4,0.0,0.6666666666666666,foraging,walking;none,hare
S1_C1_E51_V0116_ID1_T1/S1_C1_E51_V0116_ID1_T1_c1.mp4,0.0,0.8,foraging,standing_head_up;none,hare
S1_C1_E51_V0116_ID1_T1/S1_C1_E51_V0116_ID1_T1_c2.mp4,0.0,4.9,foraging,standing_head_down;none,hare
S1_C1_E51_V0116_ID1_T1/S1_C1_E51_V0116_ID1_T1_c3.mp4,0.0,1.7,foraging,standing_head_up;none,hare
S1_C1_E51_V0116_ID1_T1/S1_C1_E51_V0116_ID1_T1_c4.mp4,0.0,1.7333333333333334,foraging,standing_head_down;none,hare
S1_C1_E51_V0116_ID1_T1/S1_C1_E51_V0116_ID1_T1_c5.mp4,0.0,3.2,foraging,standing_head_up;none,hare
S1_C1_E57_V0141_ID1_T1/S1_C1_E57_V0141_ID1_T1_c0.mp4,0.0,1.5666666666666667,unknown,running;none,roe_deer
S1_C1_E86_V0196_ID1_T1/S1_C1_E86_V0196_ID1_T1_c0.mp4,0.0,17.266666666666666,unknown,unknown;none,red_deer
S1_C1_E86_V0196_ID1_T1/S1_C1_E86_V0196_ID1_T1_c1.mp4,0.0,3.1666666666666665,foraging,grazing;none,red_deer
S1_C1_E86_V0197_ID1_T1/S1_C1_E86_V0197_ID1_T1_c0.mp4,0.0,20.5,foraging,grazing;none,red_deer
S1_C1_E86_V0198_ID1_T1/S1_C1_E86_V0198_ID1_T1_c0.mp4,0.0,20.5,foraging,grazing;none,red_deer
S1_C1_E86_V0199_ID1_T1/S1_C1_E86_V0199_ID1_T1_c0.mp4,0.0,20.5,foraging,grazing;none,red_deer
S1_C1_E86_V0200_ID1_T1/S1_C1_E86_V0200_ID1_T1_c0.mp4,0.0,13.566666666666666,foraging,grazing;none,red_deer
S1_C1_E86_V0200_ID1_T1/S1_C1_E86_V0200_ID1_T1_c1.mp4,0.0,6.933333333333334,resting,laying;none,red_deer
S1_C1_E86_V0201_ID1_T1/S1_C1_E86_V0201_ID1_T1_c0.mp4,0.0,8.366666666666667,grooming,laying;scratching_body,red_deer
S1_C1_E86_V0201_ID1_T1/S1_C1_E86_V0201_ID1_T1_c1.mp4,0.0,12.133333333333333,resting,laying;none,red_deer
S1_C1_E86_V0202_ID1_T1/S1_C1_E86_V0202_ID1_T1_c0.mp4,0.0,3.1,resting,laying;none,red_deer
S1_C1_E86_V0202_ID1_T1/S1_C1_E86_V0202_ID1_T1_c1.mp4,0.0,5.966666666666667,grooming,laying;scratching_body,red_deer
S1_C1_E86_V0202_ID1_T1/S1_C1_E86_V0202_ID1_T1_c2.mp4,0.0,3.1,resting,laying;none,red_deer
S1_C1_E86_V0203_ID1_T1/S1_C1_E86_V0203_ID1_T1_c0.mp4,0.0,20.5,resting,laying;none,red_deer
S1_C1_E86_V0204_ID1_T1/S1_C1_E86_V0204_ID1_T1_c0.mp4,0.0,20.5,resting,laying;none,red_deer
S1_C1_E86_V0205_ID1_T1/S1_C1_E86_V0205_ID1_T1_c0.mp4,0.0,2.1333333333333333,resting,laying;none,red_deer
S1_C1_E86_V0205_ID1_T1/S1_C1_E86_V0205_ID1_T1_c1.mp4,0.0,1.4666666666666666,escaping,running;none,red_deer
S1_C1_E86_V0205_ID2_T1/S1_C1_E86_V0205_ID2_T1_c0.mp4,0.0,3.5,vigilance,walking;none,red_deer
S1_C1_E86_V0205_ID2_T1/S1_C1_E86_V0205_ID2_T1_c1.mp4,0.0,0.7666666666666667,escaping,running;none,red_deer
S1_C1_E86_V0206_ID1_T1/S1_C1_E86_V0206_ID1_T1_c0.mp4,0.0,6.466666666666667,vigilance,walking;none,red_deer
S1_C1_E91_V0207_ID1_T1/S1_C1_E91_V0207_ID1_T1_c0.mp4,0.0,8.033333333333333,vigilance,standing_head_up;none,red_deer
S1_C1_E91_V0207_ID1_T1/S1_C1_E91_V0207_ID1_T1_c1.mp4,0.0,2.3666666666666667,vigilance,walking;none,red_deer
S1_C1_E91_V0207_ID1_T1/S1_C1_E91_V0207_ID1_T1_c2.mp4,0.0,11.433333333333334,unknown,unknown;none,red_deer
S1_C1_E94_V0210_ID1_T1/S1_C1_E94_V0210_ID1_T1_c0.mp4,0.0,2.033333333333333,unknown,unknown;none,red_deer
S1_C1_E94_V0210_ID1_T1/S1_C1_E94_V0210_ID1_T1_c1.mp4,0.0,0.7333333333333333,foraging,walking;none,red_deer
S1_C1_E94_V0210_ID1_T1/S1_C1_E94_V0210_ID1_T1_c2.mp4,0.0,17.733333333333334,foraging,grazing;none,red_deer
S1_C1_E94_V0211_ID1_T1/S1_C1_E94_V0211_ID1_T1_c0.mp4,0.0,20.5,foraging,grazing;none,red_deer
S1_C1_E94_V0212_ID1_T1/S1_C1_E94_V0212_ID1_T1_c0.mp4,0.0,20.5,foraging,grazing;none,red_deer
S1_C1_E94_V0213_ID1_T1/S1_C1_E94_V0213_ID1_T1_c0.mp4,0.0,20.5,foraging,grazing;none,red_deer
S1_C1_E94_V0214_ID1_T1/S1_C1_E94_V0214_ID1_T1_c0.mp4,0.0,20.5,foraging,grazing;none,red_deer
S1_C1_E94_V0215_ID1_T1/S1_C1_E94_V0215_ID1_T1_c0.mp4,0.0,12.566666666666666,foraging,grazing;none,red_deer
S1_C1_E94_V0216_ID1_T1/S1_C1_E94_V0216_ID1_T1_c0.mp4,0.0,9.0,foraging,grazing;none,red_deer
S1_C1_E94_V0217_ID1_T1/S1_C1_E94_V0217_ID1_T1_c0.mp4,0.0,16.0,foraging,grazing;none,red_deer
S1_C1_E94_V0218_ID1_T1/S1_C1_E94_V0218_ID1_T1_c0.mp4,0.0,8.5,foraging,grazing;none,red_deer
S1_C1_E94_V0219_ID1_T1/S1_C1_E94_V0219_ID1_T1_c0.mp4,0.0,20.5,foraging,grazing;none,red_deer
S1_C1_E9_V0030_ID1_T1/S1_C1_E9_V0030_ID1_T1_c0.mp4,0.0,1.5333333333333334,foraging,walking;none,red_deer
S1_C1_E9_V0030_ID1_T1/S1_C1_E9_V0030_ID1_T1_c1.mp4,0.0,3.0,vigilance,standing_head_up;none,red_deer
S1_C1_E9_V0030_ID1_T1/S1_C1_E9_V0030_ID1_T1_c2.mp4,0.0,3.6,foraging,walking;none,red_deer
S1_C1_E85_V0195_ID1_T1/S1_C1_E85_V0195_ID1_T1_c0.mp4,0.0,3.4,vigilance,standing_head_up;none,red_deer
S1_C1_E85_V0195_ID1_T1/S1_C1_E85_V0195_ID1_T1_c1.mp4,0.0,1.2,vigilance,walking;none,red_deer
S1_C1_E85_V0195_ID1_T1/S1_C1_E85_V0195_ID1_T1_c2.mp4,0.0,2.066666666666667,unknown,unknown;none,red_deer
S1_C1_E85_V0195_ID1_T1/S1_C1_E85_V0195_ID1_T1_c3.mp4,0.0,2.533333333333333,vigilance,walking;none,red_deer
S1_C1_E85_V0195_ID1_T1/S1_C1_E85_V0195_ID1_T1_c4.mp4,0.0,1.5,vigilance,standing_head_down;none,red_deer
S1_C1_E85_V0195_ID1_T1/S1_C1_E85_V0195_ID1_T1_c5.mp4,0.0,7.0,vigilance,walking;none,red_deer
S1_C1_E42_V0108_ID1_T1/S1_C1_E42_V0108_ID1_T1_c0.mp4,0.0,1.2333333333333334,vigilance,walking;none,red_deer
S1_C1_E42_V0108_ID1_T1/S1_C1_E42_V0108_ID1_T1_c1.mp4,0.0,3.4,vigilance,standing_head_up;none,red_deer
S1_C1_E42_V0108_ID1_T1/S1_C1_E42_V0108_ID1_T1_c2.mp4,0.0,2.2666666666666666,foraging,walking;none,red_deer
S1_C1_E42_V0108_ID1_T1/S1_C1_E42_V0108_ID1_T1_c3.mp4,0.0,1.0,foraging,sniffing;none,red_deer
S1_C1_E42_V0108_ID1_T1/S1_C1_E42_V0108_ID1_T1_c4.mp4,0.0,8.433333333333334,foraging,walking;none,red_deer
S1_C1_E42_V0108_ID1_T1/S1_C1_E42_V0108_ID1_T1_c5.mp4,0.0,0.9666666666666667,foraging,sniffing;none,red_deer
S1_C1_E42_V0108_ID1_T1/S1_C1_E42_V0108_ID1_T1_c6.mp4,0.0,3.1666666666666665,foraging,walking;none,red_deer
S1_C1_E42_V0108_ID1_T1/S1_C1_E42_V0108_ID1_T1_c7.mp4,0.0,3.3333333333333335,vigilance,standing_head_up;none,red_deer
S1_C1_E42_V0108_ID1_T1/S1_C1_E42_V0108_ID1_T1_c8.mp4,0.0,2.7666666666666666,foraging,walking;none,red_deer
S1_C1_E42_V0108_ID1_T1/S1_C1_E42_V0108_ID1_T1_c9.mp4,0.0,3.2666666666666666,vigilance,standing_head_up;none,red_deer
S1_C1_E42_V0108_ID1_T1/S1_C1_E42_V0108_ID1_T1_c10.mp4,0.0,4.966666666666667,vigilance,walking;none,red_deer
S1_C1_E42_V0108_ID1_T1/S1_C1_E42_V0108_ID1_T1_c11.mp4,0.0,1.7666666666666666,foraging,running;none,red_deer
S1_C1_E42_V0108_ID1_T1/S1_C1_E42_V0108_ID1_T1_c12.mp4,0.0,2.7,foraging,sniffing;none,red_deer
S1_C1_E42_V0108_ID1_T1/S1_C1_E42_V0108_ID1_T1_c13.mp4,0.0,16.933333333333334,foraging,walking;none,red_deer
S1_C1_E42_V0108_ID1_T1/S1_C1_E42_V0108_ID1_T1_c14.mp4,0.0,1.5666666666666667,foraging,standing_head_down;none,red_deer
S1_C1_E42_V0108_ID1_T1/S1_C1_E42_V0108_ID1_T1_c15.mp4,0.0,3.3666666666666667,foraging,walking;none,red_deer
S1_C1_E42_V0108_ID1_T1/S1_C1_E42_V0108_ID1_T1_c16.mp4,0.0,0.7,foraging,standing_head_down;none,red_deer
S1_C1_E42_V0108_ID1_T1/S1_C1_E42_V0108_ID1_T1_c17.mp4,0.0,12.933333333333334,vigilance,standing_head_up;none,red_deer
S1_C1_E42_V0108_ID1_T1/S1_C1_E42_V0108_ID1_T1_c18.mp4,0.0,16.233333333333334,foraging,walking;none,red_deer
S1_C2_E104_V0119_ID1_T1/S1_C2_E104_V0119_ID1_T1_c0.mp4,0.0,5.733333333333333,vigilance,standing_head_up;none,red_deer
S1_C2_E104_V0119_ID1_T1/S1_C2_E104_V0119_ID1_T1_c1.mp4,0.0,1.0666666666666667,foraging,standing_head_down;none,red_deer
S1_C2_E104_V0119_ID1_T1/S1_C2_E104_V0119_ID1_T1_c2.mp4,0.0,9.433333333333334,foraging,grazing;none,red_deer
S1_C2_E104_V0119_ID1_T1/S1_C2_E104_V0119_ID1_T1_c3.mp4,0.0,4.266666666666667,vigilance,standing_head_up;none,red_deer
S1_C2_E104_V0120_ID1_T1/S1_C2_E104_V0120_ID1_T1_c0.mp4,0.0,6.233333333333333,vigilance,standing_head_up;none,red_deer
S1_C2_E104_V0120_ID1_T1/S1_C2_E104_V0120_ID1_T1_c1.mp4,0.0,2.0,grooming,scratching_body;none,red_deer
S1_C2_E104_V0120_ID1_T1/S1_C2_E104_V0120_ID1_T1_c2.mp4,0.0,3.533333333333333,vigilance,standing_head_up;none,red_deer
S1_C2_E104_V0120_ID1_T1/S1_C2_E104_V0120_ID1_T1_c3.mp4,0.0,3.7333333333333334,courtship,standing_head_up;vocalizing,red_deer
S1_C2_E104_V0120_ID1_T1/S1_C2_E104_V0120_ID1_T1_c4.mp4,0.0,2.3333333333333335,foraging,standing_head_down;none,red_deer
S1_C2_E104_V0120_ID1_T1/S1_C2_E104_V0120_ID1_T1_c5.mp4,0.0,2.6666666666666665,foraging,grazing;none,red_deer
S1_C2_E105_V0121_ID1_T1/S1_C2_E105_V0121_ID1_T1_c0.mp4,0.0,20.5,foraging,grazing;none,red_deer
S1_C2_E105_V0122_ID1_T1/S1_C2_E105_V0122_ID1_T1_c0.mp4,0.0,20.5,foraging,grazing;none,red_deer
S1_C2_E105_V0123_ID1_T1/S1_C2_E105_V0123_ID1_T1_c0.mp4,0.0,20.5,foraging,grazing;none,red_deer
S1_C2_E105_V0124_ID1_T1/S1_C2_E105_V0124_ID1_T1_c0.mp4,0.0,20.5,foraging,grazing;none,red_deer
S1_C2_E105_V0125_ID1_T1/S1_C2_E105_V0125_ID1_T1_c0.mp4,0.0,20.5,foraging,grazing;none,red_deer
S1_C2_E105_V0126_ID1_T1/S1_C2_E105_V0126_ID1_T1_c0.mp4,0.0,20.5,foraging,grazing;none,red_deer
S1_C2_E105_V0127_ID1_T1/S1_C2_E105_V0127_ID1_T1_c0.mp4,0.0,20.5,foraging,grazing;none,red_deer
S1_C2_E105_V0128_ID1_T1/S1_C2_E105_V0128_ID1_T1_c0.mp4,0.0,20.5,foraging,grazing;none,red_deer
S1_C2_E105_V0129_ID1_T1/S1_C2_E105_V0129_ID1_T1_c0.mp4,0.0,20.5,foraging,grazing;none,red_deer
S1_C2_E105_V0130_ID1_T1/S1_C2_E105_V0130_ID1_T1_c0.mp4,0.0,20.5,foraging,grazing;none,red_deer
S1_C2_E105_V0131_ID1_T1/S1_C2_E105_V0131_ID1_T1_c0.mp4,0.0,20.5,foraging,grazing;none,red_deer
S1_C2_E105_V0132_ID1_T1/S1_C2_E105_V0132_ID1_T1_c0.mp4,0.0,20.5,foraging,grazing;none,red_deer
S1_C2_E105_V0133_ID1_T1/S1_C2_E105_V0133_ID1_T1_c0.mp4,0.0,20.5,foraging,grazing;none,red_deer
S1_C2_E105_V0134_ID1_T1/S1_C2_E105_V0134_ID1_T1_c0.mp4,0.0,12.3,foraging,grazing;none,red_deer
S1_C2_E105_V0134_ID1_T1/S1_C2_E105_V0134_ID1_T1_c1.mp4,0.0,3.6333333333333333,foraging,sniffing;none,red_deer
S1_C2_E105_V0134_ID1_T1/S1_C2_E105_V0134_ID1_T1_c2.mp4,0.0,1.5333333333333334,foraging,standing_head_down;none,red_deer
S1_C2_E105_V0134_ID1_T1/S1_C2_E105_V0134_ID1_T1_c3.mp4,0.0,3.033333333333333,foraging,grazing;none,red_deer
S1_C2_E105_V0135_ID1_T1/S1_C2_E105_V0135_ID1_T1_c0.mp4,0.0,20.5,foraging,grazing;none,red_deer
S1_C2_E105_V0136_ID1_T1/S1_C2_E105_V0136_ID1_T1_c0.mp4,0.0,20.5,foraging,grazing;none,red_deer
S1_C2_E105_V0137_ID1_T1/S1_C2_E105_V0137_ID1_T1_c0.mp4,0.0,20.5,foraging,grazing;none,red_deer
S1_C2_E105_V0138_ID1_T1/S1_C2_E105_V0138_ID1_T1_c0.mp4,0.0,20.5,foraging,grazing;none,red_deer
S1_C2_E105_V0139_ID1_T1/S1_C2_E105_V0139_ID1_T1_c0.mp4,0.0,20.5,foraging,grazing;none,red_deer
S1_C2_E105_V0140_ID1_T1/S1_C2_E105_V0140_ID1_T1_c0.mp4,0.0,20.5,foraging,grazing;none,red_deer
S1_C2_E105_V0141_ID1_T1/S1_C2_E105_V0141_ID1_T1_c0.mp4,0.0,20.5,foraging,grazing;none,red_deer
S1_C2_E105_V0142_ID1_T1/S1_C2_E105_V0142_ID1_T1_c0.mp4,0.0,20.5,foraging,grazing;none,red_deer
S1_C2_E105_V0143_ID1_T1/S1_C2_E105_V0143_ID1_T1_c0.mp4,0.0,20.5,foraging,grazing;none,red_deer
S1_C2_E105_V0144_ID1_T1/S1_C2_E105_V0144_ID1_T1_c0.mp4,0.0,20.5,unknown,unknown;none,red_deer
S1_C2_E105_V0145_ID1_T1/S1_C2_E105_V0145_ID1_T1_c0.mp4,0.0,20.5,unknown,unknown;none,red_deer
S1_C2_E105_V0146_ID1_T1/S1_C2_E105_V0146_ID1_T1_c0.mp4,0.0,20.0,unknown,unknown;none,red_deer
S1_C2_E105_V0147_ID1_T1/S1_C2_E105_V0147_ID1_T1_c0.mp4,0.0,20.3,foraging,grazing;none,red_deer
S1_C2_E105_V0148_ID1_T1/S1_C2_E105_V0148_ID1_T1_c0.mp4,0.0,9.433333333333334,vigilance,standing_head_up;none,red_deer
S1_C2_E105_V0148_ID1_T1/S1_C2_E105_V0148_ID1_T1_c1.mp4,0.0,1.0666666666666667,foraging,standing_head_down;none,red_deer
S1_C2_E105_V0148_ID1_T1/S1_C2_E105_V0148_ID1_T1_c2.mp4,0.0,10.0,foraging,grazing;none,red_deer
S1_C2_E105_V0149_ID1_T1/S1_C2_E105_V0149_ID1_T1_c0.mp4,0.0,1.6666666666666667,marking,scratching_antlers;none,red_deer
S1_C2_E105_V0149_ID1_T1/S1_C2_E105_V0149_ID1_T1_c1.mp4,0.0,1.7,unknown,standing_head_down;none,red_deer
S1_C2_E105_V0149_ID1_T1/S1_C2_E105_V0149_ID1_T1_c2.mp4,0.0,2.066666666666667,marking,scratching_antlers;none,red_deer
S1_C2_E105_V0149_ID1_T1/S1_C2_E105_V0149_ID1_T1_c3.mp4,0.0,2.1333333333333333,foraging,standing_head_down;none,red_deer
S1_C2_E105_V0149_ID1_T1/S1_C2_E105_V0149_ID1_T1_c4.mp4,0.0,12.933333333333334,foraging,grazing;none,red_deer
S1_C2_E105_V0150_ID1_T1/S1_C2_E105_V0150_ID1_T1_c0.mp4,0.0,20.5,foraging,grazing;none,red_deer
S1_C2_E106_V0151_ID1_T1/S1_C2_E106_V0151_ID1_T1_c0.mp4,0.0,20.5,foraging,grazing;none,red_deer
S1_C2_E106_V0152_ID1_T1/S1_C2_E106_V0152_ID1_T1_c0.mp4,0.0,4.933333333333334,vigilance,standing_head_down;none,red_deer
S1_C2_E106_V0152_ID1_T1/S1_C2_E106_V0152_ID1_T1_c1.mp4,0.0,15.566666666666666,foraging,grazing;none,red_deer
S1_C2_E106_V0153_ID1_T1/S1_C2_E106_V0153_ID1_T1_c0.mp4,0.0,20.5,foraging,grazing;none,red_deer
S1_C2_E106_V0154_ID1_T1/S1_C2_E106_V0154_ID1_T1_c0.mp4,0.0,20.5,foraging,grazing;none,red_deer
S1_C2_E106_V0155_ID1_T1/S1_C2_E106_V0155_ID1_T1_c0.mp4,0.0,1.9,foraging,grazing;none,red_deer
S1_C2_E106_V0155_ID1_T1/S1_C2_E106_V0155_ID1_T1_c1.mp4,0.0,5.166666666666667,unknown,unknown;none,red_deer
S1_C2_E107_V0156_ID1_T1/S1_C2_E107_V0156_ID1_T1_c0.mp4,0.0,20.5,foraging,grazing;none,red_deer
S1_C2_E107_V0157_ID1_T1/S1_C2_E107_V0157_ID1_T1_c0.mp4,0.0,20.5,foraging,grazing;none,red_deer
S1_C2_E107_V0158_ID1_T1/S1_C2_E107_V0158_ID1_T1_c0.mp4,0.0,20.5,foraging,grazing;none,red_deer
S1_C2_E107_V0159_ID1_T1/S1_C2_E107_V0159_ID1_T1_c0.mp4,0.0,20.5,foraging,grazing;none,red_deer
S1_C2_E108_V0160_ID1_T1/S1_C2_E108_V0160_ID1_T1_c0.mp4,0.0,20.5,foraging,grazing;none,red_deer
S1_C2_E109_V0161_ID1_T1/S1_C2_E109_V0161_ID1_T1_c0.mp4,0.0,1.6333333333333333,foraging,walking;none,red_deer
S1_C2_E109_V0161_ID1_T1/S1_C2_E109_V0161_ID1_T1_c1.mp4,0.0,18.866666666666667,unknown,unknown;none,red_deer
S1_C2_E109_V0162_ID1_T1/S1_C2_E109_V0162_ID1_T1_c0.mp4,0.0,12.666666666666666,unknown,unknown;none,red_deer
S1_C2_E115_V0163_ID1_T1/S1_C2_E115_V0163_ID1_T1_c0.mp4,0.0,20.466666666666665,foraging,grazing;none,red_deer
S1_C2_E115_V0164_ID1_T1/S1_C2_E115_V0164_ID1_T1_c0.mp4,0.0,7.766666666666667,foraging,grazing;none,red_deer
S1_C2_E115_V0164_ID1_T1/S1_C2_E115_V0164_ID1_T1_c1.mp4,0.0,12.566666666666666,vigilance,standing_head_up;none,red_deer
S1_C2_E115_V0165_ID1_T1/S1_C2_E115_V0165_ID1_T1_c0.mp4,0.0,11.1,foraging,grazing;none,red_deer
S1_C2_E115_V0165_ID1_T1/S1_C2_E115_V0165_ID1_T1_c1.mp4,0.0,9.333333333333334,vigilance,standing_head_up;none,red_deer
S1_C2_E115_V0166_ID1_T1/S1_C2_E115_V0166_ID1_T1_c0.mp4,0.0,14.9,foraging,grazing;none,red_deer
S1_C2_E115_V0167_ID1_T1/S1_C2_E115_V0167_ID1_T1_c0.mp4,0.0,0.7666666666666667,vigilance,standing_head_up;none,red_deer
S1_C2_E115_V0167_ID1_T1/S1_C2_E115_V0167_ID1_T1_c1.mp4,0.0,8.6,foraging,grazing;none,red_deer
S1_C2_E115_V0167_ID1_T1/S1_C2_E115_V0167_ID1_T1_c2.mp4,0.0,7.6,unknown,unknown;none,red_deer
S1_C2_E115_V0167_ID1_T1/S1_C2_E115_V0167_ID1_T1_c3.mp4,0.0,1.5333333333333334,vigilance,walking;none,red_deer
S1_C2_E115_V0168_ID1_T1/S1_C2_E115_V0168_ID1_T1_c0.mp4,0.0,5.9,vigilance,walking;none,red_deer
S1_C2_E115_V0168_ID1_T1/S1_C2_E115_V0168_ID1_T1_c1.mp4,0.0,0.5333333333333333,foraging,standing_head_down;none,red_deer
S1_C2_E115_V0168_ID1_T1/S1_C2_E115_V0168_ID1_T1_c2.mp4,0.0,9.966666666666667,foraging,grazing;none,red_deer
S1_C2_E115_V0168_ID1_T1/S1_C2_E115_V0168_ID1_T1_c3.mp4,0.0,2.3,vigilance,standing_head_down;none,red_deer
S1_C2_E115_V0168_ID1_T1/S1_C2_E115_V0168_ID1_T1_c4.mp4,0.0,1.8,vigilance,walking;none,red_deer
S1_C2_E115_V0169_ID1_T1/S1_C2_E115_V0169_ID1_T1_c0.mp4,0.0,1.5333333333333334,foraging,sniffing;none,red_deer
S1_C2_E115_V0169_ID1_T1/S1_C2_E115_V0169_ID1_T1_c1.mp4,0.0,1.8666666666666667,foraging,standing_head_down;none,red_deer
S1_C2_E115_V0169_ID1_T1/S1_C2_E115_V0169_ID1_T1_c2.mp4,0.0,2.1,vigilance,walking;none,red_deer
S1_C2_E115_V0169_ID1_T1/S1_C2_E115_V0169_ID1_T1_c3.mp4,0.0,2.8333333333333335,vigilance,standing_head_up;none,red_deer
S1_C2_E115_V0169_ID1_T1/S1_C2_E115_V0169_ID1_T1_c4.mp4,0.0,3.033333333333333,vigilance,walking;none,red_deer
S1_C2_E115_V0169_ID1_T1/S1_C2_E115_V0169_ID1_T1_c5.mp4,0.0,6.466666666666667,unknown,unknown;none,red_deer
S1_C2_E122_V0194_ID1_T1/S1_C2_E122_V0194_ID1_T1_c0.mp4,0.0,20.5,foraging,grazing;none,red_deer
S1_C2_E122_V0195_ID1_T1/S1_C2_E122_V0195_ID1_T1_c0.mp4,0.0,20.5,foraging,grazing;none,red_deer
S1_C2_E122_V0196_ID1_T1/S1_C2_E122_V0196_ID1_T1_c0.mp4,0.0,8.4,foraging,grazing;none,red_deer
S1_C2_E122_V0197_ID1_T1/S1_C2_E122_V0197_ID1_T1_c0.mp4,0.0,7.166666666666667,foraging,grazing;none,red_deer
S1_C2_E122_V0198_ID1_T1/S1_C2_E122_V0198_ID1_T1_c0.mp4,0.0,2.7333333333333334,foraging,grazing;none,red_deer
S1_C2_E122_V0199_ID1_T1/S1_C2_E122_V0199_ID1_T1_c0.mp4,0.0,6.366666666666666,foraging,grazing;none,red_deer
S1_C2_E122_V0200_ID1_T1/S1_C2_E122_V0200_ID1_T1_c0.mp4,0.0,3.566666666666667,foraging,grazing;none,red_deer
S1_C2_E122_V0201_ID1_T1/S1_C2_E122_V0201_ID1_T1_c0.mp4,0.0,3.7666666666666666,foraging,grazing;none,red_deer
S1_C2_E122_V0202_ID1_T1/S1_C2_E122_V0202_ID1_T1_c0.mp4,0.0,13.366666666666667,foraging,grazing;none,red_deer
S1_C2_E122_V0203_ID1_T1/S1_C2_E122_V0203_ID1_T1_c0.mp4,0.0,2.8,foraging,grazing;none,red_deer
S1_C2_E122_V0204_ID1_T1/S1_C2_E122_V0204_ID1_T1_c0.mp4,0.0,2.4,foraging,grazing;none,red_deer
S1_C2_E122_V0205_ID1_T1/S1_C2_E122_V0205_ID1_T1_c0.mp4,0.0,5.966666666666667,foraging,grazing;none,red_deer
S1_C2_E122_V0206_ID1_T1/S1_C2_E122_V0206_ID1_T1_c0.mp4,0.0,1.9666666666666666,foraging,grazing;none,red_deer
S1_C2_E122_V0207_ID1_T1/S1_C2_E122_V0207_ID1_T1_c0.mp4,0.0,3.1666666666666665,foraging,grazing;none,red_deer
S1_C2_E122_V0208_ID1_T1/S1_C2_E122_V0208_ID1_T1_c0.mp4,0.0,4.566666666666666,foraging,grazing;none,red_deer
S1_C2_E122_V0209_ID1_T1/S1_C2_E122_V0209_ID1_T1_c0.mp4,0.0,6.966666666666667,foraging,grazing;none,red_deer
S1_C2_E122_V0210_ID1_T1/S1_C2_E122_V0210_ID1_T1_c0.mp4,0.0,10.566666666666666,foraging,grazing;none,red_deer
S1_C2_E122_V0211_ID1_T1/S1_C2_E122_V0211_ID1_T1_c0.mp4,0.0,2.1666666666666665,foraging,grazing;none,red_deer
S1_C2_E122_V0212_ID1_T1/S1_C2_E122_V0212_ID1_T1_c0.mp4,0.0,4.566666666666666,foraging,grazing;none,red_deer
S1_C2_E122_V0213_ID1_T1/S1_C2_E122_V0213_ID1_T1_c0.mp4,0.0,2.466666666666667,foraging,grazing;none,red_deer
S1_C2_E122_V0214_ID1_T1/S1_C2_E122_V0214_ID1_T1_c0.mp4,0.0,10.766666666666667,foraging,grazing;none,red_deer
S1_C2_E122_V0215_ID1_T1/S1_C2_E122_V0215_ID1_T1_c0.mp4,0.0,5.366666666666666,foraging,grazing;none,red_deer
S1_C2_E122_V0216_ID1_T1/S1_C2_E122_V0216_ID1_T1_c0.mp4,0.0,2.1333333333333333,foraging,grazing;none,red_deer
S1_C2_E122_V0217_ID1_T1/S1_C2_E122_V0217_ID1_T1_c0.mp4,0.0,4.966666666666667,foraging,grazing;none,red_deer
S1_C2_E122_V0218_ID1_T1/S1_C2_E122_V0218_ID1_T1_c0.mp4,0.0,5.566666666666666,foraging,grazing;none,red_deer
S1_C2_E122_V0219_ID1_T1/S1_C2_E122_V0219_ID1_T1_c0.mp4,0.0,3.966666666666667,foraging,grazing;none,red_deer
S1_C2_E122_V0220_ID1_T1/S1_C2_E122_V0220_ID1_T1_c0.mp4,0.0,1.5,foraging,grazing;none,red_deer
S1_C2_E122_V0225_ID1_T1/S1_C2_E122_V0225_ID1_T1_c0.mp4,0.0,2.2666666666666666,foraging,grazing;none,red_deer
S1_C2_E122_V0226_ID1_T1/S1_C2_E122_V0226_ID1_T1_c0.mp4,0.0,1.4,foraging,grazing;none,red_deer
S1_C2_E122_V0233_ID1_T1/S1_C2_E122_V0233_ID1_T1_c0.mp4,0.0,2.9,foraging,grazing;none,red_deer
S1_C2_E122_V0235_ID1_T1/S1_C2_E122_V0235_ID1_T1_c0.mp4,0.0,1.7666666666666666,foraging,grazing;none,red_deer
S1_C2_E122_V0236_ID1_T1/S1_C2_E122_V0236_ID1_T1_c0.mp4,0.0,1.5,foraging,grazing;none,red_deer
S1_C2_E122_V0237_ID1_T1/S1_C2_E122_V0237_ID1_T1_c0.mp4,0.0,2.3666666666666667,foraging,grazing;none,red_deer
S1_C2_E122_V0238_ID1_T1/S1_C2_E122_V0238_ID1_T1_c0.mp4,0.0,2.3,foraging,grazing;none,red_deer
S1_C2_E122_V0239_ID1_T1/S1_C2_E122_V0239_ID1_T1_c0.mp4,0.0,3.566666666666667,foraging,grazing;none,red_deer
S1_C2_E122_V0241_ID1_T1/S1_C2_E122_V0241_ID1_T1_c0.mp4,0.0,1.9666666666666666,foraging,grazing;none,red_deer
S1_C2_E122_V0242_ID1_T1/S1_C2_E122_V0242_ID1_T1_c0.mp4,0.0,1.2333333333333334,foraging,grazing;none,red_deer
S1_C2_E122_V0243_ID1_T1/S1_C2_E122_V0243_ID1_T1_c0.mp4,0.0,1.2333333333333334,foraging,grazing;none,red_deer
S1_C2_E122_V0244_ID1_T1/S1_C2_E122_V0244_ID1_T1_c0.mp4,0.0,1.2,foraging,sniffing;none,red_deer
S1_C2_E122_V0245_ID1_T1/S1_C2_E122_V0245_ID1_T1_c0.mp4,0.0,1.8333333333333333,foraging,grazing;none,red_deer
S1_C2_E122_V0248_ID1_T1/S1_C2_E122_V0248_ID1_T1_c0.mp4,0.0,3.966666666666667,foraging,grazing;none,red_deer
S1_C2_E122_V0249_ID1_T1/S1_C2_E122_V0249_ID1_T1_c0.mp4,0.0,2.933333333333333,foraging,grazing;none,red_deer
S1_C2_E122_V0250_ID1_T1/S1_C2_E122_V0250_ID1_T1_c0.mp4,0.0,2.7,foraging,grazing;none,red_deer
S1_C2_E122_V0251_ID1_T1/S1_C2_E122_V0251_ID1_T1_c0.mp4,0.0,1.3,foraging,grazing;none,red_deer
S1_C2_E122_V0252_ID1_T1/S1_C2_E122_V0252_ID1_T1_c0.mp4,0.0,1.4666666666666666,foraging,grazing;none,red_deer
S1_C2_E122_V0257_ID1_T1/S1_C2_E122_V0257_ID1_T1_c0.mp4,0.0,0.36666666666666664,foraging,grazing;none,red_deer
S1_C2_E122_V0257_ID1_T1/S1_C2_E122_V0257_ID1_T1_c1.mp4,0.0,0.9,foraging,standing_head_down;none,red_deer
S1_C2_E122_V0259_ID1_T1/S1_C2_E122_V0259_ID1_T1_c0.mp4,0.0,3.966666666666667,unknown,unknown;none,red_deer
S1_C2_E122_V0260_ID1_T1/S1_C2_E122_V0260_ID1_T1_c0.mp4,0.0,2.3333333333333335,unknown,unknown;none,red_deer
S1_C2_E122_V0261_ID1_T1/S1_C2_E122_V0261_ID1_T1_c0.mp4,0.0,2.433333333333333,unknown,unknown;none,red_deer
S1_C2_E122_V0262_ID1_T1/S1_C2_E122_V0262_ID1_T1_c0.mp4,0.0,2.5,unknown,unknown;none,red_deer
S1_C2_E122_V0263_ID1_T1/S1_C2_E122_V0263_ID1_T1_c0.mp4,0.0,5.366666666666666,unknown,unknown;none,red_deer
S1_C2_E122_V0264_ID1_T1/S1_C2_E122_V0264_ID1_T1_c0.mp4,0.0,5.766666666666667,unknown,unknown;none,red_deer
S1_C2_E123_V0266_ID1_T1/S1_C2_E123_V0266_ID1_T1_c0.mp4,0.0,14.166666666666666,foraging,grazing;none,red_deer
S1_C2_E123_V0267_ID1_T1/S1_C2_E123_V0267_ID1_T1_c0.mp4,0.0,0.3333333333333333,foraging,grazing;none,red_deer
S1_C2_E123_V0267_ID1_T1/S1_C2_E123_V0267_ID1_T1_c1.mp4,0.0,7.633333333333334,marking,scratching_antlers;none,red_deer
S1_C2_E123_V0267_ID1_T1/S1_C2_E123_V0267_ID1_T1_c2.mp4,0.0,2.7333333333333334,marking,scratching_hoof;none,red_deer
S1_C2_E123_V0267_ID1_T1/S1_C2_E123_V0267_ID1_T1_c3.mp4,0.0,1.1666666666666667,marking,scratching_antlers;none,red_deer
S1_C2_E123_V0268_ID1_T1/S1_C2_E123_V0268_ID1_T1_c0.mp4,0.0,4.633333333333334,vigilance,standing_head_up;none,red_deer
S1_C2_E123_V0268_ID1_T1/S1_C2_E123_V0268_ID1_T1_c1.mp4,0.0,1.3333333333333333,foraging,standing_head_down;none,red_deer
S1_C2_E123_V0269_ID1_T1/S1_C2_E123_V0269_ID1_T1_c0.mp4,0.0,4.366666666666666,foraging,grazing;none,red_deer
S1_C2_E123_V0270_ID1_T1/S1_C2_E123_V0270_ID1_T1_c0.mp4,0.0,4.566666666666666,foraging,walking;none,red_deer
S1_C2_E123_V0271_ID1_T1/S1_C2_E123_V0271_ID1_T1_c0.mp4,0.0,1.6333333333333333,unknown,unknown;none,red_deer
S1_C2_E123_V0272_ID1_T1/S1_C2_E123_V0272_ID1_T1_c0.mp4,0.0,2.6,foraging,walking;none,red_deer
S1_C2_E123_V0272_ID1_T1/S1_C2_E123_V0272_ID1_T1_c1.mp4,0.0,1.1333333333333333,unknown,unknown;none,red_deer
S1_C2_E123_V0273_ID1_T1/S1_C2_E123_V0273_ID1_T1_c0.mp4,0.0,1.4333333333333333,foraging,walking;none,red_deer
S1_C2_E123_V0273_ID1_T1/S1_C2_E123_V0273_ID1_T1_c1.mp4,0.0,5.133333333333334,vigilance,standing_head_up;none,red_deer
S1_C2_E125_V0274_ID1_T1/S1_C2_E125_V0274_ID1_T1_c0.mp4,0.0,1.2666666666666666,foraging,walking;none,red_deer
S1_C2_E125_V0274_ID1_T1/S1_C2_E125_V0274_ID1_T1_c1.mp4,0.0,6.5,foraging,grazing;none,red_deer
S1_C2_E125_V0275_ID1_T1/S1_C2_E125_V0275_ID1_T1_c0.mp4,0.0,1.3,foraging,walking;none,red_deer
S1_C2_E125_V0276_ID1_T1/S1_C2_E125_V0276_ID1_T1_c0.mp4,0.0,1.2,foraging,grazing;none,red_deer
S1_C2_E125_V0277_ID1_T1/S1_C2_E125_V0277_ID1_T1_c0.mp4,0.0,3.966666666666667,foraging,grazing;none,red_deer
S1_C2_E125_V0278_ID1_T1/S1_C2_E125_V0278_ID1_T1_c0.mp4,0.0,3.966666666666667,foraging,grazing;none,red_deer
S1_C2_E125_V0279_ID1_T1/S1_C2_E125_V0279_ID1_T1_c0.mp4,0.0,1.5,foraging,grazing;none,red_deer
S1_C2_E125_V0280_ID1_T1/S1_C2_E125_V0280_ID1_T1_c0.mp4,0.0,2.433333333333333,unknown,unknown;none,red_deer
S1_C2_E125_V0281_ID1_T1/S1_C2_E125_V0281_ID1_T1_c0.mp4,0.0,2.933333333333333,unknown,unknown;none,red_deer
S1_C2_E143_V0320_ID1_T1/S1_C2_E143_V0320_ID1_T1_c0.mp4,0.0,0.7333333333333333,foraging,standing_head_down;none,red_deer
S1_C2_E143_V0320_ID1_T1/S1_C2_E143_V0320_ID1_T1_c1.mp4,0.0,3.3333333333333335,foraging,sniffing;none,red_deer
S1_C2_E143_V0320_ID1_T1/S1_C2_E143_V0320_ID1_T1_c2.mp4,0.0,1.8,foraging,standing_head_down;none,red_deer
S1_C2_E143_V0320_ID1_T1/S1_C2_E143_V0320_ID1_T1_c3.mp4,0.0,3.7666666666666666,foraging,walking;none,red_deer
S1_C2_E143_V0320_ID1_T1/S1_C2_E143_V0320_ID1_T1_c4.mp4,0.0,7.566666666666666,foraging,sniffing;none,red_deer
S1_C2_E143_V0320_ID1_T1/S1_C2_E143_V0320_ID1_T1_c5.mp4,0.0,0.7666666666666667,foraging,standing_head_down;none,red_deer
S1_C2_E143_V0320_ID1_T1/S1_C2_E143_V0320_ID1_T1_c6.mp4,0.0,2.533333333333333,foraging,grazing;none,red_deer
S1_C2_E143_V0321_ID1_T1/S1_C2_E143_V0321_ID1_T1_c0.mp4,0.0,16.8,foraging,grazing;none,red_deer
S1_C2_E143_V0322_ID1_T1/S1_C2_E143_V0322_ID1_T1_c0.mp4,0.0,13.566666666666666,foraging,grazing;none,red_deer
S1_C2_E143_V0323_ID1_T1/S1_C2_E143_V0323_ID1_T1_c0.mp4,0.0,5.133333333333334,vigilance,standing_head_up;none,red_deer
S1_C2_E143_V0323_ID1_T1/S1_C2_E143_V0323_ID1_T1_c1.mp4,0.0,0.7,foraging,standing_head_down;none,red_deer
S1_C2_E143_V0323_ID1_T1/S1_C2_E143_V0323_ID1_T1_c2.mp4,0.0,2.933333333333333,foraging,grazing;none,red_deer
S1_C2_E143_V0324_ID1_T1/S1_C2_E143_V0324_ID1_T1_c0.mp4,0.0,6.366666666666666,foraging,grazing;none,red_deer
S1_C2_E143_V0325_ID1_T1/S1_C2_E143_V0325_ID1_T1_c0.mp4,0.0,2.8,foraging,standing_head_down;none,red_deer
S1_C2_E143_V0325_ID1_T1/S1_C2_E143_V0325_ID1_T1_c1.mp4,0.0,1.7666666666666666,foraging,sniffing;none,red_deer
S1_C2_E143_V0326_ID1_T1/S1_C2_E143_V0326_ID1_T1_c0.mp4,0.0,2.6333333333333333,vigilance,walking;none,red_deer
S1_C2_E143_V0327_ID1_T1/S1_C2_E143_V0327_ID1_T1_c0.mp4,0.0,1.5,vigilance,walking;none,red_deer
S1_C2_E144_V0328_ID1_T1/S1_C2_E144_V0328_ID1_T1_c0.mp4,0.0,6.9,vigilance,walking;none,red_deer
S1_C2_E145_V0329_ID1_T1/S1_C2_E145_V0329_ID1_T1_c0.mp4,0.0,11.633333333333333,foraging,grazing;none,red_deer
S1_C2_E145_V0331_ID1_T1/S1_C2_E145_V0331_ID1_T1_c0.mp4,0.0,9.166666666666666,foraging,grazing;none,red_deer
S1_C2_E145_V0333_ID1_T1/S1_C2_E145_V0333_ID1_T1_c0.mp4,0.0,2.9,foraging,walking;none,red_deer
S1_C2_E145_V0334_ID1_T1/S1_C2_E145_V0334_ID1_T1_c0.mp4,0.0,3.466666666666667,foraging,walking;none,red_deer
S1_C2_E145_V0334_ID1_T1/S1_C2_E145_V0334_ID1_T1_c1.mp4,0.0,3.3,foraging,standing_head_down;none,red_deer
S1_C2_E145_V0335_ID1_T1/S1_C2_E145_V0335_ID1_T1_c0.mp4,0.0,1.5,foraging,sniffing;none,red_deer
S1_C2_E145_V0336_ID1_T1/S1_C2_E145_V0336_ID1_T1_c0.mp4,0.0,0.9333333333333333,foraging,walking;none,red_deer
S1_C2_E145_V0336_ID1_T1/S1_C2_E145_V0336_ID1_T1_c1.mp4,0.0,0.6333333333333333,camera_reaction,looking_at_camera;none,red_deer
S1_C2_E145_V0336_ID1_T1/S1_C2_E145_V0336_ID1_T1_c2.mp4,0.0,0.23333333333333334,foraging,standing_head_down;none,red_deer
S1_C2_E145_V0337_ID1_T1/S1_C2_E145_V0337_ID1_T1_c0.mp4,0.0,0.43333333333333335,foraging,sniffing;none,red_deer
S1_C2_E145_V0337_ID1_T1/S1_C2_E145_V0337_ID1_T1_c1.mp4,0.0,1.0666666666666667,foraging,standing_head_down;none,red_deer
S1_C2_E145_V0339_ID1_T1/S1_C2_E145_V0339_ID1_T1_c0.mp4,0.0,1.3666666666666667,unknown,unknown;none,red_deer
S1_C2_E146_V0345_ID1_T1/S1_C2_E146_V0345_ID1_T1_c0.mp4,0.0,0.43333333333333335,foraging,grazing;none,red_deer
S1_C2_E146_V0345_ID1_T1/S1_C2_E146_V0345_ID1_T1_c1.mp4,0.0,24.866666666666667,vigilance,standing_head_up;none,red_deer
S1_C2_E146_V0345_ID1_T1/S1_C2_E146_V0345_ID1_T1_c2.mp4,0.0,7.0,vigilance,walking;none,red_deer
S1_C2_E146_V0345_ID1_T1/S1_C2_E146_V0345_ID1_T1_c3.mp4,0.0,1.5333333333333334,vigilance,standing_head_down;none,red_deer
S1_C2_E146_V0345_ID1_T1/S1_C2_E146_V0345_ID1_T1_c4.mp4,0.0,2.566666666666667,vigilance,standing_head_up;none,red_deer
S1_C2_E146_V0345_ID1_T1/S1_C2_E146_V0345_ID1_T1_c5.mp4,0.0,5.633333333333334,foraging,standing_head_down;none,red_deer
S1_C2_E146_V0345_ID1_T1/S1_C2_E146_V0345_ID1_T1_c6.mp4,0.0,3.066666666666667,foraging,sniffing;none,red_deer
S1_C2_E146_V0345_ID1_T1/S1_C2_E146_V0345_ID1_T1_c7.mp4,0.0,2.433333333333333,foraging,standing_head_down;none,red_deer
S1_C2_E146_V0345_ID1_T1/S1_C2_E146_V0345_ID1_T1_c8.mp4,0.0,9.333333333333334,foraging,walking;none,red_deer
S1_C2_E146_V0345_ID1_T1/S1_C2_E146_V0345_ID1_T1_c9.mp4,0.0,1.4333333333333333,vigilance,standing_head_up;none,red_deer
S1_C2_E146_V0345_ID1_T1/S1_C2_E146_V0345_ID1_T1_c10.mp4,0.0,1.8333333333333333,foraging,standing_head_down;none,red_deer
S1_C2_E146_V0345_ID1_T1/S1_C2_E146_V0345_ID1_T1_c11.mp4,0.0,3.1333333333333333,foraging,walking;none,red_deer
S1_C2_E146_V0345_ID1_T1/S1_C2_E146_V0345_ID1_T1_c12.mp4,0.0,13.3,unknown,unknown;none,red_deer
S1_C2_E146_V0345_ID1_T1/S1_C2_E146_V0345_ID1_T1_c13.mp4,0.0,2.033333333333333,foraging,standing_head_down;none,red_deer
S1_C2_E146_V0345_ID1_T1/S1_C2_E146_V0345_ID1_T1_c14.mp4,0.0,1.2,vigilance,running;none,red_deer
S1_C2_E146_V0345_ID1_T1/S1_C2_E146_V0345_ID1_T1_c15.mp4,0.0,7.033333333333333,vigilance,standing_head_up;none,red_deer
S1_C2_E146_V0345_ID1_T1/S1_C2_E146_V0345_ID1_T1_c16.mp4,0.0,2.2,foraging,standing_head_down;none,red_deer
S1_C2_E146_V0345_ID1_T1/S1_C2_E146_V0345_ID1_T1_c17.mp4,0.0,2.2,vigilance,standing_head_up;none,red_deer
S1_C2_E146_V0345_ID1_T1/S1_C2_E146_V0345_ID1_T1_c18.mp4,0.0,1.6,vigilance,walking;none,red_deer
S1_C2_E146_V0345_ID1_T1/S1_C2_E146_V0345_ID1_T1_c19.mp4,0.0,7.733333333333333,vigilance,standing_head_up;none,red_deer
S1_C2_E146_V0345_ID1_T1/S1_C2_E146_V0345_ID1_T1_c20.mp4,0.0,19.9,unknown,unknown;none,red_deer
S1_C2_E146_V0346_ID1_T1/S1_C2_E146_V0346_ID1_T1_c0.mp4,0.0,2.433333333333333,foraging,walking;none,red_deer
S1_C2_E146_V0346_ID1_T1/S1_C2_E146_V0346_ID1_T1_c1.mp4,0.0,3.433333333333333,unknown,unknown;none,red_deer
S1_C2_E146_V0346_ID1_T1/S1_C2_E146_V0346_ID1_T1_c2.mp4,0.0,4.466666666666667,foraging,walking;none,red_deer
S1_C2_E146_V0346_ID1_T1/S1_C2_E146_V0346_ID1_T1_c3.mp4,0.0,3.6666666666666665,foraging,standing_head_down;none,red_deer
S1_C2_E146_V0346_ID1_T1/S1_C2_E146_V0346_ID1_T1_c4.mp4,0.0,8.733333333333333,foraging,walking;none,red_deer
S1_C2_E146_V0346_ID1_T1/S1_C2_E146_V0346_ID1_T1_c5.mp4,0.0,8.933333333333334,foraging,standing_head_down;none,red_deer
S1_C2_E146_V0346_ID1_T1/S1_C2_E146_V0346_ID1_T1_c6.mp4,0.0,4.666666666666667,foraging,walking;none,red_deer
S1_C2_E150_V0347_ID1_T1/S1_C2_E150_V0347_ID1_T1_c0.mp4,0.0,2.9,vigilance,standing_head_up;none,red_deer
S1_C2_E150_V0347_ID1_T1/S1_C2_E150_V0347_ID1_T1_c1.mp4,0.0,8.2,vigilance,walking;none,red_deer
S1_C2_E150_V0347_ID1_T1/S1_C2_E150_V0347_ID1_T1_c2.mp4,0.0,1.4,vigilance,sniffing;none,red_deer
S1_C2_E150_V0347_ID1_T1/S1_C2_E150_V0347_ID1_T1_c3.mp4,0.0,8.0,vigilance,standing_head_up;none,red_deer
S1_C2_E150_V0348_ID1_T1/S1_C2_E150_V0348_ID1_T1_c0.mp4,0.0,5.566666666666666,vigilance,standing_head_up;none,red_deer
S1_C2_E150_V0349_ID1_T1/S1_C2_E150_V0349_ID1_T1_c0.mp4,0.0,2.3666666666666667,vigilance,standing_head_up;none,red_deer
S1_C2_E150_V0350_ID1_T1/S1_C2_E150_V0350_ID1_T1_c0.mp4,0.0,2.1333333333333333,vigilance,standing_head_down;none,red_deer
S1_C2_E150_V0351_ID1_T1/S1_C2_E150_V0351_ID1_T1_c0.mp4,0.0,1.6666666666666667,foraging,walking;none,red_deer
S1_C2_E150_V0352_ID1_T1/S1_C2_E150_V0352_ID1_T1_c0.mp4,0.0,2.466666666666667,unknown,unknown;none,red_deer
S1_C2_E150_V0353_ID1_T1/S1_C2_E150_V0353_ID1_T1_c0.mp4,0.0,1.5,unknown,unknown;none,red_deer
S1_C2_E150_V0355_ID1_T1/S1_C2_E150_V0355_ID1_T1_c0.mp4,0.0,0.9666666666666667,foraging,walking;none,red_deer
S1_C2_E150_V0355_ID1_T1/S1_C2_E150_V0355_ID1_T1_c1.mp4,0.0,0.8,foraging,standing_head_down;none,red_deer
S1_C2_E150_V0355_ID1_T1/S1_C2_E150_V0355_ID1_T1_c2.mp4,0.0,2.6,foraging,grazing;none,red_deer
S1_C2_E150_V0355_ID1_T1/S1_C2_E150_V0355_ID1_T1_c3.mp4,0.0,2.7666666666666666,vigilance,standing_head_down;none,red_deer
S1_C2_E150_V0355_ID1_T1/S1_C2_E150_V0355_ID1_T1_c4.mp4,0.0,1.3333333333333333,vigilance,standing_head_up;none,red_deer
S1_C2_E150_V0356_ID1_T1/S1_C2_E150_V0356_ID1_T1_c0.mp4,0.0,2.433333333333333,foraging,standing_head_down;none,red_deer
S1_C2_E150_V0357_ID1_T1/S1_C2_E150_V0357_ID1_T1_c0.mp4,0.0,0.4666666666666667,vigilance,standing_head_up;none,red_deer
S1_C2_E150_V0357_ID1_T1/S1_C2_E150_V0357_ID1_T1_c1.mp4,0.0,0.3333333333333333,foraging,standing_head_down;none,red_deer
S1_C2_E150_V0357_ID1_T1/S1_C2_E150_V0357_ID1_T1_c2.mp4,0.0,1.3333333333333333,vigilance,standing_head_up;none,red_deer
S1_C2_E150_V0358_ID1_T1/S1_C2_E150_V0358_ID1_T1_c0.mp4,0.0,2.3666666666666667,foraging,grazing;none,red_deer
S1_C2_E150_V0359_ID1_T1/S1_C2_E150_V0359_ID1_T1_c0.mp4,0.0,1.2333333333333334,foraging,standing_head_down;none,red_deer
S1_C2_E150_V0360_ID1_T1/S1_C2_E150_V0360_ID1_T1_c0.mp4,0.0,1.8,foraging,standing_head_down;none,red_deer
S1_C2_E150_V0361_ID1_T1/S1_C2_E150_V0361_ID1_T1_c0.mp4,0.0,1.2666666666666666,foraging,grazing;none,red_deer
S1_C2_E150_V0362_ID1_T1/S1_C2_E150_V0362_ID1_T1_c0.mp4,0.0,1.7666666666666666,foraging,grazing;none,red_deer
S1_C2_E150_V0363_ID1_T1/S1_C2_E150_V0363_ID1_T1_c0.mp4,0.0,3.0,foraging,grazing;none,red_deer
S1_C2_E150_V0364_ID1_T1/S1_C2_E150_V0364_ID1_T1_c0.mp4,0.0,4.366666666666666,foraging,grazing;none,red_deer
S1_C2_E150_V0365_ID1_T1/S1_C2_E150_V0365_ID1_T1_c0.mp4,0.0,2.466666666666667,vigilance,standing_head_down;none,red_deer
S1_C2_E150_V0365_ID1_T1/S1_C2_E150_V0365_ID1_T1_c1.mp4,0.0,2.533333333333333,vigilance,standing_head_up;none,red_deer
S1_C2_E150_V0365_ID2_T1/S1_C2_E150_V0365_ID2_T1_c0.mp4,0.0,1.7333333333333334,vigilance,standing_head_up;none,red_deer
S1_C2_E150_V0365_ID2_T1/S1_C2_E150_V0365_ID2_T1_c1.mp4,0.0,1.9666666666666666,vigilance,walking;none,red_deer
S1_C2_E150_V0365_ID2_T1/S1_C2_E150_V0365_ID2_T1_c2.mp4,0.0,0.8666666666666667,vigilance,standing_head_up;none,red_deer
S1_C2_E150_V0366_ID1_T1/S1_C2_E150_V0366_ID1_T1_c0.mp4,0.0,1.9666666666666666,vigilance,standing_head_up;none,red_deer
S1_C2_E150_V0367_ID1_T1/S1_C2_E150_V0367_ID1_T1_c0.mp4,0.0,1.9,vigilance,standing_head_down;none,red_deer
S1_C2_E151_V0373_ID1_T1/S1_C2_E151_V0373_ID1_T1_c0.mp4,0.0,0.6333333333333333,foraging,standing_head_down;none,red_deer
S1_C2_E151_V0373_ID1_T1/S1_C2_E151_V0373_ID1_T1_c1.mp4,0.0,2.2666666666666666,foraging,sniffing;none,red_deer
S1_C2_E151_V0373_ID1_T1/S1_C2_E151_V0373_ID1_T1_c2.mp4,0.0,2.0,foraging,standing_head_down;none,red_deer
S1_C2_E151_V0373_ID1_T1/S1_C2_E151_V0373_ID1_T1_c3.mp4,0.0,6.066666666666666,foraging,walking;none,red_deer
S1_C2_E151_V0374_ID1_T1/S1_C2_E151_V0374_ID1_T1_c0.mp4,0.0,0.5333333333333333,foraging,walking;none,red_deer
S1_C2_E151_V0374_ID1_T1/S1_C2_E151_V0374_ID1_T1_c1.mp4,0.0,4.433333333333334,foraging,grazing;none,red_deer
S1_C2_E151_V0375_ID1_T1/S1_C2_E151_V0375_ID1_T1_c0.mp4,0.0,0.8666666666666667,foraging,grazing;none,red_deer
S1_C2_E151_V0375_ID1_T1/S1_C2_E151_V0375_ID1_T1_c1.mp4,0.0,0.8666666666666667,foraging,standing_head_down;none,red_deer
S1_C2_E151_V0375_ID1_T1/S1_C2_E151_V0375_ID1_T1_c2.mp4,0.0,1.0333333333333334,foraging,sniffing;none,red_deer
S1_C2_E151_V0376_ID1_T1/S1_C2_E151_V0376_ID1_T1_c0.mp4,0.0,1.6333333333333333,vigilance,standing_head_up;none,red_deer
S1_C2_E151_V0377_ID1_T1/S1_C2_E151_V0377_ID1_T1_c0.mp4,0.0,1.6666666666666667,foraging,walking;none,red_deer
S1_C2_E151_V0377_ID1_T1/S1_C2_E151_V0377_ID1_T1_c1.mp4,0.0,0.7,foraging,standing_head_down;none,red_deer
S1_C2_E151_V0378_ID1_T1/S1_C2_E151_V0378_ID1_T1_c0.mp4,0.0,1.9333333333333333,foraging,walking;none,red_deer
S1_C2_E151_V0379_ID1_T1/S1_C2_E151_V0379_ID1_T1_c0.mp4,0.0,1.5333333333333334,foraging,grazing;none,red_deer
S1_C2_E151_V0380_ID1_T1/S1_C2_E151_V0380_ID1_T1_c0.mp4,0.0,1.4666666666666666,foraging,walking;none,red_deer
S1_C2_E15_V0026_ID1_T1/S1_C2_E15_V0026_ID1_T1_c0.mp4,0.0,0.6666666666666666,foraging,standing_head_down;none,roe_deer
S1_C2_E15_V0026_ID1_T1/S1_C2_E15_V0026_ID1_T1_c1.mp4,0.0,4.966666666666667,vigilance,standing_head_up;none,roe_deer
S1_C2_E15_V0026_ID1_T1/S1_C2_E15_V0026_ID1_T1_c2.mp4,0.0,1.2,foraging,standing_head_down;none,roe_deer
S1_C2_E15_V0026_ID1_T1/S1_C2_E15_V0026_ID1_T1_c3.mp4,0.0,3.8,vigilance,standing_head_up;none,roe_deer
S1_C2_E15_V0026_ID1_T1/S1_C2_E15_V0026_ID1_T1_c4.mp4,0.0,8.133333333333333,foraging,walking;none,roe_deer
S1_C2_E169_V0393_ID1_T1/S1_C2_E169_V0393_ID1_T1_c0.mp4,0.0,2.6,foraging,walking;none,roe_deer
S1_C2_E169_V0393_ID1_T1/S1_C2_E169_V0393_ID1_T1_c1.mp4,0.0,3.3666666666666667,unknown,unknown;none,roe_deer
S1_C2_E169_V0393_ID1_T1/S1_C2_E169_V0393_ID1_T1_c2.mp4,0.0,13.366666666666667,foraging,walking;none,roe_deer
S1_C2_E170_V0394_ID1_T1/S1_C2_E170_V0394_ID1_T1_c0.mp4,0.0,2.8333333333333335,foraging,walking;none,red_deer
S1_C2_E170_V0394_ID1_T1/S1_C2_E170_V0394_ID1_T1_c1.mp4,0.0,6.166666666666667,vigilance,standing_head_up;none,red_deer
S1_C2_E170_V0394_ID1_T1/S1_C2_E170_V0394_ID1_T1_c2.mp4,0.0,11.5,grooming,scratching_body;none,red_deer
S1_C2_E170_V0395_ID1_T1/S1_C2_E170_V0395_ID1_T1_c0.mp4,0.0,3.6333333333333333,vigilance,standing_head_up;none,red_deer
S1_C2_E170_V0395_ID1_T1/S1_C2_E170_V0395_ID1_T1_c1.mp4,0.0,5.533333333333333,grooming,scratching_body;none,red_deer
S1_C2_E170_V0396_ID1_T1/S1_C2_E170_V0396_ID1_T1_c0.mp4,0.0,7.766666666666667,grooming,scratching_body;none,red_deer
S1_C2_E170_V0397_ID1_T1/S1_C2_E170_V0397_ID1_T1_c0.mp4,0.0,5.366666666666666,vigilance,standing_head_up;none,red_deer
S1_C2_E170_V0398_ID1_T1/S1_C2_E170_V0398_ID1_T1_c0.mp4,0.0,1.8,foraging,standing_head_down;none,red_deer
S1_C2_E170_V0399_ID1_T1/S1_C2_E170_V0399_ID1_T1_c0.mp4,0.0,2.8666666666666667,foraging,walking;none,red_deer
S1_C2_E171_V0400_ID1_T1/S1_C2_E171_V0400_ID1_T1_c0.mp4,0.0,3.3,unknown,unknown;none,red_deer
S1_C2_E171_V0400_ID1_T1/S1_C2_E171_V0400_ID1_T1_c1.mp4,0.0,4.266666666666667,foraging,walking;none,red_deer
S1_C2_E173_V0401_ID1_T1/S1_C2_E173_V0401_ID1_T1_c0.mp4,0.0,6.666666666666667,vigilance,walking;none,red_deer
S1_C2_E173_V0401_ID1_T1/S1_C2_E173_V0401_ID1_T1_c1.mp4,0.0,0.7333333333333333,vigilance,standing_head_up;none,red_deer
S1_C2_E174_V0402_ID1_T1/S1_C2_E174_V0402_ID1_T1_c0.mp4,0.0,4.133333333333334,vigilance,walking;none,red_deer
S1_C2_E175_V0403_ID1_T1/S1_C2_E175_V0403_ID1_T1_c0.mp4,0.0,5.766666666666667,vigilance,standing_head_up;none,red_deer
S1_C2_E175_V0404_ID1_T1/S1_C2_E175_V0404_ID1_T1_c0.mp4,0.0,2.9,vigilance,walking;none,red_deer
S1_C2_E181_V0411_ID1_T1/S1_C2_E181_V0411_ID1_T1_c0.mp4,0.0,5.966666666666667,foraging,grazing;none,red_deer
S1_C2_E181_V0412_ID1_T1/S1_C2_E181_V0412_ID1_T1_c0.mp4,0.0,1.3333333333333333,foraging,standing_head_down;none,red_deer
S1_C2_E181_V0414_ID1_T1/S1_C2_E181_V0414_ID1_T1_c0.mp4,0.0,0.6333333333333333,foraging,sniffing;none,red_deer
S1_C2_E181_V0414_ID1_T1/S1_C2_E181_V0414_ID1_T1_c1.mp4,0.0,1.3666666666666667,vigilance,walking;none,red_deer
S1_C2_E181_V0415_ID1_T1/S1_C2_E181_V0415_ID1_T1_c0.mp4,0.0,1.5,vigilance,standing_head_up;none,red_deer
S1_C2_E181_V0416_ID2_T1/S1_C2_E181_V0416_ID2_T1_c0.mp4,0.0,1.4,chasing,running;none,red_deer
S1_C2_E182_V0418_ID1_T1/S1_C2_E182_V0418_ID1_T1_c0.mp4,0.0,2.0,vigilance,walking;none,red_deer
S1_C2_E182_V0418_ID1_T1/S1_C2_E182_V0418_ID1_T1_c1.mp4,0.0,2.4,vigilance,standing_head_up;none,red_deer
S1_C2_E182_V0418_ID1_T1/S1_C2_E182_V0418_ID1_T1_c2.mp4,0.0,0.7666666666666667,vigilance,walking;none,red_deer
S1_C2_E188_V0423_ID1_T1/S1_C2_E188_V0423_ID1_T1_c0.mp4,0.0,4.633333333333334,foraging,walking;none,red_deer
S1_C2_E192_V0437_ID1_T1/S1_C2_E192_V0437_ID1_T1_c0.mp4,0.0,14.166666666666666,vigilance,standing_head_up;none,red_deer
S1_C2_E192_V0437_ID1_T1/S1_C2_E192_V0437_ID1_T1_c1.mp4,0.0,16.866666666666667,unknown,unknown;none,red_deer
S1_C2_E192_V0437_ID1_T1/S1_C2_E192_V0437_ID1_T1_c2.mp4,0.0,3.3333333333333335,foraging,grazing;none,red_deer
S1_C2_E192_V0437_ID1_T1/S1_C2_E192_V0437_ID1_T1_c3.mp4,0.0,1.3333333333333333,foraging,standing_head_down;none,red_deer
S1_C2_E192_V0437_ID1_T1/S1_C2_E192_V0437_ID1_T1_c4.mp4,0.0,2.066666666666667,foraging,walking;none,red_deer
S1_C2_E192_V0437_ID1_T1/S1_C2_E192_V0437_ID1_T1_c5.mp4,0.0,5.233333333333333,foraging,grazing;none,red_deer
S1_C2_E192_V0437_ID1_T1/S1_C2_E192_V0437_ID1_T1_c6.mp4,0.0,1.9,foraging,standing_head_down;none,red_deer
S1_C2_E192_V0437_ID1_T1/S1_C2_E192_V0437_ID1_T1_c7.mp4,0.0,1.9,foraging,sniffing;none,red_deer
S1_C2_E192_V0437_ID1_T1/S1_C2_E192_V0437_ID1_T1_c8.mp4,0.0,0.3333333333333333,foraging,standing_head_down;none,red_deer
S1_C2_E192_V0437_ID1_T1/S1_C2_E192_V0437_ID1_T1_c9.mp4,0.0,2.8666666666666667,foraging,walking;none,red_deer
S1_C2_E192_V0437_ID1_T1/S1_C2_E192_V0437_ID1_T1_c10.mp4,0.0,7.7,foraging,grazing;none,red_deer
S1_C2_E192_V0437_ID1_T1/S1_C2_E192_V0437_ID1_T1_c11.mp4,0.0,4.1,unknown,unknown;none,red_deer
S1_C2_E194_V0438_ID1_T1/S1_C2_E194_V0438_ID1_T1_c0.mp4,0.0,5.7,courtship,standing_head_up;vocalizing,red_deer
S1_C2_E194_V0438_ID1_T1/S1_C2_E194_V0438_ID1_T1_c1.mp4,0.0,2.466666666666667,vigilance,standing_head_up;none,red_deer
S1_C2_E194_V0438_ID1_T1/S1_C2_E194_V0438_ID1_T1_c2.mp4,0.0,1.9666666666666666,courtship,standing_head_up;vocalizing,red_deer
S1_C2_E194_V0438_ID1_T1/S1_C2_E194_V0438_ID1_T1_c3.mp4,0.0,8.8,vigilance,standing_head_up;none,red_deer
S1_C2_E194_V0438_ID1_T1/S1_C2_E194_V0438_ID1_T1_c4.mp4,0.0,6.9,courtship,standing_head_up;vocalizing,red_deer
S1_C2_E194_V0438_ID1_T1/S1_C2_E194_V0438_ID1_T1_c5.mp4,0.0,19.366666666666667,vigilance,standing_head_up;none,red_deer
S1_C2_E194_V0438_ID1_T1/S1_C2_E194_V0438_ID1_T1_c6.mp4,0.0,12.5,unknown,unknown;none,red_deer
S1_C2_E194_V0438_ID1_T1/S1_C2_E194_V0438_ID1_T1_c7.mp4,0.0,18.966666666666665,vigilance,standing_head_up;none,red_deer
S1_C2_E194_V0438_ID1_T1/S1_C2_E194_V0438_ID1_T1_c8.mp4,0.0,9.2,unknown,unknown;none,red_deer
S1_C2_E194_V0438_ID1_T1/S1_C2_E194_V0438_ID1_T1_c9.mp4,0.0,0.6,foraging,grazing;none,red_deer
S1_C2_E194_V0438_ID1_T1/S1_C2_E194_V0438_ID1_T1_c10.mp4,0.0,0.7666666666666667,foraging,standing_head_down;none,red_deer
S1_C2_E194_V0438_ID1_T1/S1_C2_E194_V0438_ID1_T1_c11.mp4,0.0,7.166666666666667,vigilance,standing_head_up;none,red_deer
S1_C2_E194_V0438_ID1_T1/S1_C2_E194_V0438_ID1_T1_c12.mp4,0.0,1.0333333333333334,foraging,standing_head_down;none,red_deer
S1_C2_E194_V0438_ID1_T1/S1_C2_E194_V0438_ID1_T1_c13.mp4,0.0,3.033333333333333,grooming,scratching_body;none,red_deer
S1_C2_E194_V0438_ID1_T1/S1_C2_E194_V0438_ID1_T1_c14.mp4,0.0,1.2,vigilance,standing_head_up;none,red_deer
S1_C2_E194_V0438_ID1_T1/S1_C2_E194_V0438_ID1_T1_c15.mp4,0.0,3.3,vigilance,walking;none,red_deer
S1_C2_E194_V0438_ID1_T1/S1_C2_E194_V0438_ID1_T1_c16.mp4,0.0,1.7,unknown,unknown;none,red_deer
S1_C2_E195_V0439_ID1_T1/S1_C2_E195_V0439_ID1_T1_c0.mp4,0.0,1.6666666666666667,foraging,walking;none,red_deer
S1_C2_E195_V0439_ID1_T1/S1_C2_E195_V0439_ID1_T1_c1.mp4,0.0,1.8666666666666667,foraging,standing_head_down;none,red_deer
S1_C2_E195_V0439_ID1_T1/S1_C2_E195_V0439_ID1_T1_c2.mp4,0.0,3.4,foraging,walking;none,red_deer
S1_C2_E195_V0439_ID1_T1/S1_C2_E195_V0439_ID1_T1_c3.mp4,0.0,7.3,foraging,grazing;none,red_deer
S1_C2_E195_V0439_ID1_T1/S1_C2_E195_V0439_ID1_T1_c4.mp4,0.0,4.866666666666666,foraging,standing_head_down;none,red_deer
S1_C2_E195_V0439_ID1_T1/S1_C2_E195_V0439_ID1_T1_c5.mp4,0.0,14.3,foraging,grazing;none,red_deer
S1_C2_E195_V0439_ID1_T1/S1_C2_E195_V0439_ID1_T1_c6.mp4,0.0,7.566666666666666,vigilance,standing_head_up;none,red_deer
S1_C2_E195_V0439_ID1_T1/S1_C2_E195_V0439_ID1_T1_c7.mp4,0.0,1.3666666666666667,foraging,standing_head_down;none,red_deer
S1_C2_E195_V0439_ID1_T1/S1_C2_E195_V0439_ID1_T1_c8.mp4,0.0,2.7333333333333334,foraging,grazing;none,red_deer
S1_C2_E195_V0439_ID1_T1/S1_C2_E195_V0439_ID1_T1_c9.mp4,0.0,0.9,foraging,standing_head_down;none,red_deer
S1_C2_E195_V0439_ID1_T1/S1_C2_E195_V0439_ID1_T1_c10.mp4,0.0,20.766666666666666,vigilance,standing_head_up;none,red_deer
S1_C2_E195_V0439_ID1_T1/S1_C2_E195_V0439_ID1_T1_c11.mp4,0.0,1.3666666666666667,foraging,standing_head_down;none,red_deer
S1_C2_E195_V0439_ID1_T1/S1_C2_E195_V0439_ID1_T1_c12.mp4,0.0,10.4,foraging,grazing;none,red_deer
S1_C2_E195_V0439_ID1_T1/S1_C2_E195_V0439_ID1_T1_c13.mp4,0.0,25.066666666666666,vigilance,standing_head_up;none,red_deer
S1_C2_E195_V0439_ID1_T1/S1_C2_E195_V0439_ID1_T1_c14.mp4,0.0,0.9,foraging,standing_head_down;none,red_deer
S1_C2_E195_V0439_ID1_T1/S1_C2_E195_V0439_ID1_T1_c15.mp4,0.0,5.3,foraging,grazing;none,red_deer
S1_C2_E195_V0439_ID1_T1/S1_C2_E195_V0439_ID1_T1_c16.mp4,0.0,3.1666666666666665,foraging,standing_head_down;none,red_deer
S1_C2_E195_V0439_ID1_T1/S1_C2_E195_V0439_ID1_T1_c17.mp4,0.0,7.566666666666666,foraging,grazing;none,red_deer
S1_C2_E195_V0440_ID1_T1/S1_C2_E195_V0440_ID1_T1_c0.mp4,0.0,20.833333333333332,vigilance,standing_head_up;none,red_deer
S1_C2_E195_V0440_ID1_T1/S1_C2_E195_V0440_ID1_T1_c1.mp4,0.0,2.433333333333333,foraging,standing_head_down;none,red_deer
S1_C2_E195_V0440_ID1_T1/S1_C2_E195_V0440_ID1_T1_c2.mp4,0.0,29.7,foraging,grazing;none,red_deer
S1_C2_E195_V0440_ID1_T1/S1_C2_E195_V0440_ID1_T1_c3.mp4,0.0,15.266666666666667,vigilance,standing_head_up;none,red_deer
S1_C2_E195_V0440_ID1_T1/S1_C2_E195_V0440_ID1_T1_c4.mp4,0.0,1.9333333333333333,foraging,standing_head_down;none,red_deer
S1_C2_E195_V0440_ID1_T1/S1_C2_E195_V0440_ID1_T1_c5.mp4,0.0,24.3,foraging,grazing;none,red_deer
S1_C2_E195_V0440_ID1_T1/S1_C2_E195_V0440_ID1_T1_c6.mp4,0.0,17.8,vigilance,standing_head_up;none,red_deer
S1_C2_E195_V0440_ID1_T1/S1_C2_E195_V0440_ID1_T1_c7.mp4,0.0,3.933333333333333,courtship,standing_head_up;vocalizing,red_deer
S1_C2_E195_V0440_ID1_T1/S1_C2_E195_V0440_ID1_T1_c8.mp4,0.0,4.3,vigilance,standing_head_up;none,red_deer
S1_C2_E195_V0441_ID1_T1/S1_C2_E195_V0441_ID1_T1_c0.mp4,0.0,14.7,foraging,grazing;none,red_deer
S1_C2_E195_V0441_ID1_T1/S1_C2_E195_V0441_ID1_T1_c1.mp4,0.0,0.9333333333333333,foraging,standing_head_down;none,red_deer
S1_C2_E195_V0441_ID1_T1/S1_C2_E195_V0441_ID1_T1_c2.mp4,0.0,12.866666666666667,vigilance,standing_head_up;none,red_deer
S1_C2_E195_V0441_ID1_T1/S1_C2_E195_V0441_ID1_T1_c3.mp4,0.0,3.1,courtship,standing_head_up;vocalizing,red_deer
S1_C2_E195_V0441_ID1_T1/S1_C2_E195_V0441_ID1_T1_c4.mp4,0.0,24.7,vigilance,standing_head_up;none,red_deer
S1_C2_E195_V0441_ID1_T1/S1_C2_E195_V0441_ID1_T1_c5.mp4,0.0,1.5,foraging,standing_head_down;none,red_deer
S1_C2_E195_V0441_ID1_T1/S1_C2_E195_V0441_ID1_T1_c6.mp4,0.0,7.366666666666666,foraging,grazing;none,red_deer
S1_C2_E195_V0441_ID1_T1/S1_C2_E195_V0441_ID1_T1_c7.mp4,0.0,8.333333333333334,vigilance,standing_head_up;none,red_deer
S1_C2_E195_V0441_ID1_T1/S1_C2_E195_V0441_ID1_T1_c8.mp4,0.0,0.8333333333333334,foraging,standing_head_down;none,red_deer
S1_C2_E195_V0441_ID1_T1/S1_C2_E195_V0441_ID1_T1_c9.mp4,0.0,20.133333333333333,foraging,grazing;none,red_deer
S1_C2_E195_V0441_ID1_T1/S1_C2_E195_V0441_ID1_T1_c10.mp4,0.0,5.433333333333334,vigilance,standing_head_up;none,red_deer
S1_C2_E195_V0441_ID1_T1/S1_C2_E195_V0441_ID1_T1_c11.mp4,0.0,0.9666666666666667,foraging,standing_head_down;none,red_deer
S1_C2_E195_V0441_ID1_T1/S1_C2_E195_V0441_ID1_T1_c12.mp4,0.0,7.7,foraging,grazing;none,red_deer
S1_C2_E195_V0441_ID1_T1/S1_C2_E195_V0441_ID1_T1_c13.mp4,0.0,0.6,foraging,standing_head_down;none,red_deer
S1_C2_E195_V0441_ID1_T1/S1_C2_E195_V0441_ID1_T1_c14.mp4,0.0,1.5,vigilance,standing_head_up;none,red_deer
S1_C2_E195_V0441_ID1_T1/S1_C2_E195_V0441_ID1_T1_c15.mp4,0.0,0.8,foraging,standing_head_down;none,red_deer
S1_C2_E195_V0441_ID1_T1/S1_C2_E195_V0441_ID1_T1_c16.mp4,0.0,1.5333333333333334,foraging,sniffing;none,red_deer
S1_C2_E195_V0441_ID1_T1/S1_C2_E195_V0441_ID1_T1_c17.mp4,0.0,0.3,foraging,standing_head_down;none,red_deer
S1_C2_E195_V0441_ID1_T1/S1_C2_E195_V0441_ID1_T1_c18.mp4,0.0,7.2,foraging,grazing;none,red_deer
S1_C2_E195_V0442_ID1_T1/S1_C2_E195_V0442_ID1_T1_c0.mp4,0.0,4.933333333333334,vigilance,standing_head_up;none,red_deer
S1_C2_E195_V0442_ID1_T1/S1_C2_E195_V0442_ID1_T1_c1.mp4,0.0,1.0333333333333334,foraging,standing_head_down;none,red_deer
S1_C2_E195_V0442_ID1_T1/S1_C2_E195_V0442_ID1_T1_c2.mp4,0.0,23.366666666666667,foraging,grazing;none,red_deer
S1_C2_E195_V0442_ID1_T1/S1_C2_E195_V0442_ID1_T1_c3.mp4,0.0,13.866666666666667,vigilance,standing_head_up;none,red_deer
S1_C2_E195_V0442_ID1_T1/S1_C2_E195_V0442_ID1_T1_c4.mp4,0.0,1.2,foraging,standing_head_down;none,red_deer
S1_C2_E195_V0442_ID1_T1/S1_C2_E195_V0442_ID1_T1_c5.mp4,0.0,17.6,foraging,grazing;none,red_deer
S1_C2_E195_V0442_ID1_T1/S1_C2_E195_V0442_ID1_T1_c6.mp4,0.0,7.433333333333334,vigilance,standing_head_up;none,red_deer
S1_C2_E195_V0442_ID1_T1/S1_C2_E195_V0442_ID1_T1_c7.mp4,0.0,2.4,foraging,standing_head_down;none,red_deer
S1_C2_E195_V0442_ID1_T1/S1_C2_E195_V0442_ID1_T1_c8.mp4,0.0,37.166666666666664,foraging,grazing;none,red_deer
S1_C2_E195_V0442_ID1_T1/S1_C2_E195_V0442_ID1_T1_c9.mp4,0.0,11.5,vigilance,standing_head_up;none,red_deer
S1_C2_E196_V0443_ID1_T1/S1_C2_E196_V0443_ID1_T1_c0.mp4,0.0,6.333333333333333,vigilance,walking;none,red_deer
S1_C2_E196_V0444_ID1_T1/S1_C2_E196_V0444_ID1_T1_c0.mp4,0.0,1.8333333333333333,vigilance,standing_head_down;none,red_deer
S1_C2_E196_V0445_ID1_T1/S1_C2_E196_V0445_ID1_T1_c0.mp4,0.0,2.3333333333333335,foraging,walking;none,red_deer
S1_C2_E196_V0447_ID1_T1/S1_C2_E196_V0447_ID1_T1_c0.mp4,0.0,2.3333333333333335,foraging,walking;none,red_deer
S1_C2_E196_V0448_ID1_T1/S1_C2_E196_V0448_ID1_T1_c0.mp4,0.0,2.2333333333333334,foraging,standing_head_down;none,red_deer
S1_C2_E196_V0448_ID1_T1/S1_C2_E196_V0448_ID1_T1_c1.mp4,0.0,1.7333333333333334,vigilance,standing_head_up;none,red_deer
S1_C2_E196_V0449_ID1_T1/S1_C2_E196_V0449_ID1_T1_c0.mp4,0.0,1.3333333333333333,vigilance,walking;none,red_deer
S1_C2_E197_V0452_ID1_T1/S1_C2_E197_V0452_ID1_T1_c0.mp4,0.0,0.13333333333333333,vigilance,standing_head_up;none,red_deer
S1_C2_E197_V0452_ID1_T1/S1_C2_E197_V0452_ID1_T1_c1.mp4,0.0,3.8333333333333335,courtship,standing_head_up;vocalizing,red_deer
S1_C2_E197_V0452_ID1_T1/S1_C2_E197_V0452_ID1_T1_c2.mp4,0.0,2.1666666666666665,vigilance,standing_head_up;none,red_deer
S1_C2_E197_V0453_ID1_T1/S1_C2_E197_V0453_ID1_T1_c0.mp4,0.0,2.9,foraging,standing_head_down;none,red_deer
S1_C2_E197_V0453_ID1_T1/S1_C2_E197_V0453_ID1_T1_c1.mp4,0.0,0.6666666666666666,foraging,walking;none,red_deer
S1_C2_E197_V0454_ID1_T1/S1_C2_E197_V0454_ID1_T1_c0.mp4,0.0,2.566666666666667,foraging,grazing;none,red_deer
S1_C2_E197_V0455_ID1_T1/S1_C2_E197_V0455_ID1_T1_c0.mp4,0.0,1.7666666666666666,foraging,grazing;none,red_deer
S1_C2_E197_V0456_ID1_T1/S1_C2_E197_V0456_ID1_T1_c0.mp4,0.0,3.433333333333333,foraging,grazing;none,red_deer
S1_C2_E197_V0456_ID1_T1/S1_C2_E197_V0456_ID1_T1_c1.mp4,0.0,0.3333333333333333,foraging,standing_head_down;none,red_deer
S1_C2_E197_V0457_ID1_T1/S1_C2_E197_V0457_ID1_T1_c0.mp4,0.0,0.4666666666666667,vigilance,walking;none,red_deer
S1_C2_E197_V0457_ID1_T1/S1_C2_E197_V0457_ID1_T1_c1.mp4,0.0,0.7666666666666667,vigilance,standing_head_up;none,red_deer
S1_C2_E197_V0458_ID1_T1/S1_C2_E197_V0458_ID1_T1_c0.mp4,0.0,2.8,foraging,grazing;none,red_deer
S1_C2_E197_V0459_ID1_T1/S1_C2_E197_V0459_ID1_T1_c0.mp4,0.0,2.0,foraging,grazing;none,red_deer
S1_C2_E197_V0462_ID1_T1/S1_C2_E197_V0462_ID1_T1_c0.mp4,0.0,1.2,foraging,standing_head_down;none,red_deer
S1_C2_E198_V0469_ID1_T1/S1_C2_E198_V0469_ID1_T1_c0.mp4,0.0,3.566666666666667,foraging,grazing;none,red_deer
S1_C2_E198_V0470_ID1_T1/S1_C2_E198_V0470_ID1_T1_c0.mp4,0.0,1.7666666666666666,foraging,standing_head_down;none,red_deer
S1_C2_E198_V0472_ID1_T1/S1_C2_E198_V0472_ID1_T1_c0.mp4,0.0,1.3666666666666667,vigilance,standing_head_up;none,red_deer
S1_C2_E198_V0480_ID1_T1/S1_C2_E198_V0480_ID1_T1_c0.mp4,0.0,1.2333333333333334,foraging,standing_head_down;none,red_deer
S1_C2_E198_V0482_ID1_T1/S1_C2_E198_V0482_ID1_T1_c0.mp4,0.0,1.3666666666666667,foraging,grazing;none,red_deer
S1_C2_E202_V0517_ID1_T1/S1_C2_E202_V0517_ID1_T1_c0.mp4,0.0,9.633333333333333,vigilance,standing_head_up;none,red_deer
S1_C2_E202_V0517_ID1_T1/S1_C2_E202_V0517_ID1_T1_c1.mp4,0.0,2.4,unknown,unknown;none,red_deer
S1_C2_E202_V0517_ID1_T1/S1_C2_E202_V0517_ID1_T1_c2.mp4,0.0,2.9,unknown,running;none,red_deer
S1_C2_E202_V0517_ID1_T1/S1_C2_E202_V0517_ID1_T1_c3.mp4,0.0,3.566666666666667,vigilance,walking;none,red_deer
S1_C2_E219_V0519_ID1_T1/S1_C2_E219_V0519_ID1_T1_c0.mp4,0.0,1.4333333333333333,vigilance,walking;none,red_deer
S1_C2_E219_V0519_ID1_T1/S1_C2_E219_V0519_ID1_T1_c1.mp4,0.0,3.2333333333333334,vigilance,standing_head_up;none,red_deer
S1_C2_E219_V0519_ID1_T1/S1_C2_E219_V0519_ID1_T1_c2.mp4,0.0,0.6666666666666666,vigilance,walking;none,red_deer
S1_C2_E219_V0520_ID1_T1/S1_C2_E219_V0520_ID1_T1_c0.mp4,0.0,2.0,foraging,walking;none,red_deer
S1_C2_E219_V0521_ID1_T1/S1_C2_E219_V0521_ID1_T1_c0.mp4,0.0,1.5,foraging,walking;none,red_deer
S1_C2_E231_V0526_ID1_T1/S1_C2_E231_V0526_ID1_T1_c0.mp4,0.0,1.2,foraging,walking;none,red_deer
S1_C2_E237_V0529_ID1_T1/S1_C2_E237_V0529_ID1_T1_c0.mp4,0.0,5.566666666666666,foraging,walking;none,red_deer
S1_C2_E237_V0532_ID1_T1/S1_C2_E237_V0532_ID1_T1_c0.mp4,0.0,0.8333333333333334,courtship,walking;vocalizing,red_deer
S1_C2_E237_V0532_ID1_T1/S1_C2_E237_V0532_ID1_T1_c1.mp4,0.0,0.5,courtship,walking;none,red_deer
S1_C2_E238_V0533_ID1_T1/S1_C2_E238_V0533_ID1_T1_c0.mp4,0.0,1.0666666666666667,vigilance,standing_head_up;none,red_deer
S1_C2_E238_V0533_ID1_T1/S1_C2_E238_V0533_ID1_T1_c1.mp4,0.0,0.36666666666666664,vigilance,walking;none,red_deer
S1_C2_E238_V0534_ID1_T1/S1_C2_E238_V0534_ID1_T1_c0.mp4,0.0,1.2333333333333334,vigilance,walking;none,red_deer
S1_C2_E243_V0542_ID1_T1/S1_C2_E243_V0542_ID1_T1_c0.mp4,0.0,0.5333333333333333,unknown,unknown;none,red_deer
S1_C2_E243_V0543_ID1_T1/S1_C2_E243_V0543_ID1_T1_c0.mp4,0.0,1.8333333333333333,unknown,unknown;none,red_deer
S1_C2_E244_V0553_ID1_T1/S1_C2_E244_V0553_ID1_T1_c0.mp4,0.0,2.0,foraging,grazing;none,red_deer
S1_C2_E244_V0554_ID1_T1/S1_C2_E244_V0554_ID1_T1_c0.mp4,0.0,1.6333333333333333,foraging,grazing;none,red_deer
S1_C2_E251_V0565_ID1_T1/S1_C2_E251_V0565_ID1_T1_c0.mp4,0.0,1.3333333333333333,foraging,standing_head_down;none,red_deer
S1_C2_E252_V0573_ID1_T1/S1_C2_E252_V0573_ID1_T1_c0.mp4,0.0,1.5666666666666667,foraging,walking;none,red_deer
S1_C2_E27_V0037_ID1_T1/S1_C2_E27_V0037_ID1_T1_c0.mp4,0.0,0.4,foraging,standing_head_down;none,red_deer
S1_C2_E27_V0037_ID1_T1/S1_C2_E27_V0037_ID1_T1_c1.mp4,0.0,2.3666666666666667,unknown,running;none,red_deer
S1_C2_E27_V0037_ID1_T1/S1_C2_E27_V0037_ID1_T1_c2.mp4,0.0,3.6,foraging,walking;none,red_deer
S1_C2_E27_V0037_ID1_T1/S1_C2_E27_V0037_ID1_T1_c3.mp4,0.0,5.266666666666667,foraging,standing_head_down;none,red_deer
S1_C2_E27_V0037_ID1_T1/S1_C2_E27_V0037_ID1_T1_c4.mp4,0.0,8.733333333333333,foraging,grazing;none,red_deer
S1_C2_E27_V0038_ID1_T1/S1_C2_E27_V0038_ID1_T1_c0.mp4,0.0,3.9,foraging,walking;none,red_deer
S1_C2_E27_V0038_ID1_T1/S1_C2_E27_V0038_ID1_T1_c1.mp4,0.0,3.8666666666666667,unknown,unknown;none,red_deer
S1_C2_E27_V0038_ID1_T1/S1_C2_E27_V0038_ID1_T1_c2.mp4,0.0,7.3,foraging,walking;none,red_deer
S1_C2_E27_V0038_ID1_T1/S1_C2_E27_V0038_ID1_T1_c3.mp4,0.0,5.433333333333334,unknown,unknown;none,red_deer
S1_C2_E28_V0039_ID1_T1/S1_C2_E28_V0039_ID1_T1_c0.mp4,0.0,2.4,unknown,running;none,red_deer
S1_C2_E28_V0039_ID1_T1/S1_C2_E28_V0039_ID1_T1_c1.mp4,0.0,9.0,vigilance,standing_head_up;none,red_deer
S1_C2_E28_V0039_ID1_T1/S1_C2_E28_V0039_ID1_T1_c2.mp4,0.0,1.3666666666666667,foraging,standing_head_down;none,red_deer
S1_C2_E28_V0039_ID1_T1/S1_C2_E28_V0039_ID1_T1_c3.mp4,0.0,2.6,vigilance,standing_head_up;none,red_deer
S1_C2_E28_V0039_ID1_T1/S1_C2_E28_V0039_ID1_T1_c4.mp4,0.0,5.133333333333334,foraging,standing_head_down;none,red_deer
S1_C2_E29_V0040_ID1_T1/S1_C2_E29_V0040_ID1_T1_c0.mp4,0.0,1.4666666666666666,unknown,running;none,red_deer
S1_C2_E29_V0040_ID1_T1/S1_C2_E29_V0040_ID1_T1_c1.mp4,0.0,10.2,vigilance,standing_head_up;none,red_deer
S1_C2_E29_V0040_ID1_T1/S1_C2_E29_V0040_ID1_T1_c2.mp4,0.0,1.9666666666666666,unknown,running;none,red_deer
S1_C2_E29_V0040_ID2_T1/S1_C2_E29_V0040_ID2_T1_c0.mp4,0.0,16.7,unknown,unknown;none,red_deer
S1_C2_E29_V0040_ID2_T1/S1_C2_E29_V0040_ID2_T1_c1.mp4,0.0,1.1333333333333333,unknown,jumping;none,red_deer
S1_C2_E29_V0040_ID3_T1/S1_C2_E29_V0040_ID3_T1_c0.mp4,0.0,12.766666666666667,unknown,unknown;none,red_deer
S1_C2_E30_V0041_ID1_T1/S1_C2_E30_V0041_ID1_T1_c0.mp4,0.0,3.6666666666666665,foraging,walking;none,red_deer
S1_C2_E30_V0041_ID1_T1/S1_C2_E30_V0041_ID1_T1_c1.mp4,0.0,4.366666666666666,unknown,unknown;none,red_deer
S1_C2_E30_V0041_ID1_T1/S1_C2_E30_V0041_ID1_T1_c2.mp4,0.0,5.933333333333334,foraging,walking;none,red_deer
S1_C2_E30_V0041_ID1_T1/S1_C2_E30_V0041_ID1_T1_c3.mp4,0.0,6.533333333333333,foraging,standing_head_down;none,red_deer
S1_C2_E33_V0042_ID1_T1/S1_C2_E33_V0042_ID1_T1_c0.mp4,0.0,2.2,vigilance,walking;none,red_deer
S1_C2_E33_V0042_ID1_T1/S1_C2_E33_V0042_ID1_T1_c1.mp4,0.0,3.3,vigilance,standing_head_up;none,red_deer
S1_C2_E33_V0042_ID1_T1/S1_C2_E33_V0042_ID1_T1_c2.mp4,0.0,1.2,vigilance,walking;none,red_deer
S1_C2_E33_V0042_ID1_T1/S1_C2_E33_V0042_ID1_T1_c3.mp4,0.0,4.133333333333334,unknown,unknown;none,red_deer
S1_C2_E33_V0043_ID1_T1/S1_C2_E33_V0043_ID1_T1_c0.mp4,0.0,3.7666666666666666,vigilance,walking;none,red_deer
S1_C2_E33_V0043_ID1_T1/S1_C2_E33_V0043_ID1_T1_c1.mp4,0.0,6.433333333333334,unknown,unknown;none,red_deer
S1_C2_E33_V0043_ID1_T1/S1_C2_E33_V0043_ID1_T1_c2.mp4,0.0,2.066666666666667,unknown,running;none,red_deer
S1_C2_E34_V0044_ID1_T1/S1_C2_E34_V0044_ID1_T1_c0.mp4,0.0,3.1666666666666665,vigilance,standing_head_up;none,red_deer
S1_C2_E34_V0044_ID1_T1/S1_C2_E34_V0044_ID1_T1_c1.mp4,0.0,2.7,foraging,standing_head_down;none,red_deer
S1_C2_E34_V0044_ID1_T1/S1_C2_E34_V0044_ID1_T1_c2.mp4,0.0,6.366666666666666,vigilance,standing_head_up;none,red_deer
S1_C2_E34_V0044_ID1_T1/S1_C2_E34_V0044_ID1_T1_c3.mp4,0.0,4.266666666666667,vigilance,walking;none,red_deer
S1_C2_E36_V0046_ID1_T1/S1_C2_E36_V0046_ID1_T1_c0.mp4,0.0,1.3,foraging,grazing;none,red_deer
S1_C2_E36_V0046_ID1_T1/S1_C2_E36_V0046_ID1_T1_c1.mp4,0.0,3.533333333333333,foraging,standing_head_down;none,red_deer
S1_C2_E36_V0046_ID1_T1/S1_C2_E36_V0046_ID1_T1_c2.mp4,0.0,3.2666666666666666,foraging,grazing;none,red_deer
S1_C2_E36_V0046_ID1_T1/S1_C2_E36_V0046_ID1_T1_c3.mp4,0.0,9.166666666666666,vigilance,standing_head_up;none,red_deer
S1_C2_E36_V0046_ID1_T1/S1_C2_E36_V0046_ID1_T1_c4.mp4,0.0,2.1,foraging,standing_head_down;none,red_deer
S1_C2_E36_V0046_ID1_T1/S1_C2_E36_V0046_ID1_T1_c5.mp4,0.0,6.466666666666667,foraging,grazing;none,red_deer
S1_C2_E36_V0046_ID1_T1/S1_C2_E36_V0046_ID1_T1_c6.mp4,0.0,1.2666666666666666,vigilance,standing_head_up;none,red_deer
S1_C2_E36_V0046_ID1_T1/S1_C2_E36_V0046_ID1_T1_c7.mp4,0.0,1.4333333333333333,foraging,walking;none,red_deer
S1_C2_E36_V0046_ID1_T1/S1_C2_E36_V0046_ID1_T1_c8.mp4,0.0,0.8666666666666667,foraging,sniffing;none,red_deer
S1_C2_E36_V0046_ID1_T1/S1_C2_E36_V0046_ID1_T1_c9.mp4,0.0,3.066666666666667,vigilance,standing_head_up;none,red_deer
S1_C2_E36_V0046_ID1_T1/S1_C2_E36_V0046_ID1_T1_c10.mp4,0.0,9.666666666666666,vigilance,walking;none,red_deer
S1_C2_E37_V0047_ID1_T1/S1_C2_E37_V0047_ID1_T1_c0.mp4,0.0,1.6,foraging,standing_head_down;none,red_deer
S1_C2_E37_V0047_ID1_T1/S1_C2_E37_V0047_ID1_T1_c1.mp4,0.0,41.766666666666666,foraging,grazing;none,red_deer
S1_C2_E37_V0047_ID1_T1/S1_C2_E37_V0047_ID1_T1_c2.mp4,0.0,1.5666666666666667,vigilance,standing_head_up;none,red_deer
S1_C2_E37_V0047_ID1_T1/S1_C2_E37_V0047_ID1_T1_c3.mp4,0.0,1.6333333333333333,vigilance,walking;none,red_deer
S1_C2_E37_V0047_ID1_T1/S1_C2_E37_V0047_ID1_T1_c4.mp4,0.0,4.533333333333333,vigilance,standing_head_up;none,red_deer
S1_C2_E37_V0047_ID1_T1/S1_C2_E37_V0047_ID1_T1_c5.mp4,0.0,5.466666666666667,vigilance,walking;none,red_deer
S1_C2_E37_V0047_ID1_T1/S1_C2_E37_V0047_ID1_T1_c6.mp4,0.0,2.7666666666666666,foraging,walking;none,red_deer
S1_C2_E37_V0047_ID1_T1/S1_C2_E37_V0047_ID1_T1_c7.mp4,0.0,3.2,vigilance,walking;none,red_deer
S1_C2_E37_V0047_ID1_T1/S1_C2_E37_V0047_ID1_T1_c8.mp4,0.0,4.6,vigilance,standing_head_up;none,red_deer
S1_C2_E38_V0048_ID1_T1/S1_C2_E38_V0048_ID1_T1_c0.mp4,0.0,3.6,vigilance,standing_head_up;none,red_deer
S1_C2_E38_V0048_ID1_T1/S1_C2_E38_V0048_ID1_T1_c1.mp4,0.0,0.5666666666666667,foraging,standing_head_down;none,red_deer
S1_C2_E38_V0048_ID1_T1/S1_C2_E38_V0048_ID1_T1_c2.mp4,0.0,10.0,foraging,grazing;none,red_deer
S1_C2_E38_V0048_ID1_T1/S1_C2_E38_V0048_ID1_T1_c3.mp4,0.0,2.566666666666667,foraging,standing_head_down;none,red_deer
S1_C2_E38_V0048_ID1_T1/S1_C2_E38_V0048_ID1_T1_c4.mp4,0.0,28.7,foraging,grazing;none,red_deer
S1_C2_E38_V0048_ID1_T1/S1_C2_E38_V0048_ID1_T1_c5.mp4,0.0,2.6666666666666665,vigilance,standing_head_up;none,red_deer
S1_C2_E38_V0048_ID1_T1/S1_C2_E38_V0048_ID1_T1_c6.mp4,0.0,6.266666666666667,vigilance,walking;none,red_deer
S1_C2_E38_V0048_ID1_T1/S1_C2_E38_V0048_ID1_T1_c7.mp4,0.0,2.2333333333333334,foraging,walking;none,red_deer
S1_C2_E38_V0048_ID1_T1/S1_C2_E38_V0048_ID1_T1_c8.mp4,0.0,20.233333333333334,unknown,unknown;none,red_deer
S1_C2_E38_V0049_ID1_T1/S1_C2_E38_V0049_ID1_T1_c0.mp4,0.0,2.033333333333333,vigilance,standing_head_up;none,red_deer
S1_C2_E38_V0049_ID1_T1/S1_C2_E38_V0049_ID1_T1_c1.mp4,0.0,0.7666666666666667,foraging,standing_head_down;none,red_deer
S1_C2_E38_V0049_ID1_T1/S1_C2_E38_V0049_ID1_T1_c2.mp4,0.0,17.7,foraging,grazing;none,red_deer
S1_C2_E38_V0050_ID1_T1/S1_C2_E38_V0050_ID1_T1_c0.mp4,0.0,19.933333333333334,foraging,grazing;none,red_deer
S1_C2_E38_V0050_ID1_T1/S1_C2_E38_V0050_ID1_T1_c1.mp4,0.0,0.5666666666666667,foraging,standing_head_down;none,red_deer
S1_C2_E38_V0051_ID1_T1/S1_C2_E38_V0051_ID1_T1_c0.mp4,0.0,1.1333333333333333,foraging,standing_head_down;none,red_deer
S1_C2_E38_V0051_ID1_T1/S1_C2_E38_V0051_ID1_T1_c1.mp4,0.0,2.033333333333333,foraging,walking;none,red_deer
S1_C2_E38_V0051_ID1_T1/S1_C2_E38_V0051_ID1_T1_c2.mp4,0.0,4.2,foraging,sniffing;none,red_deer
S1_C2_E38_V0051_ID1_T1/S1_C2_E38_V0051_ID1_T1_c3.mp4,0.0,1.2666666666666666,vigilance,standing_head_up;none,red_deer
S1_C2_E38_V0051_ID1_T1/S1_C2_E38_V0051_ID1_T1_c4.mp4,0.0,0.6333333333333333,foraging,standing_head_down;none,red_deer
S1_C2_E38_V0051_ID1_T1/S1_C2_E38_V0051_ID1_T1_c5.mp4,0.0,11.233333333333333,foraging,grazing;none,red_deer
S1_C2_E38_V0052_ID1_T1/S1_C2_E38_V0052_ID1_T1_c0.mp4,0.0,20.5,foraging,grazing;none,red_deer
S1_C2_E38_V0053_ID1_T1/S1_C2_E38_V0053_ID1_T1_c0.mp4,0.0,1.5333333333333334,foraging,standing_head_down;none,red_deer
S1_C2_E38_V0053_ID1_T1/S1_C2_E38_V0053_ID1_T1_c1.mp4,0.0,7.866666666666666,foraging,grazing;none,red_deer
S1_C2_E38_V0053_ID1_T1/S1_C2_E38_V0053_ID1_T1_c2.mp4,0.0,2.9,foraging,standing_head_down;none,red_deer
S1_C2_E38_V0053_ID1_T1/S1_C2_E38_V0053_ID1_T1_c3.mp4,0.0,2.5,camera_reaction,looking_at_camera;none,red_deer
S1_C2_E38_V0053_ID1_T1/S1_C2_E38_V0053_ID1_T1_c4.mp4,0.0,0.6,foraging,standing_head_down;none,red_deer
S1_C2_E38_V0053_ID1_T1/S1_C2_E38_V0053_ID1_T1_c5.mp4,0.0,5.1,foraging,grazing;none,red_deer
S1_C2_E38_V0054_ID1_T1/S1_C2_E38_V0054_ID1_T1_c0.mp4,0.0,20.5,foraging,grazing;none,red_deer
S1_C2_E38_V0055_ID1_T1/S1_C2_E38_V0055_ID1_T1_c0.mp4,0.0,16.5,unknown,unknown;none,red_deer
S1_C2_E38_V0055_ID1_T1/S1_C2_E38_V0055_ID1_T1_c1.mp4,0.0,2.3333333333333335,vigilance,standing_head_up;none,red_deer
S1_C2_E38_V0055_ID1_T1/S1_C2_E38_V0055_ID1_T1_c2.mp4,0.0,1.6666666666666667,unknown,unknown;none,red_deer
S1_C2_E38_V0056_ID1_T1/S1_C2_E38_V0056_ID1_T1_c0.mp4,0.0,17.9,unknown,unknown;none,red_deer
S1_C2_E38_V0056_ID1_T1/S1_C2_E38_V0056_ID1_T1_c1.mp4,0.0,2.433333333333333,vigilance,standing_head_up;none,red_deer
S1_C2_E38_V0056_ID1_T1/S1_C2_E38_V0056_ID1_T1_c2.mp4,0.0,0.16666666666666666,foraging,standing_head_down;none,red_deer
S1_C2_E38_V0057_ID1_T1/S1_C2_E38_V0057_ID1_T1_c0.mp4,0.0,1.4,unknown,unknown;none,red_deer
S1_C2_E38_V0058_ID1_T1/S1_C2_E38_V0058_ID1_T1_c0.mp4,0.0,2.066666666666667,foraging,standing_head_down;none,red_deer
S1_C2_E38_V0058_ID1_T1/S1_C2_E38_V0058_ID1_T1_c1.mp4,0.0,18.433333333333334,foraging,grazing;none,red_deer
S1_C2_E38_V0059_ID1_T1/S1_C2_E38_V0059_ID1_T1_c0.mp4,0.0,20.5,foraging,grazing;none,red_deer
S1_C2_E38_V0060_ID1_T1/S1_C2_E38_V0060_ID1_T1_c0.mp4,0.0,9.633333333333333,vigilance,walking;none,red_deer
S1_C2_E38_V0060_ID1_T1/S1_C2_E38_V0060_ID1_T1_c1.mp4,0.0,2.3666666666666667,foraging,walking;none,red_deer
S1_C2_E38_V0060_ID1_T1/S1_C2_E38_V0060_ID1_T1_c2.mp4,0.0,0.9,foraging,standing_head_down;none,red_deer
S1_C2_E38_V0060_ID1_T1/S1_C2_E38_V0060_ID1_T1_c3.mp4,0.0,3.533333333333333,foraging,walking;none,red_deer
S1_C2_E40_V0062_ID1_T1/S1_C2_E40_V0062_ID1_T1_c0.mp4,0.0,12.7,foraging,grazing;none,red_deer
S1_C2_E40_V0062_ID1_T1/S1_C2_E40_V0062_ID1_T1_c1.mp4,0.0,7.8,unknown,unknown;none,red_deer
S1_C2_E40_V0062_ID2_T1/S1_C2_E40_V0062_ID2_T1_c0.mp4,0.0,0.5666666666666667,vigilance,walking;none,red_deer
S1_C2_E40_V0062_ID2_T1/S1_C2_E40_V0062_ID2_T1_c1.mp4,0.0,2.3,vigilance,standing_head_up;none,red_deer
S1_C2_E40_V0062_ID2_T1/S1_C2_E40_V0062_ID2_T1_c2.mp4,0.0,3.5,unknown,sniffing;none,red_deer
S1_C2_E40_V0062_ID2_T1/S1_C2_E40_V0062_ID2_T1_c3.mp4,0.0,2.1333333333333333,vigilance,standing_head_up;none,red_deer
S1_C2_E40_V0062_ID2_T1/S1_C2_E40_V0062_ID2_T1_c4.mp4,0.0,0.6,foraging,standing_head_down;none,red_deer
S1_C2_E40_V0062_ID2_T1/S1_C2_E40_V0062_ID2_T1_c5.mp4,0.0,3.6333333333333333,foraging,walking;none,red_deer
S1_C2_E40_V0064_ID1_T1/S1_C2_E40_V0064_ID1_T1_c0.mp4,0.0,4.166666666666667,foraging,grazing;none,red_deer
S1_C2_E40_V0064_ID1_T1/S1_C2_E40_V0064_ID1_T1_c1.mp4,0.0,3.2,vigilance,standing_head_up;none,red_deer
S1_C2_E40_V0064_ID1_T1/S1_C2_E40_V0064_ID1_T1_c2.mp4,0.0,0.6,foraging,standing_head_down;none,red_deer
S1_C2_E40_V0064_ID1_T1/S1_C2_E40_V0064_ID1_T1_c3.mp4,0.0,12.533333333333333,foraging,grazing;none,red_deer
S1_C2_E40_V0065_ID1_T1/S1_C2_E40_V0065_ID1_T1_c0.mp4,0.0,7.166666666666667,vigilance,standing_head_up;none,red_deer
S1_C2_E40_V0065_ID1_T1/S1_C2_E40_V0065_ID1_T1_c1.mp4,0.0,0.5666666666666667,foraging,standing_head_down;none,red_deer
S1_C2_E40_V0065_ID1_T1/S1_C2_E40_V0065_ID1_T1_c2.mp4,0.0,12.766666666666667,foraging,grazing;none,red_deer
S1_C2_E40_V0066_ID1_T1/S1_C2_E40_V0066_ID1_T1_c0.mp4,0.0,0.8333333333333334,foraging,grazing;none,red_deer
S1_C2_E40_V0066_ID1_T1/S1_C2_E40_V0066_ID1_T1_c1.mp4,0.0,14.2,vigilance,standing_head_up;none,red_deer
S1_C2_E40_V0066_ID1_T1/S1_C2_E40_V0066_ID1_T1_c2.mp4,0.0,5.466666666666667,unknown,unknown;none,red_deer
S1_C2_E40_V0066_ID2_T1/S1_C2_E40_V0066_ID2_T1_c0.mp4,0.0,1.8,vigilance,walking;none,red_deer
S1_C2_E40_V0066_ID2_T1/S1_C2_E40_V0066_ID2_T1_c1.mp4,0.0,6.466666666666667,vigilance,standing_head_up;none,red_deer
S1_C2_E40_V0066_ID2_T1/S1_C2_E40_V0066_ID2_T1_c2.mp4,0.0,2.433333333333333,foraging,standing_head_down;none,red_deer
S1_C2_E40_V0066_ID2_T1/S1_C2_E40_V0066_ID2_T1_c3.mp4,0.0,9.8,foraging,grazing;none,red_deer
S1_C2_E40_V0067_ID1_T1/S1_C2_E40_V0067_ID1_T1_c0.mp4,0.0,20.5,unknown,unknown;none,red_deer
S1_C2_E40_V0067_ID2_T1/S1_C2_E40_V0067_ID2_T1_c0.mp4,0.0,20.5,foraging,grazing;none,red_deer
S1_C2_E40_V0068_ID1_T1/S1_C2_E40_V0068_ID1_T1_c0.mp4,0.0,1.1666666666666667,vigilance,standing_head_up;none,red_deer
S1_C2_E40_V0068_ID1_T1/S1_C2_E40_V0068_ID1_T1_c1.mp4,0.0,2.2666666666666666,vigilance,walking;none,red_deer
S1_C2_E40_V0068_ID1_T1/S1_C2_E40_V0068_ID1_T1_c2.mp4,0.0,2.2666666666666666,vigilance,standing_head_up;none,red_deer
S1_C2_E40_V0068_ID1_T1/S1_C2_E40_V0068_ID1_T1_c3.mp4,0.0,1.1666666666666667,foraging,standing_head_down;none,red_deer
S1_C2_E40_V0068_ID1_T1/S1_C2_E40_V0068_ID1_T1_c4.mp4,0.0,13.633333333333333,foraging,grazing;none,red_deer
S1_C2_E40_V0068_ID2_T1/S1_C2_E40_V0068_ID2_T1_c0.mp4,0.0,4.233333333333333,foraging,grazing;none,red_deer
S1_C2_E40_V0068_ID2_T1/S1_C2_E40_V0068_ID2_T1_c1.mp4,0.0,6.4,vigilance,standing_head_up;none,red_deer
S1_C2_E40_V0068_ID2_T1/S1_C2_E40_V0068_ID2_T1_c2.mp4,0.0,9.866666666666667,foraging,grazing;none,red_deer
S1_C2_E40_V0069_ID1_T1/S1_C2_E40_V0069_ID1_T1_c0.mp4,0.0,16.566666666666666,foraging,grazing;none,red_deer
S1_C2_E40_V0069_ID1_T1/S1_C2_E40_V0069_ID1_T1_c1.mp4,0.0,3.933333333333333,vigilance,standing_head_up;none,red_deer
S1_C2_E40_V0069_ID2_T1/S1_C2_E40_V0069_ID2_T1_c0.mp4,0.0,13.6,foraging,grazing;none,red_deer
S1_C2_E40_V0069_ID2_T1/S1_C2_E40_V0069_ID2_T1_c1.mp4,0.0,0.7666666666666667,foraging,standing_head_down;none,red_deer
S1_C2_E40_V0069_ID2_T1/S1_C2_E40_V0069_ID2_T1_c2.mp4,0.0,2.6333333333333333,foraging,walking;none,red_deer
S1_C2_E40_V0069_ID2_T1/S1_C2_E40_V0069_ID2_T1_c3.mp4,0.0,3.5,vigilance,standing_head_up;none,red_deer
S1_C2_E40_V0070_ID1_T1/S1_C2_E40_V0070_ID1_T1_c0.mp4,0.0,2.566666666666667,vigilance,standing_head_up;none,red_deer
S1_C2_E40_V0070_ID1_T1/S1_C2_E40_V0070_ID1_T1_c1.mp4,0.0,2.3,vigilance,walking;none,red_deer
S1_C2_E40_V0070_ID1_T1/S1_C2_E40_V0070_ID1_T1_c2.mp4,0.0,3.2666666666666666,unknown,unknown;none,red_deer
S1_C2_E40_V0070_ID2_T1/S1_C2_E40_V0070_ID2_T1_c0.mp4,0.0,14.433333333333334,vigilance,standing_head_up;none,red_deer
S1_C2_E40_V0070_ID2_T1/S1_C2_E40_V0070_ID2_T1_c1.mp4,0.0,0.8333333333333334,foraging,standing_head_down;none,red_deer
S1_C2_E40_V0070_ID2_T1/S1_C2_E40_V0070_ID2_T1_c2.mp4,0.0,5.233333333333333,foraging,grazing;none,red_deer
S1_C2_E40_V0071_ID1_T1/S1_C2_E40_V0071_ID1_T1_c0.mp4,0.0,3.1,foraging,walking;none,red_deer
S1_C2_E42_V0072_ID1_T1/S1_C2_E42_V0072_ID1_T1_c0.mp4,0.0,0.7,foraging,walking;none,red_deer
S1_C2_E42_V0072_ID1_T1/S1_C2_E42_V0072_ID1_T1_c1.mp4,0.0,3.0,vigilance,standing_head_up;none,red_deer
S1_C2_E42_V0072_ID1_T1/S1_C2_E42_V0072_ID1_T1_c2.mp4,0.0,2.9,vigilance,walking;none,red_deer
S1_C2_E42_V0072_ID1_T1/S1_C2_E42_V0072_ID1_T1_c3.mp4,0.0,3.2666666666666666,vigilance,standing_head_up;none,red_deer
S1_C2_E42_V0072_ID1_T1/S1_C2_E42_V0072_ID1_T1_c4.mp4,0.0,5.433333333333334,vigilance,walking;none,red_deer
S1_C2_E49_V0075_ID1_T1/S1_C2_E49_V0075_ID1_T1_c0.mp4,0.0,0.3333333333333333,foraging,standing_head_down;none,roe_deer
S1_C2_E49_V0075_ID1_T1/S1_C2_E49_V0075_ID1_T1_c1.mp4,0.0,2.2666666666666666,vigilance,standing_head_up;none,roe_deer
S1_C2_E49_V0075_ID1_T1/S1_C2_E49_V0075_ID1_T1_c2.mp4,0.0,3.8,vigilance,walking;none,roe_deer
S1_C2_E49_V0075_ID2_T1/S1_C2_E49_V0075_ID2_T1_c0.mp4,0.0,3.033333333333333,foraging,walking;none,roe_deer
S1_C2_E49_V0075_ID2_T1/S1_C2_E49_V0075_ID2_T1_c1.mp4,0.0,1.6666666666666667,foraging,sniffing;none,roe_deer
S1_C2_E49_V0075_ID2_T1/S1_C2_E49_V0075_ID2_T1_c2.mp4,0.0,4.4,foraging,walking;none,roe_deer
S1_C2_E49_V0075_ID2_T1/S1_C2_E49_V0075_ID2_T1_c3.mp4,0.0,1.3333333333333333,foraging,standing_head_down;none,roe_deer
S1_C2_E49_V0075_ID2_T1/S1_C2_E49_V0075_ID2_T1_c4.mp4,0.0,2.3,foraging,walking;none,roe_deer
S1_C2_E49_V0075_ID2_T1/S1_C2_E49_V0075_ID2_T1_c5.mp4,0.0,12.1,foraging,standing_head_down;none,roe_deer
S1_C2_E49_V0075_ID2_T1/S1_C2_E49_V0075_ID2_T1_c6.mp4,0.0,0.7333333333333333,foraging,walking;none,roe_deer
S1_C2_E49_V0075_ID2_T1/S1_C2_E49_V0075_ID2_T1_c7.mp4,0.0,1.4333333333333333,foraging,standing_head_down;none,roe_deer
S1_C2_E49_V0075_ID2_T1/S1_C2_E49_V0075_ID2_T1_c8.mp4,0.0,7.366666666666666,foraging,walking;none,roe_deer
S1_C2_E49_V0075_ID3_T1/S1_C2_E49_V0075_ID3_T1_c0.mp4,0.0,3.0,foraging,walking;none,roe_deer
S1_C2_E49_V0075_ID3_T1/S1_C2_E49_V0075_ID3_T1_c1.mp4,0.0,4.633333333333334,foraging,sniffing;none,roe_deer
S1_C2_E49_V0075_ID3_T1/S1_C2_E49_V0075_ID3_T1_c2.mp4,0.0,3.9,vigilance,standing_head_up;none,roe_deer
S1_C2_E49_V0075_ID3_T1/S1_C2_E49_V0075_ID3_T1_c3.mp4,0.0,0.6,foraging,standing_head_down;none,roe_deer
S1_C2_E49_V0075_ID3_T1/S1_C2_E49_V0075_ID3_T1_c4.mp4,0.0,2.1333333333333333,foraging,sniffing;none,roe_deer
S1_C2_E49_V0075_ID3_T1/S1_C2_E49_V0075_ID3_T1_c5.mp4,0.0,0.43333333333333335,foraging,standing_head_down;none,roe_deer
S1_C2_E49_V0075_ID3_T1/S1_C2_E49_V0075_ID3_T1_c6.mp4,0.0,5.733333333333333,foraging,walking;none,roe_deer
S1_C2_E49_V0075_ID3_T1/S1_C2_E49_V0075_ID3_T1_c7.mp4,0.0,1.5333333333333334,foraging,standing_head_down;none,roe_deer
S1_C2_E49_V0075_ID3_T1/S1_C2_E49_V0075_ID3_T1_c8.mp4,0.0,1.3333333333333333,vigilance,standing_head_up;none,roe_deer
S1_C2_E49_V0075_ID3_T1/S1_C2_E49_V0075_ID3_T1_c9.mp4,0.0,2.6,foraging,walking;none,roe_deer
S1_C2_E49_V0075_ID3_T1/S1_C2_E49_V0075_ID3_T1_c10.mp4,0.0,3.2666666666666666,foraging,sniffing;none,roe_deer
S1_C2_E49_V0075_ID3_T1/S1_C2_E49_V0075_ID3_T1_c11.mp4,0.0,0.23333333333333334,vigilance,standing_head_up;none,roe_deer
S1_C2_E49_V0075_ID3_T1/S1_C2_E49_V0075_ID3_T1_c12.mp4,0.0,0.6,camera_reaction,looking_at_camera;none,roe_deer
S1_C2_E49_V0075_ID3_T1/S1_C2_E49_V0075_ID3_T1_c13.mp4,0.0,3.5,foraging,walking;none,roe_deer
S1_C2_E50_V0076_ID1_T1/S1_C2_E50_V0076_ID1_T1_c0.mp4,0.0,1.0666666666666667,vigilance,standing_head_down;none,red_deer
S1_C2_E50_V0076_ID1_T1/S1_C2_E50_V0076_ID1_T1_c1.mp4,0.0,8.633333333333333,vigilance,walking;none,red_deer
S1_C2_E50_V0076_ID2_T1/S1_C2_E50_V0076_ID2_T1_c0.mp4,0.0,2.6,foraging,sniffing;none,red_deer
S1_C2_E50_V0076_ID2_T1/S1_C2_E50_V0076_ID2_T1_c1.mp4,0.0,0.9666666666666667,foraging,standing_head_down;none,red_deer
S1_C2_E50_V0076_ID2_T1/S1_C2_E50_V0076_ID2_T1_c2.mp4,0.0,4.066666666666666,foraging,walking;none,red_deer
S1_C2_E50_V0076_ID2_T1/S1_C2_E50_V0076_ID2_T1_c3.mp4,0.0,7.0,foraging,sniffing;none,red_deer
S1_C2_E50_V0076_ID2_T1/S1_C2_E50_V0076_ID2_T1_c4.mp4,0.0,1.4666666666666666,foraging,standing_head_down;none,red_deer
S1_C2_E50_V0076_ID2_T1/S1_C2_E50_V0076_ID2_T1_c5.mp4,0.0,0.4666666666666667,unknown,jumping;none,red_deer
S1_C2_E50_V0076_ID2_T1/S1_C2_E50_V0076_ID2_T1_c6.mp4,0.0,1.1666666666666667,unknown,running;none,red_deer
S1_C2_E50_V0076_ID3_T1/S1_C2_E50_V0076_ID3_T1_c0.mp4,0.0,3.4,foraging,walking;none,red_deer
S1_C2_E50_V0076_ID3_T1/S1_C2_E50_V0076_ID3_T1_c1.mp4,0.0,2.2,foraging,standing_head_down;none,red_deer
S1_C2_E50_V0076_ID3_T1/S1_C2_E50_V0076_ID3_T1_c2.mp4,0.0,1.2,foraging,sniffing;none,red_deer
S1_C2_E50_V0077_ID1_T1/S1_C2_E50_V0077_ID1_T1_c0.mp4,0.0,2.3333333333333335,foraging,walking;none,red_deer
S1_C2_E50_V0077_ID1_T1/S1_C2_E50_V0077_ID1_T1_c1.mp4,0.0,2.466666666666667,foraging,sniffing;none,red_deer
S1_C2_E50_V0077_ID1_T1/S1_C2_E50_V0077_ID1_T1_c2.mp4,0.0,0.43333333333333335,vigilance,standing_head_down;none,red_deer
S1_C2_E50_V0077_ID1_T1/S1_C2_E50_V0077_ID1_T1_c3.mp4,0.0,1.2333333333333334,vigilance,standing_head_up;none,red_deer
S1_C2_E50_V0077_ID1_T1/S1_C2_E50_V0077_ID1_T1_c4.mp4,0.0,1.9666666666666666,vigilance,walking;none,red_deer
S1_C2_E50_V0077_ID1_T1/S1_C2_E50_V0077_ID1_T1_c5.mp4,0.0,1.5666666666666667,vigilance,standing_head_up;none,red_deer
S1_C2_E50_V0077_ID1_T1/S1_C2_E50_V0077_ID1_T1_c6.mp4,0.0,1.9666666666666666,vigilance,walking;none,red_deer
S1_C2_E55_V0080_ID1_T1/S1_C2_E55_V0080_ID1_T1_c0.mp4,0.0,0.5,foraging,standing_head_down;none,red_deer
S1_C2_E55_V0080_ID1_T1/S1_C2_E55_V0080_ID1_T1_c1.mp4,0.0,6.2,vigilance,standing_head_up;none,red_deer
S1_C2_E55_V0080_ID1_T1/S1_C2_E55_V0080_ID1_T1_c2.mp4,0.0,3.0,vigilance,walking;none,red_deer
S1_C2_E94_V0097_ID1_T1/S1_C2_E94_V0097_ID1_T1_c0.mp4,0.0,20.5,foraging,grazing;none,red_deer
S1_C2_E94_V0098_ID1_T1/S1_C2_E94_V0098_ID1_T1_c0.mp4,0.0,20.5,foraging,grazing;none,red_deer
S1_C2_E94_V0099_ID1_T1/S1_C2_E94_V0099_ID1_T1_c0.mp4,0.0,20.5,foraging,grazing;none,red_deer
S1_C2_E94_V0100_ID1_T1/S1_C2_E94_V0100_ID1_T1_c0.mp4,0.0,20.5,foraging,grazing;none,red_deer
S1_C2_E94_V0101_ID1_T1/S1_C2_E94_V0101_ID1_T1_c0.mp4,0.0,6.0,foraging,grazing;none,red_deer
S1_C2_E94_V0101_ID1_T1/S1_C2_E94_V0101_ID1_T1_c1.mp4,0.0,14.5,unknown,unknown;none,red_deer
S1_C2_E94_V0102_ID1_T1/S1_C2_E94_V0102_ID1_T1_c0.mp4,0.0,11.566666666666666,foraging,grazing;none,red_deer
S1_C2_E94_V0102_ID1_T1/S1_C2_E94_V0102_ID1_T1_c1.mp4,0.0,8.933333333333334,unknown,unknown;none,red_deer
S1_C2_E94_V0103_ID1_T1/S1_C2_E94_V0103_ID1_T1_c0.mp4,0.0,20.5,unknown,unknown;none,red_deer
S1_C2_E94_V0104_ID1_T1/S1_C2_E94_V0104_ID1_T1_c0.mp4,0.0,4.166666666666667,unknown,unknown;none,red_deer
S1_C2_E94_V0105_ID1_T1/S1_C2_E94_V0105_ID1_T1_c0.mp4,0.0,17.466666666666665,foraging,grazing;none,red_deer
S1_C2_E94_V0105_ID1_T1/S1_C2_E94_V0105_ID1_T1_c1.mp4,0.0,1.9666666666666666,foraging,sniffing;none,red_deer
S1_C2_E94_V0105_ID1_T1/S1_C2_E94_V0105_ID1_T1_c2.mp4,0.0,0.5666666666666667,foraging,standing_head_down;none,red_deer
S1_C2_E94_V0105_ID1_T1/S1_C2_E94_V0105_ID1_T1_c3.mp4,0.0,0.5,foraging,grazing;none,red_deer
S1_C2_E94_V0106_ID1_T1/S1_C2_E94_V0106_ID1_T1_c0.mp4,0.0,20.5,foraging,grazing;none,red_deer
S1_C2_E94_V0107_ID1_T1/S1_C2_E94_V0107_ID1_T1_c0.mp4,0.0,20.5,foraging,grazing;none,red_deer
S1_C2_E94_V0108_ID1_T1/S1_C2_E94_V0108_ID1_T1_c0.mp4,0.0,20.5,foraging,grazing;none,red_deer
S1_C2_E94_V0109_ID1_T1/S1_C2_E94_V0109_ID1_T1_c0.mp4,0.0,2.1,unknown,unknown;none,red_deer
S1_C2_E94_V0109_ID1_T1/S1_C2_E94_V0109_ID1_T1_c1.mp4,0.0,18.4,foraging,grazing;none,red_deer
S1_C2_E94_V0110_ID1_T1/S1_C2_E94_V0110_ID1_T1_c0.mp4,0.0,20.5,unknown,unknown;none,red_deer
S1_C2_E94_V0111_ID1_T1/S1_C2_E94_V0111_ID1_T1_c0.mp4,0.0,20.5,unknown,unknown;none,red_deer
S1_C2_E94_V0112_ID1_T1/S1_C2_E94_V0112_ID1_T1_c0.mp4,0.0,20.5,unknown,unknown;none,red_deer
S1_C2_E94_V0113_ID1_T1/S1_C2_E94_V0113_ID1_T1_c0.mp4,0.0,5.966666666666667,unknown,unknown;none,red_deer
S1_C2_E39_V0061_ID1_T1/S1_C2_E39_V0061_ID1_T1_c0.mp4,0.0,6.166666666666667,foraging,walking;none,red_deer
S1_C2_E39_V0061_ID1_T1/S1_C2_E39_V0061_ID1_T1_c1.mp4,0.0,1.1666666666666667,unknown,unknown;none,red_deer
S1_C2_E39_V0061_ID1_T1/S1_C2_E39_V0061_ID1_T1_c2.mp4,0.0,3.3,foraging,walking;none,red_deer
S1_C2_E39_V0061_ID1_T1/S1_C2_E39_V0061_ID1_T1_c3.mp4,0.0,3.533333333333333,unknown,running;none,red_deer
S1_C2_E53_V0079_ID1_T1/S1_C2_E53_V0079_ID1_T1_c0.mp4,0.0,4.6,foraging,walking;none,red_deer
S1_C2_E53_V0079_ID1_T1/S1_C2_E53_V0079_ID1_T1_c1.mp4,0.0,3.6,vigilance,standing_head_up;none,red_deer
S1_C2_E53_V0079_ID1_T1/S1_C2_E53_V0079_ID1_T1_c2.mp4,0.0,1.6,foraging,standing_head_down;none,red_deer
S1_C2_E53_V0079_ID1_T1/S1_C2_E53_V0079_ID1_T1_c3.mp4,0.0,4.6,unknown,running;none,red_deer
S1_C2_E122_V0234_ID1_T1/S1_C2_E122_V0234_ID1_T1_c0.mp4,0.0,1.3,foraging,grazing;none,red_deer
S3_C1_E418_V0234_ID1_T1/S3_C1_E418_V0234_ID1_T1_c0.mp4,0.0,0.8666666666666667,foraging,standing_head_down;none,red_deer
S3_C1_E418_V0234_ID1_T1/S3_C1_E418_V0234_ID1_T1_c1.mp4,0.0,17.766666666666666,vigilance,standing_head_up;none,red_deer
S3_C1_E418_V0234_ID1_T1/S3_C1_E418_V0234_ID1_T1_c2.mp4,0.0,1.8666666666666667,foraging,standing_head_down;none,red_deer
S3_C1_E418_V0235_ID1_T1/S3_C1_E418_V0235_ID1_T1_c0.mp4,0.0,0.5333333333333333,vigilance,standing_head_down;none,red_deer
S3_C1_E418_V0235_ID1_T1/S3_C1_E418_V0235_ID1_T1_c1.mp4,0.0,12.866666666666667,vigilance,standing_head_up;none,red_deer
S3_C1_E418_V0235_ID1_T1/S3_C1_E418_V0235_ID1_T1_c2.mp4,0.0,1.9,vigilance,walking;none,red_deer
S3_C1_E418_V0235_ID1_T1/S3_C1_E418_V0235_ID1_T1_c3.mp4,0.0,1.1666666666666667,vigilance,standing_head_up;none,red_deer
S3_C1_E418_V0235_ID1_T1/S3_C1_E418_V0235_ID1_T1_c4.mp4,0.0,3.4,foraging,standing_head_down;none,red_deer
S3_C1_E418_V0235_ID1_T1/S3_C1_E418_V0235_ID1_T1_c5.mp4,0.0,0.6333333333333333,vigilance,standing_head_down;none,red_deer
S3_C1_E419_V0236_ID1_T1/S3_C1_E419_V0236_ID1_T1_c0.mp4,0.0,2.9,foraging,standing_head_down;none,red_deer
S3_C1_E419_V0236_ID1_T1/S3_C1_E419_V0236_ID1_T1_c1.mp4,0.0,1.7666666666666666,foraging,walking;none,red_deer
S3_C1_E419_V0236_ID1_T1/S3_C1_E419_V0236_ID1_T1_c2.mp4,0.0,15.833333333333334,foraging,drinking;none,red_deer
S3_C1_E419_V0237_ID1_T1/S3_C1_E419_V0237_ID1_T1_c0.mp4,0.0,5.066666666666666,foraging,drinking;none,red_deer
S3_C1_E419_V0237_ID1_T1/S3_C1_E419_V0237_ID1_T1_c1.mp4,0.0,2.2,foraging,standing_head_down;none,red_deer
S3_C1_E419_V0237_ID1_T1/S3_C1_E419_V0237_ID1_T1_c2.mp4,0.0,7.2,foraging,walking;none,red_deer
S3_C1_E419_V0237_ID1_T1/S3_C1_E419_V0237_ID1_T1_c3.mp4,0.0,6.033333333333333,foraging,standing_head_up;none,red_deer
S3_C1_E462_V0546_ID1_T1/S3_C1_E462_V0546_ID1_T1_c0.mp4,0.0,3.6333333333333333,foraging,walking;none,red_deer
S3_C1_E462_V0546_ID2_T1/S3_C1_E462_V0546_ID2_T1_c0.mp4,0.0,2.9,unknown,running;none,red_deer
S3_C2_E418_V0030_ID1_T1/S3_C2_E418_V0030_ID1_T1_c0.mp4,0.0,1.2333333333333334,foraging,standing_head_up;none,red_deer
S3_C2_E418_V0030_ID1_T1/S3_C2_E418_V0030_ID1_T1_c1.mp4,0.0,13.1,foraging,standing_head_down;none,red_deer
S3_C2_E418_V0030_ID1_T1/S3_C2_E418_V0030_ID1_T1_c2.mp4,0.0,6.166666666666667,foraging,standing_head_up;none,red_deer
S3_C2_E418_V0031_ID1_T1/S3_C2_E418_V0031_ID1_T1_c0.mp4,0.0,4.133333333333334,vigilance,walking;none,red_deer
S3_C2_E418_V0031_ID1_T1/S3_C2_E418_V0031_ID1_T1_c1.mp4,0.0,16.366666666666667,vigilance,standing_head_up;none,red_deer
S3_C2_E419_V0032_ID1_T1/S3_C2_E419_V0032_ID1_T1_c0.mp4,0.0,19.3,foraging,standing_head_down;none,red_deer
S3_C2_E419_V0032_ID1_T1/S3_C2_E419_V0032_ID1_T1_c1.mp4,0.0,1.2,foraging,standing_head_up;none,red_deer
S3_C2_E419_V0033_ID1_T1/S3_C2_E419_V0033_ID1_T1_c0.mp4,0.0,3.6333333333333333,foraging,standing_head_up;none,red_deer
S3_C2_E419_V0033_ID1_T1/S3_C2_E419_V0033_ID1_T1_c1.mp4,0.0,6.0,foraging,standing_head_down;none,red_deer
S3_C2_E419_V0033_ID1_T1/S3_C2_E419_V0033_ID1_T1_c2.mp4,0.0,2.3,foraging,walking;none,red_deer
S3_C2_E419_V0033_ID1_T1/S3_C2_E419_V0033_ID1_T1_c3.mp4,0.0,2.7666666666666666,foraging,standing_head_down;none,red_deer
S3_C2_E419_V0033_ID1_T1/S3_C2_E419_V0033_ID1_T1_c4.mp4,0.0,5.8,foraging,standing_head_up;none,red_deer
S3_C2_E419_V0034_ID1_T1/S3_C2_E419_V0034_ID1_T1_c0.mp4,0.0,18.5,foraging,standing_head_up;none,red_deer
S3_C2_E419_V0034_ID1_T1/S3_C2_E419_V0034_ID1_T1_c1.mp4,0.0,2.0,foraging,standing_head_down;none,red_deer
S3_C2_E419_V0035_ID1_T1/S3_C2_E419_V0035_ID1_T1_c0.mp4,0.0,20.5,foraging,standing_head_down;none,red_deer
S3_C2_E419_V0036_ID1_T1/S3_C2_E419_V0036_ID1_T1_c0.mp4,0.0,9.933333333333334,foraging,standing_head_down;none,red_deer
S3_C2_E419_V0036_ID1_T1/S3_C2_E419_V0036_ID1_T1_c1.mp4,0.0,10.566666666666666,foraging,standing_head_up;none,red_deer
S3_C2_E419_V0037_ID1_T1/S3_C2_E419_V0037_ID1_T1_c0.mp4,0.0,2.2333333333333334,foraging,standing_head_up;none,red_deer
S3_C2_E419_V0037_ID1_T1/S3_C2_E419_V0037_ID1_T1_c1.mp4,0.0,2.466666666666667,foraging,scratching_body;none,red_deer
S3_C2_E419_V0037_ID1_T1/S3_C2_E419_V0037_ID1_T1_c2.mp4,0.0,7.3,foraging,standing_head_up;none,red_deer
S3_C2_E419_V0037_ID1_T1/S3_C2_E419_V0037_ID1_T1_c3.mp4,0.0,4.6,foraging,walking;none,red_deer
S3_C2_E419_V0037_ID1_T1/S3_C2_E419_V0037_ID1_T1_c4.mp4,0.0,3.9,foraging,standing_head_down;none,red_deer
S3_C2_E419_V0038_ID1_T1/S3_C2_E419_V0038_ID1_T1_c0.mp4,0.0,6.5,foraging,sniffing;none,red_deer
S3_C2_E419_V0038_ID1_T1/S3_C2_E419_V0038_ID1_T1_c1.mp4,0.0,3.5,foraging,standing_head_down;none,red_deer
S3_C2_E419_V0038_ID1_T1/S3_C2_E419_V0038_ID1_T1_c2.mp4,0.0,2.7333333333333334,foraging,walking;none,red_deer
S3_C2_E419_V0038_ID1_T1/S3_C2_E419_V0038_ID1_T1_c3.mp4,0.0,1.0666666666666667,foraging,sniffing;none,red_deer
S3_C2_E419_V0038_ID1_T1/S3_C2_E419_V0038_ID1_T1_c4.mp4,0.0,6.7,foraging,standing_head_down;none,red_deer
S3_C2_E419_V0039_ID1_T1/S3_C2_E419_V0039_ID1_T1_c0.mp4,0.0,3.8,foraging,standing_head_down;none,red_deer
S3_C2_E419_V0039_ID1_T1/S3_C2_E419_V0039_ID1_T1_c1.mp4,0.0,6.533333333333333,foraging,walking;none,red_deer
S3_C2_E444_V0052_ID1_T1/S3_C2_E444_V0052_ID1_T1_c0.mp4,0.0,4.233333333333333,foraging,standing_head_up;none,red_deer
S3_C2_E444_V0052_ID1_T1/S3_C2_E444_V0052_ID1_T1_c1.mp4,0.0,0.6333333333333333,foraging,standing_head_down;none,red_deer
S3_C2_E444_V0052_ID1_T1/S3_C2_E444_V0052_ID1_T1_c2.mp4,0.0,6.6,foraging,grazing;none,red_deer
S3_C2_E444_V0052_ID1_T1/S3_C2_E444_V0052_ID1_T1_c3.mp4,0.0,2.8333333333333335,foraging,walking;none,red_deer
S3_C2_E444_V0052_ID1_T1/S3_C2_E444_V0052_ID1_T1_c4.mp4,0.0,5.4,foraging,sniffing;none,red_deer
S3_C2_E444_V0052_ID1_T1/S3_C2_E444_V0052_ID1_T1_c5.mp4,0.0,0.8,foraging,standing_head_up;none,red_deer
S3_C2_E444_V0053_ID1_T1/S3_C2_E444_V0053_ID1_T1_c0.mp4,0.0,7.966666666666667,vigilance,standing_head_up;none,red_deer
S3_C2_E444_V0053_ID1_T1/S3_C2_E444_V0053_ID1_T1_c1.mp4,0.0,1.0666666666666667,vigilance,standing_head_down;none,red_deer
S3_C2_E444_V0053_ID1_T1/S3_C2_E444_V0053_ID1_T1_c2.mp4,0.0,2.3,vigilance,sniffing;none,red_deer
S3_C2_E444_V0053_ID1_T1/S3_C2_E444_V0053_ID1_T1_c3.mp4,0.0,2.533333333333333,vigilance,standing_head_down;none,red_deer
S3_C2_E444_V0053_ID1_T1/S3_C2_E444_V0053_ID1_T1_c4.mp4,0.0,6.633333333333334,vigilance,standing_head_up;none,red_deer
S3_C2_E444_V0054_ID1_T1/S3_C2_E444_V0054_ID1_T1_c0.mp4,0.0,10.566666666666666,vigilance,standing_head_up;none,red_deer
S3_C2_E444_V0054_ID1_T1/S3_C2_E444_V0054_ID1_T1_c1.mp4,0.0,1.0,foraging,standing_head_down;none,red_deer
S3_C2_E444_V0054_ID1_T1/S3_C2_E444_V0054_ID1_T1_c2.mp4,0.0,1.9666666666666666,foraging,sniffing;none,red_deer
S3_C2_E444_V0054_ID1_T1/S3_C2_E444_V0054_ID1_T1_c3.mp4,0.0,2.3666666666666667,foraging,standing_head_down;none,red_deer
S3_C2_E444_V0054_ID1_T1/S3_C2_E444_V0054_ID1_T1_c4.mp4,0.0,4.6,foraging,walking;none,red_deer
S3_C2_E444_V0055_ID1_T1/S3_C2_E444_V0055_ID1_T1_c0.mp4,0.0,10.5,foraging,walking;none,red_deer
S3_C2_E444_V0056_ID1_T1/S3_C2_E444_V0056_ID1_T1_c0.mp4,0.0,3.2,foraging,standing_head_down;none,red_deer
S3_C2_E444_V0056_ID1_T1/S3_C2_E444_V0056_ID1_T1_c1.mp4,0.0,2.7666666666666666,foraging,walking;none,red_deer
S3_C2_E444_V0056_ID1_T1/S3_C2_E444_V0056_ID1_T1_c2.mp4,0.0,2.6333333333333333,foraging,standing_head_down;none,red_deer
S3_C2_E444_V0056_ID1_T1/S3_C2_E444_V0056_ID1_T1_c3.mp4,0.0,11.9,foraging,walking;none,red_deer
S3_C2_E444_V0056_ID2_T1/S3_C2_E444_V0056_ID2_T1_c0.mp4,0.0,2.8666666666666667,foraging,walking;none,red_deer
S3_C2_E444_V0056_ID2_T1/S3_C2_E444_V0056_ID2_T1_c1.mp4,0.0,1.3666666666666667,vigilance,standing_head_up;none,red_deer
S3_C2_E444_V0056_ID2_T1/S3_C2_E444_V0056_ID2_T1_c2.mp4,0.0,1.8,vigilance,walking;none,red_deer
S3_C2_E444_V0056_ID2_T1/S3_C2_E444_V0056_ID2_T1_c3.mp4,0.0,1.8333333333333333,vigilance,standing_head_up;none,red_deer
S3_C2_E444_V0056_ID2_T1/S3_C2_E444_V0056_ID2_T1_c4.mp4,0.0,1.0666666666666667,vigilance,walking;none,red_deer
S3_C2_E444_V0056_ID2_T1/S3_C2_E444_V0056_ID2_T1_c5.mp4,0.0,2.2666666666666666,vigilance,running;none,red_deer
S3_C2_E453_V0057_ID1_T1/S3_C2_E453_V0057_ID1_T1_c0.mp4,0.0,10.333333333333334,foraging,walking;none,red_deer
S3_C2_E453_V0058_ID1_T1/S3_C2_E453_V0058_ID1_T1_c0.mp4,0.0,1.5,escaping,running;none,red_deer
S3_C2_E454_V0059_ID1_T1/S3_C2_E454_V0059_ID1_T1_c0.mp4,0.0,2.433333333333333,foraging,grazing;none,red_deer
S3_C2_E454_V0059_ID1_T1/S3_C2_E454_V0059_ID1_T1_c1.mp4,0.0,2.466666666666667,foraging,sniffing;none,red_deer
S3_C2_E454_V0059_ID1_T1/S3_C2_E454_V0059_ID1_T1_c2.mp4,0.0,3.1,foraging,walking;none,red_deer
S3_C2_E454_V0059_ID1_T1/S3_C2_E454_V0059_ID1_T1_c3.mp4,0.0,12.5,foraging,grazing;none,red_deer
S3_C2_E454_V0060_ID1_T1/S3_C2_E454_V0060_ID1_T1_c0.mp4,0.0,20.5,foraging,grazing;none,red_deer
S3_C2_E455_V0061_ID1_T1/S3_C2_E455_V0061_ID1_T1_c0.mp4,0.0,0.8666666666666667,foraging,sniffing;none,red_deer
S3_C2_E455_V0061_ID1_T1/S3_C2_E455_V0061_ID1_T1_c1.mp4,0.0,2.1666666666666665,foraging,standing_head_down;none,red_deer
S3_C2_E455_V0061_ID1_T1/S3_C2_E455_V0061_ID1_T1_c2.mp4,0.0,1.6,foraging,walking;none,red_deer
S3_C2_E455_V0062_ID1_T1/S3_C2_E455_V0062_ID1_T1_c0.mp4,0.0,2.1666666666666665,foraging,walking;none,red_deer
S3_C2_E455_V0062_ID2_T1/S3_C2_E455_V0062_ID2_T1_c0.mp4,0.0,1.7333333333333334,foraging,running;none,red_deer
S3_C2_E462_V0067_ID1_T1/S3_C2_E462_V0067_ID1_T1_c0.mp4,0.0,1.5333333333333334,vigilance,walking;none,red_deer
S3_C2_E462_V0067_ID1_T1/S3_C2_E462_V0067_ID1_T1_c1.mp4,0.0,4.933333333333334,vigilance,standing_head_up;none,red_deer
S3_C2_E462_V0067_ID1_T1/S3_C2_E462_V0067_ID1_T1_c2.mp4,0.0,5.2,vigilance,walking;none,red_deer
S3_C2_E462_V0067_ID1_T1/S3_C2_E462_V0067_ID1_T1_c3.mp4,0.0,3.1,vigilance,standing_head_up;none,red_deer
S3_C2_E462_V0067_ID1_T1/S3_C2_E462_V0067_ID1_T1_c4.mp4,0.0,5.733333333333333,foraging,standing_head_down;none,red_deer
S3_C2_E462_V0068_ID1_T1/S3_C2_E462_V0068_ID1_T1_c0.mp4,0.0,5.766666666666667,foraging,running;none,red_deer
S3_C2_E462_V0068_ID1_T1/S3_C2_E462_V0068_ID1_T1_c1.mp4,0.0,1.3333333333333333,foraging,walking;none,red_deer
S3_C2_E462_V0068_ID1_T1/S3_C2_E462_V0068_ID1_T1_c2.mp4,0.0,2.7333333333333334,vigilance,standing_head_up;none,red_deer
S3_C2_E462_V0068_ID1_T1/S3_C2_E462_V0068_ID1_T1_c3.mp4,0.0,5.5,foraging,walking;none,red_deer
S3_C2_E462_V0068_ID2_T1/S3_C2_E462_V0068_ID2_T1_c0.mp4,0.0,13.9,foraging,walking;none,red_deer
S3_C2_E465_V0069_ID1_T1/S3_C2_E465_V0069_ID1_T1_c0.mp4,0.0,6.333333333333333,foraging,standing_head_up;none,red_deer
S3_C2_E465_V0069_ID1_T1/S3_C2_E465_V0069_ID1_T1_c1.mp4,0.0,5.433333333333334,foraging,standing_head_down;none,red_deer
S3_C2_E465_V0069_ID1_T1/S3_C2_E465_V0069_ID1_T1_c2.mp4,0.0,8.733333333333333,foraging,walking;none,red_deer
S3_C2_E465_V0069_ID2_T1/S3_C2_E465_V0069_ID2_T1_c0.mp4,0.0,2.2333333333333334,foraging,walking;none,red_deer
S3_C2_E465_V0069_ID2_T1/S3_C2_E465_V0069_ID2_T1_c1.mp4,0.0,2.3666666666666667,vigilance,standing_head_up;none,red_deer
S3_C2_E465_V0069_ID2_T1/S3_C2_E465_V0069_ID2_T1_c2.mp4,0.0,5.133333333333334,foraging,walking;none,red_deer
S3_C2_E466_V0070_ID1_T1/S3_C2_E466_V0070_ID1_T1_c0.mp4,0.0,6.766666666666667,foraging,walking;none,red_deer
S3_C2_E466_V0070_ID1_T1/S3_C2_E466_V0070_ID1_T1_c1.mp4,0.0,14.666666666666666,foraging,grazing;none,red_deer
S3_C2_E466_V0070_ID1_T1/S3_C2_E466_V0070_ID1_T1_c2.mp4,0.0,5.333333333333333,foraging,walking;none,red_deer
S3_C2_E466_V0070_ID1_T1/S3_C2_E466_V0070_ID1_T1_c3.mp4,0.0,7.733333333333333,foraging,grazing;none,red_deer
S3_C2_E466_V0070_ID1_T1/S3_C2_E466_V0070_ID1_T1_c4.mp4,0.0,6.1,foraging,standing_head_up;none,red_deer
S3_C2_E466_V0070_ID1_T1/S3_C2_E466_V0070_ID1_T1_c5.mp4,0.0,14.0,foraging,grazing;none,red_deer
S3_C2_E466_V0070_ID1_T1/S3_C2_E466_V0070_ID1_T1_c6.mp4,0.0,3.1666666666666665,foraging,walking;none,red_deer
S3_C2_E466_V0070_ID1_T1/S3_C2_E466_V0070_ID1_T1_c7.mp4,0.0,2.1333333333333333,foraging,grazing;none,red_deer
S3_C2_E466_V0070_ID1_T1/S3_C2_E466_V0070_ID1_T1_c8.mp4,0.0,0.5666666666666667,foraging,walking;none,red_deer
S3_C2_E476_V0071_ID1_T1/S3_C2_E476_V0071_ID1_T1_c0.mp4,0.0,1.7666666666666666,foraging,walking;none,red_deer
S3_C2_E476_V0071_ID1_T1/S3_C2_E476_V0071_ID1_T1_c1.mp4,0.0,4.966666666666667,vigilance,standing_head_up;none,red_deer
S3_C2_E476_V0071_ID1_T1/S3_C2_E476_V0071_ID1_T1_c2.mp4,0.0,10.066666666666666,foraging,walking;none,red_deer
S3_C2_E476_V0071_ID1_T1/S3_C2_E476_V0071_ID1_T1_c3.mp4,0.0,2.566666666666667,marking,scratching_hoof;none,red_deer
S3_C2_E476_V0071_ID1_T1/S3_C2_E476_V0071_ID1_T1_c4.mp4,0.0,1.1333333333333333,marking,standing_head_down;none,red_deer
S3_C2_E476_V0072_ID1_T1/S3_C2_E476_V0072_ID1_T1_c0.mp4,0.0,2.966666666666667,marking,scratching_hoof;none,red_deer
S3_C2_E476_V0072_ID1_T1/S3_C2_E476_V0072_ID1_T1_c1.mp4,0.0,3.7,marking,standing_head_down;none,red_deer
S3_C2_E476_V0072_ID1_T1/S3_C2_E476_V0072_ID1_T1_c2.mp4,0.0,0.7666666666666667,marking,standing_head_up;none,red_deer
S3_C2_E476_V0072_ID1_T1/S3_C2_E476_V0072_ID1_T1_c3.mp4,0.0,2.1,marking,scratching_hoof;none,red_deer
S3_C2_E476_V0072_ID1_T1/S3_C2_E476_V0072_ID1_T1_c4.mp4,0.0,4.5,marking,scratching_antlers;none,red_deer
S3_C2_E476_V0072_ID1_T1/S3_C2_E476_V0072_ID1_T1_c5.mp4,0.0,4.8,marking,scratching_antlers;bathing,red_deer
S3_C2_E476_V0073_ID1_T1/S3_C2_E476_V0073_ID1_T1_c0.mp4,0.0,0.8666666666666667,vigilance,standing_head_up;none,red_deer
S3_C2_E476_V0073_ID1_T1/S3_C2_E476_V0073_ID1_T1_c1.mp4,0.0,3.566666666666667,marking,scratching_hoof;none,red_deer
S3_C2_E476_V0073_ID1_T1/S3_C2_E476_V0073_ID1_T1_c2.mp4,0.0,7.366666666666666,marking,scratching_antlers;none,red_deer
S3_C2_E476_V0073_ID1_T1/S3_C2_E476_V0073_ID1_T1_c3.mp4,0.0,4.433333333333334,marking,walking;none,red_deer
S3_C2_E476_V0073_ID1_T1/S3_C2_E476_V0073_ID1_T1_c4.mp4,0.0,4.266666666666667,marking,scratching_antlers;none,red_deer
S3_C2_E476_V0074_ID1_T1/S3_C2_E476_V0074_ID1_T1_c0.mp4,0.0,6.733333333333333,vigilance,standing_head_up;none,red_deer
S3_C2_E476_V0074_ID1_T1/S3_C2_E476_V0074_ID1_T1_c1.mp4,0.0,7.066666666666666,marking,scratching_antlers;none,red_deer
S3_C2_E476_V0074_ID1_T1/S3_C2_E476_V0074_ID1_T1_c2.mp4,0.0,0.7,marking,jumping;none,red_deer
S3_C2_E476_V0074_ID1_T1/S3_C2_E476_V0074_ID1_T1_c3.mp4,0.0,1.6,marking,standing_head_up;none,red_deer
S3_C2_E476_V0074_ID1_T1/S3_C2_E476_V0074_ID1_T1_c4.mp4,0.0,3.566666666666667,courtship,standing_head_up;vocalizing,red_deer
S3_C2_E476_V0074_ID1_T1/S3_C2_E476_V0074_ID1_T1_c5.mp4,0.0,0.8333333333333334,courtship,standing_head_up;none,red_deer
S3_C2_E476_V0075_ID1_T1/S3_C2_E476_V0075_ID1_T1_c0.mp4,0.0,4.1,vigilance,standing_head_up;none,red_deer
S3_C2_E476_V0075_ID1_T1/S3_C2_E476_V0075_ID1_T1_c1.mp4,0.0,4.633333333333334,foraging,walking;none,red_deer
S3_C2_E476_V0075_ID1_T1/S3_C2_E476_V0075_ID1_T1_c2.mp4,0.0,5.866666666666666,marking,scratching_antlers;none,red_deer
S3_C2_E476_V0075_ID1_T1/S3_C2_E476_V0075_ID1_T1_c3.mp4,0.0,0.7,marking,walking;none,red_deer
S3_C2_E476_V0075_ID1_T1/S3_C2_E476_V0075_ID1_T1_c4.mp4,0.0,1.2666666666666666,marking,standing_head_down;none,red_deer
S3_C2_E476_V0075_ID1_T1/S3_C2_E476_V0075_ID1_T1_c5.mp4,0.0,3.3333333333333335,marking,scratching_hoof;none,red_deer
S3_C2_E476_V0075_ID1_T1/S3_C2_E476_V0075_ID1_T1_c6.mp4,0.0,0.6,marking,standing_head_down;none,red_deer
S3_C2_E476_V0076_ID1_T1/S3_C2_E476_V0076_ID1_T1_c0.mp4,0.0,15.833333333333334,foraging,walking;none,red_deer
S3_C2_E476_V0076_ID1_T1/S3_C2_E476_V0076_ID1_T1_c1.mp4,0.0,2.9,foraging,running;none,red_deer
S3_C2_E561_V0101_ID1_T1/S3_C2_E561_V0101_ID1_T1_c0.mp4,0.0,1.0666666666666667,unknown,running;none,red_deer
S3_C2_E561_V0101_ID1_T1/S3_C2_E561_V0101_ID1_T1_c1.mp4,0.0,1.6333333333333333,foraging,walking;none,red_deer
S3_C2_E561_V0101_ID1_T1/S3_C2_E561_V0101_ID1_T1_c2.mp4,0.0,2.8,foraging,standing_head_down;none,red_deer
S3_C2_E561_V0101_ID1_T1/S3_C2_E561_V0101_ID1_T1_c3.mp4,0.0,2.2,foraging,standing_head_up;none,red_deer
S3_C2_E561_V0101_ID1_T1/S3_C2_E561_V0101_ID1_T1_c4.mp4,0.0,12.133333333333333,foraging,walking;none,red_deer
S3_C2_E561_V0102_ID1_T1/S3_C2_E561_V0102_ID1_T1_c0.mp4,0.0,4.133333333333334,foraging,walking;none,red_deer
S3_C2_E561_V0102_ID1_T1/S3_C2_E561_V0102_ID1_T1_c1.mp4,0.0,14.433333333333334,unknown,unknown;none,red_deer
S3_C2_E561_V0102_ID2_T1/S3_C2_E561_V0102_ID2_T1_c0.mp4,0.0,4.1,foraging,walking;none,red_deer
S3_C2_E561_V0102_ID2_T1/S3_C2_E561_V0102_ID2_T1_c1.mp4,0.0,16.4,foraging,standing_head_down;none,red_deer
S3_C2_E561_V0102_ID3_T1/S3_C2_E561_V0102_ID3_T1_c0.mp4,0.0,15.233333333333333,foraging,walking;none,red_deer
S3_C2_E561_V0102_ID3_T1/S3_C2_E561_V0102_ID3_T1_c1.mp4,0.0,1.9666666666666666,foraging,standing_head_down;none,red_deer
S3_C2_E561_V0102_ID3_T1/S3_C2_E561_V0102_ID3_T1_c2.mp4,0.0,1.3,foraging,standing_head_up;none,red_deer
S3_C2_E581_V0106_ID1_T1/S3_C2_E581_V0106_ID1_T1_c0.mp4,0.0,4.833333333333333,foraging,walking;none,red_deer
S3_C2_E581_V0106_ID1_T1/S3_C2_E581_V0106_ID1_T1_c1.mp4,0.0,1.6,foraging,sniffing;none,red_deer
S3_C2_E581_V0106_ID1_T1/S3_C2_E581_V0106_ID1_T1_c2.mp4,0.0,6.133333333333334,foraging,walking;none,red_deer
S3_C2_E581_V0106_ID1_T1/S3_C2_E581_V0106_ID1_T1_c3.mp4,0.0,5.966666666666667,foraging,drinking;none,red_deer
S3_C2_E581_V0106_ID1_T1/S3_C2_E581_V0106_ID1_T1_c4.mp4,0.0,1.9666666666666666,vigilance,standing_head_up;none,red_deer
S3_C2_E581_V0107_ID1_T1/S3_C2_E581_V0107_ID1_T1_c0.mp4,0.0,3.7,vigilance,standing_head_up;none,red_deer
S3_C2_E581_V0107_ID1_T1/S3_C2_E581_V0107_ID1_T1_c1.mp4,0.0,1.6666666666666667,vigilance,walking;none,red_deer
S3_C2_E581_V0107_ID1_T1/S3_C2_E581_V0107_ID1_T1_c2.mp4,0.0,14.066666666666666,foraging,walking;none,red_deer
S3_C2_E581_V0107_ID1_T1/S3_C2_E581_V0107_ID1_T1_c3.mp4,0.0,1.0666666666666667,vigilance,standing_head_up;none,red_deer
S3_C2_E581_V0107_ID2_T1/S3_C2_E581_V0107_ID2_T1_c0.mp4,0.0,4.0,vigilance,walking;none,red_deer
S3_C2_E581_V0108_ID1_T1/S3_C2_E581_V0108_ID1_T1_c0.mp4,0.0,11.6,foraging,walking;none,red_deer
S3_C2_E581_V0108_ID1_T1/S3_C2_E581_V0108_ID1_T1_c1.mp4,0.0,2.6666666666666665,foraging,standing_head_down;none,red_deer
S3_C2_E581_V0108_ID1_T1/S3_C2_E581_V0108_ID1_T1_c2.mp4,0.0,5.633333333333334,vigilance,standing_head_up;none,red_deer
S3_C2_E581_V0108_ID1_T1/S3_C2_E581_V0108_ID1_T1_c3.mp4,0.0,0.6,foraging,standing_head_down;none,red_deer
S3_C2_E581_V0108_ID2_T1/S3_C2_E581_V0108_ID2_T1_c0.mp4,0.0,1.8666666666666667,vigilance,standing_head_up;none,red_deer
S3_C2_E581_V0108_ID2_T1/S3_C2_E581_V0108_ID2_T1_c1.mp4,0.0,2.533333333333333,foraging,standing_head_down;none,red_deer
S3_C2_E581_V0108_ID2_T1/S3_C2_E581_V0108_ID2_T1_c2.mp4,0.0,2.3333333333333335,foraging,walking;none,red_deer
S3_C2_E581_V0108_ID2_T1/S3_C2_E581_V0108_ID2_T1_c3.mp4,0.0,13.766666666666667,foraging,standing_head_down;none,red_deer
S3_C2_E581_V0109_ID1_T1/S3_C2_E581_V0109_ID1_T1_c0.mp4,0.0,5.533333333333333,foraging,sniffing;none,red_deer
S3_C2_E581_V0109_ID1_T1/S3_C2_E581_V0109_ID1_T1_c1.mp4,0.0,4.966666666666667,foraging,walking;none,red_deer
S3_C2_E581_V0109_ID1_T1/S3_C2_E581_V0109_ID1_T1_c2.mp4,0.0,1.6333333333333333,foraging,standing_head_down;none,red_deer
S3_C2_E581_V0109_ID1_T1/S3_C2_E581_V0109_ID1_T1_c3.mp4,0.0,3.1,foraging,sniffing;none,red_deer
S3_C2_E581_V0109_ID1_T1/S3_C2_E581_V0109_ID1_T1_c4.mp4,0.0,1.1333333333333333,foraging,standing_head_down;none,red_deer
S3_C2_E581_V0109_ID1_T1/S3_C2_E581_V0109_ID1_T1_c5.mp4,0.0,4.133333333333334,foraging,walking;none,red_deer
S3_C2_E581_V0109_ID2_T1/S3_C2_E581_V0109_ID2_T1_c0.mp4,0.0,6.466666666666667,foraging,grazing;none,red_deer
S3_C2_E581_V0109_ID2_T1/S3_C2_E581_V0109_ID2_T1_c1.mp4,0.0,2.2333333333333334,unknown,unknown;none,red_deer
S3_C2_E581_V0109_ID2_T1/S3_C2_E581_V0109_ID2_T1_c2.mp4,0.0,3.7,foraging,grazing;none,red_deer
S3_C2_E581_V0109_ID2_T1/S3_C2_E581_V0109_ID2_T1_c3.mp4,0.0,4.233333333333333,unknown,unknown;none,red_deer
S3_C2_E581_V0109_ID2_T1/S3_C2_E581_V0109_ID2_T1_c4.mp4,0.0,3.8333333333333335,foraging,grazing;none,red_deer
S3_C2_E581_V0110_ID1_T1/S3_C2_E581_V0110_ID1_T1_c0.mp4,0.0,3.566666666666667,foraging,standing_head_up;none,red_deer
S3_C2_E581_V0110_ID1_T1/S3_C2_E581_V0110_ID1_T1_c1.mp4,0.0,2.2333333333333334,foraging,standing_head_down;none,red_deer
S3_C2_E581_V0110_ID1_T1/S3_C2_E581_V0110_ID1_T1_c2.mp4,0.0,14.7,foraging,sniffing;none,red_deer
S3_C2_E581_V0110_ID2_T1/S3_C2_E581_V0110_ID2_T1_c0.mp4,0.0,14.933333333333334,foraging,unknown;none,red_deer
S3_C2_E582_V0111_ID1_T1/S3_C2_E582_V0111_ID1_T1_c0.mp4,0.0,4.966666666666667,foraging,walking;none,red_deer
S3_C2_E582_V0111_ID1_T1/S3_C2_E582_V0111_ID1_T1_c1.mp4,0.0,7.466666666666667,vigilance,standing_head_up;none,red_deer
S3_C2_E582_V0111_ID1_T1/S3_C2_E582_V0111_ID1_T1_c2.mp4,0.0,1.8333333333333333,foraging,standing_head_down;none,red_deer
S3_C2_E582_V0111_ID1_T1/S3_C2_E582_V0111_ID1_T1_c3.mp4,0.0,3.1333333333333333,foraging,walking;none,red_deer
S3_C2_E582_V0111_ID1_T1/S3_C2_E582_V0111_ID1_T1_c4.mp4,0.0,3.1,vigilance,standing_head_up;none,red_deer
S3_C2_E582_V0111_ID2_T1/S3_C2_E582_V0111_ID2_T1_c0.mp4,0.0,5.8,foraging,walking;none,red_deer
S3_C2_E582_V0111_ID2_T1/S3_C2_E582_V0111_ID2_T1_c1.mp4,0.0,1.3333333333333333,foraging,standing_head_up;none,red_deer
S3_C2_E582_V0111_ID2_T1/S3_C2_E582_V0111_ID2_T1_c2.mp4,0.0,7.066666666666666,foraging,standing_head_down;none,red_deer
S3_C2_E582_V0112_ID1_T1/S3_C2_E582_V0112_ID1_T1_c0.mp4,0.0,4.333333333333333,foraging,sniffing;none,red_deer
S3_C2_E582_V0112_ID1_T1/S3_C2_E582_V0112_ID1_T1_c1.mp4,0.0,1.2,vigilance,standing_head_up;none,red_deer
S3_C2_E582_V0112_ID1_T1/S3_C2_E582_V0112_ID1_T1_c2.mp4,0.0,6.366666666666666,foraging,walking;none,red_deer
S3_C2_E582_V0112_ID1_T1/S3_C2_E582_V0112_ID1_T1_c3.mp4,0.0,3.033333333333333,vigilance,standing_head_up;none,red_deer
S3_C2_E582_V0112_ID1_T1/S3_C2_E582_V0112_ID1_T1_c4.mp4,0.0,5.566666666666666,foraging,walking;none,red_deer
S3_C2_E582_V0112_ID2_T1/S3_C2_E582_V0112_ID2_T1_c0.mp4,0.0,1.5666666666666667,foraging,standing_head_up;none,red_deer
S3_C2_E582_V0112_ID2_T1/S3_C2_E582_V0112_ID2_T1_c1.mp4,0.0,2.6333333333333333,foraging,standing_head_down;none,red_deer
S3_C2_E582_V0112_ID2_T1/S3_C2_E582_V0112_ID2_T1_c2.mp4,0.0,5.733333333333333,foraging,sniffing;none,red_deer
S3_C2_E582_V0112_ID2_T1/S3_C2_E582_V0112_ID2_T1_c3.mp4,0.0,6.4,vigilance,standing_head_up;none,red_deer
S3_C2_E582_V0112_ID2_T1/S3_C2_E582_V0112_ID2_T1_c4.mp4,0.0,0.6333333333333333,vigilance,walking;none,red_deer
S3_C2_E582_V0112_ID2_T1/S3_C2_E582_V0112_ID2_T1_c5.mp4,0.0,0.7,vigilance,standing_head_up;none,red_deer
S3_C2_E582_V0112_ID2_T1/S3_C2_E582_V0112_ID2_T1_c6.mp4,0.0,2.8333333333333335,foraging,walking;none,red_deer
S3_C2_E582_V0113_ID1_T1/S3_C2_E582_V0113_ID1_T1_c0.mp4,0.0,1.9333333333333333,vigilance,standing_head_up;none,red_deer
S3_C2_E582_V0113_ID1_T1/S3_C2_E582_V0113_ID1_T1_c1.mp4,0.0,1.3333333333333333,vigilance,standing_head_down;none,red_deer
S3_C2_E582_V0113_ID1_T1/S3_C2_E582_V0113_ID1_T1_c2.mp4,0.0,2.7666666666666666,vigilance,standing_head_up;none,red_deer
S3_C2_E582_V0113_ID1_T1/S3_C2_E582_V0113_ID1_T1_c3.mp4,0.0,0.7,vigilance,standing_head_down;none,red_deer
S3_C2_E582_V0113_ID1_T1/S3_C2_E582_V0113_ID1_T1_c4.mp4,0.0,0.03333333333333333,foraging,standing_head_down;none,red_deer
S3_C2_E582_V0113_ID1_T1/S3_C2_E582_V0113_ID1_T1_c5.mp4,0.0,5.533333333333333,foraging,walking;none,red_deer
S3_C2_E582_V0113_ID1_T1/S3_C2_E582_V0113_ID1_T1_c6.mp4,0.0,2.533333333333333,foraging,running;none,red_deer
S3_C2_E597_V0116_ID1_T1/S3_C2_E597_V0116_ID1_T1_c0.mp4,0.0,0.5,foraging,walking;none,red_deer
S3_C2_E597_V0116_ID1_T1/S3_C2_E597_V0116_ID1_T1_c1.mp4,0.0,2.433333333333333,vigilance,standing_head_up;none,red_deer
S3_C2_E597_V0116_ID1_T1/S3_C2_E597_V0116_ID1_T1_c2.mp4,0.0,6.9,camera_reaction,looking_at_camera;none,red_deer
S3_C2_E597_V0116_ID1_T1/S3_C2_E597_V0116_ID1_T1_c3.mp4,0.0,0.6666666666666666,foraging,standing_head_up;none,red_deer
S3_C2_E597_V0116_ID1_T1/S3_C2_E597_V0116_ID1_T1_c4.mp4,0.0,3.933333333333333,foraging,standing_head_down;none,red_deer
S3_C2_E597_V0116_ID1_T1/S3_C2_E597_V0116_ID1_T1_c5.mp4,0.0,2.7666666666666666,foraging,walking;none,red_deer
S3_C2_E597_V0116_ID1_T1/S3_C2_E597_V0116_ID1_T1_c6.mp4,0.0,1.7333333333333334,foraging,standing_head_down;none,red_deer
S3_C2_E597_V0116_ID1_T1/S3_C2_E597_V0116_ID1_T1_c7.mp4,0.0,1.5666666666666667,foraging,drinking;none,red_deer
S3_C2_E597_V0117_ID1_T1/S3_C2_E597_V0117_ID1_T1_c0.mp4,0.0,5.6,foraging,walking;none,red_deer
S3_C2_E597_V0117_ID1_T1/S3_C2_E597_V0117_ID1_T1_c1.mp4,0.0,4.933333333333334,foraging,standing_head_up;none,red_deer
S3_C2_E597_V0117_ID1_T1/S3_C2_E597_V0117_ID1_T1_c2.mp4,0.0,2.3666666666666667,foraging,walking;none,red_deer
S3_C2_E641_V0143_ID1_T1/S3_C2_E641_V0143_ID1_T1_c0.mp4,0.0,2.0,foraging,walking;none,red_deer
S3_C2_E641_V0143_ID1_T1/S3_C2_E641_V0143_ID1_T1_c1.mp4,0.0,2.6666666666666665,foraging,standing_head_up;none,red_deer
S3_C2_E641_V0143_ID1_T1/S3_C2_E641_V0143_ID1_T1_c2.mp4,0.0,2.7333333333333334,foraging,sniffing;none,red_deer
S3_C2_E641_V0143_ID1_T1/S3_C2_E641_V0143_ID1_T1_c3.mp4,0.0,4.8,foraging,standing_head_up;none,red_deer
S3_C2_E641_V0143_ID1_T1/S3_C2_E641_V0143_ID1_T1_c4.mp4,0.0,8.3,foraging,walking;none,red_deer
S3_C2_E642_V0144_ID1_T1/S3_C2_E642_V0144_ID1_T1_c0.mp4,0.0,16.233333333333334,foraging,standing_head_up;none,red_deer
S3_C2_E642_V0144_ID1_T1/S3_C2_E642_V0144_ID1_T1_c1.mp4,0.0,11.466666666666667,grooming,scratching_body;none,red_deer
S3_C2_E642_V0144_ID1_T1/S3_C2_E642_V0144_ID1_T1_c2.mp4,0.0,2.933333333333333,foraging,standing_head_up;none,red_deer
S3_C2_E642_V0144_ID1_T1/S3_C2_E642_V0144_ID1_T1_c3.mp4,0.0,1.3333333333333333,grooming,shaking_fur;none,red_deer
S3_C2_E642_V0144_ID1_T1/S3_C2_E642_V0144_ID1_T1_c4.mp4,0.0,7.5,vigilance,standing_head_up;none,red_deer
S3_C2_E642_V0144_ID1_T1/S3_C2_E642_V0144_ID1_T1_c5.mp4,0.0,6.166666666666667,foraging,walking;none,red_deer
S3_C2_E642_V0144_ID1_T1/S3_C2_E642_V0144_ID1_T1_c6.mp4,0.0,0.4,foraging,sniffing;none,red_deer
S3_C2_E642_V0144_ID1_T1/S3_C2_E642_V0144_ID1_T1_c7.mp4,0.0,1.2666666666666666,vigilance,standing_head_up;none,red_deer
S3_C2_E642_V0144_ID1_T1/S3_C2_E642_V0144_ID1_T1_c8.mp4,0.0,2.7666666666666666,foraging,walking;none,red_deer
S3_C2_E642_V0144_ID1_T1/S3_C2_E642_V0144_ID1_T1_c9.mp4,0.0,3.1,unknown,unknown;none,red_deer
S3_C2_E642_V0144_ID2_T1/S3_C2_E642_V0144_ID2_T1_c0.mp4,0.0,6.566666666666666,foraging,standing_head_up;none,red_deer
S3_C2_E642_V0144_ID2_T1/S3_C2_E642_V0144_ID2_T1_c1.mp4,0.0,3.7666666666666666,foraging,standing_head_down;none,red_deer
S3_C2_E642_V0144_ID2_T1/S3_C2_E642_V0144_ID2_T1_c2.mp4,0.0,9.1,foraging,standing_head_up;none,red_deer
S3_C2_E642_V0144_ID2_T1/S3_C2_E642_V0144_ID2_T1_c3.mp4,0.0,4.1,foraging,walking;none,red_deer
S3_C2_E642_V0144_ID2_T1/S3_C2_E642_V0144_ID2_T1_c4.mp4,0.0,1.1666666666666667,foraging,drinking;none,red_deer
S3_C2_E642_V0144_ID2_T1/S3_C2_E642_V0144_ID2_T1_c5.mp4,0.0,5.366666666666666,foraging,standing_head_up;none,red_deer
S3_C2_E642_V0144_ID2_T1/S3_C2_E642_V0144_ID2_T1_c6.mp4,0.0,1.5666666666666667,foraging,standing_head_down;none,red_deer
S3_C2_E642_V0144_ID2_T1/S3_C2_E642_V0144_ID2_T1_c7.mp4,0.0,2.2666666666666666,foraging,walking;none,red_deer
S3_C2_E642_V0144_ID2_T1/S3_C2_E642_V0144_ID2_T1_c8.mp4,0.0,1.5333333333333334,foraging,standing_head_down;none,red_deer
S3_C2_E642_V0144_ID2_T1/S3_C2_E642_V0144_ID2_T1_c9.mp4,0.0,3.533333333333333,foraging,sniffing;none,red_deer
S3_C2_E642_V0144_ID2_T1/S3_C2_E642_V0144_ID2_T1_c10.mp4,0.0,2.0,foraging,standing_head_up;none,red_deer
S3_C2_E642_V0144_ID2_T1/S3_C2_E642_V0144_ID2_T1_c11.mp4,0.0,2.3,foraging,sniffing;none,red_deer
S3_C2_E642_V0144_ID2_T1/S3_C2_E642_V0144_ID2_T1_c12.mp4,0.0,2.7666666666666666,foraging,standing_head_down;none,red_deer
S3_C2_E642_V0144_ID2_T1/S3_C2_E642_V0144_ID2_T1_c13.mp4,0.0,2.566666666666667,foraging,sniffing;none,red_deer
S3_C2_E642_V0144_ID2_T1/S3_C2_E642_V0144_ID2_T1_c14.mp4,0.0,3.3,foraging,standing_head_down;none,red_deer
S3_C2_E642_V0144_ID2_T1/S3_C2_E642_V0144_ID2_T1_c15.mp4,0.0,2.3666666666666667,foraging,standing_head_up;none,red_deer
S3_C2_E642_V0144_ID2_T1/S3_C2_E642_V0144_ID2_T1_c16.mp4,0.0,0.8333333333333334,foraging,standing_head_down;none,red_deer
S3_C2_E642_V0144_ID2_T1/S3_C2_E642_V0144_ID2_T1_c17.mp4,0.0,0.9333333333333333,foraging,sniffing;none,red_deer
S3_C2_E642_V0144_ID2_T1/S3_C2_E642_V0144_ID2_T1_c18.mp4,0.0,2.9,foraging,walking;none,red_deer
S3_C2_E642_V0144_ID2_T1/S3_C2_E642_V0144_ID2_T1_c19.mp4,0.0,1.5333333333333334,foraging,standing_head_down;none,red_deer
S3_C2_E642_V0144_ID3_T1/S3_C2_E642_V0144_ID3_T1_c0.mp4,0.0,0.5666666666666667,foraging,standing_head_up;none,red_deer
S3_C2_E642_V0144_ID3_T1/S3_C2_E642_V0144_ID3_T1_c1.mp4,0.0,4.0,foraging,standing_head_down;none,red_deer
S3_C2_E642_V0144_ID3_T1/S3_C2_E642_V0144_ID3_T1_c2.mp4,0.0,6.9,vigilance,standing_head_up;none,red_deer
S3_C2_E642_V0144_ID3_T1/S3_C2_E642_V0144_ID3_T1_c3.mp4,0.0,8.3,foraging,standing_head_down;none,red_deer
S3_C2_E642_V0144_ID3_T1/S3_C2_E642_V0144_ID3_T1_c4.mp4,0.0,0.7666666666666667,foraging,walking;none,red_deer
S3_C2_E642_V0144_ID3_T1/S3_C2_E642_V0144_ID3_T1_c5.mp4,0.0,4.866666666666666,unknown,unknown;none,red_deer
S3_C2_E642_V0144_ID3_T1/S3_C2_E642_V0144_ID3_T1_c6.mp4,0.0,9.266666666666667,foraging,walking;none,red_deer
S3_C2_E642_V0144_ID3_T1/S3_C2_E642_V0144_ID3_T1_c7.mp4,0.0,0.7,foraging,sniffing;none,red_deer
S3_C2_E642_V0144_ID3_T1/S3_C2_E642_V0144_ID3_T1_c8.mp4,0.0,9.1,foraging,walking;none,red_deer
S3_C2_E642_V0144_ID3_T1/S3_C2_E642_V0144_ID3_T1_c9.mp4,0.0,9.1,foraging,standing_head_down;none,red_deer
S3_C2_E642_V0144_ID3_T1/S3_C2_E642_V0144_ID3_T1_c10.mp4,0.0,5.833333333333333,grooming,bathing;none,red_deer
S3_C2_E642_V0145_ID1_T1/S3_C2_E642_V0145_ID1_T1_c0.mp4,0.0,18.066666666666666,grooming,bathing;none,red_deer
S3_C2_E642_V0145_ID1_T1/S3_C2_E642_V0145_ID1_T1_c1.mp4,0.0,0.5,grooming,standing_head_down;none,red_deer
S3_C2_E642_V0145_ID1_T1/S3_C2_E642_V0145_ID1_T1_c2.mp4,0.0,1.1666666666666667,grooming,standing_head_up;none,red_deer
S3_C2_E642_V0145_ID1_T1/S3_C2_E642_V0145_ID1_T1_c3.mp4,0.0,5.0,grooming,standing_head_down;none,red_deer
S3_C2_E642_V0145_ID1_T1/S3_C2_E642_V0145_ID1_T1_c4.mp4,0.0,0.43333333333333335,grooming,walking;none,red_deer
S3_C2_E642_V0145_ID1_T1/S3_C2_E642_V0145_ID1_T1_c5.mp4,0.0,4.733333333333333,grooming,scratching_body;none,red_deer
S3_C2_E642_V0145_ID1_T1/S3_C2_E642_V0145_ID1_T1_c6.mp4,0.0,4.7,grooming,standing_head_down;none,red_deer
S3_C2_E642_V0145_ID1_T1/S3_C2_E642_V0145_ID1_T1_c7.mp4,0.0,24.133333333333333,grooming,bathing;none,red_deer
S3_C2_E642_V0145_ID1_T1/S3_C2_E642_V0145_ID1_T1_c8.mp4,0.0,0.6666666666666666,grooming,standing_head_up;none,red_deer
S3_C2_E642_V0145_ID1_T1/S3_C2_E642_V0145_ID1_T1_c9.mp4,0.0,1.1,grooming,standing_head_down;none,red_deer
S3_C2_E642_V0145_ID2_T1/S3_C2_E642_V0145_ID2_T1_c0.mp4,0.0,3.1333333333333333,foraging,walking;none,red_deer
S3_C2_E642_V0145_ID2_T1/S3_C2_E642_V0145_ID2_T1_c1.mp4,0.0,1.8333333333333333,foraging,standing_head_up;none,red_deer
S3_C2_E642_V0145_ID2_T1/S3_C2_E642_V0145_ID2_T1_c2.mp4,0.0,5.766666666666667,foraging,walking;none,red_deer
S3_C2_E642_V0146_ID1_T1/S3_C2_E642_V0146_ID1_T1_c0.mp4,0.0,4.333333333333333,foraging,standing_head_up;none,red_deer
S3_C2_E642_V0146_ID1_T1/S3_C2_E642_V0146_ID1_T1_c1.mp4,0.0,2.533333333333333,foraging,walking;none,red_deer
S3_C2_E642_V0146_ID1_T1/S3_C2_E642_V0146_ID1_T1_c2.mp4,0.0,7.366666666666666,foraging,sniffing;none,red_deer
S3_C2_E642_V0146_ID1_T1/S3_C2_E642_V0146_ID1_T1_c3.mp4,0.0,1.9,foraging,standing_head_down;none,red_deer
S3_C2_E642_V0146_ID1_T1/S3_C2_E642_V0146_ID1_T1_c4.mp4,0.0,2.033333333333333,foraging,sniffing;none,red_deer
S3_C2_E642_V0146_ID1_T1/S3_C2_E642_V0146_ID1_T1_c5.mp4,0.0,1.4,foraging,standing_head_down;none,red_deer
S3_C2_E642_V0146_ID1_T1/S3_C2_E642_V0146_ID1_T1_c6.mp4,0.0,2.2666666666666666,foraging,sniffing;none,red_deer
S3_C2_E642_V0146_ID1_T1/S3_C2_E642_V0146_ID1_T1_c7.mp4,0.0,1.0333333333333334,foraging,standing_head_down;none,red_deer
S3_C2_E642_V0146_ID1_T1/S3_C2_E642_V0146_ID1_T1_c8.mp4,0.0,3.566666666666667,foraging,standing_head_up;none,red_deer
S3_C2_E642_V0146_ID1_T1/S3_C2_E642_V0146_ID1_T1_c9.mp4,0.0,6.033333333333333,foraging,standing_head_down;none,red_deer
S3_C2_E642_V0146_ID1_T1/S3_C2_E642_V0146_ID1_T1_c10.mp4,0.0,2.0,foraging,sniffing;none,red_deer
S3_C2_E642_V0146_ID1_T1/S3_C2_E642_V0146_ID1_T1_c11.mp4,0.0,2.466666666666667,foraging,standing_head_down;none,red_deer
S3_C2_E642_V0146_ID1_T1/S3_C2_E642_V0146_ID1_T1_c12.mp4,0.0,1.7,foraging,walking;none,red_deer
S3_C2_E642_V0146_ID1_T1/S3_C2_E642_V0146_ID1_T1_c13.mp4,0.0,1.6,foraging,standing_head_down;none,red_deer
S3_C2_E642_V0146_ID1_T1/S3_C2_E642_V0146_ID1_T1_c14.mp4,0.0,8.133333333333333,foraging,standing_head_up;none,red_deer
S3_C2_E642_V0146_ID1_T1/S3_C2_E642_V0146_ID1_T1_c15.mp4,0.0,3.033333333333333,foraging,standing_head_down;none,red_deer
S3_C2_E642_V0146_ID1_T1/S3_C2_E642_V0146_ID1_T1_c16.mp4,0.0,2.2,foraging,walking;none,red_deer
S3_C2_E642_V0146_ID1_T1/S3_C2_E642_V0146_ID1_T1_c17.mp4,0.0,0.9333333333333333,foraging,sniffing;none,red_deer
S3_C2_E642_V0146_ID1_T1/S3_C2_E642_V0146_ID1_T1_c18.mp4,0.0,1.5,foraging,walking;none,red_deer
S3_C2_E642_V0146_ID1_T1/S3_C2_E642_V0146_ID1_T1_c19.mp4,0.0,3.2,foraging,running;none,red_deer
S3_C2_E642_V0146_ID2_T1/S3_C2_E642_V0146_ID2_T1_c0.mp4,0.0,2.7666666666666666,grooming,standing_head_down;none,red_deer
S3_C2_E642_V0146_ID2_T1/S3_C2_E642_V0146_ID2_T1_c1.mp4,0.0,3.2333333333333334,grooming,scratching_body;none,red_deer
S3_C2_E642_V0146_ID2_T1/S3_C2_E642_V0146_ID2_T1_c2.mp4,0.0,14.033333333333333,grooming,standing_head_down;none,red_deer
S3_C2_E642_V0146_ID2_T1/S3_C2_E642_V0146_ID2_T1_c3.mp4,0.0,21.433333333333334,grooming,bathing;none,red_deer
S3_C2_E642_V0146_ID2_T1/S3_C2_E642_V0146_ID2_T1_c4.mp4,0.0,0.13333333333333333,grooming,standing_head_down;none,red_deer
S3_C2_E642_V0146_ID2_T1/S3_C2_E642_V0146_ID2_T1_c5.mp4,0.0,2.0,foraging,standing_head_down;none,red_deer
S3_C2_E642_V0146_ID2_T1/S3_C2_E642_V0146_ID2_T1_c6.mp4,0.0,1.2666666666666666,foraging,standing_head_up;none,red_deer
S3_C2_E642_V0146_ID2_T1/S3_C2_E642_V0146_ID2_T1_c7.mp4,0.0,1.9,foraging,standing_head_down;none,red_deer
S3_C2_E642_V0146_ID2_T1/S3_C2_E642_V0146_ID2_T1_c8.mp4,0.0,1.0666666666666667,foraging,walking;none,red_deer
S3_C2_E642_V0146_ID2_T1/S3_C2_E642_V0146_ID2_T1_c9.mp4,0.0,1.6333333333333333,foraging,sniffing;none,red_deer
S3_C2_E642_V0146_ID2_T1/S3_C2_E642_V0146_ID2_T1_c10.mp4,0.0,1.7333333333333334,foraging,standing_head_down;none,red_deer
S3_C2_E642_V0146_ID2_T1/S3_C2_E642_V0146_ID2_T1_c11.mp4,0.0,1.1333333333333333,foraging,walking;none,red_deer
S3_C2_E642_V0146_ID2_T1/S3_C2_E642_V0146_ID2_T1_c12.mp4,0.0,7.1,foraging,running;none,red_deer
S3_C2_E657_V0148_ID1_T1/S3_C2_E657_V0148_ID1_T1_c0.mp4,0.0,6.766666666666667,foraging,walking;none,red_deer
S3_C2_E657_V0148_ID1_T1/S3_C2_E657_V0148_ID1_T1_c1.mp4,0.0,7.1,foraging,drinking;none,red_deer
S3_C2_E657_V0148_ID1_T1/S3_C2_E657_V0148_ID1_T1_c2.mp4,0.0,5.6,foraging,standing_head_up;none,red_deer
S3_C2_E657_V0148_ID1_T1/S3_C2_E657_V0148_ID1_T1_c3.mp4,0.0,0.8,foraging,drinking;none,red_deer
S3_C2_E657_V0148_ID1_T1/S3_C2_E657_V0148_ID1_T1_c4.mp4,0.0,0.23333333333333334,foraging,standing_head_down;none,red_deer
S3_C2_E657_V0149_ID1_T1/S3_C2_E657_V0149_ID1_T1_c0.mp4,0.0,20.5,foraging,walking;none,red_deer
S3_C2_E672_V0168_ID1_T1/S3_C2_E672_V0168_ID1_T1_c0.mp4,0.0,6.3,foraging,walking;none,red_deer
S3_C2_E672_V0168_ID1_T1/S3_C2_E672_V0168_ID1_T1_c1.mp4,0.0,4.733333333333333,foraging,standing_head_down;none,red_deer
S3_C2_E672_V0168_ID1_T1/S3_C2_E672_V0168_ID1_T1_c2.mp4,0.0,3.6666666666666665,unknown,scratching_hoof;none,red_deer
S3_C2_E672_V0168_ID1_T1/S3_C2_E672_V0168_ID1_T1_c3.mp4,0.0,1.4,unknown,standing_head_down;none,red_deer
S3_C2_E672_V0168_ID1_T1/S3_C2_E672_V0168_ID1_T1_c4.mp4,0.0,3.1,grooming,bathing;none,red_deer
S3_C2_E672_V0168_ID1_T1/S3_C2_E672_V0168_ID1_T1_c5.mp4,0.0,1.3,grooming,bathing;scratching_antlers,red_deer
S3_C2_E673_V0169_ID1_T1/S3_C2_E673_V0169_ID1_T1_c0.mp4,0.0,2.9,foraging,walking;none,red_deer
S3_C2_E673_V0169_ID1_T1/S3_C2_E673_V0169_ID1_T1_c1.mp4,0.0,3.6,courtship,standing_head_up;vocalizing,red_deer
S3_C2_E673_V0169_ID1_T1/S3_C2_E673_V0169_ID1_T1_c2.mp4,0.0,1.4666666666666666,foraging,walking;none,red_deer
S3_C2_E684_V0170_ID1_T1/S3_C2_E684_V0170_ID1_T1_c0.mp4,0.0,1.4,vigilance,standing_head_up;none,red_deer
S3_C2_E684_V0170_ID1_T1/S3_C2_E684_V0170_ID1_T1_c1.mp4,0.0,3.3333333333333335,vigilance,walking;none,red_deer
S3_C2_E684_V0170_ID1_T1/S3_C2_E684_V0170_ID1_T1_c2.mp4,0.0,2.3,vigilance,standing_head_down;none,red_deer
S3_C2_E684_V0170_ID1_T1/S3_C2_E684_V0170_ID1_T1_c3.mp4,0.0,8.666666666666666,foraging,sniffing;none,red_deer
S3_C2_E684_V0170_ID1_T1/S3_C2_E684_V0170_ID1_T1_c4.mp4,0.0,3.2333333333333334,vigilance,standing_head_up;none,red_deer
S3_C2_E684_V0170_ID1_T1/S3_C2_E684_V0170_ID1_T1_c5.mp4,0.0,1.5666666666666667,foraging,sniffing;none,red_deer
S3_C2_E684_V0171_ID1_T1/S3_C2_E684_V0171_ID1_T1_c0.mp4,0.0,5.466666666666667,vigilance,standing_head_up;none,red_deer
S3_C2_E684_V0171_ID1_T1/S3_C2_E684_V0171_ID1_T1_c1.mp4,0.0,2.5,foraging,standing_head_down;none,red_deer
S3_C2_E684_V0171_ID1_T1/S3_C2_E684_V0171_ID1_T1_c2.mp4,0.0,2.7,foraging,walking;none,red_deer
S3_C2_E692_V0180_ID1_T1/S3_C2_E692_V0180_ID1_T1_c0.mp4,0.0,1.5333333333333334,vigilance,walking;none,red_deer
S3_C2_E692_V0180_ID1_T1/S3_C2_E692_V0180_ID1_T1_c1.mp4,0.0,7.6,vigilance,standing_head_up;none,red_deer
S3_C2_E692_V0180_ID1_T1/S3_C2_E692_V0180_ID1_T1_c2.mp4,0.0,3.4,foraging,standing_head_down;none,red_deer
S3_C2_E692_V0180_ID1_T1/S3_C2_E692_V0180_ID1_T1_c3.mp4,0.0,4.1,foraging,walking;none,red_deer
S3_C2_E692_V0180_ID1_T1/S3_C2_E692_V0180_ID1_T1_c4.mp4,0.0,4.5,foraging,standing_head_down;none,red_deer
S3_C2_E692_V0180_ID1_T1/S3_C2_E692_V0180_ID1_T1_c5.mp4,0.0,3.433333333333333,foraging,walking;none,red_deer
S3_C2_E692_V0180_ID1_T1/S3_C2_E692_V0180_ID1_T1_c6.mp4,0.0,27.1,foraging,drinking;none,red_deer
S3_C2_E692_V0180_ID1_T1/S3_C2_E692_V0180_ID1_T1_c7.mp4,0.0,8.833333333333334,foraging,standing_head_down;none,red_deer
S3_C2_E692_V0181_ID1_T1/S3_C2_E692_V0181_ID1_T1_c0.mp4,0.0,2.966666666666667,foraging,walking;none,red_deer
S3_C2_E692_V0181_ID1_T1/S3_C2_E692_V0181_ID1_T1_c1.mp4,0.0,5.733333333333333,foraging,grazing;none,red_deer
S3_C2_E692_V0181_ID1_T1/S3_C2_E692_V0181_ID1_T1_c2.mp4,0.0,4.266666666666667,foraging,grazing;defecating,red_deer
S3_C2_E692_V0181_ID1_T1/S3_C2_E692_V0181_ID1_T1_c3.mp4,0.0,2.466666666666667,foraging,standing_head_down;defecating,red_deer
S3_C2_E692_V0181_ID1_T1/S3_C2_E692_V0181_ID1_T1_c4.mp4,0.0,1.4666666666666666,foraging,grazing;defecating,red_deer
S3_C2_E692_V0181_ID1_T1/S3_C2_E692_V0181_ID1_T1_c5.mp4,0.0,0.7333333333333333,foraging,standing_head_down;defecating,red_deer
S3_C2_E692_V0181_ID1_T1/S3_C2_E692_V0181_ID1_T1_c6.mp4,0.0,4.5,vigilance,standing_head_up;defecating,red_deer
S3_C2_E692_V0181_ID1_T1/S3_C2_E692_V0181_ID1_T1_c7.mp4,0.0,1.2,foraging,standing_head_down;defecating,red_deer
S3_C2_E692_V0181_ID1_T1/S3_C2_E692_V0181_ID1_T1_c8.mp4,0.0,1.5666666666666667,marking,scratching_hoof;defecating,red_deer
S3_C2_E692_V0181_ID1_T1/S3_C2_E692_V0181_ID1_T1_c9.mp4,0.0,2.433333333333333,marking,scratching_hoof;none,red_deer
S3_C2_E692_V0181_ID1_T1/S3_C2_E692_V0181_ID1_T1_c10.mp4,0.0,5.733333333333333,marking,scratching_antlers;none,red_deer
S3_C2_E692_V0181_ID1_T1/S3_C2_E692_V0181_ID1_T1_c11.mp4,0.0,2.3333333333333335,marking,standing_head_up;none,red_deer
S3_C2_E692_V0181_ID1_T1/S3_C2_E692_V0181_ID1_T1_c12.mp4,0.0,5.1,marking,scratching_hoof;none,red_deer
S3_C2_E692_V0181_ID1_T1/S3_C2_E692_V0181_ID1_T1_c13.mp4,0.0,0.7666666666666667,marking,standing_head_up;none,red_deer
S3_C2_E692_V0181_ID1_T1/S3_C2_E692_V0181_ID1_T1_c14.mp4,0.0,3.6333333333333333,marking,scratching_hoof;none,red_deer
S3_C2_E692_V0181_ID1_T1/S3_C2_E692_V0181_ID1_T1_c15.mp4,0.0,9.2,marking,scratching_antlers;none,red_deer
S3_C2_E692_V0181_ID1_T1/S3_C2_E692_V0181_ID1_T1_c16.mp4,0.0,6.4,vigilance,standing_head_up;none,red_deer
S3_C2_E693_V0182_ID1_T1/S3_C2_E693_V0182_ID1_T1_c0.mp4,0.0,1.0333333333333334,courtship,standing_head_up;none,red_deer
S3_C2_E693_V0182_ID1_T1/S3_C2_E693_V0182_ID1_T1_c1.mp4,0.0,1.6333333333333333,courtship,standing_head_up;vocalizing,red_deer
S3_C2_E693_V0182_ID1_T1/S3_C2_E693_V0182_ID1_T1_c2.mp4,0.0,4.833333333333333,courtship,walking;none,red_deer
S3_C2_E693_V0182_ID1_T1/S3_C2_E693_V0182_ID1_T1_c3.mp4,0.0,8.9,vigilance,standing_head_up;none,red_deer
S3_C2_E693_V0182_ID1_T1/S3_C2_E693_V0182_ID1_T1_c4.mp4,0.0,0.4,unknown,unknown;none,red_deer
S3_C2_E693_V0182_ID1_T1/S3_C2_E693_V0182_ID1_T1_c5.mp4,0.0,14.233333333333333,vigilance,standing_head_up;none,red_deer
S3_C2_E693_V0182_ID1_T1/S3_C2_E693_V0182_ID1_T1_c6.mp4,0.0,6.766666666666667,courtship,walking;none,red_deer
S3_C2_E693_V0182_ID1_T1/S3_C2_E693_V0182_ID1_T1_c7.mp4,0.0,2.1,foraging,drinking;none,red_deer
S3_C2_E693_V0182_ID1_T1/S3_C2_E693_V0182_ID1_T1_c8.mp4,0.0,1.3,foraging,standing_head_down;none,red_deer
S3_C2_E693_V0182_ID1_T1/S3_C2_E693_V0182_ID1_T1_c9.mp4,0.0,4.233333333333333,courtship,walking;none,red_deer
S3_C2_E693_V0182_ID2_T1/S3_C2_E693_V0182_ID2_T1_c0.mp4,0.0,1.7666666666666666,foraging,walking;none,red_deer
S3_C2_E693_V0182_ID2_T1/S3_C2_E693_V0182_ID2_T1_c1.mp4,0.0,0.7666666666666667,foraging,unknown;none,red_deer
S3_C2_E693_V0182_ID2_T1/S3_C2_E693_V0182_ID2_T1_c2.mp4,0.0,1.5666666666666667,foraging,walking;none,red_deer
S3_C2_E693_V0182_ID2_T1/S3_C2_E693_V0182_ID2_T1_c3.mp4,0.0,5.466666666666667,foraging,unknown;none,red_deer
S3_C2_E693_V0182_ID3_T1/S3_C2_E693_V0182_ID3_T1_c0.mp4,0.0,2.3,vigilance,standing_head_up;none,red_deer
S3_C2_E693_V0182_ID3_T1/S3_C2_E693_V0182_ID3_T1_c1.mp4,0.0,1.9,escaping,running;none,red_deer
S3_C2_E693_V0182_ID3_T1/S3_C2_E693_V0182_ID3_T1_c2.mp4,0.0,2.3333333333333335,foraging,walking;none,red_deer
S3_C2_E693_V0182_ID3_T1/S3_C2_E693_V0182_ID3_T1_c3.mp4,0.0,3.3333333333333335,foraging,sniffing;none,red_deer
S3_C2_E693_V0182_ID3_T1/S3_C2_E693_V0182_ID3_T1_c4.mp4,0.0,1.2,vigilance,standing_head_up;none,red_deer
S3_C2_E693_V0182_ID3_T1/S3_C2_E693_V0182_ID3_T1_c5.mp4,0.0,1.7333333333333334,vigilance,walking;none,red_deer
S3_C2_E693_V0182_ID3_T1/S3_C2_E693_V0182_ID3_T1_c6.mp4,0.0,8.233333333333333,vigilance,standing_head_up;none,red_deer
S3_C2_E693_V0182_ID3_T1/S3_C2_E693_V0182_ID3_T1_c7.mp4,0.0,1.6,foraging,standing_head_down;none,red_deer
S3_C2_E693_V0182_ID3_T1/S3_C2_E693_V0182_ID3_T1_c8.mp4,0.0,2.2333333333333334,foraging,walking;none,red_deer
S3_C2_E693_V0182_ID3_T1/S3_C2_E693_V0182_ID3_T1_c9.mp4,0.0,6.5,foraging,sniffing;none,red_deer
S3_C2_E693_V0182_ID3_T1/S3_C2_E693_V0182_ID3_T1_c10.mp4,0.0,2.1,vigilance,standing_head_up;none,red_deer
S3_C2_E693_V0182_ID3_T1/S3_C2_E693_V0182_ID3_T1_c11.mp4,0.0,1.3666666666666667,vigilance,walking;none,red_deer
S3_C2_E693_V0182_ID3_T1/S3_C2_E693_V0182_ID3_T1_c12.mp4,0.0,3.3,vigilance,standing_head_up;none,red_deer
S3_C2_E693_V0182_ID3_T1/S3_C2_E693_V0182_ID3_T1_c13.mp4,0.0,0.4666666666666667,escaping,running;none,red_deer
S3_C2_E693_V0182_ID4_T1/S3_C2_E693_V0182_ID4_T1_c0.mp4,0.0,1.0,playing,scratching_hoof;none,red_deer
S3_C2_E693_V0182_ID4_T1/S3_C2_E693_V0182_ID4_T1_c1.mp4,0.0,1.4666666666666666,playing,standing_head_up;none,red_deer
S3_C2_E693_V0182_ID4_T1/S3_C2_E693_V0182_ID4_T1_c2.mp4,0.0,1.2666666666666666,foraging,walking;none,red_deer
S3_C2_E693_V0182_ID4_T1/S3_C2_E693_V0182_ID4_T1_c3.mp4,0.0,9.6,unknown,unknown;none,red_deer
S3_C2_E693_V0182_ID4_T1/S3_C2_E693_V0182_ID4_T1_c4.mp4,0.0,2.8666666666666667,foraging,standing_head_down;none,red_deer
S3_C2_E693_V0182_ID4_T1/S3_C2_E693_V0182_ID4_T1_c5.mp4,0.0,1.1666666666666667,unknown,unknown;none,red_deer
S3_C2_E693_V0182_ID4_T1/S3_C2_E693_V0182_ID4_T1_c6.mp4,0.0,3.033333333333333,foraging,standing_head_down;none,red_deer
S3_C2_E693_V0182_ID4_T1/S3_C2_E693_V0182_ID4_T1_c7.mp4,0.0,6.1,grooming,bathing;none,red_deer
S3_C2_E693_V0182_ID4_T1/S3_C2_E693_V0182_ID4_T1_c8.mp4,0.0,8.033333333333333,unknown,unknown;none,red_deer
S3_C2_E693_V0182_ID4_T1/S3_C2_E693_V0182_ID4_T1_c9.mp4,0.0,1.7333333333333334,escaping,running;none,red_deer
S3_C2_E693_V0182_ID4_T1/S3_C2_E693_V0182_ID4_T1_c10.mp4,0.0,1.5,foraging,sniffing;none,red_deer
S3_C2_E693_V0182_ID4_T1/S3_C2_E693_V0182_ID4_T1_c11.mp4,0.0,1.7,escaping,running;none,red_deer
S3_C2_E693_V0182_ID5_T1/S3_C2_E693_V0182_ID5_T1_c0.mp4,0.0,1.2,foraging,walking;none,red_deer
S3_C2_E693_V0182_ID5_T1/S3_C2_E693_V0182_ID5_T1_c1.mp4,0.0,1.5666666666666667,foraging,running;none,red_deer
S3_C2_E693_V0182_ID5_T1/S3_C2_E693_V0182_ID5_T1_c2.mp4,0.0,2.6333333333333333,foraging,walking;none,red_deer
S3_C2_E693_V0182_ID5_T1/S3_C2_E693_V0182_ID5_T1_c3.mp4,0.0,8.7,foraging,sniffing;none,red_deer
S3_C2_E693_V0182_ID5_T1/S3_C2_E693_V0182_ID5_T1_c4.mp4,0.0,1.7333333333333334,vigilance,standing_head_up;none,red_deer
S3_C2_E693_V0182_ID5_T1/S3_C2_E693_V0182_ID5_T1_c5.mp4,0.0,3.033333333333333,foraging,walking;none,red_deer
S3_C2_E693_V0182_ID5_T1/S3_C2_E693_V0182_ID5_T1_c6.mp4,0.0,6.533333333333333,vigilance,standing_head_up;none,red_deer
S3_C2_E693_V0182_ID5_T1/S3_C2_E693_V0182_ID5_T1_c7.mp4,0.0,9.333333333333334,vigilance,standing_head_up;defecating,red_deer
S3_C2_E693_V0182_ID5_T1/S3_C2_E693_V0182_ID5_T1_c8.mp4,0.0,2.033333333333333,foraging,walking;defecating,red_deer
S3_C2_E693_V0182_ID6_T1/S3_C2_E693_V0182_ID6_T1_c0.mp4,0.0,2.9,unknown,running;none,red_deer
S3_C2_E693_V0182_ID6_T1/S3_C2_E693_V0182_ID6_T1_c1.mp4,0.0,6.366666666666666,foraging,walking;none,red_deer
S3_C2_E693_V0182_ID8_T1/S3_C2_E693_V0182_ID8_T1_c0.mp4,0.0,1.8666666666666667,playing,running;none,red_deer
S3_C2_E693_V0182_ID8_T1/S3_C2_E693_V0182_ID8_T1_c1.mp4,0.0,2.3333333333333335,playing,jumping;none,red_deer
S3_C2_E693_V0182_ID8_T1/S3_C2_E693_V0182_ID8_T1_c2.mp4,0.0,0.36666666666666664,playing,standing_head_up;none,red_deer
S3_C2_E693_V0182_ID8_T1/S3_C2_E693_V0182_ID8_T1_c3.mp4,0.0,4.0,grooming,bathing;none,red_deer
S3_C2_E693_V0182_ID8_T1/S3_C2_E693_V0182_ID8_T1_c4.mp4,0.0,1.5666666666666667,playing,jumping;none,red_deer
S3_C2_E693_V0183_ID1_T1/S3_C2_E693_V0183_ID1_T1_c0.mp4,0.0,2.066666666666667,unknown,running;none,red_deer
S3_C2_E693_V0183_ID1_T1/S3_C2_E693_V0183_ID1_T1_c1.mp4,0.0,1.8333333333333333,unknown,walking;none,red_deer
S3_C2_E693_V0183_ID2_T1/S3_C2_E693_V0183_ID2_T1_c0.mp4,0.0,18.466666666666665,foraging,grazing;none,red_deer
S3_C2_E693_V0183_ID2_T1/S3_C2_E693_V0183_ID2_T1_c1.mp4,0.0,9.0,foraging,walking;none,red_deer
S3_C2_E693_V0183_ID2_T1/S3_C2_E693_V0183_ID2_T1_c2.mp4,0.0,5.733333333333333,foraging,walking;defecating,red_deer
S3_C2_E693_V0183_ID2_T1/S3_C2_E693_V0183_ID2_T1_c3.mp4,0.0,10.8,foraging,grazing;none,red_deer
S3_C2_E693_V0183_ID2_T1/S3_C2_E693_V0183_ID2_T1_c4.mp4,0.0,13.633333333333333,vigilance,standing_head_up;none,red_deer
S3_C2_E693_V0184_ID1_T1/S3_C2_E693_V0184_ID1_T1_c0.mp4,0.0,4.966666666666667,foraging,walking;none,red_deer
S3_C2_E693_V0184_ID2_T1/S3_C2_E693_V0184_ID2_T1_c0.mp4,0.0,1.4,courtship,running;none,red_deer
S3_C2_E698_V0185_ID1_T1/S3_C2_E698_V0185_ID1_T1_c0.mp4,0.0,5.666666666666667,foraging,walking;none,red_deer
S3_C2_E698_V0185_ID1_T1/S3_C2_E698_V0185_ID1_T1_c1.mp4,0.0,5.233333333333333,foraging,walking;defecating,red_deer
S3_C2_E698_V0185_ID1_T1/S3_C2_E698_V0185_ID1_T1_c2.mp4,0.0,8.6,foraging,walking;none,red_deer
S3_C2_E711_V0247_ID1_T1/S3_C2_E711_V0247_ID1_T1_c0.mp4,0.0,3.066666666666667,foraging,walking;none,red_deer
S3_C2_E711_V0247_ID1_T1/S3_C2_E711_V0247_ID1_T1_c1.mp4,0.0,15.133333333333333,foraging,standing_head_down;none,red_deer
S3_C2_E711_V0247_ID1_T1/S3_C2_E711_V0247_ID1_T1_c2.mp4,0.0,2.2666666666666666,foraging,standing_head_up;none,red_deer
S3_C2_E712_V0248_ID1_T1/S3_C2_E712_V0248_ID1_T1_c0.mp4,0.0,2.033333333333333,foraging,walking;none,red_deer
S3_C2_E712_V0248_ID1_T1/S3_C2_E712_V0248_ID1_T1_c1.mp4,0.0,5.1,grooming,bathing;none,red_deer
S3_C2_E712_V0248_ID1_T1/S3_C2_E712_V0248_ID1_T1_c2.mp4,0.0,4.133333333333334,vigilance,standing_head_up;none,red_deer
S3_C2_E712_V0248_ID1_T1/S3_C2_E712_V0248_ID1_T1_c3.mp4,0.0,5.466666666666667,vigilance,standing_head_down;none,red_deer
S3_C2_E712_V0248_ID1_T1/S3_C2_E712_V0248_ID1_T1_c4.mp4,0.0,10.066666666666666,vigilance,standing_head_up;none,red_deer
S3_C2_E712_V0248_ID1_T1/S3_C2_E712_V0248_ID1_T1_c5.mp4,0.0,0.5666666666666667,foraging,walking;none,red_deer
S3_C2_E712_V0248_ID1_T1/S3_C2_E712_V0248_ID1_T1_c6.mp4,0.0,3.5,foraging,sniffing;none,red_deer
S3_C2_E712_V0248_ID1_T1/S3_C2_E712_V0248_ID1_T1_c7.mp4,0.0,1.5333333333333334,foraging,standing_head_down;none,red_deer
S3_C2_E712_V0248_ID1_T1/S3_C2_E712_V0248_ID1_T1_c8.mp4,0.0,11.233333333333333,foraging,walking;none,red_deer
S3_C2_E712_V0248_ID1_T1/S3_C2_E712_V0248_ID1_T1_c9.mp4,0.0,16.866666666666667,resting,laying;none,red_deer
S3_C2_E712_V0248_ID2_T1/S3_C2_E712_V0248_ID2_T1_c0.mp4,0.0,1.0333333333333334,foraging,standing_head_down;none,red_deer
S3_C2_E712_V0248_ID2_T1/S3_C2_E712_V0248_ID2_T1_c1.mp4,0.0,59.43333333333333,foraging,bathing;none,red_deer
S3_C2_E712_V0248_ID2_T1/S3_C2_E712_V0248_ID2_T1_c2.mp4,0.0,0.03333333333333333,grooming,bathing;none,red_deer
S3_C2_E712_V0249_ID1_T1/S3_C2_E712_V0249_ID1_T1_c0.mp4,0.0,13.833333333333334,foraging,standing_head_down;none,red_deer
S3_C2_E712_V0249_ID1_T1/S3_C2_E712_V0249_ID1_T1_c1.mp4,0.0,3.2,grooming,shaking_fur;none,red_deer
S3_C2_E712_V0249_ID1_T1/S3_C2_E712_V0249_ID1_T1_c2.mp4,0.0,14.566666666666666,foraging,standing_head_down;none,red_deer
S3_C2_E712_V0249_ID1_T1/S3_C2_E712_V0249_ID1_T1_c3.mp4,0.0,8.5,foraging,sniffing;none,red_deer
S3_C2_E712_V0249_ID1_T1/S3_C2_E712_V0249_ID1_T1_c4.mp4,0.0,1.3666666666666667,foraging,standing_head_down;none,red_deer
S3_C2_E712_V0249_ID1_T1/S3_C2_E712_V0249_ID1_T1_c5.mp4,0.0,2.5,foraging,walking;none,red_deer
S3_C2_E717_V0260_ID1_T1/S3_C2_E717_V0260_ID1_T1_c0.mp4,0.0,12.666666666666666,foraging,walking;none,red_deer
S3_C2_E717_V0260_ID1_T1/S3_C2_E717_V0260_ID1_T1_c1.mp4,0.0,7.833333333333333,foraging,standing_head_down;none,red_deer
S3_C2_E717_V0261_ID1_T1/S3_C2_E717_V0261_ID1_T1_c0.mp4,0.0,2.1,foraging,walking;none,red_deer
S3_C2_E718_V0262_ID1_T1/S3_C2_E718_V0262_ID1_T1_c0.mp4,0.0,14.9,foraging,walking;none,red_deer
S3_C2_E718_V0262_ID1_T1/S3_C2_E718_V0262_ID1_T1_c1.mp4,0.0,5.6,foraging,standing_head_down;none,red_deer
S3_C2_E718_V0263_ID1_T1/S3_C2_E718_V0263_ID1_T1_c0.mp4,0.0,1.7666666666666666,foraging,walking;none,red_deer
S3_C2_E718_V0263_ID1_T1/S3_C2_E718_V0263_ID1_T1_c1.mp4,0.0,6.166666666666667,foraging,standing_head_down;none,red_deer
S3_C2_E718_V0263_ID1_T1/S3_C2_E718_V0263_ID1_T1_c2.mp4,0.0,12.566666666666666,marking,scratching_antlers;none,red_deer
S3_C2_E718_V0264_ID1_T1/S3_C2_E718_V0264_ID1_T1_c0.mp4,0.0,2.8,marking,scratching_antlers;none,red_deer
S3_C2_E718_V0264_ID1_T1/S3_C2_E718_V0264_ID1_T1_c1.mp4,0.0,8.2,marking,standing_head_down;none,red_deer
S3_C2_E718_V0264_ID1_T1/S3_C2_E718_V0264_ID1_T1_c2.mp4,0.0,9.5,marking,scratching_antlers;none,red_deer
S3_C2_E718_V0265_ID1_T1/S3_C2_E718_V0265_ID1_T1_c0.mp4,0.0,8.533333333333333,marking,scratching_antlers;none,red_deer
S3_C2_E718_V0265_ID1_T1/S3_C2_E718_V0265_ID1_T1_c1.mp4,0.0,1.9333333333333333,marking,bathing;none,red_deer
S3_C2_E718_V0265_ID1_T1/S3_C2_E718_V0265_ID1_T1_c2.mp4,0.0,10.033333333333333,marking,bathing;scratching_antlers,red_deer
S3_C2_E718_V0266_ID1_T1/S3_C2_E718_V0266_ID1_T1_c0.mp4,0.0,20.133333333333333,foraging,laying;none,red_deer
S3_C2_E718_V0266_ID1_T1/S3_C2_E718_V0266_ID1_T1_c1.mp4,0.0,0.36666666666666664,resting,laying;none,red_deer
S3_C2_E718_V0267_ID1_T1/S3_C2_E718_V0267_ID1_T1_c0.mp4,0.0,20.5,resting,laying;none,red_deer
S3_C2_E718_V0268_ID1_T1/S3_C2_E718_V0268_ID1_T1_c0.mp4,0.0,5.4,foraging,walking;none,red_deer
S3_C2_E718_V0268_ID1_T1/S3_C2_E718_V0268_ID1_T1_c1.mp4,0.0,1.5333333333333334,foraging,standing_head_down;none,red_deer
S3_C2_E718_V0268_ID1_T1/S3_C2_E718_V0268_ID1_T1_c2.mp4,0.0,13.566666666666666,foraging,drinking;none,red_deer
S3_C2_E719_V0269_ID1_T1/S3_C2_E719_V0269_ID1_T1_c0.mp4,0.0,1.5,foraging,walking;none,red_deer
S3_C2_E719_V0269_ID1_T1/S3_C2_E719_V0269_ID1_T1_c1.mp4,0.0,2.433333333333333,foraging,sniffing;none,red_deer
S3_C2_E719_V0269_ID1_T1/S3_C2_E719_V0269_ID1_T1_c2.mp4,0.0,3.466666666666667,foraging,walking;none,red_deer
S3_C2_E719_V0269_ID1_T1/S3_C2_E719_V0269_ID1_T1_c3.mp4,0.0,13.1,foraging,grazing;none,red_deer
S3_C2_E719_V0270_ID1_T1/S3_C2_E719_V0270_ID1_T1_c0.mp4,0.0,20.5,foraging,grazing;none,red_deer
S3_C2_E719_V0271_ID1_T1/S3_C2_E719_V0271_ID1_T1_c0.mp4,0.0,1.4,foraging,walking;none,red_deer
S3_C2_E719_V0272_ID1_T1/S3_C2_E719_V0272_ID1_T1_c0.mp4,0.0,2.466666666666667,foraging,standing_head_down;none,red_deer
S3_C2_E719_V0272_ID1_T1/S3_C2_E719_V0272_ID1_T1_c1.mp4,0.0,1.8666666666666667,foraging,walking;none,red_deer
S3_C2_E719_V0273_ID1_T1/S3_C2_E719_V0273_ID1_T1_c0.mp4,0.0,1.5666666666666667,foraging,walking;none,red_deer
S3_C2_E719_V0273_ID1_T1/S3_C2_E719_V0273_ID1_T1_c1.mp4,0.0,0.7,foraging,standing_head_down;none,red_deer
S3_C2_E719_V0274_ID1_T1/S3_C2_E719_V0274_ID1_T1_c0.mp4,0.0,1.9666666666666666,foraging,drinking;none,red_deer
S3_C2_E719_V0275_ID1_T1/S3_C2_E719_V0275_ID1_T1_c0.mp4,0.0,6.633333333333334,foraging,standing_head_down;none,red_deer
S3_C2_E719_V0275_ID1_T1/S3_C2_E719_V0275_ID1_T1_c1.mp4,0.0,5.333333333333333,unknown,unknown;none,red_deer
S3_C2_E719_V0276_ID1_T1/S3_C2_E719_V0276_ID1_T1_c0.mp4,0.0,3.4,foraging,walking;none,red_deer
S3_C2_E720_V0277_ID1_T1/S3_C2_E720_V0277_ID1_T1_c0.mp4,0.0,2.566666666666667,foraging,walking;none,red_deer
S3_C2_E720_V0277_ID1_T1/S3_C2_E720_V0277_ID1_T1_c1.mp4,0.0,5.833333333333333,foraging,standing_head_down;none,red_deer
S3_C2_E720_V0277_ID1_T1/S3_C2_E720_V0277_ID1_T1_c2.mp4,0.0,5.5,vigilance,standing_head_up;none,red_deer
S3_C2_E720_V0277_ID1_T1/S3_C2_E720_V0277_ID1_T1_c3.mp4,0.0,4.266666666666667,foraging,sniffing;none,red_deer
S3_C2_E720_V0277_ID1_T1/S3_C2_E720_V0277_ID1_T1_c4.mp4,0.0,2.3333333333333335,vigilance,walking;none,red_deer
S3_C2_E720_V0278_ID1_T1/S3_C2_E720_V0278_ID1_T1_c0.mp4,0.0,2.8666666666666667,vigilance,walking;none,red_deer
S3_C2_E720_V0278_ID1_T1/S3_C2_E720_V0278_ID1_T1_c1.mp4,0.0,3.3666666666666667,foraging,walking;none,red_deer
S3_C2_E721_V0279_ID1_T1/S3_C2_E721_V0279_ID1_T1_c0.mp4,0.0,3.066666666666667,foraging,walking;none,red_deer
S3_C2_E722_V0280_ID1_T1/S3_C2_E722_V0280_ID1_T1_c0.mp4,0.0,5.8,foraging,drinking;none,red_deer
S3_C2_E722_V0280_ID1_T1/S3_C2_E722_V0280_ID1_T1_c1.mp4,0.0,5.933333333333334,foraging,standing_head_down;none,red_deer
S3_C2_E722_V0280_ID1_T1/S3_C2_E722_V0280_ID1_T1_c2.mp4,0.0,3.7,foraging,walking;none,red_deer
S3_C2_E722_V0280_ID1_T1/S3_C2_E722_V0280_ID1_T1_c3.mp4,0.0,0.6333333333333333,unknown,unknown;none,red_deer
S3_C2_E722_V0280_ID1_T1/S3_C2_E722_V0280_ID1_T1_c4.mp4,0.0,4.9,courtship,standing_head_up;vocalizing,red_deer
S3_C2_E722_V0280_ID1_T1/S3_C2_E722_V0280_ID1_T1_c5.mp4,0.0,3.5,unknown,unknown;none,red_deer
S3_C2_E722_V0280_ID1_T1/S3_C2_E722_V0280_ID1_T1_c6.mp4,0.0,6.233333333333333,vigilance,standing_head_up;none,red_deer
S3_C2_E722_V0280_ID1_T1/S3_C2_E722_V0280_ID1_T1_c7.mp4,0.0,7.866666666666666,unknown,unknown;none,red_deer
S3_C2_E722_V0280_ID1_T1/S3_C2_E722_V0280_ID1_T1_c8.mp4,0.0,4.6,grooming,shaking_fur;none,red_deer
S3_C2_E722_V0280_ID1_T1/S3_C2_E722_V0280_ID1_T1_c9.mp4,0.0,4.666666666666667,foraging,walking;none,red_deer
S3_C2_E723_V0281_ID1_T1/S3_C2_E723_V0281_ID1_T1_c0.mp4,0.0,1.2333333333333334,foraging,standing_head_down;none,red_deer
S3_C2_E723_V0281_ID1_T1/S3_C2_E723_V0281_ID1_T1_c1.mp4,0.0,4.566666666666666,foraging,sniffing;none,red_deer
S3_C2_E723_V0281_ID1_T1/S3_C2_E723_V0281_ID1_T1_c2.mp4,0.0,0.9333333333333333,foraging,standing_head_down;none,red_deer
S3_C2_E723_V0281_ID1_T1/S3_C2_E723_V0281_ID1_T1_c3.mp4,0.0,3.7333333333333334,foraging,walking;none,red_deer
S3_C2_E723_V0281_ID1_T1/S3_C2_E723_V0281_ID1_T1_c4.mp4,0.0,2.3,foraging,standing_head_down;none,red_deer
S3_C2_E723_V0281_ID1_T1/S3_C2_E723_V0281_ID1_T1_c5.mp4,0.0,2.2333333333333334,grooming,shaking_fur;none,red_deer
S3_C2_E723_V0282_ID1_T1/S3_C2_E723_V0282_ID1_T1_c0.mp4,0.0,2.0,foraging,walking;none,red_deer
S3_C2_E723_V0283_ID1_T1/S3_C2_E723_V0283_ID1_T1_c0.mp4,0.0,1.8,foraging,walking;none,red_deer
S3_C2_E723_V0283_ID1_T1/S3_C2_E723_V0283_ID1_T1_c1.mp4,0.0,3.3,foraging,standing_head_down;none,red_deer
S3_C2_E723_V0283_ID1_T1/S3_C2_E723_V0283_ID1_T1_c2.mp4,0.0,0.03333333333333333,vigilance,standing_head_down;none,red_deer
S3_C2_E723_V0283_ID1_T1/S3_C2_E723_V0283_ID1_T1_c3.mp4,0.0,3.8666666666666667,vigilance,standing_head_up;none,red_deer
S3_C2_E723_V0284_ID1_T1/S3_C2_E723_V0284_ID1_T1_c0.mp4,0.0,4.0,vigilance,standing_head_up;none,red_deer
S3_C2_E723_V0285_ID1_T1/S3_C2_E723_V0285_ID1_T1_c0.mp4,0.0,1.5,vigilance,standing_head_up;none,red_deer
S3_C2_E723_V0286_ID1_T1/S3_C2_E723_V0286_ID1_T1_c0.mp4,0.0,3.0,vigilance,standing_head_up;none,red_deer
S3_C2_E723_V0287_ID1_T1/S3_C2_E723_V0287_ID1_T1_c0.mp4,0.0,0.9,foraging,walking;none,red_deer
S3_C2_E723_V0287_ID1_T1/S3_C2_E723_V0287_ID1_T1_c1.mp4,0.0,3.466666666666667,foraging,sniffing;none,red_deer
S3_C2_E723_V0287_ID1_T1/S3_C2_E723_V0287_ID1_T1_c2.mp4,0.0,0.7666666666666667,foraging,standing_head_down;none,red_deer
S3_C2_E723_V0287_ID1_T1/S3_C2_E723_V0287_ID1_T1_c3.mp4,0.0,0.36666666666666664,foraging,standing_head_up;none,red_deer
S3_C2_E723_V0288_ID1_T1/S3_C2_E723_V0288_ID1_T1_c0.mp4,0.0,1.5,vigilance,standing_head_up;none,red_deer
S3_C2_E723_V0289_ID1_T1/S3_C2_E723_V0289_ID1_T1_c0.mp4,0.0,1.0333333333333334,vigilance,walking;none,red_deer
S3_C2_E723_V0289_ID1_T1/S3_C2_E723_V0289_ID1_T1_c1.mp4,0.0,0.23333333333333334,vigilance,walking;looking_at_camera,red_deer
S3_C2_E723_V0289_ID1_T1/S3_C2_E723_V0289_ID1_T1_c2.mp4,0.0,0.4,vigilance,walking;none,red_deer
S3_C2_E723_V0290_ID1_T1/S3_C2_E723_V0290_ID1_T1_c0.mp4,0.0,1.2333333333333334,foraging,walking;none,red_deer
S3_C2_E723_V0293_ID1_T1/S3_C2_E723_V0293_ID1_T1_c0.mp4,0.0,2.0,unknown,unknown;none,red_deer
S3_C2_E723_V0294_ID1_T1/S3_C2_E723_V0294_ID1_T1_c0.mp4,0.0,1.5,unknown,unknown;none,red_deer
S3_C2_E723_V0295_ID1_T1/S3_C2_E723_V0295_ID1_T1_c0.mp4,0.0,2.0,unknown,unknown;none,red_deer
S3_C2_E723_V0298_ID1_T1/S3_C2_E723_V0298_ID1_T1_c0.mp4,0.0,6.5,vigilance,walking;none,red_deer
S3_C2_E723_V0298_ID2_T1/S3_C2_E723_V0298_ID2_T1_c0.mp4,0.0,0.5666666666666667,vigilance,standing_head_down;none,red_deer
S3_C2_E723_V0298_ID2_T1/S3_C2_E723_V0298_ID2_T1_c1.mp4,0.0,4.666666666666667,vigilance,standing_head_up;none,red_deer
S3_C2_E723_V0299_ID1_T1/S3_C2_E723_V0299_ID1_T1_c0.mp4,0.0,2.0,vigilance,standing_head_up;none,red_deer
S3_C2_E723_V0300_ID1_T1/S3_C2_E723_V0300_ID1_T1_c0.mp4,0.0,2.6333333333333333,unknown,walking;none,red_deer
S3_C2_E723_V0301_ID1_T1/S3_C2_E723_V0301_ID1_T1_c0.mp4,0.0,4.0,foraging,walking;none,red_deer
S3_C2_E723_V0302_ID1_T1/S3_C2_E723_V0302_ID1_T1_c0.mp4,0.0,1.5,vigilance,walking;none,red_deer
S3_C2_E724_V0303_ID1_T1/S3_C2_E724_V0303_ID1_T1_c0.mp4,0.0,2.4,foraging,walking;none,red_deer
S3_C2_E724_V0303_ID1_T1/S3_C2_E724_V0303_ID1_T1_c1.mp4,0.0,7.1,foraging,grazing;none,red_deer
S3_C2_E724_V0304_ID1_T1/S3_C2_E724_V0304_ID1_T1_c0.mp4,0.0,6.5,foraging,standing_head_up;none,red_deer
S3_C2_E724_V0305_ID1_T1/S3_C2_E724_V0305_ID1_T1_c0.mp4,0.0,4.766666666666667,foraging,standing_head_down;none,red_deer
S3_C2_E724_V0306_ID1_T1/S3_C2_E724_V0306_ID1_T1_c0.mp4,0.0,1.2,unknown,running;none,red_deer
S3_C2_E724_V0306_ID1_T1/S3_C2_E724_V0306_ID1_T1_c1.mp4,0.0,5.3,vigilance,standing_head_up;none,red_deer
S3_C2_E725_V0307_ID1_T1/S3_C2_E725_V0307_ID1_T1_c0.mp4,0.0,2.6666666666666665,foraging,sniffing;none,red_deer
S3_C2_E725_V0307_ID1_T1/S3_C2_E725_V0307_ID1_T1_c1.mp4,0.0,1.4,foraging,standing_head_down;none,red_deer
S3_C2_E725_V0307_ID1_T1/S3_C2_E725_V0307_ID1_T1_c2.mp4,0.0,2.7,foraging,walking;none,red_deer
S3_C2_E725_V0308_ID1_T1/S3_C2_E725_V0308_ID1_T1_c0.mp4,0.0,1.1,foraging,standing_head_up;none,red_deer
S3_C2_E725_V0308_ID1_T1/S3_C2_E725_V0308_ID1_T1_c1.mp4,0.0,0.7333333333333333,foraging,walking;none,red_deer
S3_C2_E725_V0309_ID1_T1/S3_C2_E725_V0309_ID1_T1_c0.mp4,0.0,1.9666666666666666,foraging,walking;none,red_deer
S3_C2_E725_V0310_ID1_T1/S3_C2_E725_V0310_ID1_T1_c0.mp4,0.0,2.8,courtship,running;vocalizing,red_deer
S3_C2_E726_V0311_ID1_T1/S3_C2_E726_V0311_ID1_T1_c0.mp4,0.0,1.5,foraging,standing_head_down;none,red_deer
S3_C2_E726_V0311_ID1_T1/S3_C2_E726_V0311_ID1_T1_c1.mp4,0.0,2.066666666666667,courtship,standing_head_up;vocalizing,red_deer
S3_C2_E727_V0315_ID1_T1/S3_C2_E727_V0315_ID1_T1_c0.mp4,0.0,3.566666666666667,foraging,walking;none,red_deer
S3_C2_E727_V0316_ID1_T1/S3_C2_E727_V0316_ID1_T1_c0.mp4,0.0,2.7333333333333334,foraging,walking;none,red_deer
S3_C2_E729_V0318_ID1_T1/S3_C2_E729_V0318_ID1_T1_c0.mp4,0.0,2.066666666666667,foraging,walking;none,red_deer
S3_C2_E729_V0318_ID1_T1/S3_C2_E729_V0318_ID1_T1_c1.mp4,0.0,1.5666666666666667,foraging,sniffing;none,red_deer
S3_C2_E729_V0318_ID1_T1/S3_C2_E729_V0318_ID1_T1_c2.mp4,0.0,3.466666666666667,foraging,walking;none,red_deer
S3_C2_E729_V0318_ID1_T1/S3_C2_E729_V0318_ID1_T1_c3.mp4,0.0,2.2,foraging,drinking;none,red_deer
S3_C2_E729_V0318_ID1_T1/S3_C2_E729_V0318_ID1_T1_c4.mp4,0.0,5.4,foraging,standing_head_down;none,red_deer
S3_C2_E729_V0318_ID1_T1/S3_C2_E729_V0318_ID1_T1_c5.mp4,0.0,1.2333333333333334,foraging,standing_head_up;none,red_deer
S3_C2_E729_V0318_ID1_T1/S3_C2_E729_V0318_ID1_T1_c6.mp4,0.0,3.5,courtship,standing_head_up;vocalizing,red_deer
S3_C2_E729_V0318_ID1_T1/S3_C2_E729_V0318_ID1_T1_c7.mp4,0.0,37.03333333333333,vigilance,standing_head_up;none,red_deer
S3_C2_E729_V0318_ID1_T1/S3_C2_E729_V0318_ID1_T1_c8.mp4,0.0,4.033333333333333,courtship,standing_head_up;vocalizing,red_deer
S3_C2_E729_V0319_ID1_T1/S3_C2_E729_V0319_ID1_T1_c0.mp4,0.0,0.23333333333333334,foraging,standing_head_up;none,red_deer
S3_C2_E729_V0319_ID1_T1/S3_C2_E729_V0319_ID1_T1_c1.mp4,0.0,6.0,grooming,scratching_body;none,red_deer
S3_C2_E729_V0319_ID1_T1/S3_C2_E729_V0319_ID1_T1_c2.mp4,0.0,3.933333333333333,vigilance,standing_head_up;none,red_deer
S3_C2_E729_V0319_ID1_T1/S3_C2_E729_V0319_ID1_T1_c3.mp4,0.0,9.533333333333333,marking,scratching_antlers;none,red_deer
S3_C2_E729_V0319_ID1_T1/S3_C2_E729_V0319_ID1_T1_c4.mp4,0.0,3.7666666666666666,vigilance,standing_head_up;none,red_deer
S3_C2_E729_V0319_ID1_T1/S3_C2_E729_V0319_ID1_T1_c5.mp4,0.0,7.666666666666667,courtship,standing_head_up;vocalizing,red_deer
S3_C2_E729_V0319_ID1_T1/S3_C2_E729_V0319_ID1_T1_c6.mp4,0.0,5.7,vigilance,standing_head_up;none,red_deer
S3_C2_E729_V0319_ID1_T1/S3_C2_E729_V0319_ID1_T1_c7.mp4,0.0,1.6666666666666667,foraging,walking;none,red_deer
S3_C2_E729_V0319_ID1_T1/S3_C2_E729_V0319_ID1_T1_c8.mp4,0.0,2.3,foraging,standing_head_down;none,red_deer
S3_C2_E729_V0319_ID1_T1/S3_C2_E729_V0319_ID1_T1_c9.mp4,0.0,10.966666666666667,marking,scratching_antlers;none,red_deer
S3_C2_E729_V0319_ID1_T1/S3_C2_E729_V0319_ID1_T1_c10.mp4,0.0,4.5,vigilance,standing_head_up;none,red_deer
S3_C2_E729_V0319_ID1_T1/S3_C2_E729_V0319_ID1_T1_c11.mp4,0.0,3.6666666666666665,marking,scratching_antlers;none,red_deer
S3_C2_E729_V0319_ID1_T1/S3_C2_E729_V0319_ID1_T1_c12.mp4,0.0,0.5666666666666667,vigilance,standing_head_up;none,red_deer
S3_C2_E729_V0320_ID1_T1/S3_C2_E729_V0320_ID1_T1_c0.mp4,0.0,2.6333333333333333,foraging,walking;none,red_deer
S3_C2_E729_V0320_ID1_T1/S3_C2_E729_V0320_ID1_T1_c1.mp4,0.0,8.5,unknown,unknown;none,red_deer
S3_C2_E729_V0320_ID2_T1/S3_C2_E729_V0320_ID2_T1_c0.mp4,0.0,12.366666666666667,vigilance,walking;none,red_deer
S3_C2_E729_V0320_ID2_T1/S3_C2_E729_V0320_ID2_T1_c1.mp4,0.0,5.3,vigilance,standing_head_up;none,red_deer
S3_C2_E730_V0321_ID1_T1/S3_C2_E730_V0321_ID1_T1_c0.mp4,0.0,2.2666666666666666,foraging,walking;none,red_deer
S3_C2_E730_V0321_ID1_T1/S3_C2_E730_V0321_ID1_T1_c1.mp4,0.0,4.566666666666666,courtship,standing_head_up;vocalizing,red_deer
S3_C2_E730_V0321_ID1_T1/S3_C2_E730_V0321_ID1_T1_c2.mp4,0.0,3.7333333333333334,vigilance,standing_head_up;none,red_deer
S3_C2_E730_V0321_ID1_T1/S3_C2_E730_V0321_ID1_T1_c3.mp4,0.0,3.6666666666666665,foraging,walking;none,red_deer
S3_C2_E730_V0321_ID1_T1/S3_C2_E730_V0321_ID1_T1_c4.mp4,0.0,1.9666666666666666,foraging,standing_head_down;none,red_deer
S3_C2_E730_V0321_ID1_T1/S3_C2_E730_V0321_ID1_T1_c5.mp4,0.0,4.3,grooming,shaking_fur;none,red_deer
S3_C2_E730_V0321_ID1_T1/S3_C2_E730_V0321_ID1_T1_c6.mp4,0.0,1.1666666666666667,foraging,standing_head_up;none,red_deer
S3_C2_E730_V0321_ID1_T1/S3_C2_E730_V0321_ID1_T1_c7.mp4,0.0,3.6666666666666665,foraging,walking;none,red_deer
S3_C2_E730_V0321_ID1_T1/S3_C2_E730_V0321_ID1_T1_c8.mp4,0.0,0.6666666666666666,foraging,drinking;none,red_deer
S3_C2_E730_V0321_ID1_T1/S3_C2_E730_V0321_ID1_T1_c9.mp4,0.0,0.5666666666666667,foraging,standing_head_down;none,red_deer
S3_C2_E730_V0321_ID1_T1/S3_C2_E730_V0321_ID1_T1_c10.mp4,0.0,1.8333333333333333,marking,scratching_antlers;none,red_deer
S3_C2_E730_V0321_ID1_T1/S3_C2_E730_V0321_ID1_T1_c11.mp4,0.0,2.3,foraging,standing_head_down;none,red_deer
S3_C2_E730_V0321_ID1_T1/S3_C2_E730_V0321_ID1_T1_c12.mp4,0.0,1.9333333333333333,foraging,drinking;none,red_deer
S3_C2_E730_V0321_ID1_T1/S3_C2_E730_V0321_ID1_T1_c13.mp4,0.0,2.3,foraging,standing_head_down;none,red_deer
S3_C2_E730_V0321_ID1_T1/S3_C2_E730_V0321_ID1_T1_c14.mp4,0.0,2.7,marking,scratching_hoof;none,red_deer
S3_C2_E730_V0321_ID1_T1/S3_C2_E730_V0321_ID1_T1_c15.mp4,0.0,8.0,marking,scratching_antlers;none,red_deer
S3_C2_E730_V0321_ID1_T1/S3_C2_E730_V0321_ID1_T1_c16.mp4,0.0,1.9,grooming,standing_head_up;none,red_deer
S3_C2_E730_V0321_ID1_T1/S3_C2_E730_V0321_ID1_T1_c17.mp4,0.0,2.3666666666666667,grooming,scratching_body;none,red_deer
S3_C2_E730_V0321_ID1_T1/S3_C2_E730_V0321_ID1_T1_c18.mp4,0.0,0.9,vigilance,standing_head_down;none,red_deer
S3_C2_E730_V0321_ID1_T1/S3_C2_E730_V0321_ID1_T1_c19.mp4,0.0,8.033333333333333,vigilance,standing_head_up;none,red_deer
S3_C2_E730_V0321_ID1_T1/S3_C2_E730_V0321_ID1_T1_c20.mp4,0.0,1.6666666666666667,courtship,standing_head_up;vocalizing,red_deer
S3_C2_E730_V0322_ID1_T1/S3_C2_E730_V0322_ID1_T1_c0.mp4,0.0,2.4,courtship,standing_head_up;vocalizing,red_deer
S3_C2_E730_V0322_ID1_T1/S3_C2_E730_V0322_ID1_T1_c1.mp4,0.0,4.6,vigilance,standing_head_up;none,red_deer
S3_C2_E730_V0322_ID1_T1/S3_C2_E730_V0322_ID1_T1_c2.mp4,0.0,1.0,foraging,standing_head_down;none,red_deer
S3_C2_E730_V0322_ID1_T1/S3_C2_E730_V0322_ID1_T1_c3.mp4,0.0,5.633333333333334,foraging,sniffing;none,red_deer
S3_C2_E730_V0322_ID1_T1/S3_C2_E730_V0322_ID1_T1_c4.mp4,0.0,3.1,foraging,standing_head_down;none,red_deer
S3_C2_E730_V0322_ID1_T1/S3_C2_E730_V0322_ID1_T1_c5.mp4,0.0,2.966666666666667,foraging,standing_head_up;none,red_deer
S3_C2_E730_V0322_ID1_T1/S3_C2_E730_V0322_ID1_T1_c6.mp4,0.0,2.2333333333333334,foraging,walking;none,red_deer
S3_C2_E730_V0322_ID1_T1/S3_C2_E730_V0322_ID1_T1_c7.mp4,0.0,2.0,foraging,sniffing;none,red_deer
S3_C2_E730_V0322_ID1_T1/S3_C2_E730_V0322_ID1_T1_c8.mp4,0.0,1.7,foraging,standing_head_down;none,red_deer
S3_C2_E730_V0322_ID1_T1/S3_C2_E730_V0322_ID1_T1_c9.mp4,0.0,13.233333333333333,vigilance,standing_head_up;none,red_deer
S3_C2_E730_V0322_ID1_T1/S3_C2_E730_V0322_ID1_T1_c10.mp4,0.0,4.4,courtship,standing_head_up;vocalizing,red_deer
S3_C2_E730_V0322_ID1_T1/S3_C2_E730_V0322_ID1_T1_c11.mp4,0.0,5.233333333333333,vigilance,standing_head_up;none,red_deer
S3_C2_E730_V0322_ID1_T1/S3_C2_E730_V0322_ID1_T1_c12.mp4,0.0,2.8,foraging,standing_head_down;none,red_deer
S3_C2_E730_V0322_ID1_T1/S3_C2_E730_V0322_ID1_T1_c13.mp4,0.0,0.7,foraging,sniffing;none,red_deer
S3_C2_E730_V0322_ID1_T1/S3_C2_E730_V0322_ID1_T1_c14.mp4,0.0,4.833333333333333,vigilance,standing_head_up;none,red_deer
S3_C2_E730_V0322_ID1_T1/S3_C2_E730_V0322_ID1_T1_c15.mp4,0.0,3.6666666666666665,foraging,walking;none,red_deer
S3_C2_E730_V0323_ID1_T1/S3_C2_E730_V0323_ID1_T1_c0.mp4,0.0,0.7,foraging,standing_head_up;none,red_deer
S3_C2_E730_V0323_ID1_T1/S3_C2_E730_V0323_ID1_T1_c1.mp4,0.0,1.5333333333333334,foraging,sniffing;none,red_deer
S3_C2_E730_V0323_ID1_T1/S3_C2_E730_V0323_ID1_T1_c2.mp4,0.0,0.8333333333333334,foraging,standing_head_down;none,red_deer
S3_C2_E730_V0323_ID1_T1/S3_C2_E730_V0323_ID1_T1_c3.mp4,0.0,2.2666666666666666,foraging,walking;none,red_deer
S3_C2_E730_V0323_ID1_T1/S3_C2_E730_V0323_ID1_T1_c4.mp4,0.0,0.9,foraging,standing_head_up;none,red_deer
S3_C2_E730_V0323_ID1_T1/S3_C2_E730_V0323_ID1_T1_c5.mp4,0.0,4.5,courtship,standing_head_up;vocalizing,red_deer
S3_C2_E730_V0323_ID1_T1/S3_C2_E730_V0323_ID1_T1_c6.mp4,0.0,9.866666666666667,unknown,standing_head_up;none,red_deer
S3_C2_E730_V0323_ID1_T1/S3_C2_E730_V0323_ID1_T1_c7.mp4,0.0,2.033333333333333,unknown,walking;none,red_deer
S3_C2_E731_V0324_ID1_T1/S3_C2_E731_V0324_ID1_T1_c0.mp4,0.0,60.5,foraging,grazing;none,red_deer
S3_C2_E731_V0325_ID1_T1/S3_C2_E731_V0325_ID1_T1_c0.mp4,0.0,3.7,foraging,grazing;none,red_deer
S3_C2_E731_V0325_ID1_T1/S3_C2_E731_V0325_ID1_T1_c1.mp4,0.0,3.3666666666666667,vigilance,standing_head_up;none,red_deer
S3_C2_E731_V0325_ID1_T1/S3_C2_E731_V0325_ID1_T1_c2.mp4,0.0,10.0,foraging,grazing;none,red_deer
S3_C2_E731_V0325_ID1_T1/S3_C2_E731_V0325_ID1_T1_c3.mp4,0.0,2.6333333333333333,vigilance,standing_head_up;none,red_deer
S3_C2_E731_V0325_ID1_T1/S3_C2_E731_V0325_ID1_T1_c4.mp4,0.0,16.0,foraging,grazing;none,red_deer
S3_C2_E731_V0325_ID1_T1/S3_C2_E731_V0325_ID1_T1_c5.mp4,0.0,4.066666666666666,vigilance,standing_head_up;none,red_deer
S3_C2_E731_V0325_ID1_T1/S3_C2_E731_V0325_ID1_T1_c6.mp4,0.0,20.733333333333334,foraging,grazing;none,red_deer
S3_C2_E731_V0326_ID1_T1/S3_C2_E731_V0326_ID1_T1_c0.mp4,0.0,51.166666666666664,foraging,grazing;none,red_deer
S3_C2_E731_V0326_ID1_T1/S3_C2_E731_V0326_ID1_T1_c1.mp4,0.0,9.333333333333334,unknown,unknown;none,red_deer
S3_C2_E732_V0327_ID1_T1/S3_C2_E732_V0327_ID1_T1_c0.mp4,0.0,2.1333333333333333,foraging,walking;none,red_deer
S3_C2_E732_V0327_ID1_T1/S3_C2_E732_V0327_ID1_T1_c1.mp4,0.0,2.8,vigilance,standing_head_up;none,red_deer
S3_C2_E732_V0328_ID1_T1/S3_C2_E732_V0328_ID1_T1_c0.mp4,0.0,4.166666666666667,foraging,grazing;none,red_deer
S3_C2_E732_V0329_ID1_T1/S3_C2_E732_V0329_ID1_T1_c0.mp4,0.0,1.4,vigilance,standing_head_up;none,red_deer
S3_C2_E732_V0330_ID1_T1/S3_C2_E732_V0330_ID1_T1_c0.mp4,0.0,0.13333333333333333,vigilance,standing_head_up;none,red_deer
S3_C2_E732_V0330_ID1_T1/S3_C2_E732_V0330_ID1_T1_c1.mp4,0.0,1.6666666666666667,grooming,scratching_body;none,red_deer
S3_C2_E732_V0331_ID1_T1/S3_C2_E732_V0331_ID1_T1_c0.mp4,0.0,1.9,foraging,standing_head_down;none,red_deer
S3_C2_E732_V0332_ID1_T1/S3_C2_E732_V0332_ID1_T1_c0.mp4,0.0,0.7333333333333333,unknown,standing_head_up;none,red_deer
S3_C2_E732_V0332_ID1_T1/S3_C2_E732_V0332_ID1_T1_c1.mp4,0.0,1.3666666666666667,foraging,standing_head_down;none,red_deer
S3_C2_E732_V0332_ID1_T1/S3_C2_E732_V0332_ID1_T1_c2.mp4,0.0,0.03333333333333333,unknown,standing_head_down;none,red_deer
S3_C2_E732_V0333_ID1_T1/S3_C2_E732_V0333_ID1_T1_c0.mp4,0.0,1.6666666666666667,foraging,standing_head_up;none,red_deer
S3_C2_E732_V0334_ID1_T1/S3_C2_E732_V0334_ID1_T1_c0.mp4,0.0,2.7666666666666666,foraging,grazing;none,red_deer
S3_C2_E732_V0335_ID1_T1/S3_C2_E732_V0335_ID1_T1_c0.mp4,0.0,2.7,foraging,grazing;none,red_deer
S3_C2_E732_V0336_ID1_T1/S3_C2_E732_V0336_ID1_T1_c0.mp4,0.0,1.8666666666666667,foraging,standing_head_up;none,red_deer
S3_C2_E732_V0336_ID1_T1/S3_C2_E732_V0336_ID1_T1_c1.mp4,0.0,0.8,foraging,standing_head_down;none,red_deer
S3_C2_E732_V0337_ID1_T1/S3_C2_E732_V0337_ID1_T1_c0.mp4,0.0,2.3,foraging,grazing;none,red_deer
S3_C2_E732_V0338_ID1_T1/S3_C2_E732_V0338_ID1_T1_c0.mp4,0.0,1.9666666666666666,foraging,grazing;none,red_deer
S3_C2_E732_V0339_ID1_T1/S3_C2_E732_V0339_ID1_T1_c0.mp4,0.0,2.1666666666666665,foraging,walking;none,red_deer
S3_C2_E732_V0340_ID1_T1/S3_C2_E732_V0340_ID1_T1_c0.mp4,0.0,1.5666666666666667,foraging,standing_head_down;none,red_deer
S3_C2_E732_V0340_ID1_T1/S3_C2_E732_V0340_ID1_T1_c1.mp4,0.0,0.1,foraging,standing_head_up;none,red_deer
S3_C2_E732_V0341_ID1_T1/S3_C2_E732_V0341_ID1_T1_c0.mp4,0.0,1.2,foraging,standing_head_up;none,red_deer
S3_C2_E732_V0341_ID1_T1/S3_C2_E732_V0341_ID1_T1_c1.mp4,0.0,0.6333333333333333,foraging,walking;none,red_deer
S3_C2_E733_V0342_ID1_T1/S3_C2_E733_V0342_ID1_T1_c0.mp4,0.0,2.6,foraging,walking;none,red_deer
S3_C2_E735_V0344_ID1_T1/S3_C2_E735_V0344_ID1_T1_c0.mp4,0.0,16.666666666666668,foraging,drinking;none,red_deer
S3_C2_E735_V0344_ID1_T1/S3_C2_E735_V0344_ID1_T1_c1.mp4,0.0,1.2,foraging,standing_head_down;none,red_deer
S3_C2_E735_V0344_ID1_T1/S3_C2_E735_V0344_ID1_T1_c2.mp4,0.0,8.533333333333333,vigilance,standing_head_down;none,red_deer
S3_C2_E735_V0344_ID1_T1/S3_C2_E735_V0344_ID1_T1_c3.mp4,0.0,0.5666666666666667,foraging,standing_head_down;none,red_deer
S3_C2_E735_V0344_ID1_T1/S3_C2_E735_V0344_ID1_T1_c4.mp4,0.0,32.233333333333334,foraging,drinking;none,red_deer
S3_C2_E735_V0344_ID1_T1/S3_C2_E735_V0344_ID1_T1_c5.mp4,0.0,1.3,foraging,standing_head_down;none,red_deer
S3_C2_E735_V0345_ID1_T1/S3_C2_E735_V0345_ID1_T1_c0.mp4,0.0,45.8,vigilance,standing_head_up;none,red_deer
S3_C2_E735_V0345_ID1_T1/S3_C2_E735_V0345_ID1_T1_c1.mp4,0.0,2.7333333333333334,foraging,standing_head_down;none,red_deer
S3_C2_E735_V0345_ID1_T1/S3_C2_E735_V0345_ID1_T1_c2.mp4,0.0,11.966666666666667,foraging,drinking;none,red_deer
S3_C2_E735_V0346_ID1_T1/S3_C2_E735_V0346_ID1_T1_c0.mp4,0.0,13.333333333333334,vigilance,standing_head_up;none,red_deer
S3_C2_E735_V0346_ID1_T1/S3_C2_E735_V0346_ID1_T1_c1.mp4,0.0,2.6333333333333333,vigilance,walking;none,red_deer
S3_C2_E735_V0346_ID1_T1/S3_C2_E735_V0346_ID1_T1_c2.mp4,0.0,35.3,vigilance,standing_head_up;none,red_deer
S3_C2_E735_V0346_ID1_T1/S3_C2_E735_V0346_ID1_T1_c3.mp4,0.0,8.333333333333334,courtship,standing_head_up;vocalizing,red_deer
S3_C2_E735_V0346_ID1_T1/S3_C2_E735_V0346_ID1_T1_c4.mp4,0.0,0.9,vigilance,standing_head_up;none,red_deer
S3_C2_E735_V0347_ID1_T1/S3_C2_E735_V0347_ID1_T1_c0.mp4,0.0,7.166666666666667,vigilance,standing_head_up;none,red_deer
S3_C2_E735_V0347_ID1_T1/S3_C2_E735_V0347_ID1_T1_c1.mp4,0.0,10.966666666666667,foraging,standing_head_down;none,red_deer
S3_C2_E735_V0347_ID1_T1/S3_C2_E735_V0347_ID1_T1_c2.mp4,0.0,1.1333333333333333,foraging,sniffing;none,red_deer
S3_C2_E735_V0347_ID1_T1/S3_C2_E735_V0347_ID1_T1_c3.mp4,0.0,4.533333333333333,foraging,walking;none,red_deer
S3_C2_E735_V0347_ID1_T1/S3_C2_E735_V0347_ID1_T1_c4.mp4,0.0,0.3333333333333333,foraging,standing_head_down;none,red_deer
S3_C2_E735_V0347_ID1_T1/S3_C2_E735_V0347_ID1_T1_c5.mp4,0.0,12.533333333333333,foraging,drinking;none,red_deer
S3_C2_E735_V0347_ID1_T1/S3_C2_E735_V0347_ID1_T1_c6.mp4,0.0,1.4666666666666666,foraging,standing_head_down;none,red_deer
S3_C2_E735_V0347_ID1_T1/S3_C2_E735_V0347_ID1_T1_c7.mp4,0.0,16.2,vigilance,standing_head_up;none,red_deer
S3_C2_E735_V0347_ID1_T1/S3_C2_E735_V0347_ID1_T1_c8.mp4,0.0,6.166666666666667,foraging,standing_head_down;none,red_deer
S3_C2_E735_V0348_ID1_T1/S3_C2_E735_V0348_ID1_T1_c0.mp4,0.0,2.8666666666666667,foraging,standing_head_down;none,red_deer
S3_C2_E735_V0348_ID1_T1/S3_C2_E735_V0348_ID1_T1_c1.mp4,0.0,3.0,marking,scratching_hoof;none,red_deer
S3_C2_E735_V0348_ID1_T1/S3_C2_E735_V0348_ID1_T1_c2.mp4,0.0,8.166666666666666,marking,scratching_antlers;none,red_deer
S3_C2_E735_V0348_ID1_T1/S3_C2_E735_V0348_ID1_T1_c3.mp4,0.0,3.8333333333333335,marking,scratching_hoof;none,red_deer
S3_C2_E735_V0348_ID1_T1/S3_C2_E735_V0348_ID1_T1_c4.mp4,0.0,9.866666666666667,marking,scratching_antlers;none,red_deer
S3_C2_E735_V0348_ID1_T1/S3_C2_E735_V0348_ID1_T1_c5.mp4,0.0,5.366666666666666,unknown,standing_head_down;none,red_deer
S3_C2_E735_V0348_ID1_T1/S3_C2_E735_V0348_ID1_T1_c6.mp4,0.0,0.8666666666666667,foraging,standing_head_down;none,red_deer
S3_C2_E735_V0348_ID1_T1/S3_C2_E735_V0348_ID1_T1_c7.mp4,0.0,13.466666666666667,foraging,drinking;none,red_deer
S3_C2_E735_V0348_ID1_T1/S3_C2_E735_V0348_ID1_T1_c8.mp4,0.0,5.566666666666666,foraging,standing_head_down;none,red_deer
S3_C2_E735_V0348_ID1_T1/S3_C2_E735_V0348_ID1_T1_c9.mp4,0.0,0.6666666666666666,vigilance,standing_head_up;none,red_deer
S3_C2_E735_V0348_ID1_T1/S3_C2_E735_V0348_ID1_T1_c10.mp4,0.0,2.3666666666666667,courtship,standing_head_up;vocalizing,red_deer
S3_C2_E735_V0348_ID1_T1/S3_C2_E735_V0348_ID1_T1_c11.mp4,0.0,4.466666666666667,vigilance,standing_head_up;none,red_deer
S3_C2_E735_V0349_ID1_T1/S3_C2_E735_V0349_ID1_T1_c0.mp4,0.0,4.9,foraging,standing_head_down;none,red_deer
S3_C2_E735_V0349_ID1_T1/S3_C2_E735_V0349_ID1_T1_c1.mp4,0.0,2.8,foraging,walking;none,red_deer
S3_C2_E736_V0350_ID1_T1/S3_C2_E736_V0350_ID1_T1_c0.mp4,0.0,2.2333333333333334,foraging,walking;none,red_deer
S3_C2_E736_V0350_ID1_T1/S3_C2_E736_V0350_ID1_T1_c1.mp4,0.0,4.833333333333333,vigilance,standing_head_up;none,red_deer
S3_C2_E736_V0350_ID1_T1/S3_C2_E736_V0350_ID1_T1_c2.mp4,0.0,0.6666666666666666,foraging,standing_head_down;none,red_deer
S3_C2_E736_V0350_ID1_T1/S3_C2_E736_V0350_ID1_T1_c3.mp4,0.0,5.366666666666666,foraging,walking;none,red_deer
S3_C2_E736_V0350_ID1_T1/S3_C2_E736_V0350_ID1_T1_c4.mp4,0.0,6.066666666666666,foraging,standing_head_down;none,red_deer
S3_C2_E736_V0350_ID1_T1/S3_C2_E736_V0350_ID1_T1_c5.mp4,0.0,3.6666666666666665,vigilance,standing_head_up;none,red_deer
S3_C2_E736_V0350_ID1_T1/S3_C2_E736_V0350_ID1_T1_c6.mp4,0.0,6.3,foraging,standing_head_down;none,red_deer
S3_C2_E736_V0350_ID1_T1/S3_C2_E736_V0350_ID1_T1_c7.mp4,0.0,7.1,foraging,walking;none,red_deer
S3_C2_E736_V0350_ID1_T1/S3_C2_E736_V0350_ID1_T1_c8.mp4,0.0,3.433333333333333,foraging,standing_head_down;none,red_deer
S3_C2_E736_V0350_ID1_T1/S3_C2_E736_V0350_ID1_T1_c9.mp4,0.0,4.366666666666666,vigilance,standing_head_down;none,red_deer
S3_C2_E736_V0350_ID1_T1/S3_C2_E736_V0350_ID1_T1_c10.mp4,0.0,1.3333333333333333,foraging,standing_head_down;none,red_deer
S3_C2_E736_V0350_ID1_T1/S3_C2_E736_V0350_ID1_T1_c11.mp4,0.0,7.1,foraging,walking;none,red_deer
S3_C2_E736_V0350_ID1_T1/S3_C2_E736_V0350_ID1_T1_c12.mp4,0.0,0.2,foraging,standing_head_down;none,red_deer
S3_C2_E736_V0350_ID1_T1/S3_C2_E736_V0350_ID1_T1_c13.mp4,0.0,7.6,marking,scratching_antlers;none,red_deer
S3_C2_E736_V0350_ID1_T1/S3_C2_E736_V0350_ID1_T1_c14.mp4,0.0,0.23333333333333334,vigilance,standing_head_down;none,red_deer
S3_C2_E736_V0351_ID1_T1/S3_C2_E736_V0351_ID1_T1_c0.mp4,0.0,0.43333333333333335,foraging,standing_head_down;none,red_deer
S3_C2_E736_V0351_ID1_T1/S3_C2_E736_V0351_ID1_T1_c1.mp4,0.0,1.1666666666666667,foraging,standing_head_up;none,red_deer
S3_C2_E736_V0351_ID1_T1/S3_C2_E736_V0351_ID1_T1_c2.mp4,0.0,3.9,foraging,walking;none,red_deer
S3_C2_E736_V0353_ID1_T1/S3_C2_E736_V0353_ID1_T1_c0.mp4,0.0,2.7,grooming,standing_head_up;none,red_deer
S3_C2_E736_V0353_ID1_T1/S3_C2_E736_V0353_ID1_T1_c1.mp4,0.0,2.3,vigilance,standing_head_up;none,red_deer
S3_C2_E736_V0354_ID1_T1/S3_C2_E736_V0354_ID1_T1_c0.mp4,0.0,2.5,foraging,walking;none,red_deer
S3_C2_E737_V0355_ID1_T1/S3_C2_E737_V0355_ID1_T1_c0.mp4,0.0,4.5,foraging,walking;none,red_deer
S3_C2_E744_V0363_ID1_T1/S3_C2_E744_V0363_ID1_T1_c0.mp4,0.0,1.7,foraging,standing_head_down;none,red_deer
S3_C2_E745_V0371_ID1_T1/S3_C2_E745_V0371_ID1_T1_c0.mp4,0.0,1.6,foraging,walking;none,red_deer
S3_C2_E745_V0371_ID1_T1/S3_C2_E745_V0371_ID1_T1_c1.mp4,0.0,0.3333333333333333,foraging,sniffing;none,red_deer
S3_C2_E746_V0374_ID1_T1/S3_C2_E746_V0374_ID1_T1_c0.mp4,0.0,1.7666666666666666,foraging,walking;none,red_deer
S3_C2_E746_V0375_ID1_T1/S3_C2_E746_V0375_ID1_T1_c0.mp4,0.0,1.5,foraging,standing_head_up;none,red_deer
S3_C2_E746_V0376_ID1_T1/S3_C2_E746_V0376_ID1_T1_c0.mp4,0.0,1.2666666666666666,foraging,walking;none,red_deer
S3_C2_E747_V0377_ID1_T1/S3_C2_E747_V0377_ID1_T1_c0.mp4,0.0,1.5,foraging,walking;none,red_deer
S3_C2_E751_V0382_ID1_T1/S3_C2_E751_V0382_ID1_T1_c0.mp4,0.0,10.4,vigilance,standing_head_up;none,red_deer
S3_C2_E751_V0382_ID1_T1/S3_C2_E751_V0382_ID1_T1_c1.mp4,0.0,10.1,foraging,standing_head_down;none,red_deer
S3_C2_E751_V0383_ID1_T1/S3_C2_E751_V0383_ID1_T1_c0.mp4,0.0,0.8333333333333334,foraging,sniffing;none,red_deer
S3_C2_E751_V0383_ID1_T1/S3_C2_E751_V0383_ID1_T1_c1.mp4,0.0,4.866666666666666,foraging,standing_head_down;none,red_deer
S3_C2_E751_V0383_ID1_T1/S3_C2_E751_V0383_ID1_T1_c2.mp4,0.0,3.6333333333333333,foraging,walking;none,red_deer
S3_C2_E751_V0383_ID1_T1/S3_C2_E751_V0383_ID1_T1_c3.mp4,0.0,5.4,vigilance,standing_head_up;none,red_deer
S3_C2_E751_V0383_ID1_T1/S3_C2_E751_V0383_ID1_T1_c4.mp4,0.0,4.833333333333333,foraging,grazing;none,red_deer
S3_C2_E751_V0384_ID1_T1/S3_C2_E751_V0384_ID1_T1_c0.mp4,0.0,7.5,vigilance,standing_head_up;none,red_deer
S3_C2_E751_V0384_ID1_T1/S3_C2_E751_V0384_ID1_T1_c1.mp4,0.0,0.8666666666666667,foraging,standing_head_down;none,red_deer
S3_C2_E751_V0384_ID1_T1/S3_C2_E751_V0384_ID1_T1_c2.mp4,0.0,7.2,foraging,grazing;none,red_deer
S3_C2_E751_V0385_ID1_T1/S3_C2_E751_V0385_ID1_T1_c0.mp4,0.0,8.166666666666666,foraging,standing_head_down;none,red_deer
S3_C2_E751_V0386_ID1_T1/S3_C2_E751_V0386_ID1_T1_c0.mp4,0.0,4.133333333333334,foraging,walking;none,red_deer
S3_C2_E752_V0387_ID1_T1/S3_C2_E752_V0387_ID1_T1_c0.mp4,0.0,8.733333333333333,vigilance,walking;none,red_deer
S3_C2_E753_V0388_ID1_T1/S3_C2_E753_V0388_ID1_T1_c0.mp4,0.0,2.7333333333333334,foraging,walking;none,red_deer
S3_C2_E753_V0388_ID1_T1/S3_C2_E753_V0388_ID1_T1_c1.mp4,0.0,2.2,foraging,sniffing;none,red_deer
S3_C2_E753_V0388_ID1_T1/S3_C2_E753_V0388_ID1_T1_c2.mp4,0.0,1.5,foraging,standing_head_down;none,red_deer
S3_C2_E753_V0388_ID1_T1/S3_C2_E753_V0388_ID1_T1_c3.mp4,0.0,1.5333333333333334,foraging,walking;none,red_deer
S3_C2_E753_V0389_ID1_T1/S3_C2_E753_V0389_ID1_T1_c0.mp4,0.0,1.7333333333333334,foraging,walking;none,red_deer
S3_C2_E754_V0390_ID1_T1/S3_C2_E754_V0390_ID1_T1_c0.mp4,0.0,3.2,foraging,walking;none,red_deer
S3_C2_E754_V0390_ID1_T1/S3_C2_E754_V0390_ID1_T1_c1.mp4,0.0,2.3,foraging,standing_head_down;none,red_deer
S3_C2_E754_V0390_ID1_T1/S3_C2_E754_V0390_ID1_T1_c2.mp4,0.0,1.2333333333333334,foraging,walking;none,red_deer
S3_C2_E756_V0392_ID1_T1/S3_C2_E756_V0392_ID1_T1_c0.mp4,0.0,3.933333333333333,foraging,walking;none,red_deer
S3_C2_E757_V0393_ID1_T1/S3_C2_E757_V0393_ID1_T1_c0.mp4,0.0,2.4,foraging,walking;none,red_deer
S3_C2_E757_V0394_ID1_T1/S3_C2_E757_V0394_ID1_T1_c0.mp4,0.0,2.1666666666666665,courtship,standing_head_up;vocalizing,red_deer
S3_C2_E758_V0399_ID1_T1/S3_C2_E758_V0399_ID1_T1_c0.mp4,0.0,2.0,foraging,walking;none,red_deer
S3_C2_E758_V0403_ID1_T1/S3_C2_E758_V0403_ID1_T1_c0.mp4,0.0,1.5,foraging,standing_head_down;none,red_deer
S3_C2_E758_V0404_ID1_T1/S3_C2_E758_V0404_ID1_T1_c0.mp4,0.0,1.2,courtship,standing_head_up;vocalizing,red_deer
S3_C2_E759_V0407_ID1_T1/S3_C2_E759_V0407_ID1_T1_c0.mp4,0.0,1.5,foraging,walking;none,red_deer
S3_C2_E760_V0409_ID1_T1/S3_C2_E760_V0409_ID1_T1_c0.mp4,0.0,3.966666666666667,foraging,standing_head_down;none,red_deer
S3_C2_E760_V0409_ID1_T1/S3_C2_E760_V0409_ID1_T1_c1.mp4,0.0,3.8333333333333335,foraging,walking;none,red_deer
S3_C2_E760_V0409_ID1_T1/S3_C2_E760_V0409_ID1_T1_c2.mp4,0.0,2.3333333333333335,foraging,sniffing;none,red_deer
S3_C2_E760_V0409_ID1_T1/S3_C2_E760_V0409_ID1_T1_c3.mp4,0.0,0.5333333333333333,foraging,standing_head_down;none,red_deer
S3_C2_E760_V0409_ID1_T1/S3_C2_E760_V0409_ID1_T1_c4.mp4,0.0,3.8333333333333335,foraging,walking;none,red_deer
S3_C2_E760_V0409_ID1_T1/S3_C2_E760_V0409_ID1_T1_c5.mp4,0.0,10.166666666666666,foraging,drinking;none,red_deer
S3_C2_E760_V0409_ID1_T1/S3_C2_E760_V0409_ID1_T1_c6.mp4,0.0,0.4666666666666667,foraging,standing_head_down;none,red_deer
S3_C2_E760_V0409_ID1_T1/S3_C2_E760_V0409_ID1_T1_c7.mp4,0.0,8.233333333333333,vigilance,standing_head_down;none,red_deer
S3_C2_E760_V0409_ID1_T1/S3_C2_E760_V0409_ID1_T1_c8.mp4,0.0,0.3333333333333333,foraging,standing_head_down;none,red_deer
S3_C2_E760_V0409_ID1_T1/S3_C2_E760_V0409_ID1_T1_c9.mp4,0.0,11.333333333333334,foraging,drinking;none,red_deer
S3_C2_E760_V0409_ID1_T1/S3_C2_E760_V0409_ID1_T1_c10.mp4,0.0,11.166666666666666,foraging,standing_head_down;none,red_deer
S3_C2_E760_V0409_ID1_T1/S3_C2_E760_V0409_ID1_T1_c11.mp4,0.0,4.3,marking,scratching_antlers;none,red_deer
S3_C2_E760_V0410_ID1_T1/S3_C2_E760_V0410_ID1_T1_c0.mp4,0.0,13.066666666666666,marking,scratching_antlers;none,red_deer
S3_C2_E760_V0410_ID1_T1/S3_C2_E760_V0410_ID1_T1_c1.mp4,0.0,0.43333333333333335,vigilance,standing_head_down;none,red_deer
S3_C2_E760_V0410_ID1_T1/S3_C2_E760_V0410_ID1_T1_c2.mp4,0.0,2.2666666666666666,vigilance,standing_head_up;none,red_deer
S3_C2_E760_V0410_ID1_T1/S3_C2_E760_V0410_ID1_T1_c3.mp4,0.0,0.7666666666666667,vigilance,standing_head_down;none,red_deer
S3_C2_E760_V0410_ID1_T1/S3_C2_E760_V0410_ID1_T1_c4.mp4,0.0,3.033333333333333,marking,scratching_antlers;none,red_deer
S3_C2_E760_V0410_ID1_T1/S3_C2_E760_V0410_ID1_T1_c5.mp4,0.0,5.2,unknown,standing_head_down;none,red_deer
S3_C2_E760_V0410_ID1_T1/S3_C2_E760_V0410_ID1_T1_c6.mp4,0.0,2.2333333333333334,grooming,bathing;none,red_deer
S3_C2_E760_V0410_ID1_T1/S3_C2_E760_V0410_ID1_T1_c7.mp4,0.0,10.966666666666667,grooming,bathing;scratching_antlers,red_deer
S3_C2_E760_V0410_ID1_T1/S3_C2_E760_V0410_ID1_T1_c8.mp4,0.0,2.066666666666667,grooming,bathing;none,red_deer
S3_C2_E760_V0410_ID1_T1/S3_C2_E760_V0410_ID1_T1_c9.mp4,0.0,1.3666666666666667,grooming,bathing;scratching_antlers,red_deer
S3_C2_E760_V0410_ID1_T1/S3_C2_E760_V0410_ID1_T1_c10.mp4,0.0,7.9,grooming,bathing;none,red_deer
S3_C2_E760_V0410_ID1_T1/S3_C2_E760_V0410_ID1_T1_c11.mp4,0.0,7.333333333333333,courtship,bathing;vocalizing,red_deer
S3_C2_E760_V0410_ID1_T1/S3_C2_E760_V0410_ID1_T1_c12.mp4,0.0,3.8666666666666667,grooming,bathing;none,red_deer
S3_C2_E760_V0411_ID1_T1/S3_C2_E760_V0411_ID1_T1_c0.mp4,0.0,2.8666666666666667,foraging,walking;none,red_deer
S3_C2_E762_V0412_ID1_T1/S3_C2_E762_V0412_ID1_T1_c0.mp4,0.0,2.6,foraging,walking;none,red_deer
S3_C2_E762_V0412_ID1_T1/S3_C2_E762_V0412_ID1_T1_c1.mp4,0.0,0.13333333333333333,foraging,sniffing;none,red_deer
S3_C2_E762_V0412_ID1_T1/S3_C2_E762_V0412_ID1_T1_c2.mp4,0.0,3.966666666666667,foraging,walking;none,red_deer
S3_C2_E762_V0412_ID1_T1/S3_C2_E762_V0412_ID1_T1_c3.mp4,0.0,4.233333333333333,foraging,standing_head_down;none,red_deer
S3_C2_E762_V0412_ID1_T1/S3_C2_E762_V0412_ID1_T1_c4.mp4,0.0,2.2,grooming,bathing;none,red_deer
S3_C2_E762_V0412_ID1_T1/S3_C2_E762_V0412_ID1_T1_c5.mp4,0.0,2.6333333333333333,marking,scratching_antlers;none,red_deer
S3_C2_E762_V0412_ID1_T1/S3_C2_E762_V0412_ID1_T1_c6.mp4,0.0,2.8,unknown,standing_head_down;none,red_deer
S3_C2_E762_V0412_ID1_T1/S3_C2_E762_V0412_ID1_T1_c7.mp4,0.0,41.93333333333333,grooming,bathing;none,red_deer
S3_C2_E762_V0413_ID1_T1/S3_C2_E762_V0413_ID1_T1_c0.mp4,0.0,0.7666666666666667,grooming,shaking_fur;none,red_deer
S3_C2_E762_V0413_ID1_T1/S3_C2_E762_V0413_ID1_T1_c1.mp4,0.0,37.56666666666667,vigilance,standing_head_up;none,red_deer
S3_C2_E762_V0413_ID1_T1/S3_C2_E762_V0413_ID1_T1_c2.mp4,0.0,1.6,vigilance,walking;none,red_deer
S3_C2_E763_V0414_ID1_T1/S3_C2_E763_V0414_ID1_T1_c0.mp4,0.0,0.6666666666666666,foraging,standing_head_up;none,red_deer
S3_C2_E763_V0414_ID1_T1/S3_C2_E763_V0414_ID1_T1_c1.mp4,0.0,1.1666666666666667,foraging,standing_head_down;none,red_deer
S3_C2_E763_V0414_ID1_T1/S3_C2_E763_V0414_ID1_T1_c2.mp4,0.0,21.0,foraging,drinking;none,red_deer
S3_C2_E763_V0414_ID1_T1/S3_C2_E763_V0414_ID1_T1_c3.mp4,0.0,1.2666666666666666,vigilance,standing_head_down;none,red_deer
S3_C2_E763_V0414_ID1_T1/S3_C2_E763_V0414_ID1_T1_c4.mp4,0.0,3.566666666666667,vigilance,standing_head_up;none,red_deer
S3_C2_E763_V0414_ID1_T1/S3_C2_E763_V0414_ID1_T1_c5.mp4,0.0,6.533333333333333,foraging,walking;none,red_deer
S3_C2_E763_V0414_ID1_T1/S3_C2_E763_V0414_ID1_T1_c6.mp4,0.0,13.733333333333333,foraging,drinking;none,red_deer
S3_C2_E763_V0414_ID1_T1/S3_C2_E763_V0414_ID1_T1_c7.mp4,0.0,1.6666666666666667,foraging,standing_head_down;none,red_deer
S3_C2_E763_V0414_ID1_T1/S3_C2_E763_V0414_ID1_T1_c8.mp4,0.0,3.1,vigilance,standing_head_up;none,red_deer
S3_C2_E763_V0414_ID1_T1/S3_C2_E763_V0414_ID1_T1_c9.mp4,0.0,1.9,courtship,standing_head_up;vocalizing,red_deer
S3_C2_E763_V0414_ID1_T1/S3_C2_E763_V0414_ID1_T1_c10.mp4,0.0,5.9,vigilance,standing_head_up;none,red_deer
S3_C2_E763_V0415_ID1_T1/S3_C2_E763_V0415_ID1_T1_c0.mp4,0.0,5.533333333333333,vigilance,standing_head_up;none,red_deer
S3_C2_E763_V0415_ID1_T1/S3_C2_E763_V0415_ID1_T1_c1.mp4,0.0,1.6,vigilance,walking;none,red_deer
S3_C2_E763_V0415_ID1_T1/S3_C2_E763_V0415_ID1_T1_c2.mp4,0.0,9.866666666666667,marking,scratching_antlers;none,red_deer
S3_C2_E763_V0416_ID1_T1/S3_C2_E763_V0416_ID1_T1_c0.mp4,0.0,4.8,courtship,standing_head_up;vocalizing,red_deer
S3_C2_E763_V0416_ID1_T1/S3_C2_E763_V0416_ID1_T1_c1.mp4,0.0,5.2,vigilance,standing_head_up;none,red_deer
S3_C2_E764_V0417_ID1_T1/S3_C2_E764_V0417_ID1_T1_c0.mp4,0.0,1.6666666666666667,foraging,walking;none,red_deer
S3_C2_E764_V0420_ID1_T1/S3_C2_E764_V0420_ID1_T1_c0.mp4,0.0,2.1,marking,scratching_antlers;none,red_deer
S3_C2_E764_V0421_ID1_T1/S3_C2_E764_V0421_ID1_T1_c0.mp4,0.0,0.5333333333333333,foraging,standing_head_up;none,red_deer
S3_C2_E764_V0421_ID1_T1/S3_C2_E764_V0421_ID1_T1_c1.mp4,0.0,1.1666666666666667,foraging,standing_head_down;none,red_deer
S3_C2_E764_V0422_ID1_T1/S3_C2_E764_V0422_ID1_T1_c0.mp4,0.0,0.5,vigilance,standing_head_up;none,red_deer
S3_C2_E764_V0422_ID1_T1/S3_C2_E764_V0422_ID1_T1_c1.mp4,0.0,0.9666666666666667,marking,scratching_antlers;none,red_deer
S3_C2_E764_V0422_ID1_T1/S3_C2_E764_V0422_ID1_T1_c2.mp4,0.0,0.36666666666666664,unknown,standing_head_down;none,red_deer
S3_C2_E764_V0423_ID1_T1/S3_C2_E764_V0423_ID1_T1_c0.mp4,0.0,0.43333333333333335,unknown,standing_head_down;none,red_deer
S3_C2_E764_V0423_ID1_T1/S3_C2_E764_V0423_ID1_T1_c1.mp4,0.0,0.7666666666666667,grooming,scratching_body;none,red_deer
S3_C2_E764_V0424_ID1_T1/S3_C2_E764_V0424_ID1_T1_c0.mp4,0.0,1.9333333333333333,foraging,walking;none,red_deer
S3_C2_E765_V0425_ID1_T1/S3_C2_E765_V0425_ID1_T1_c0.mp4,0.0,5.9,foraging,walking;none,red_deer
S3_C2_E765_V0425_ID1_T1/S3_C2_E765_V0425_ID1_T1_c1.mp4,0.0,22.566666666666666,foraging,drinking;none,red_deer
S3_C2_E765_V0425_ID1_T1/S3_C2_E765_V0425_ID1_T1_c2.mp4,0.0,2.433333333333333,foraging,standing_head_down;none,red_deer
S3_C2_E765_V0425_ID1_T1/S3_C2_E765_V0425_ID1_T1_c3.mp4,0.0,3.466666666666667,courtship,standing_head_up;vocalizing,red_deer
S3_C2_E765_V0425_ID1_T1/S3_C2_E765_V0425_ID1_T1_c4.mp4,0.0,10.4,vigilance,standing_head_up;none,red_deer
S3_C2_E765_V0425_ID1_T1/S3_C2_E765_V0425_ID1_T1_c5.mp4,0.0,0.4,foraging,standing_head_down;none,red_deer
S3_C2_E765_V0425_ID1_T1/S3_C2_E765_V0425_ID1_T1_c6.mp4,0.0,2.466666666666667,marking,scratching_antlers;none,red_deer
S3_C2_E765_V0425_ID1_T1/S3_C2_E765_V0425_ID1_T1_c7.mp4,0.0,2.8333333333333335,marking,scratching_hoof;none,red_deer
S3_C2_E765_V0425_ID1_T1/S3_C2_E765_V0425_ID1_T1_c8.mp4,0.0,1.4333333333333333,marking,scratching_antlers;none,red_deer
S3_C2_E765_V0425_ID1_T1/S3_C2_E765_V0425_ID1_T1_c9.mp4,0.0,2.9,marking,scratching_hoof;none,red_deer
S3_C2_E765_V0425_ID1_T1/S3_C2_E765_V0425_ID1_T1_c10.mp4,0.0,1.6333333333333333,marking,scratching_antlers;none,red_deer
S3_C2_E765_V0425_ID1_T1/S3_C2_E765_V0425_ID1_T1_c11.mp4,0.0,2.533333333333333,marking,scratching_hoof;none,red_deer
S3_C2_E765_V0425_ID1_T1/S3_C2_E765_V0425_ID1_T1_c12.mp4,0.0,1.5333333333333334,marking,scratching_antlers;none,red_deer
S3_C2_E765_V0426_ID1_T1/S3_C2_E765_V0426_ID1_T1_c0.mp4,0.0,5.266666666666667,courtship,standing_head_up;vocalizing,red_deer
S3_C2_E765_V0426_ID1_T1/S3_C2_E765_V0426_ID1_T1_c1.mp4,0.0,7.2,vigilance,standing_head_up;none,red_deer
S3_C2_E765_V0426_ID1_T1/S3_C2_E765_V0426_ID1_T1_c2.mp4,0.0,5.366666666666666,marking,scratching_antlers;none,red_deer
S3_C2_E765_V0426_ID1_T1/S3_C2_E765_V0426_ID1_T1_c3.mp4,0.0,2.533333333333333,marking,scratching_hoof;none,red_deer
S3_C2_E765_V0426_ID1_T1/S3_C2_E765_V0426_ID1_T1_c4.mp4,0.0,3.066666666666667,marking,scratching_antlers;none,red_deer
S3_C2_E765_V0426_ID1_T1/S3_C2_E765_V0426_ID1_T1_c5.mp4,0.0,1.1666666666666667,vigilance,standing_head_up;none,red_deer
S3_C2_E765_V0426_ID1_T1/S3_C2_E765_V0426_ID1_T1_c6.mp4,0.0,3.7,marking,scratching_antlers;none,red_deer
S3_C2_E765_V0426_ID1_T1/S3_C2_E765_V0426_ID1_T1_c7.mp4,0.0,3.1333333333333333,vigilance,standing_head_up;none,red_deer
S3_C2_E765_V0426_ID1_T1/S3_C2_E765_V0426_ID1_T1_c8.mp4,0.0,8.7,courtship,standing_head_up;vocalizing,red_deer
S3_C2_E765_V0426_ID1_T1/S3_C2_E765_V0426_ID1_T1_c9.mp4,0.0,3.2666666666666666,vigilance,standing_head_up;none,red_deer
S3_C2_E765_V0426_ID1_T1/S3_C2_E765_V0426_ID1_T1_c10.mp4,0.0,0.43333333333333335,vigilance,standing_head_down;none,red_deer
S3_C2_E765_V0426_ID1_T1/S3_C2_E765_V0426_ID1_T1_c11.mp4,0.0,3.2666666666666666,marking,scratching_antlers;none,red_deer
S3_C2_E765_V0426_ID1_T1/S3_C2_E765_V0426_ID1_T1_c12.mp4,0.0,2.7,marking,scratching_hoof;none,red_deer
S3_C2_E765_V0426_ID1_T1/S3_C2_E765_V0426_ID1_T1_c13.mp4,0.0,4.8,marking,scratching_antlers;none,red_deer
S3_C2_E765_V0426_ID1_T1/S3_C2_E765_V0426_ID1_T1_c14.mp4,0.0,0.9666666666666667,vigilance,standing_head_down;none,red_deer
S3_C2_E765_V0426_ID1_T1/S3_C2_E765_V0426_ID1_T1_c15.mp4,0.0,1.8,marking,scratching_hoof;none,red_deer
S3_C2_E765_V0426_ID1_T1/S3_C2_E765_V0426_ID1_T1_c16.mp4,0.0,3.1333333333333333,marking,scratching_antlers;none,red_deer
S3_C2_E765_V0427_ID1_T1/S3_C2_E765_V0427_ID1_T1_c0.mp4,0.0,3.066666666666667,foraging,standing_head_up;none,red_deer
S3_C2_E765_V0427_ID1_T1/S3_C2_E765_V0427_ID1_T1_c1.mp4,0.0,2.533333333333333,foraging,standing_head_down;none,red_deer
S3_C2_E765_V0427_ID1_T1/S3_C2_E765_V0427_ID1_T1_c2.mp4,0.0,1.3666666666666667,foraging,sniffing;none,red_deer
S3_C2_E765_V0427_ID1_T1/S3_C2_E765_V0427_ID1_T1_c3.mp4,0.0,2.7,foraging,walking;none,red_deer
S3_C2_E765_V0427_ID1_T1/S3_C2_E765_V0427_ID1_T1_c4.mp4,0.0,1.4,foraging,sniffing;none,red_deer
S3_C2_E765_V0427_ID1_T1/S3_C2_E765_V0427_ID1_T1_c5.mp4,0.0,8.7,foraging,standing_head_down;none,red_deer
S3_C2_E765_V0427_ID1_T1/S3_C2_E765_V0427_ID1_T1_c6.mp4,0.0,1.5,marking,scratching_antlers;none,red_deer
S3_C2_E765_V0427_ID1_T1/S3_C2_E765_V0427_ID1_T1_c7.mp4,0.0,1.7,vigilance,standing_head_up;none,red_deer
S3_C2_E765_V0427_ID1_T1/S3_C2_E765_V0427_ID1_T1_c8.mp4,0.0,1.0333333333333334,marking,scratching_antlers;none,red_deer
S3_C2_E765_V0427_ID1_T1/S3_C2_E765_V0427_ID1_T1_c9.mp4,0.0,0.8666666666666667,foraging,standing_head_down;none,red_deer
S3_C2_E765_V0427_ID1_T1/S3_C2_E765_V0427_ID1_T1_c10.mp4,0.0,1.3666666666666667,foraging,walking;none,red_deer
S3_C2_E765_V0427_ID1_T1/S3_C2_E765_V0427_ID1_T1_c11.mp4,0.0,10.6,courtship,standing_head_up;vocalizing,red_deer
S3_C2_E765_V0427_ID1_T1/S3_C2_E765_V0427_ID1_T1_c12.mp4,0.0,17.766666666666666,vigilance,standing_head_up;none,red_deer
S3_C2_E765_V0427_ID1_T1/S3_C2_E765_V0427_ID1_T1_c13.mp4,0.0,1.3333333333333333,courtship,standing_head_up;vocalizing,red_deer
S3_C2_E765_V0427_ID1_T1/S3_C2_E765_V0427_ID1_T1_c14.mp4,0.0,1.3333333333333333,vigilance,standing_head_up;none,red_deer
S3_C2_E765_V0427_ID1_T1/S3_C2_E765_V0427_ID1_T1_c15.mp4,0.0,3.033333333333333,vigilance,walking;none,red_deer
S3_C2_E765_V0427_ID1_T1/S3_C2_E765_V0427_ID1_T1_c16.mp4,0.0,0.2,vigilance,standing_head_up;none,red_deer
S3_C2_E765_V0428_ID1_T1/S3_C2_E765_V0428_ID1_T1_c0.mp4,0.0,10.033333333333333,vigilance,walking;none,red_deer
S3_C2_E765_V0428_ID1_T1/S3_C2_E765_V0428_ID1_T1_c1.mp4,0.0,5.1,vigilance,standing_head_up;none,red_deer
S3_C2_E765_V0428_ID1_T1/S3_C2_E765_V0428_ID1_T1_c2.mp4,0.0,2.433333333333333,vigilance,standing_head_down;none,red_deer
S3_C2_E765_V0428_ID1_T1/S3_C2_E765_V0428_ID1_T1_c3.mp4,0.0,6.266666666666667,vigilance,walking;none,red_deer
S3_C2_E765_V0428_ID1_T1/S3_C2_E765_V0428_ID1_T1_c4.mp4,0.0,2.2666666666666666,vigilance,standing_head_up;none,red_deer
S3_C2_E765_V0428_ID1_T1/S3_C2_E765_V0428_ID1_T1_c5.mp4,0.0,2.2333333333333334,vigilance,walking;none,red_deer
S3_C2_E766_V0429_ID1_T1/S3_C2_E766_V0429_ID1_T1_c0.mp4,0.0,2.7666666666666666,foraging,walking;none,red_deer
S3_C2_E766_V0429_ID1_T1/S3_C2_E766_V0429_ID1_T1_c1.mp4,0.0,2.966666666666667,foraging,drinking;none,red_deer
S3_C2_E766_V0429_ID1_T1/S3_C2_E766_V0429_ID1_T1_c2.mp4,0.0,1.7333333333333334,foraging,standing_head_down;none,red_deer
S3_C2_E766_V0429_ID1_T1/S3_C2_E766_V0429_ID1_T1_c3.mp4,0.0,1.8333333333333333,marking,scratching_hoof;none,red_deer
S3_C2_E766_V0429_ID1_T1/S3_C2_E766_V0429_ID1_T1_c4.mp4,0.0,1.0333333333333334,unknown,standing_head_down;none,red_deer
S3_C2_E766_V0429_ID1_T1/S3_C2_E766_V0429_ID1_T1_c5.mp4,0.0,1.6666666666666667,marking,scratching_hoof;none,red_deer
S3_C2_E766_V0429_ID1_T1/S3_C2_E766_V0429_ID1_T1_c6.mp4,0.0,1.6333333333333333,marking,scratching_antlers;none,red_deer
S3_C2_E766_V0429_ID1_T1/S3_C2_E766_V0429_ID1_T1_c7.mp4,0.0,1.8333333333333333,vigilance,standing_head_down;none,red_deer
S3_C2_E766_V0429_ID1_T1/S3_C2_E766_V0429_ID1_T1_c8.mp4,0.0,1.1,marking,scratching_antlers;none,red_deer
S3_C2_E766_V0429_ID1_T1/S3_C2_E766_V0429_ID1_T1_c9.mp4,0.0,2.3,unknown,standing_head_down;none,red_deer
S3_C2_E766_V0429_ID1_T1/S3_C2_E766_V0429_ID1_T1_c10.mp4,0.0,2.2333333333333334,grooming,bathing;none,red_deer
S3_C2_E766_V0429_ID1_T1/S3_C2_E766_V0429_ID1_T1_c11.mp4,0.0,2.5,grooming,bathing;scratching_antlers,red_deer
S3_C2_E766_V0429_ID1_T1/S3_C2_E766_V0429_ID1_T1_c12.mp4,0.0,5.3,grooming,bathing;none,red_deer
S3_C2_E766_V0429_ID1_T1/S3_C2_E766_V0429_ID1_T1_c13.mp4,0.0,0.5666666666666667,grooming,bathing;scratching_antlers,red_deer
S3_C2_E766_V0429_ID1_T1/S3_C2_E766_V0429_ID1_T1_c14.mp4,0.0,31.033333333333335,grooming,bathing;none,red_deer
S3_C2_E766_V0430_ID1_T1/S3_C2_E766_V0430_ID1_T1_c0.mp4,0.0,3.6666666666666665,foraging,standing_head_up;none,red_deer
S3_C2_E766_V0430_ID1_T1/S3_C2_E766_V0430_ID1_T1_c1.mp4,0.0,0.4666666666666667,foraging,walking;none,red_deer
S3_C2_E766_V0430_ID1_T1/S3_C2_E766_V0430_ID1_T1_c2.mp4,0.0,14.233333333333333,foraging,sniffing;none,red_deer
S3_C2_E766_V0430_ID1_T1/S3_C2_E766_V0430_ID1_T1_c3.mp4,0.0,7.233333333333333,foraging,standing_head_down;none,red_deer
S3_C2_E766_V0430_ID1_T1/S3_C2_E766_V0430_ID1_T1_c4.mp4,0.0,4.9,foraging,walking;none,red_deer
S3_C2_E766_V0430_ID1_T1/S3_C2_E766_V0430_ID1_T1_c5.mp4,0.0,1.1,grooming,standing_head_up;urinating,red_deer
S3_C2_E766_V0430_ID1_T1/S3_C2_E766_V0430_ID1_T1_c6.mp4,0.0,28.9,marking,standing_head_up;urinating,red_deer
S3_C2_E766_V0431_ID1_T1/S3_C2_E766_V0431_ID1_T1_c0.mp4,0.0,3.1,vigilance,standing_head_up;none,red_deer
S3_C2_E766_V0431_ID1_T1/S3_C2_E766_V0431_ID1_T1_c1.mp4,0.0,4.966666666666667,foraging,standing_head_down;none,red_deer
S3_C2_E766_V0431_ID1_T1/S3_C2_E766_V0431_ID1_T1_c2.mp4,0.0,3.8666666666666667,vigilance,standing_head_up;none,red_deer
S3_C2_E766_V0431_ID1_T1/S3_C2_E766_V0431_ID1_T1_c3.mp4,0.0,3.6333333333333333,foraging,standing_head_down;none,red_deer
S3_C2_E766_V0431_ID1_T1/S3_C2_E766_V0431_ID1_T1_c4.mp4,0.0,6.033333333333333,foraging,walking;none,red_deer
S3_C2_E766_V0431_ID1_T1/S3_C2_E766_V0431_ID1_T1_c5.mp4,0.0,6.433333333333334,foraging,standing_head_down;none,red_deer
S3_C2_E766_V0431_ID1_T1/S3_C2_E766_V0431_ID1_T1_c6.mp4,0.0,32.46666666666667,unknown,unknown;none,red_deer
S3_C2_E766_V0432_ID1_T1/S3_C2_E766_V0432_ID1_T1_c0.mp4,0.0,22.633333333333333,unknown,unknown;none,red_deer
S3_C2_E766_V0432_ID1_T1/S3_C2_E766_V0432_ID1_T1_c1.mp4,0.0,4.9,foraging,standing_head_down;none,red_deer
S3_C2_E766_V0432_ID1_T1/S3_C2_E766_V0432_ID1_T1_c2.mp4,0.0,5.6,foraging,walking;none,red_deer
S3_C2_E768_V0433_ID1_T1/S3_C2_E768_V0433_ID1_T1_c0.mp4,0.0,3.2666666666666666,foraging,walking;none,red_deer
S3_C2_E768_V0433_ID1_T1/S3_C2_E768_V0433_ID1_T1_c1.mp4,0.0,7.9,foraging,standing_head_down;none,red_deer
S3_C2_E768_V0433_ID1_T1/S3_C2_E768_V0433_ID1_T1_c2.mp4,0.0,11.7,foraging,drinking;none,red_deer
S3_C2_E768_V0433_ID1_T1/S3_C2_E768_V0433_ID1_T1_c3.mp4,0.0,9.433333333333334,foraging,standing_head_down;none,red_deer
S3_C2_E768_V0433_ID1_T1/S3_C2_E768_V0433_ID1_T1_c4.mp4,0.0,1.4333333333333333,foraging,walking;none,red_deer
S3_C2_E768_V0433_ID1_T1/S3_C2_E768_V0433_ID1_T1_c5.mp4,0.0,4.2,marking,scratching_hoof;none,red_deer
S3_C2_E768_V0433_ID1_T1/S3_C2_E768_V0433_ID1_T1_c6.mp4,0.0,1.3666666666666667,foraging,standing_head_down;none,red_deer
S3_C2_E768_V0433_ID1_T1/S3_C2_E768_V0433_ID1_T1_c7.mp4,0.0,3.466666666666667,marking,scratching_hoof;none,red_deer
S3_C2_E768_V0433_ID1_T1/S3_C2_E768_V0433_ID1_T1_c8.mp4,0.0,2.9,foraging,standing_head_down;none,red_deer
S3_C2_E768_V0433_ID1_T1/S3_C2_E768_V0433_ID1_T1_c9.mp4,0.0,14.833333333333334,foraging,drinking;none,red_deer
S3_C2_E768_V0433_ID2_T1/S3_C2_E768_V0433_ID2_T1_c0.mp4,0.0,0.7333333333333333,unknown,running;none,red_deer
S3_C2_E769_V0434_ID1_T1/S3_C2_E769_V0434_ID1_T1_c0.mp4,0.0,6.166666666666667,vigilance,standing_head_up;none,red_deer
S3_C2_E769_V0434_ID1_T1/S3_C2_E769_V0434_ID1_T1_c1.mp4,0.0,1.7333333333333334,courtship,standing_head_up;vocalizing,red_deer
S3_C2_E769_V0434_ID1_T1/S3_C2_E769_V0434_ID1_T1_c2.mp4,0.0,24.466666666666665,vigilance,standing_head_up;none,red_deer
S3_C2_E769_V0434_ID1_T1/S3_C2_E769_V0434_ID1_T1_c3.mp4,0.0,5.233333333333333,grooming,scratching_body;none,red_deer
S3_C2_E769_V0434_ID1_T1/S3_C2_E769_V0434_ID1_T1_c4.mp4,0.0,13.0,vigilance,standing_head_up;none,red_deer
S3_C2_E769_V0434_ID1_T1/S3_C2_E769_V0434_ID1_T1_c5.mp4,0.0,5.533333333333333,courtship,standing_head_up;vocalizing,red_deer
S3_C2_E769_V0434_ID1_T1/S3_C2_E769_V0434_ID1_T1_c6.mp4,0.0,4.366666666666666,vigilance,standing_head_up;none,red_deer
S3_C2_E769_V0435_ID1_T1/S3_C2_E769_V0435_ID1_T1_c0.mp4,0.0,21.633333333333333,vigilance,standing_head_up;none,red_deer
S3_C2_E769_V0435_ID1_T1/S3_C2_E769_V0435_ID1_T1_c1.mp4,0.0,4.266666666666667,foraging,standing_head_down;none,red_deer
S3_C2_E769_V0435_ID1_T1/S3_C2_E769_V0435_ID1_T1_c2.mp4,0.0,3.3666666666666667,marking,scratching_hoof;none,red_deer
S3_C2_E769_V0435_ID1_T1/S3_C2_E769_V0435_ID1_T1_c3.mp4,0.0,2.0,foraging,standing_head_down;none,red_deer
S3_C2_E769_V0435_ID1_T1/S3_C2_E769_V0435_ID1_T1_c4.mp4,0.0,8.233333333333333,marking,scratching_hoof;none,red_deer
S3_C2_E769_V0435_ID1_T1/S3_C2_E769_V0435_ID1_T1_c5.mp4,0.0,2.433333333333333,foraging,standing_head_down;none,red_deer
S3_C2_E769_V0435_ID1_T1/S3_C2_E769_V0435_ID1_T1_c6.mp4,0.0,2.7333333333333334,marking,scratching_hoof;none,red_deer
S3_C2_E769_V0435_ID1_T1/S3_C2_E769_V0435_ID1_T1_c7.mp4,0.0,1.9666666666666666,vigilance,standing_head_up;none,red_deer
S3_C2_E769_V0435_ID1_T1/S3_C2_E769_V0435_ID1_T1_c8.mp4,0.0,4.366666666666666,courtship,standing_head_up;vocalizing,red_deer
S3_C2_E769_V0435_ID1_T1/S3_C2_E769_V0435_ID1_T1_c9.mp4,0.0,3.0,vigilance,standing_head_up;none,red_deer
S3_C2_E769_V0435_ID1_T1/S3_C2_E769_V0435_ID1_T1_c10.mp4,0.0,3.8333333333333335,courtship,standing_head_up;vocalizing,red_deer
S3_C2_E769_V0435_ID1_T1/S3_C2_E769_V0435_ID1_T1_c11.mp4,0.0,2.6666666666666665,vigilance,standing_head_up;none,red_deer
S3_C2_E769_V0436_ID1_T1/S3_C2_E769_V0436_ID1_T1_c0.mp4,0.0,4.5,foraging,standing_head_down;none,red_deer
S3_C2_E769_V0436_ID1_T1/S3_C2_E769_V0436_ID1_T1_c1.mp4,0.0,3.466666666666667,marking,scratching_hoof;none,red_deer
S3_C2_E769_V0436_ID1_T1/S3_C2_E769_V0436_ID1_T1_c2.mp4,0.0,0.7,marking,standing_head_up;none,red_deer
S3_C2_E769_V0436_ID1_T1/S3_C2_E769_V0436_ID1_T1_c3.mp4,0.0,4.0,marking,scratching_hoof;none,red_deer
S3_C2_E769_V0436_ID1_T1/S3_C2_E769_V0436_ID1_T1_c4.mp4,0.0,1.5333333333333334,marking,standing_head_down;none,red_deer
S3_C2_E769_V0436_ID1_T1/S3_C2_E769_V0436_ID1_T1_c5.mp4,0.0,3.3333333333333335,marking,scratching_hoof;none,red_deer
S3_C2_E769_V0436_ID1_T1/S3_C2_E769_V0436_ID1_T1_c6.mp4,0.0,8.4,marking,scratching_antlers;none,red_deer
S3_C2_E769_V0436_ID1_T1/S3_C2_E769_V0436_ID1_T1_c7.mp4,0.0,2.0,marking,walking;none,red_deer
S3_C2_E769_V0436_ID1_T1/S3_C2_E769_V0436_ID1_T1_c8.mp4,0.0,6.833333333333333,marking,scratching_hoof;none,red_deer
S3_C2_E769_V0436_ID1_T1/S3_C2_E769_V0436_ID1_T1_c9.mp4,0.0,2.466666666666667,marking,scratching_antlers;none,red_deer
S3_C2_E769_V0436_ID1_T1/S3_C2_E769_V0436_ID1_T1_c10.mp4,0.0,2.3666666666666667,foraging,standing_head_down;none,red_deer
S3_C2_E769_V0436_ID1_T1/S3_C2_E769_V0436_ID1_T1_c11.mp4,0.0,19.9,grooming,bathing;none,red_deer
S3_C2_E769_V0436_ID1_T1/S3_C2_E769_V0436_ID1_T1_c12.mp4,0.0,1.0,courtship,bathing;vocalizing,red_deer
S3_C2_E769_V0437_ID1_T1/S3_C2_E769_V0437_ID1_T1_c0.mp4,0.0,7.2,courtship,standing_head_up;vocalizing,red_deer
S3_C2_E769_V0437_ID1_T1/S3_C2_E769_V0437_ID1_T1_c1.mp4,0.0,1.4666666666666666,unknown,standing_head_up;none,red_deer
S3_C2_E769_V0437_ID1_T1/S3_C2_E769_V0437_ID1_T1_c2.mp4,0.0,2.7,foraging,standing_head_down;none,red_deer
S3_C2_E769_V0437_ID1_T1/S3_C2_E769_V0437_ID1_T1_c3.mp4,0.0,1.8,grooming,shaking_fur;none,red_deer
S3_C2_E769_V0437_ID1_T1/S3_C2_E769_V0437_ID1_T1_c4.mp4,0.0,4.333333333333333,foraging,standing_head_up;none,red_deer
S3_C2_E769_V0437_ID1_T1/S3_C2_E769_V0437_ID1_T1_c5.mp4,0.0,13.633333333333333,vigilance,standing_head_up;none,red_deer
S3_C2_E769_V0437_ID1_T1/S3_C2_E769_V0437_ID1_T1_c6.mp4,0.0,18.2,foraging,standing_head_down;none,red_deer
S3_C2_E769_V0437_ID1_T1/S3_C2_E769_V0437_ID1_T1_c7.mp4,0.0,2.6,foraging,standing_head_up;none,red_deer
S3_C2_E769_V0437_ID1_T1/S3_C2_E769_V0437_ID1_T1_c8.mp4,0.0,1.7666666666666666,foraging,walking;none,red_deer
S3_C2_E769_V0437_ID1_T1/S3_C2_E769_V0437_ID1_T1_c9.mp4,0.0,3.566666666666667,foraging,sniffing;none,red_deer
S3_C2_E769_V0437_ID1_T1/S3_C2_E769_V0437_ID1_T1_c10.mp4,0.0,3.2333333333333334,foraging,standing_head_down;none,red_deer
S3_C2_E769_V0438_ID1_T1/S3_C2_E769_V0438_ID1_T1_c0.mp4,0.0,60.5,foraging,grazing;none,red_deer
S3_C2_E769_V0439_ID1_T1/S3_C2_E769_V0439_ID1_T1_c0.mp4,0.0,1.2333333333333334,foraging,standing_head_down;none,red_deer
S3_C2_E769_V0439_ID1_T1/S3_C2_E769_V0439_ID1_T1_c1.mp4,0.0,1.1,foraging,sniffing;none,red_deer
S3_C2_E769_V0439_ID1_T1/S3_C2_E769_V0439_ID1_T1_c2.mp4,0.0,4.666666666666667,foraging,standing_head_down;none,red_deer
S3_C2_E769_V0439_ID1_T1/S3_C2_E769_V0439_ID1_T1_c3.mp4,0.0,10.6,foraging,walking;none,red_deer
S3_C2_E769_V0439_ID1_T1/S3_C2_E769_V0439_ID1_T1_c4.mp4,0.0,14.466666666666667,unknown,unknown;none,red_deer
S3_C2_E769_V0439_ID1_T1/S3_C2_E769_V0439_ID1_T1_c5.mp4,0.0,24.7,foraging,standing_head_down;none,red_deer
S3_C2_E769_V0439_ID1_T1/S3_C2_E769_V0439_ID1_T1_c6.mp4,0.0,2.533333333333333,vigilance,standing_head_up;none,red_deer
S3_C2_E769_V0439_ID1_T1/S3_C2_E769_V0439_ID1_T1_c7.mp4,0.0,0.03333333333333333,vigilance,standing_head_down;none,red_deer
S3_C2_E769_V0439_ID1_T1/S3_C2_E769_V0439_ID1_T1_c8.mp4,0.0,1.1666666666666667,foraging,standing_head_down;none,red_deer
S3_C2_E769_V0440_ID1_T1/S3_C2_E769_V0440_ID1_T1_c0.mp4,0.0,7.166666666666667,foraging,standing_head_down;none,red_deer
S3_C2_E769_V0440_ID1_T1/S3_C2_E769_V0440_ID1_T1_c1.mp4,0.0,1.2666666666666666,foraging,sniffing;none,red_deer
S3_C2_E769_V0440_ID1_T1/S3_C2_E769_V0440_ID1_T1_c2.mp4,0.0,0.7666666666666667,foraging,standing_head_down;none,red_deer
S3_C2_E769_V0440_ID1_T1/S3_C2_E769_V0440_ID1_T1_c3.mp4,0.0,1.2666666666666666,camera_reaction,looking_at_camera;none,red_deer
S3_C2_E769_V0440_ID1_T1/S3_C2_E769_V0440_ID1_T1_c4.mp4,0.0,2.3666666666666667,foraging,walking;none,red_deer
S3_C2_E769_V0440_ID1_T1/S3_C2_E769_V0440_ID1_T1_c5.mp4,0.0,6.733333333333333,foraging,standing_head_down;none,red_deer
S3_C2_E769_V0440_ID1_T1/S3_C2_E769_V0440_ID1_T1_c6.mp4,0.0,0.3333333333333333,marking,scratching_hoof;none,red_deer
S3_C2_E769_V0440_ID1_T1/S3_C2_E769_V0440_ID1_T1_c7.mp4,0.0,4.3,marking,scratching_hoof;urinating,red_deer
S3_C2_E769_V0440_ID1_T1/S3_C2_E769_V0440_ID1_T1_c8.mp4,0.0,8.0,marking,scratching_antlers;urinating,red_deer
S3_C2_E769_V0440_ID1_T1/S3_C2_E769_V0440_ID1_T1_c9.mp4,0.0,10.333333333333334,marking,scratching_hoof;urinating,red_deer
S3_C2_E769_V0440_ID1_T1/S3_C2_E769_V0440_ID1_T1_c10.mp4,0.0,4.133333333333334,marking,scratching_antlers;urinating,red_deer
S3_C2_E769_V0440_ID1_T1/S3_C2_E769_V0440_ID1_T1_c11.mp4,0.0,1.8333333333333333,grooming,standing_head_up;urinating,red_deer
S3_C2_E769_V0440_ID1_T1/S3_C2_E769_V0440_ID1_T1_c12.mp4,0.0,9.8,vigilance,standing_head_up;none,red_deer
S3_C2_E769_V0440_ID1_T1/S3_C2_E769_V0440_ID1_T1_c13.mp4,0.0,0.4,unknown,standing_head_down;none,red_deer
S3_C2_E769_V0440_ID1_T1/S3_C2_E769_V0440_ID1_T1_c14.mp4,0.0,1.8,marking,scratching_antlers;none,red_deer
S3_C2_E769_V0441_ID1_T1/S3_C2_E769_V0441_ID1_T1_c0.mp4,0.0,29.166666666666668,foraging,standing_head_down;none,red_deer
S3_C2_E769_V0441_ID1_T1/S3_C2_E769_V0441_ID1_T1_c1.mp4,0.0,8.1,unknown,unknown;none,red_deer
S3_C2_E769_V0441_ID1_T1/S3_C2_E769_V0441_ID1_T1_c2.mp4,0.0,4.066666666666666,foraging,walking;none,red_deer
S3_C2_E773_V0455_ID1_T1/S3_C2_E773_V0455_ID1_T1_c0.mp4,0.0,1.8333333333333333,vigilance,standing_head_up;none,red_deer
S3_C2_E774_V0456_ID2_T1/S3_C2_E774_V0456_ID2_T1_c0.mp4,0.0,1.5666666666666667,unknown,running;none,red_deer
S3_C2_E774_V0456_ID3_T1/S3_C2_E774_V0456_ID3_T1_c0.mp4,0.0,1.4333333333333333,courtship,running;none,red_deer
S3_C2_E777_V0463_ID1_T1/S3_C2_E777_V0463_ID1_T1_c0.mp4,0.0,5.766666666666667,foraging,walking;none,red_deer
S3_C2_E777_V0463_ID1_T1/S3_C2_E777_V0463_ID1_T1_c1.mp4,0.0,5.233333333333333,foraging,standing_head_down;none,red_deer
S3_C2_E778_V0464_ID1_T1/S3_C2_E778_V0464_ID1_T1_c0.mp4,0.0,1.6,foraging,walking;none,red_deer
S3_C2_E778_V0464_ID1_T1/S3_C2_E778_V0464_ID1_T1_c1.mp4,0.0,0.43333333333333335,foraging,sniffing;none,red_deer
S3_C2_E778_V0464_ID1_T1/S3_C2_E778_V0464_ID1_T1_c2.mp4,0.0,5.133333333333334,foraging,walking;none,red_deer
S3_C2_E778_V0464_ID1_T1/S3_C2_E778_V0464_ID1_T1_c3.mp4,0.0,2.2333333333333334,grooming,scratching_hoof;none,red_deer
S3_C2_E778_V0464_ID1_T1/S3_C2_E778_V0464_ID1_T1_c4.mp4,0.0,51.1,grooming,bathing;none,red_deer
S3_C2_E778_V0465_ID1_T1/S3_C2_E778_V0465_ID1_T1_c0.mp4,0.0,3.433333333333333,unknown,running;none,red_deer
S3_C2_E778_V0465_ID1_T1/S3_C2_E778_V0465_ID1_T1_c1.mp4,0.0,2.3333333333333335,unknown,unknown;none,red_deer
S3_C2_E778_V0465_ID1_T1/S3_C2_E778_V0465_ID1_T1_c2.mp4,0.0,2.933333333333333,unknown,running;none,red_deer
S3_C2_E780_V0467_ID1_T1/S3_C2_E780_V0467_ID1_T1_c0.mp4,0.0,3.0,foraging,walking;none,red_deer
S3_C2_E780_V0467_ID1_T1/S3_C2_E780_V0467_ID1_T1_c1.mp4,0.0,2.966666666666667,foraging,walking;defecating,red_deer
S3_C2_E780_V0467_ID1_T1/S3_C2_E780_V0467_ID1_T1_c2.mp4,0.0,9.866666666666667,foraging,drinking;defecating,red_deer
S3_C2_E780_V0467_ID1_T1/S3_C2_E780_V0467_ID1_T1_c3.mp4,0.0,9.866666666666667,foraging,drinking;none,red_deer
S3_C2_E780_V0467_ID1_T1/S3_C2_E780_V0467_ID1_T1_c4.mp4,0.0,4.7,foraging,standing_head_down;none,red_deer
S3_C2_E780_V0467_ID1_T1/S3_C2_E780_V0467_ID1_T1_c5.mp4,0.0,2.8666666666666667,marking,scratching_hoof;none,red_deer
S3_C2_E780_V0467_ID1_T1/S3_C2_E780_V0467_ID1_T1_c6.mp4,0.0,1.8666666666666667,marking,scratching_antlers;none,red_deer
S3_C2_E780_V0467_ID1_T1/S3_C2_E780_V0467_ID1_T1_c7.mp4,0.0,6.766666666666667,marking,scratching_hoof;none,red_deer
S3_C2_E780_V0467_ID1_T1/S3_C2_E780_V0467_ID1_T1_c8.mp4,0.0,2.3666666666666667,marking,scratching_antlers;none,red_deer
S3_C2_E780_V0467_ID1_T1/S3_C2_E780_V0467_ID1_T1_c9.mp4,0.0,5.833333333333333,marking,scratching_hoof;none,red_deer
S3_C2_E780_V0467_ID1_T1/S3_C2_E780_V0467_ID1_T1_c10.mp4,0.0,0.7,marking,scratching_antlers;none,red_deer
S3_C2_E780_V0467_ID1_T1/S3_C2_E780_V0467_ID1_T1_c11.mp4,0.0,2.2,marking,scratching_hoof;none,red_deer
S3_C2_E780_V0467_ID1_T1/S3_C2_E780_V0467_ID1_T1_c12.mp4,0.0,7.5,marking,scratching_antlers;none,red_deer
S3_C2_E780_V0468_ID1_T1/S3_C2_E780_V0468_ID1_T1_c0.mp4,0.0,3.2,vigilance,standing_head_up;none,red_deer
S3_C2_E780_V0468_ID1_T1/S3_C2_E780_V0468_ID1_T1_c1.mp4,0.0,3.6666666666666665,grooming,scratching_body;none,red_deer
S3_C2_E780_V0468_ID1_T1/S3_C2_E780_V0468_ID1_T1_c2.mp4,0.0,1.8666666666666667,grooming,shaking_fur;none,red_deer
S3_C2_E780_V0468_ID1_T1/S3_C2_E780_V0468_ID1_T1_c3.mp4,0.0,8.333333333333334,courtship,standing_head_up;vocalizing,red_deer
S3_C2_E780_V0468_ID1_T1/S3_C2_E780_V0468_ID1_T1_c4.mp4,0.0,2.7666666666666666,vigilance,standing_head_up;none,red_deer
S3_C2_E780_V0468_ID1_T1/S3_C2_E780_V0468_ID1_T1_c5.mp4,0.0,0.7333333333333333,unknown,standing_head_down;none,red_deer
S3_C2_E780_V0468_ID1_T1/S3_C2_E780_V0468_ID1_T1_c6.mp4,0.0,7.466666666666667,marking,scratching_antlers;none,red_deer
S3_C2_E780_V0468_ID1_T1/S3_C2_E780_V0468_ID1_T1_c7.mp4,0.0,7.766666666666667,foraging,standing_head_down;none,red_deer
S3_C2_E780_V0468_ID1_T1/S3_C2_E780_V0468_ID1_T1_c8.mp4,0.0,1.4,vigilance,standing_head_up;none,red_deer
S3_C2_E780_V0468_ID1_T1/S3_C2_E780_V0468_ID1_T1_c9.mp4,0.0,6.633333333333334,courtship,standing_head_up;vocalizing,red_deer
S3_C2_E780_V0468_ID1_T1/S3_C2_E780_V0468_ID1_T1_c10.mp4,0.0,3.1666666666666665,vigilance,standing_head_up;none,red_deer
S3_C2_E780_V0468_ID1_T1/S3_C2_E780_V0468_ID1_T1_c11.mp4,0.0,5.966666666666667,foraging,walking;none,red_deer
S3_C2_E780_V0468_ID1_T1/S3_C2_E780_V0468_ID1_T1_c12.mp4,0.0,1.7666666666666666,foraging,standing_head_down;none,red_deer
S3_C2_E780_V0468_ID1_T1/S3_C2_E780_V0468_ID1_T1_c13.mp4,0.0,2.066666666666667,foraging,walking;none,red_deer
S3_C2_E780_V0468_ID1_T1/S3_C2_E780_V0468_ID1_T1_c14.mp4,0.0,1.8,foraging,standing_head_down;none,red_deer
S3_C2_E780_V0468_ID1_T1/S3_C2_E780_V0468_ID1_T1_c15.mp4,0.0,1.9,vigilance,standing_head_up;none,red_deer
S3_C2_E780_V0469_ID1_T1/S3_C2_E780_V0469_ID1_T1_c0.mp4,0.0,4.066666666666666,courtship,standing_head_up;vocalizing,red_deer
S3_C2_E780_V0469_ID1_T1/S3_C2_E780_V0469_ID1_T1_c1.mp4,0.0,34.53333333333333,vigilance,standing_head_up;none,red_deer
S3_C2_E780_V0469_ID1_T1/S3_C2_E780_V0469_ID1_T1_c2.mp4,0.0,3.4,foraging,walking;none,red_deer
S3_C2_E780_V0469_ID1_T1/S3_C2_E780_V0469_ID1_T1_c3.mp4,0.0,18.5,foraging,drinking;none,red_deer
S3_C2_E780_V0470_ID1_T1/S3_C2_E780_V0470_ID1_T1_c0.mp4,0.0,0.3,foraging,standing_head_up;none,red_deer
S3_C2_E780_V0470_ID1_T1/S3_C2_E780_V0470_ID1_T1_c1.mp4,0.0,0.3333333333333333,foraging,standing_head_down;none,red_deer
S3_C2_E780_V0470_ID1_T1/S3_C2_E780_V0470_ID1_T1_c2.mp4,0.0,1.5,marking,scratching_antlers;none,red_deer
S3_C2_E780_V0470_ID1_T1/S3_C2_E780_V0470_ID1_T1_c3.mp4,0.0,4.966666666666667,vigilance,standing_head_up;none,red_deer
S3_C2_E780_V0470_ID1_T1/S3_C2_E780_V0470_ID1_T1_c4.mp4,0.0,5.333333333333333,courtship,standing_head_up;vocalizing,red_deer
S3_C2_E780_V0470_ID1_T1/S3_C2_E780_V0470_ID1_T1_c5.mp4,0.0,48.06666666666667,vigilance,standing_head_up;none,red_deer
S3_C2_E780_V0471_ID1_T1/S3_C2_E780_V0471_ID1_T1_c0.mp4,0.0,22.266666666666666,vigilance,standing_head_up;none,red_deer
S3_C2_E780_V0471_ID1_T1/S3_C2_E780_V0471_ID1_T1_c1.mp4,0.0,2.0,foraging,walking;none,red_deer
S3_C2_E780_V0471_ID1_T1/S3_C2_E780_V0471_ID1_T1_c2.mp4,0.0,0.5333333333333333,foraging,standing_head_down;none,red_deer
S3_C2_E780_V0471_ID1_T1/S3_C2_E780_V0471_ID1_T1_c3.mp4,0.0,13.533333333333333,foraging,drinking;none,red_deer
S3_C2_E780_V0471_ID1_T1/S3_C2_E780_V0471_ID1_T1_c4.mp4,0.0,5.466666666666667,foraging,standing_head_down;none,red_deer
S3_C2_E780_V0471_ID1_T1/S3_C2_E780_V0471_ID1_T1_c5.mp4,0.0,1.7333333333333334,marking,scratching_antlers;none,red_deer
S3_C2_E780_V0471_ID1_T1/S3_C2_E780_V0471_ID1_T1_c6.mp4,0.0,3.1333333333333333,marking,scratching_hoof;none,red_deer
S3_C2_E780_V0471_ID1_T1/S3_C2_E780_V0471_ID1_T1_c7.mp4,0.0,0.23333333333333334,marking,scratching_antlers;none,red_deer
S3_C2_E780_V0471_ID1_T1/S3_C2_E780_V0471_ID1_T1_c8.mp4,0.0,5.9,marking,scratching_antlers;urinating,red_deer
S3_C2_E780_V0471_ID1_T1/S3_C2_E780_V0471_ID1_T1_c9.mp4,0.0,2.3333333333333335,marking,scratching_hoof;urinating,red_deer
S3_C2_E780_V0471_ID1_T1/S3_C2_E780_V0471_ID1_T1_c10.mp4,0.0,3.3666666666666667,marking,scratching_antlers;urinating,red_deer
S3_C2_E780_V0472_ID1_T1/S3_C2_E780_V0472_ID1_T1_c0.mp4,0.0,0.43333333333333335,vigilance,standing_head_up;none,red_deer
S3_C2_E780_V0472_ID1_T1/S3_C2_E780_V0472_ID1_T1_c1.mp4,0.0,0.4666666666666667,unknown,standing_head_down;none,red_deer
S3_C2_E780_V0472_ID1_T1/S3_C2_E780_V0472_ID1_T1_c2.mp4,0.0,0.7,marking,scratching_antlers;none,red_deer
S3_C2_E780_V0472_ID1_T1/S3_C2_E780_V0472_ID1_T1_c3.mp4,0.0,0.3333333333333333,unknown,standing_head_down;none,red_deer
S3_C2_E780_V0472_ID1_T1/S3_C2_E780_V0472_ID1_T1_c4.mp4,0.0,2.1,vigilance,standing_head_up;none,red_deer
S3_C2_E780_V0472_ID1_T1/S3_C2_E780_V0472_ID1_T1_c5.mp4,0.0,7.6,courtship,standing_head_up;vocalizing,red_deer
S3_C2_E780_V0472_ID1_T1/S3_C2_E780_V0472_ID1_T1_c6.mp4,0.0,9.133333333333333,vigilance,standing_head_up;none,red_deer
S3_C2_E780_V0472_ID1_T1/S3_C2_E780_V0472_ID1_T1_c7.mp4,0.0,0.23333333333333334,vigilance,standing_head_down;none,red_deer
S3_C2_E780_V0472_ID1_T1/S3_C2_E780_V0472_ID1_T1_c8.mp4,0.0,0.43333333333333335,foraging,standing_head_down;none,red_deer
S3_C2_E780_V0472_ID1_T1/S3_C2_E780_V0472_ID1_T1_c9.mp4,0.0,1.5,foraging,walking;none,red_deer
S3_C2_E780_V0472_ID1_T1/S3_C2_E780_V0472_ID1_T1_c10.mp4,0.0,0.4666666666666667,foraging,sniffing;none,red_deer
S3_C2_E780_V0472_ID1_T1/S3_C2_E780_V0472_ID1_T1_c11.mp4,0.0,2.933333333333333,foraging,walking;none,red_deer
S3_C2_E780_V0472_ID1_T1/S3_C2_E780_V0472_ID1_T1_c12.mp4,0.0,1.6,marking,scratching_antlers;none,red_deer
S3_C2_E780_V0472_ID1_T1/S3_C2_E780_V0472_ID1_T1_c13.mp4,0.0,3.1,vigilance,standing_head_up;none,red_deer
S3_C2_E780_V0472_ID1_T1/S3_C2_E780_V0472_ID1_T1_c14.mp4,0.0,4.933333333333334,courtship,standing_head_up;vocalizing,red_deer
S3_C2_E780_V0472_ID1_T1/S3_C2_E780_V0472_ID1_T1_c15.mp4,0.0,3.7,vigilance,standing_head_up;none,red_deer
S3_C2_E780_V0472_ID1_T1/S3_C2_E780_V0472_ID1_T1_c16.mp4,0.0,2.433333333333333,vigilance,walking;none,red_deer
S3_C2_E780_V0472_ID1_T1/S3_C2_E780_V0472_ID1_T1_c17.mp4,0.0,1.9333333333333333,foraging,walking;none,red_deer
S3_C2_E780_V0472_ID1_T1/S3_C2_E780_V0472_ID1_T1_c18.mp4,0.0,9.266666666666667,foraging,standing_head_down;none,red_deer
S3_C2_E780_V0472_ID1_T1/S3_C2_E780_V0472_ID1_T1_c19.mp4,0.0,2.9,foraging,walking;none,red_deer
S3_C2_E780_V0472_ID1_T1/S3_C2_E780_V0472_ID1_T1_c20.mp4,0.0,4.3,unknown,unknown;none,red_deer
S3_C2_E781_V0473_ID1_T1/S3_C2_E781_V0473_ID1_T1_c0.mp4,0.0,2.033333333333333,foraging,walking;none,red_deer
S3_C2_E782_V0474_ID1_T1/S3_C2_E782_V0474_ID1_T1_c0.mp4,0.0,4.5,vigilance,standing_head_up;none,red_deer
S3_C2_E782_V0476_ID1_T1/S3_C2_E782_V0476_ID1_T1_c0.mp4,0.0,1.1,courtship,standing_head_up;vocalizing,red_deer
S3_C2_E782_V0476_ID1_T1/S3_C2_E782_V0476_ID1_T1_c1.mp4,0.0,0.4,courtship,standing_head_up;none,red_deer
S3_C2_E782_V0479_ID1_T1/S3_C2_E782_V0479_ID1_T1_c0.mp4,0.0,1.5,vigilance,standing_head_up;none,red_deer
S3_C2_E782_V0480_ID1_T1/S3_C2_E782_V0480_ID1_T1_c0.mp4,0.0,0.8666666666666667,courtship,standing_head_up;vocalizing,red_deer
S3_C2_E782_V0480_ID1_T1/S3_C2_E782_V0480_ID1_T1_c1.mp4,0.0,0.6333333333333333,courtship,standing_head_up;none,red_deer
S3_C2_E782_V0481_ID1_T1/S3_C2_E782_V0481_ID1_T1_c0.mp4,0.0,2.9,foraging,standing_head_up;vocalizing,red_deer
S3_C2_E782_V0481_ID1_T1/S3_C2_E782_V0481_ID1_T1_c1.mp4,0.0,0.1,courtship,standing_head_up;vocalizing,red_deer
S3_C2_E782_V0482_ID1_T1/S3_C2_E782_V0482_ID1_T1_c0.mp4,0.0,1.7,courtship,walking;vocalizing,red_deer
S3_C2_E782_V0482_ID1_T1/S3_C2_E782_V0482_ID1_T1_c1.mp4,0.0,1.2666666666666666,courtship,walking;none,red_deer
S3_C2_E783_V0484_ID1_T1/S3_C2_E783_V0484_ID1_T1_c0.mp4,0.0,0.8333333333333334,foraging,walking;none,red_deer
S3_C2_E783_V0484_ID1_T1/S3_C2_E783_V0484_ID1_T1_c1.mp4,0.0,0.6,foraging,standing_head_down;none,red_deer
S3_C2_E783_V0485_ID1_T1/S3_C2_E783_V0485_ID1_T1_c0.mp4,0.0,1.3333333333333333,resting,laying;none,red_deer
S3_C2_E783_V0485_ID2_T1/S3_C2_E783_V0485_ID2_T1_c0.mp4,0.0,1.3333333333333333,grooming,scratching_body;none,red_deer
S3_C2_E785_V0497_ID1_T1/S3_C2_E785_V0497_ID1_T1_c0.mp4,0.0,10.8,foraging,walking;none,red_deer
S3_C2_E785_V0497_ID1_T1/S3_C2_E785_V0497_ID1_T1_c1.mp4,0.0,3.7666666666666666,foraging,standing_head_down;none,red_deer
S3_C2_E785_V0498_ID1_T1/S3_C2_E785_V0498_ID1_T1_c0.mp4,0.0,1.5666666666666667,foraging,walking;none,red_deer
S3_C2_E786_V0499_ID1_T1/S3_C2_E786_V0499_ID1_T1_c0.mp4,0.0,2.433333333333333,escaping,running;none,red_deer
S3_C2_E786_V0499_ID1_T1/S3_C2_E786_V0499_ID1_T1_c1.mp4,0.0,6.533333333333333,foraging,walking;none,red_deer
S3_C2_E786_V0499_ID2_T1/S3_C2_E786_V0499_ID2_T1_c0.mp4,0.0,1.7,courtship,running;none,red_deer
S3_C2_E786_V0499_ID2_T1/S3_C2_E786_V0499_ID2_T1_c1.mp4,0.0,1.8333333333333333,courtship,running;vocalizing,red_deer
S3_C2_E786_V0499_ID2_T1/S3_C2_E786_V0499_ID2_T1_c2.mp4,0.0,1.3666666666666667,courtship,running;none,red_deer
S3_C2_E786_V0499_ID2_T1/S3_C2_E786_V0499_ID2_T1_c3.mp4,0.0,1.1333333333333333,courtship,running;vocalizing,red_deer
S3_C2_E786_V0499_ID2_T1/S3_C2_E786_V0499_ID2_T1_c4.mp4,0.0,0.9666666666666667,courtship,walking;none,red_deer
S3_C2_E786_V0499_ID2_T1/S3_C2_E786_V0499_ID2_T1_c5.mp4,0.0,1.1,courtship,walking;vocalizing,red_deer
S3_C2_E786_V0500_ID1_T1/S3_C2_E786_V0500_ID1_T1_c0.mp4,0.0,4.066666666666666,foraging,standing_head_up;none,red_deer
S3_C2_E786_V0500_ID1_T1/S3_C2_E786_V0500_ID1_T1_c1.mp4,0.0,0.1,vigilance,standing_head_up;none,red_deer
S3_C2_E786_V0500_ID2_T1/S3_C2_E786_V0500_ID2_T1_c0.mp4,0.0,0.9,vigilance,standing_head_up;none,red_deer
S3_C2_E786_V0500_ID2_T1/S3_C2_E786_V0500_ID2_T1_c1.mp4,0.0,3.2666666666666666,grooming,scratching_body;none,red_deer
S3_C2_E786_V0502_ID1_T1/S3_C2_E786_V0502_ID1_T1_c0.mp4,0.0,2.7,vigilance,standing_head_up;none,red_deer
S3_C2_E786_V0502_ID2_T1/S3_C2_E786_V0502_ID2_T1_c0.mp4,0.0,2.7,foraging,walking;none,red_deer
S3_C2_E786_V0503_ID1_T1/S3_C2_E786_V0503_ID1_T1_c0.mp4,0.0,1.3,vigilance,standing_head_up;none,red_deer
S3_C2_E786_V0503_ID2_T1/S3_C2_E786_V0503_ID2_T1_c0.mp4,0.0,1.2,foraging,walking;none,red_deer
S3_C2_E799_V0535_ID1_T1/S3_C2_E799_V0535_ID1_T1_c0.mp4,0.0,3.566666666666667,foraging,walking;none,red_deer
S3_C2_E799_V0535_ID1_T1/S3_C2_E799_V0535_ID1_T1_c1.mp4,0.0,1.6666666666666667,foraging,standing_head_down;none,red_deer
S3_C2_E799_V0535_ID1_T1/S3_C2_E799_V0535_ID1_T1_c2.mp4,0.0,7.266666666666667,vigilance,standing_head_up;none,red_deer
S3_C2_E799_V0535_ID1_T1/S3_C2_E799_V0535_ID1_T1_c3.mp4,0.0,6.266666666666667,courtship,standing_head_up;vocalizing,red_deer
S3_C2_E799_V0535_ID1_T1/S3_C2_E799_V0535_ID1_T1_c4.mp4,0.0,1.7,vigilance,standing_head_up;none,red_deer
S3_C2_E799_V0535_ID1_T1/S3_C2_E799_V0535_ID1_T1_c5.mp4,0.0,0.8333333333333334,foraging,standing_head_down;none,red_deer
S3_C2_E799_V0535_ID1_T1/S3_C2_E799_V0535_ID1_T1_c6.mp4,0.0,1.9666666666666666,foraging,drinking;none,red_deer
S3_C2_E799_V0535_ID1_T1/S3_C2_E799_V0535_ID1_T1_c7.mp4,0.0,0.4666666666666667,foraging,standing_head_down;none,red_deer
S3_C2_E799_V0535_ID1_T1/S3_C2_E799_V0535_ID1_T1_c8.mp4,0.0,4.8,vigilance,standing_head_up;none,red_deer
S3_C2_E799_V0535_ID1_T1/S3_C2_E799_V0535_ID1_T1_c9.mp4,0.0,1.1,foraging,standing_head_down;none,red_deer
S3_C2_E799_V0535_ID1_T1/S3_C2_E799_V0535_ID1_T1_c10.mp4,0.0,10.5,foraging,drinking;none,red_deer
S3_C2_E799_V0535_ID1_T1/S3_C2_E799_V0535_ID1_T1_c11.mp4,0.0,1.4333333333333333,foraging,standing_head_down;none,red_deer
S3_C2_E799_V0535_ID1_T1/S3_C2_E799_V0535_ID1_T1_c12.mp4,0.0,7.133333333333334,resting,bathing;none,red_deer
S3_C2_E799_V0535_ID1_T1/S3_C2_E799_V0535_ID1_T1_c13.mp4,0.0,11.566666666666666,courtship,bathing;vocalizing,red_deer
S3_C2_E799_V0535_ID1_T1/S3_C2_E799_V0535_ID1_T1_c14.mp4,0.0,0.23333333333333334,resting,bathing;none,red_deer
S3_C2_E800_V0536_ID1_T1/S3_C2_E800_V0536_ID1_T1_c0.mp4,0.0,3.2333333333333334,foraging,walking;none,red_deer
S3_C2_E800_V0536_ID1_T1/S3_C2_E800_V0536_ID1_T1_c1.mp4,0.0,1.1333333333333333,foraging,sniffing;none,red_deer
S3_C2_E800_V0536_ID1_T1/S3_C2_E800_V0536_ID1_T1_c2.mp4,0.0,1.7666666666666666,foraging,standing_head_down;none,red_deer
S3_C2_E800_V0536_ID1_T1/S3_C2_E800_V0536_ID1_T1_c3.mp4,0.0,1.8666666666666667,vigilance,standing_head_up;none,red_deer
S3_C2_E800_V0536_ID1_T1/S3_C2_E800_V0536_ID1_T1_c4.mp4,0.0,10.133333333333333,courtship,standing_head_up;vocalizing,red_deer
S3_C2_E800_V0536_ID1_T1/S3_C2_E800_V0536_ID1_T1_c5.mp4,0.0,5.3,vigilance,standing_head_up;none,red_deer
S3_C2_E800_V0536_ID1_T1/S3_C2_E800_V0536_ID1_T1_c6.mp4,0.0,5.9,foraging,standing_head_down;none,red_deer
S3_C2_E800_V0536_ID1_T1/S3_C2_E800_V0536_ID1_T1_c7.mp4,0.0,8.7,marking,scratching_antlers;none,red_deer
S3_C2_E800_V0536_ID1_T1/S3_C2_E800_V0536_ID1_T1_c8.mp4,0.0,3.8333333333333335,marking,scratching_hoof;none,red_deer
S3_C2_E800_V0536_ID1_T1/S3_C2_E800_V0536_ID1_T1_c9.mp4,0.0,4.2,marking,scratching_antlers;none,red_deer
S3_C2_E800_V0536_ID1_T1/S3_C2_E800_V0536_ID1_T1_c10.mp4,0.0,1.0,foraging,standing_head_down;none,red_deer
S3_C2_E800_V0536_ID1_T1/S3_C2_E800_V0536_ID1_T1_c11.mp4,0.0,2.3666666666666667,vigilance,standing_head_up;none,red_deer
S3_C2_E800_V0536_ID1_T1/S3_C2_E800_V0536_ID1_T1_c12.mp4,0.0,11.066666666666666,vigilance,walking;none,red_deer
S3_C2_E802_V0538_ID1_T1/S3_C2_E802_V0538_ID1_T1_c0.mp4,0.0,3.2333333333333334,foraging,walking;none,red_deer
S3_C2_E802_V0538_ID1_T1/S3_C2_E802_V0538_ID1_T1_c1.mp4,0.0,10.1,foraging,drinking;none,red_deer
S3_C2_E802_V0538_ID1_T1/S3_C2_E802_V0538_ID1_T1_c2.mp4,0.0,2.066666666666667,foraging,standing_head_down;none,red_deer
S3_C2_E802_V0538_ID1_T1/S3_C2_E802_V0538_ID1_T1_c3.mp4,0.0,7.533333333333333,marking,scratching_hoof;none,red_deer
S3_C2_E802_V0538_ID1_T1/S3_C2_E802_V0538_ID1_T1_c4.mp4,0.0,0.9666666666666667,marking,scratching_antlers;none,red_deer
S3_C2_E802_V0538_ID1_T1/S3_C2_E802_V0538_ID1_T1_c5.mp4,0.0,2.4,unknown,standing_head_down;none,red_deer
S3_C2_E802_V0538_ID1_T1/S3_C2_E802_V0538_ID1_T1_c6.mp4,0.0,3.6666666666666665,resting,bathing;none,red_deer
S3_C2_E802_V0538_ID1_T1/S3_C2_E802_V0538_ID1_T1_c7.mp4,0.0,9.833333333333334,courtship,bathing;vocalizing,red_deer
S3_C2_E802_V0538_ID1_T1/S3_C2_E802_V0538_ID1_T1_c8.mp4,0.0,12.466666666666667,resting,bathing;none,red_deer
S3_C2_E802_V0538_ID1_T1/S3_C2_E802_V0538_ID1_T1_c9.mp4,0.0,8.233333333333333,courtship,bathing;vocalizing,red_deer
S3_C2_E803_V0539_ID1_T1/S3_C2_E803_V0539_ID1_T1_c0.mp4,0.0,10.166666666666666,vigilance,standing_head_up;none,red_deer
S3_C2_E803_V0540_ID1_T1/S3_C2_E803_V0540_ID1_T1_c0.mp4,0.0,6.366666666666666,vigilance,standing_head_up;none,red_deer
S3_C2_E803_V0540_ID2_T1/S3_C2_E803_V0540_ID2_T1_c0.mp4,0.0,2.966666666666667,foraging,walking;none,red_deer
S3_C2_E803_V0540_ID2_T1/S3_C2_E803_V0540_ID2_T1_c1.mp4,0.0,1.4666666666666666,foraging,standing_head_down;none,red_deer
S3_C2_E803_V0540_ID2_T1/S3_C2_E803_V0540_ID2_T1_c2.mp4,0.0,1.9,foraging,walking;none,red_deer
S3_C2_E803_V0541_ID1_T1/S3_C2_E803_V0541_ID1_T1_c0.mp4,0.0,2.033333333333333,foraging,walking;none,red_deer
S3_C2_E803_V0541_ID1_T1/S3_C2_E803_V0541_ID1_T1_c1.mp4,0.0,0.6666666666666666,foraging,standing_head_down;none,red_deer
S3_C2_E803_V0541_ID1_T1/S3_C2_E803_V0541_ID1_T1_c2.mp4,0.0,3.2666666666666666,vigilance,standing_head_up;none,red_deer
S3_C2_E803_V0541_ID2_T1/S3_C2_E803_V0541_ID2_T1_c0.mp4,0.0,5.8,foraging,walking;none,red_deer
S3_C2_E803_V0542_ID1_T1/S3_C2_E803_V0542_ID1_T1_c0.mp4,0.0,3.0,foraging,standing_head_down;none,red_deer
S3_C2_E803_V0542_ID1_T1/S3_C2_E803_V0542_ID1_T1_c1.mp4,0.0,1.5333333333333334,marking,scratching_hoof;none,red_deer
S3_C2_E803_V0542_ID1_T1/S3_C2_E803_V0542_ID1_T1_c2.mp4,0.0,2.433333333333333,foraging,standing_head_down;none,red_deer
S3_C2_E803_V0542_ID2_T1/S3_C2_E803_V0542_ID2_T1_c0.mp4,0.0,6.966666666666667,vigilance,standing_head_up;none,red_deer
S3_C2_E803_V0543_ID1_T1/S3_C2_E803_V0543_ID1_T1_c0.mp4,0.0,2.966666666666667,foraging,standing_head_down;none,red_deer
S3_C2_E803_V0543_ID2_T1/S3_C2_E803_V0543_ID2_T1_c0.mp4,0.0,2.966666666666667,foraging,walking;none,red_deer
S3_C2_E803_V0544_ID1_T1/S3_C2_E803_V0544_ID1_T1_c0.mp4,0.0,3.9,unknown,unknown;none,red_deer
S3_C2_E803_V0544_ID2_T1/S3_C2_E803_V0544_ID2_T1_c0.mp4,0.0,0.43333333333333335,grooming,shaking_fur;none,red_deer
S3_C2_E803_V0544_ID2_T1/S3_C2_E803_V0544_ID2_T1_c1.mp4,0.0,3.933333333333333,unknown,unknown;none,red_deer
S3_C2_E803_V0545_ID1_T1/S3_C2_E803_V0545_ID1_T1_c0.mp4,0.0,2.1666666666666665,unknown,unknown;none,red_deer
S3_C2_E803_V0549_ID1_T1/S3_C2_E803_V0549_ID1_T1_c0.mp4,0.0,3.566666666666667,foraging,walking;none,red_deer
S3_C2_E804_V0550_ID1_T1/S3_C2_E804_V0550_ID1_T1_c0.mp4,0.0,0.9666666666666667,unknown,running;none,red_deer
S3_C2_E804_V0550_ID1_T1/S3_C2_E804_V0550_ID1_T1_c1.mp4,0.0,0.8,vigilance,standing_head_up;none,red_deer
S3_C2_E804_V0550_ID1_T1/S3_C2_E804_V0550_ID1_T1_c2.mp4,0.0,1.9333333333333333,vigilance,walking;none,red_deer
S3_C2_E804_V0550_ID1_T1/S3_C2_E804_V0550_ID1_T1_c3.mp4,0.0,1.2666666666666666,foraging,standing_head_down;none,red_deer
S3_C2_E804_V0551_ID1_T1/S3_C2_E804_V0551_ID1_T1_c0.mp4,0.0,3.7666666666666666,foraging,walking;none,red_deer
S3_C2_E806_V0553_ID1_T1/S3_C2_E806_V0553_ID1_T1_c0.mp4,0.0,1.0,vigilance,standing_head_up;none,red_deer
S3_C2_E806_V0553_ID1_T1/S3_C2_E806_V0553_ID1_T1_c1.mp4,0.0,2.3333333333333335,courtship,standing_head_up;vocalizing,red_deer
S3_C2_E806_V0553_ID1_T1/S3_C2_E806_V0553_ID1_T1_c2.mp4,0.0,2.3,vigilance,standing_head_up;none,red_deer
S3_C2_E806_V0553_ID1_T1/S3_C2_E806_V0553_ID1_T1_c3.mp4,0.0,4.8,courtship,standing_head_up;vocalizing,red_deer
S3_C2_E806_V0553_ID1_T1/S3_C2_E806_V0553_ID1_T1_c4.mp4,0.0,4.133333333333334,vigilance,standing_head_up;none,red_deer
S3_C2_E806_V0554_ID1_T1/S3_C2_E806_V0554_ID1_T1_c0.mp4,0.0,5.166666666666667,foraging,walking;none,red_deer
S3_C2_E806_V0555_ID1_T1/S3_C2_E806_V0555_ID1_T1_c0.mp4,0.0,1.4666666666666666,foraging,walking;none,red_deer
S3_C2_E807_V0556_ID1_T1/S3_C2_E807_V0556_ID1_T1_c0.mp4,0.0,4.933333333333334,foraging,grazing;none,red_deer
S3_C2_E786_V0504_ID1_T1/S3_C2_E786_V0504_ID1_T1_c0.mp4,0.0,5.366666666666666,foraging,walking;none,red_deer
S3_C2_E786_V0504_ID2_T1/S3_C2_E786_V0504_ID2_T1_c0.mp4,0.0,5.3,foraging,standing_head_up;none,red_deer
S3_C2_E786_V0504_ID2_T1/S3_C2_E786_V0504_ID2_T1_c1.mp4,0.0,0.06666666666666667,vigilance,standing_head_up;none,red_deer
S3_C2_E786_V0505_ID1_T1/S3_C2_E786_V0505_ID1_T1_c0.mp4,0.0,1.3666666666666667,foraging,running;none,red_deer
S3_C2_E786_V0505_ID1_T1/S3_C2_E786_V0505_ID1_T1_c1.mp4,0.0,0.1,courtship,running;none,red_deer
S3_C2_E787_V0506_ID1_T1/S3_C2_E787_V0506_ID1_T1_c0.mp4,0.0,1.1,foraging,walking;none,red_deer
S3_C2_E787_V0506_ID1_T1/S3_C2_E787_V0506_ID1_T1_c1.mp4,0.0,1.0333333333333334,vigilance,standing_head_up;none,red_deer
S3_C2_E787_V0506_ID1_T1/S3_C2_E787_V0506_ID1_T1_c2.mp4,0.0,2.2333333333333334,courtship,standing_head_up;vocalizing,red_deer
S3_C2_E787_V0506_ID1_T1/S3_C2_E787_V0506_ID1_T1_c3.mp4,0.0,1.5333333333333334,courtship,standing_head_up;none,red_deer
S3_C2_E787_V0506_ID1_T1/S3_C2_E787_V0506_ID1_T1_c4.mp4,0.0,1.3333333333333333,courtship,standing_head_up;vocalizing,red_deer
S3_C2_E787_V0506_ID1_T1/S3_C2_E787_V0506_ID1_T1_c5.mp4,0.0,1.1333333333333333,courtship,standing_head_up;none,red_deer
S3_C2_E787_V0506_ID1_T1/S3_C2_E787_V0506_ID1_T1_c6.mp4,0.0,3.966666666666667,courtship,standing_head_up;vocalizing,red_deer
S3_C2_E787_V0506_ID1_T1/S3_C2_E787_V0506_ID1_T1_c7.mp4,0.0,0.5666666666666667,courtship,standing_head_up;none,red_deer
S3_C2_E787_V0506_ID1_T1/S3_C2_E787_V0506_ID1_T1_c8.mp4,0.0,2.033333333333333,courtship,standing_head_up;vocalizing,red_deer
S3_C2_E787_V0506_ID1_T1/S3_C2_E787_V0506_ID1_T1_c9.mp4,0.0,11.433333333333334,vigilance,standing_head_up;none,red_deer
S3_C2_E787_V0506_ID1_T1/S3_C2_E787_V0506_ID1_T1_c10.mp4,0.0,1.2666666666666666,foraging,walking;none,red_deer
S3_C2_E788_V0511_ID1_T1/S3_C2_E788_V0511_ID1_T1_c0.mp4,0.0,1.3333333333333333,courtship,running;none,red_deer
S3_C2_E788_V0511_ID2_T1/S3_C2_E788_V0511_ID2_T1_c0.mp4,0.0,1.3,foraging,standing_head_down;none,red_deer
S3_C2_E783_V0483_ID1_T1/S3_C2_E783_V0483_ID1_T1_c0.mp4,0.0,1.5333333333333334,foraging,walking;none,red_deer
S3_C2_E783_V0483_ID2_T1/S3_C2_E783_V0483_ID2_T1_c0.mp4,0.0,1.5333333333333334,foraging,walking;none,red_deer
S3_C2_E783_V0483_ID3_T1/S3_C2_E783_V0483_ID3_T1_c0.mp4,0.0,1.5333333333333334,foraging,walking;none,red_deer
S3_C2_E783_V0483_ID4_T1/S3_C2_E783_V0483_ID4_T1_c0.mp4,0.0,1.5333333333333334,foraging,walking;none,red_deer
S3_C3_E418_V0067_ID1_T1/S3_C3_E418_V0067_ID1_T1_c0.mp4,0.0,1.3666666666666667,foraging,grazing;none,red_deer
S3_C3_E418_V0067_ID1_T1/S3_C3_E418_V0067_ID1_T1_c1.mp4,0.0,16.066666666666666,vigilance,standing_head_up;none,red_deer
S3_C3_E418_V0067_ID1_T1/S3_C3_E418_V0067_ID1_T1_c2.mp4,0.0,0.6666666666666666,foraging,standing_head_down;none,red_deer
S3_C3_E418_V0067_ID1_T1/S3_C3_E418_V0067_ID1_T1_c3.mp4,0.0,2.3666666666666667,foraging,grazing;none,red_deer
S3_C3_E418_V0068_ID1_T1/S3_C3_E418_V0068_ID1_T1_c0.mp4,0.0,20.5,vigilance,standing_head_up;none,red_deer
S3_C3_E418_V0069_ID1_T1/S3_C3_E418_V0069_ID1_T1_c0.mp4,0.0,2.1333333333333333,vigilance,standing_head_up;none,red_deer
S3_C3_E418_V0069_ID1_T1/S3_C3_E418_V0069_ID1_T1_c1.mp4,0.0,5.0,vigilance,walking;none,red_deer
S3_C3_E418_V0069_ID1_T1/S3_C3_E418_V0069_ID1_T1_c2.mp4,0.0,2.033333333333333,vigilance,standing_head_up;none,red_deer
S3_C3_E418_V0069_ID1_T1/S3_C3_E418_V0069_ID1_T1_c3.mp4,0.0,4.1,vigilance,walking;none,red_deer
S3_C3_E418_V0069_ID1_T1/S3_C3_E418_V0069_ID1_T1_c4.mp4,0.0,2.7666666666666666,vigilance,standing_head_up;none,red_deer
S3_C3_E418_V0069_ID1_T1/S3_C3_E418_V0069_ID1_T1_c5.mp4,0.0,1.2666666666666666,vigilance,walking;none,red_deer
S3_C3_E418_V0069_ID1_T1/S3_C3_E418_V0069_ID1_T1_c6.mp4,0.0,1.3333333333333333,vigilance,standing_head_up;none,red_deer
S3_C3_E418_V0069_ID1_T1/S3_C3_E418_V0069_ID1_T1_c7.mp4,0.0,1.7,vigilance,walking;none,red_deer
S3_C3_E418_V0069_ID1_T1/S3_C3_E418_V0069_ID1_T1_c8.mp4,0.0,0.16666666666666666,vigilance,standing_head_up;none,red_deer
S3_C3_E418_V0070_ID1_T1/S3_C3_E418_V0070_ID1_T1_c0.mp4,0.0,2.066666666666667,vigilance,standing_head_down;none,red_deer
S3_C3_E418_V0070_ID1_T1/S3_C3_E418_V0070_ID1_T1_c1.mp4,0.0,15.8,vigilance,standing_head_up;none,red_deer
S3_C3_E418_V0070_ID1_T1/S3_C3_E418_V0070_ID1_T1_c2.mp4,0.0,2.6333333333333333,vigilance,standing_head_down;none,red_deer
S3_C3_E418_V0071_ID1_T1/S3_C3_E418_V0071_ID1_T1_c0.mp4,0.0,4.6,vigilance,standing_head_up;none,red_deer
S3_C3_E418_V0071_ID1_T1/S3_C3_E418_V0071_ID1_T1_c1.mp4,0.0,2.8,vigilance,walking;none,red_deer
S3_C3_E418_V0071_ID1_T1/S3_C3_E418_V0071_ID1_T1_c2.mp4,0.0,4.633333333333334,vigilance,standing_head_down;none,red_deer
S3_C3_E418_V0071_ID1_T1/S3_C3_E418_V0071_ID1_T1_c3.mp4,0.0,8.466666666666667,vigilance,standing_head_up;none,red_deer
S3_C3_E418_V0072_ID1_T1/S3_C3_E418_V0072_ID1_T1_c0.mp4,0.0,5.566666666666666,vigilance,standing_head_up;none,red_deer
S3_C3_E418_V0072_ID1_T1/S3_C3_E418_V0072_ID1_T1_c1.mp4,0.0,7.033333333333333,vigilance,standing_head_down;none,red_deer
S3_C3_E418_V0072_ID1_T1/S3_C3_E418_V0072_ID1_T1_c2.mp4,0.0,0.4666666666666667,vigilance,standing_head_up;none,red_deer
S3_C3_E418_V0072_ID1_T1/S3_C3_E418_V0072_ID1_T1_c3.mp4,0.0,3.1666666666666665,vigilance,walking;none,red_deer
S3_C3_E418_V0072_ID1_T1/S3_C3_E418_V0072_ID1_T1_c4.mp4,0.0,1.5,vigilance,standing_head_up;none,red_deer
S3_C3_E418_V0072_ID1_T1/S3_C3_E418_V0072_ID1_T1_c5.mp4,0.0,2.7666666666666666,vigilance,standing_head_down;none,red_deer
S3_C3_E418_V0073_ID1_T1/S3_C3_E418_V0073_ID1_T1_c0.mp4,0.0,2.8,vigilance,walking;none,red_deer
S3_C3_E418_V0073_ID1_T1/S3_C3_E418_V0073_ID1_T1_c1.mp4,0.0,17.7,foraging,standing_head_down;none,red_deer
S3_C3_E418_V0074_ID1_T1/S3_C3_E418_V0074_ID1_T1_c0.mp4,0.0,14.8,vigilance,standing_head_up;none,red_deer
S3_C3_E418_V0074_ID1_T1/S3_C3_E418_V0074_ID1_T1_c1.mp4,0.0,5.7,foraging,standing_head_down;none,red_deer
S3_C3_E418_V0075_ID1_T1/S3_C3_E418_V0075_ID1_T1_c0.mp4,0.0,19.2,vigilance,standing_head_up;none,red_deer
S3_C3_E418_V0075_ID1_T1/S3_C3_E418_V0075_ID1_T1_c1.mp4,0.0,1.3,vigilance,walking;none,red_deer
S3_C3_E418_V0076_ID1_T1/S3_C3_E418_V0076_ID1_T1_c0.mp4,0.0,16.7,vigilance,standing_head_up;none,red_deer
S3_C3_E418_V0076_ID1_T1/S3_C3_E418_V0076_ID1_T1_c1.mp4,0.0,3.8,vigilance,walking;none,red_deer
S3_C3_E418_V0077_ID1_T1/S3_C3_E418_V0077_ID1_T1_c0.mp4,0.0,7.3,vigilance,walking;none,red_deer
S3_C3_E418_V0077_ID1_T1/S3_C3_E418_V0077_ID1_T1_c1.mp4,0.0,4.533333333333333,vigilance,standing_head_up;none,red_deer
S3_C3_E418_V0077_ID1_T1/S3_C3_E418_V0077_ID1_T1_c2.mp4,0.0,5.1,foraging,standing_head_down;none,red_deer
S3_C3_E418_V0077_ID1_T1/S3_C3_E418_V0077_ID1_T1_c3.mp4,0.0,1.5333333333333334,vigilance,standing_head_up;none,red_deer
S3_C3_E418_V0077_ID1_T1/S3_C3_E418_V0077_ID1_T1_c4.mp4,0.0,2.033333333333333,foraging,standing_head_down;none,red_deer
S3_C3_E419_V0078_ID1_T1/S3_C3_E419_V0078_ID1_T1_c0.mp4,0.0,10.066666666666666,foraging,walking;none,red_deer
S3_C3_E419_V0078_ID1_T1/S3_C3_E419_V0078_ID1_T1_c1.mp4,0.0,10.433333333333334,foraging,standing_head_down;none,red_deer
S3_C3_E419_V0079_ID1_T1/S3_C3_E419_V0079_ID1_T1_c0.mp4,0.0,1.9333333333333333,vigilance,standing_head_down;none,red_deer
S3_C3_E419_V0079_ID1_T1/S3_C3_E419_V0079_ID1_T1_c1.mp4,0.0,10.433333333333334,vigilance,standing_head_up;none,red_deer
S3_C3_E419_V0079_ID1_T1/S3_C3_E419_V0079_ID1_T1_c2.mp4,0.0,1.6333333333333333,foraging,standing_head_down;none,red_deer
S3_C3_E419_V0079_ID1_T1/S3_C3_E419_V0079_ID1_T1_c3.mp4,0.0,6.5,foraging,grazing;none,red_deer
S3_C3_E419_V0080_ID1_T1/S3_C3_E419_V0080_ID1_T1_c0.mp4,0.0,2.966666666666667,foraging,standing_head_down;none,red_deer
S3_C3_E419_V0080_ID1_T1/S3_C3_E419_V0080_ID1_T1_c1.mp4,0.0,6.033333333333333,foraging,walking;none,red_deer
S3_C3_E419_V0080_ID1_T1/S3_C3_E419_V0080_ID1_T1_c2.mp4,0.0,0.5333333333333333,foraging,standing_head_up;none,red_deer
S3_C3_E419_V0080_ID1_T1/S3_C3_E419_V0080_ID1_T1_c3.mp4,0.0,10.966666666666667,foraging,standing_head_down;none,red_deer
S3_C3_E419_V0081_ID1_T1/S3_C3_E419_V0081_ID1_T1_c0.mp4,0.0,20.5,vigilance,standing_head_up;none,red_deer
S3_C3_E419_V0082_ID1_T1/S3_C3_E419_V0082_ID1_T1_c0.mp4,0.0,7.733333333333333,vigilance,standing_head_up;none,red_deer
S3_C3_E419_V0082_ID1_T1/S3_C3_E419_V0082_ID1_T1_c1.mp4,0.0,1.9666666666666666,vigilance,walking;none,red_deer
S3_C3_E419_V0082_ID1_T1/S3_C3_E419_V0082_ID1_T1_c2.mp4,0.0,10.8,vigilance,standing_head_up;none,red_deer
S3_C3_E419_V0083_ID1_T1/S3_C3_E419_V0083_ID1_T1_c0.mp4,0.0,14.9,vigilance,standing_head_up;none,red_deer
S3_C3_E419_V0083_ID1_T1/S3_C3_E419_V0083_ID1_T1_c1.mp4,0.0,3.9,foraging,standing_head_down;none,red_deer
S3_C3_E419_V0083_ID1_T1/S3_C3_E419_V0083_ID1_T1_c2.mp4,0.0,1.7,vigilance,standing_head_up;none,red_deer
S3_C3_E419_V0084_ID1_T1/S3_C3_E419_V0084_ID1_T1_c0.mp4,0.0,20.5,foraging,standing_head_down;none,red_deer
S3_C3_E419_V0085_ID1_T1/S3_C3_E419_V0085_ID1_T1_c0.mp4,0.0,6.9,foraging,standing_head_down;none,red_deer
S3_C3_E419_V0085_ID1_T1/S3_C3_E419_V0085_ID1_T1_c1.mp4,0.0,0.06666666666666667,vigilance,standing_head_down;none,red_deer
S3_C3_E419_V0085_ID1_T1/S3_C3_E419_V0085_ID1_T1_c2.mp4,0.0,11.066666666666666,vigilance,standing_head_up;none,red_deer
S3_C3_E419_V0085_ID1_T1/S3_C3_E419_V0085_ID1_T1_c3.mp4,0.0,0.06666666666666667,grooming,standing_head_up;none,red_deer
S3_C3_E419_V0085_ID1_T1/S3_C3_E419_V0085_ID1_T1_c4.mp4,0.0,2.4,grooming,scratching_body;none,red_deer
S3_C3_E419_V0086_ID1_T1/S3_C3_E419_V0086_ID1_T1_c0.mp4,0.0,0.9,grooming,scratching_body;none,red_deer
S3_C3_E419_V0086_ID1_T1/S3_C3_E419_V0086_ID1_T1_c1.mp4,0.0,6.566666666666666,vigilance,standing_head_up;none,red_deer
S3_C3_E419_V0086_ID1_T1/S3_C3_E419_V0086_ID1_T1_c2.mp4,0.0,5.366666666666666,vigilance,walking;none,red_deer
S3_C3_E419_V0086_ID1_T1/S3_C3_E419_V0086_ID1_T1_c3.mp4,0.0,4.066666666666666,unknown,unknown;none,red_deer
S3_C3_E444_V0115_ID1_T1/S3_C3_E444_V0115_ID1_T1_c0.mp4,0.0,2.6,foraging,walking;none,red_deer
S3_C3_E444_V0115_ID1_T1/S3_C3_E444_V0115_ID1_T1_c1.mp4,0.0,5.466666666666667,foraging,sniffing;none,red_deer
S3_C3_E444_V0115_ID1_T1/S3_C3_E444_V0115_ID1_T1_c2.mp4,0.0,0.9333333333333333,foraging,standing_head_up;none,red_deer
S3_C3_E444_V0115_ID1_T1/S3_C3_E444_V0115_ID1_T1_c3.mp4,0.0,7.9,vigilance,standing_head_up;none,red_deer
S3_C3_E444_V0115_ID1_T1/S3_C3_E444_V0115_ID1_T1_c4.mp4,0.0,1.1333333333333333,foraging,standing_head_down;none,red_deer
S3_C3_E444_V0115_ID1_T1/S3_C3_E444_V0115_ID1_T1_c5.mp4,0.0,2.466666666666667,foraging,sniffing;none,red_deer
S3_C3_E444_V0116_ID1_T1/S3_C3_E444_V0116_ID1_T1_c0.mp4,0.0,1.5333333333333334,foraging,standing_head_down;none,red_deer
S3_C3_E444_V0116_ID1_T1/S3_C3_E444_V0116_ID1_T1_c1.mp4,0.0,18.966666666666665,vigilance,standing_head_up;none,red_deer
S3_C3_E444_V0117_ID1_T1/S3_C3_E444_V0117_ID1_T1_c0.mp4,0.0,2.2,foraging,sniffing;none,red_deer
S3_C3_E444_V0117_ID1_T1/S3_C3_E444_V0117_ID1_T1_c1.mp4,0.0,2.3333333333333335,foraging,standing_head_down;none,red_deer
S3_C3_E444_V0117_ID1_T1/S3_C3_E444_V0117_ID1_T1_c2.mp4,0.0,9.733333333333333,foraging,walking;none,red_deer
S3_C3_E444_V0117_ID1_T1/S3_C3_E444_V0117_ID1_T1_c3.mp4,0.0,6.233333333333333,vigilance,standing_head_up;none,red_deer
S3_C3_E444_V0118_ID1_T1/S3_C3_E444_V0118_ID1_T1_c0.mp4,0.0,12.833333333333334,foraging,walking;none,red_deer
S3_C3_E444_V0120_ID1_T1/S3_C3_E444_V0120_ID1_T1_c0.mp4,0.0,13.866666666666667,foraging,grazing;none,red_deer
S3_C3_E444_V0121_ID1_T1/S3_C3_E444_V0121_ID1_T1_c0.mp4,0.0,7.2,foraging,walking;none,red_deer
S3_C3_E444_V0121_ID1_T1/S3_C3_E444_V0121_ID1_T1_c1.mp4,0.0,0.6333333333333333,vigilance,walking;none,red_deer
S3_C3_E444_V0121_ID1_T1/S3_C3_E444_V0121_ID1_T1_c2.mp4,0.0,1.5,vigilance,standing_head_up;none,red_deer
S3_C3_E444_V0121_ID1_T1/S3_C3_E444_V0121_ID1_T1_c3.mp4,0.0,2.6333333333333333,foraging,standing_head_down;none,red_deer
S3_C3_E444_V0121_ID1_T1/S3_C3_E444_V0121_ID1_T1_c4.mp4,0.0,2.8333333333333335,foraging,walking;none,red_deer
S3_C3_E444_V0121_ID1_T1/S3_C3_E444_V0121_ID1_T1_c5.mp4,0.0,4.733333333333333,vigilance,standing_head_up;none,red_deer
S3_C3_E444_V0121_ID1_T1/S3_C3_E444_V0121_ID1_T1_c6.mp4,0.0,0.9666666666666667,foraging,standing_head_down;none,red_deer
S3_C3_E444_V0121_ID2_T1/S3_C3_E444_V0121_ID2_T1_c0.mp4,0.0,13.533333333333333,foraging,grazing;none,red_deer
S3_C3_E444_V0121_ID2_T1/S3_C3_E444_V0121_ID2_T1_c1.mp4,0.0,0.8333333333333334,vigilance,standing_head_up;none,red_deer
S3_C3_E444_V0121_ID2_T1/S3_C3_E444_V0121_ID2_T1_c2.mp4,0.0,0.9,unknown,walking;none,red_deer
S3_C3_E444_V0121_ID2_T1/S3_C3_E444_V0121_ID2_T1_c3.mp4,0.0,5.233333333333333,unknown,unknown;none,red_deer
S3_C3_E444_V0122_ID1_T1/S3_C3_E444_V0122_ID1_T1_c0.mp4,0.0,20.5,unknown,unknown;none,red_deer
S3_C3_E444_V0122_ID2_T1/S3_C3_E444_V0122_ID2_T1_c0.mp4,0.0,6.833333333333333,foraging,walking;none,red_deer
S3_C3_E444_V0122_ID2_T1/S3_C3_E444_V0122_ID2_T1_c1.mp4,0.0,13.666666666666666,foraging,grazing;none,red_deer
S3_C3_E444_V0123_ID1_T1/S3_C3_E444_V0123_ID1_T1_c0.mp4,0.0,1.2666666666666666,foraging,walking;none,red_deer
S3_C3_E444_V0123_ID1_T1/S3_C3_E444_V0123_ID1_T1_c1.mp4,0.0,2.7666666666666666,foraging,standing_head_down;none,red_deer
S3_C3_E444_V0123_ID1_T1/S3_C3_E444_V0123_ID1_T1_c2.mp4,0.0,15.333333333333334,foraging,walking;none,red_deer
S3_C3_E444_V0123_ID2_T1/S3_C3_E444_V0123_ID2_T1_c0.mp4,0.0,6.766666666666667,vigilance,standing_head_up;none,red_deer
S3_C3_E444_V0123_ID2_T1/S3_C3_E444_V0123_ID2_T1_c1.mp4,0.0,1.4333333333333333,escaping,jumping;none,red_deer
S3_C3_E444_V0123_ID2_T1/S3_C3_E444_V0123_ID2_T1_c2.mp4,0.0,2.566666666666667,vigilance,standing_head_up;none,red_deer
S3_C3_E444_V0123_ID2_T1/S3_C3_E444_V0123_ID2_T1_c3.mp4,0.0,4.5,unknown,unknown;none,red_deer
S3_C3_E444_V0123_ID2_T1/S3_C3_E444_V0123_ID2_T1_c4.mp4,0.0,5.233333333333333,vigilance,standing_head_up;none,red_deer
S3_C3_E444_V0123_ID3_T1/S3_C3_E444_V0123_ID3_T1_c0.mp4,0.0,1.0333333333333334,foraging,walking;none,red_deer
S3_C3_E444_V0123_ID3_T1/S3_C3_E444_V0123_ID3_T1_c1.mp4,0.0,1.3,vigilance,standing_head_up;none,red_deer
S3_C3_E444_V0123_ID3_T1/S3_C3_E444_V0123_ID3_T1_c2.mp4,0.0,2.2333333333333334,vigilance,walking;none,red_deer
S3_C3_E444_V0123_ID3_T1/S3_C3_E444_V0123_ID3_T1_c3.mp4,0.0,1.6,vigilance,standing_head_up;none,red_deer
S3_C3_E444_V0123_ID3_T1/S3_C3_E444_V0123_ID3_T1_c4.mp4,0.0,1.2333333333333334,vigilance,walking;none,red_deer
S3_C3_E444_V0123_ID3_T1/S3_C3_E444_V0123_ID3_T1_c5.mp4,0.0,1.9,vigilance,running;none,red_deer
S3_C3_E444_V0123_ID3_T1/S3_C3_E444_V0123_ID3_T1_c6.mp4,0.0,0.03333333333333333,vigilance,walking;none,red_deer
S3_C3_E444_V0123_ID3_T1/S3_C3_E444_V0123_ID3_T1_c7.mp4,0.0,4.566666666666666,vigilance,standing_head_up;none,red_deer
S3_C3_E444_V0124_ID1_T1/S3_C3_E444_V0124_ID1_T1_c0.mp4,0.0,6.2,foraging,walking;none,red_deer
S3_C3_E444_V0124_ID1_T1/S3_C3_E444_V0124_ID1_T1_c1.mp4,0.0,7.866666666666666,vigilance,standing_head_up;none,red_deer
S3_C3_E444_V0124_ID1_T1/S3_C3_E444_V0124_ID1_T1_c2.mp4,0.0,6.433333333333334,unknown,walking;none,red_deer
S3_C3_E444_V0124_ID2_T1/S3_C3_E444_V0124_ID2_T1_c0.mp4,0.0,2.1333333333333333,unknown,unknown;none,red_deer
S3_C3_E444_V0124_ID2_T1/S3_C3_E444_V0124_ID2_T1_c1.mp4,0.0,2.1,vigilance,standing_head_up;none,red_deer
S3_C3_E444_V0124_ID2_T1/S3_C3_E444_V0124_ID2_T1_c2.mp4,0.0,16.266666666666666,vigilance,walking;none,red_deer
S3_C3_E444_V0125_ID1_T1/S3_C3_E444_V0125_ID1_T1_c0.mp4,0.0,4.433333333333334,foraging,walking;none,red_deer
S3_C3_E444_V0125_ID1_T1/S3_C3_E444_V0125_ID1_T1_c1.mp4,0.0,10.133333333333333,vigilance,standing_head_up;none,red_deer
S3_C3_E444_V0125_ID2_T1/S3_C3_E444_V0125_ID2_T1_c0.mp4,0.0,1.6,foraging,walking;none,red_deer
S3_C3_E444_V0127_ID1_T1/S3_C3_E444_V0127_ID1_T1_c0.mp4,0.0,8.033333333333333,foraging,walking;none,red_deer
S3_C3_E444_V0127_ID1_T1/S3_C3_E444_V0127_ID1_T1_c1.mp4,0.0,12.466666666666667,foraging,standing_head_down;none,red_deer
S3_C3_E444_V0128_ID1_T1/S3_C3_E444_V0128_ID1_T1_c0.mp4,0.0,2.1,vigilance,standing_head_up;none,red_deer
S3_C3_E444_V0128_ID1_T1/S3_C3_E444_V0128_ID1_T1_c1.mp4,0.0,15.9,resting,laying;none,red_deer
S3_C3_E444_V0129_ID1_T1/S3_C3_E444_V0129_ID1_T1_c0.mp4,0.0,20.5,vigilance,standing_head_up;none,red_deer
S3_C3_E444_V0130_ID1_T1/S3_C3_E444_V0130_ID1_T1_c0.mp4,0.0,4.5,unknown,standing_head_down;none,red_deer
S3_C3_E444_V0130_ID1_T1/S3_C3_E444_V0130_ID1_T1_c1.mp4,0.0,3.6333333333333333,grooming,scratching_body;none,red_deer
S3_C3_E444_V0130_ID1_T1/S3_C3_E444_V0130_ID1_T1_c2.mp4,0.0,0.9333333333333333,vigilance,standing_head_down;none,red_deer
S3_C3_E444_V0130_ID1_T1/S3_C3_E444_V0130_ID1_T1_c3.mp4,0.0,2.6666666666666665,vigilance,standing_head_up;none,red_deer
S3_C3_E444_V0130_ID1_T1/S3_C3_E444_V0130_ID1_T1_c4.mp4,0.0,8.766666666666667,grooming,scratching_body;none,red_deer
S3_C3_E444_V0131_ID1_T1/S3_C3_E444_V0131_ID1_T1_c0.mp4,0.0,9.8,vigilance,standing_head_up;none,red_deer
S3_C3_E444_V0131_ID1_T1/S3_C3_E444_V0131_ID1_T1_c1.mp4,0.0,2.1666666666666665,foraging,standing_head_down;none,red_deer
S3_C3_E444_V0131_ID1_T1/S3_C3_E444_V0131_ID1_T1_c2.mp4,0.0,2.1,foraging,grazing;none,red_deer
S3_C3_E444_V0131_ID1_T1/S3_C3_E444_V0131_ID1_T1_c3.mp4,0.0,1.7666666666666666,foraging,standing_head_down;none,red_deer
S3_C3_E444_V0131_ID1_T1/S3_C3_E444_V0131_ID1_T1_c4.mp4,0.0,4.666666666666667,vigilance,standing_head_up;none,red_deer
S3_C3_E444_V0132_ID1_T1/S3_C3_E444_V0132_ID1_T1_c0.mp4,0.0,3.466666666666667,foraging,standing_head_down;none,red_deer
S3_C3_E444_V0132_ID1_T1/S3_C3_E444_V0132_ID1_T1_c1.mp4,0.0,2.533333333333333,foraging,standing_head_up;none,red_deer
S3_C3_E444_V0132_ID1_T1/S3_C3_E444_V0132_ID1_T1_c2.mp4,0.0,6.2,foraging,standing_head_down;none,red_deer
S3_C3_E444_V0132_ID1_T1/S3_C3_E444_V0132_ID1_T1_c3.mp4,0.0,8.133333333333333,resting,laying;none,red_deer
S3_C3_E444_V0133_ID1_T1/S3_C3_E444_V0133_ID1_T1_c0.mp4,0.0,20.333333333333332,resting,laying;none,red_deer
S3_C3_E444_V0135_ID1_T1/S3_C3_E444_V0135_ID1_T1_c0.mp4,0.0,20.066666666666666,resting,laying;none,red_deer
S3_C3_E444_V0136_ID1_T1/S3_C3_E444_V0136_ID1_T1_c0.mp4,0.0,20.5,resting,laying;none,red_deer
S3_C3_E444_V0137_ID1_T1/S3_C3_E444_V0137_ID1_T1_c0.mp4,0.0,20.5,resting,laying;none,red_deer
S3_C3_E444_V0138_ID1_T1/S3_C3_E444_V0138_ID1_T1_c0.mp4,0.0,20.0,resting,laying;none,red_deer
S3_C3_E444_V0139_ID1_T1/S3_C3_E444_V0139_ID1_T1_c0.mp4,0.0,20.333333333333332,resting,laying;none,red_deer
S3_C3_E444_V0140_ID1_T1/S3_C3_E444_V0140_ID1_T1_c0.mp4,0.0,19.833333333333332,resting,laying;none,red_deer
S3_C3_E444_V0141_ID1_T1/S3_C3_E444_V0141_ID1_T1_c0.mp4,0.0,20.333333333333332,resting,laying;none,red_deer
S3_C3_E444_V0142_ID1_T1/S3_C3_E444_V0142_ID1_T1_c0.mp4,0.0,20.5,resting,laying;none,red_deer
S3_C3_E444_V0143_ID1_T1/S3_C3_E444_V0143_ID1_T1_c0.mp4,0.0,17.0,resting,laying;none,red_deer
S3_C3_E444_V0144_ID1_T1/S3_C3_E444_V0144_ID1_T1_c0.mp4,0.0,20.5,resting,laying;none,red_deer
S3_C3_E444_V0145_ID1_T1/S3_C3_E444_V0145_ID1_T1_c0.mp4,0.0,17.166666666666668,resting,laying;none,red_deer
S3_C3_E444_V0146_ID1_T1/S3_C3_E444_V0146_ID1_T1_c0.mp4,0.0,20.5,resting,laying;none,red_deer
S3_C3_E444_V0147_ID1_T1/S3_C3_E444_V0147_ID1_T1_c0.mp4,0.0,18.833333333333332,resting,laying;none,red_deer
S3_C3_E444_V0148_ID1_T1/S3_C3_E444_V0148_ID1_T1_c0.mp4,0.0,19.666666666666668,resting,laying;none,red_deer
S3_C3_E444_V0149_ID1_T1/S3_C3_E444_V0149_ID1_T1_c0.mp4,0.0,20.5,resting,laying;none,red_deer
S3_C3_E444_V0150_ID1_T1/S3_C3_E444_V0150_ID1_T1_c0.mp4,0.0,2.2666666666666666,vigilance,standing_head_up;none,red_deer
S3_C3_E444_V0150_ID1_T1/S3_C3_E444_V0150_ID1_T1_c1.mp4,0.0,2.7333333333333334,grooming,shaking_fur;none,red_deer
S3_C3_E444_V0150_ID1_T1/S3_C3_E444_V0150_ID1_T1_c2.mp4,0.0,1.3,vigilance,standing_head_up;none,red_deer
S3_C3_E444_V0150_ID1_T1/S3_C3_E444_V0150_ID1_T1_c3.mp4,0.0,3.033333333333333,foraging,standing_head_down;none,red_deer
S3_C3_E444_V0150_ID1_T1/S3_C3_E444_V0150_ID1_T1_c4.mp4,0.0,6.933333333333334,vigilance,standing_head_up;none,red_deer
S3_C3_E444_V0150_ID1_T1/S3_C3_E444_V0150_ID1_T1_c5.mp4,0.0,4.233333333333333,vigilance,standing_head_down;none,red_deer
S3_C3_E444_V0151_ID1_T1/S3_C3_E444_V0151_ID1_T1_c0.mp4,0.0,20.5,grooming,scratching_body;none,red_deer
S3_C3_E444_V0152_ID1_T1/S3_C3_E444_V0152_ID1_T1_c0.mp4,0.0,2.3666666666666667,vigilance,standing_head_up;none,red_deer
S3_C3_E444_V0152_ID1_T1/S3_C3_E444_V0152_ID1_T1_c1.mp4,0.0,18.133333333333333,grooming,scratching_body;none,red_deer
S3_C3_E444_V0153_ID1_T1/S3_C3_E444_V0153_ID1_T1_c0.mp4,0.0,0.8333333333333334,vigilance,standing_head_up;none,red_deer
S3_C3_E444_V0153_ID1_T1/S3_C3_E444_V0153_ID1_T1_c1.mp4,0.0,13.7,grooming,scratching_body;none,red_deer
S3_C3_E444_V0153_ID1_T1/S3_C3_E444_V0153_ID1_T1_c2.mp4,0.0,1.7,foraging,standing_head_up;none,red_deer
S3_C3_E444_V0153_ID1_T1/S3_C3_E444_V0153_ID1_T1_c3.mp4,0.0,1.4,foraging,standing_head_down;none,red_deer
S3_C3_E444_V0153_ID1_T1/S3_C3_E444_V0153_ID1_T1_c4.mp4,0.0,0.9,foraging,standing_head_up;none,red_deer
S3_C3_E444_V0153_ID1_T1/S3_C3_E444_V0153_ID1_T1_c5.mp4,0.0,1.9666666666666666,foraging,standing_head_down;none,red_deer
S3_C3_E444_V0154_ID1_T1/S3_C3_E444_V0154_ID1_T1_c0.mp4,0.0,2.566666666666667,foraging,standing_head_up;none,red_deer
S3_C3_E444_V0154_ID1_T1/S3_C3_E444_V0154_ID1_T1_c1.mp4,0.0,5.366666666666666,grooming,scratching_body;none,red_deer
S3_C3_E444_V0154_ID1_T1/S3_C3_E444_V0154_ID1_T1_c2.mp4,0.0,1.2333333333333334,foraging,standing_head_down;none,red_deer
S3_C3_E444_V0154_ID1_T1/S3_C3_E444_V0154_ID1_T1_c3.mp4,0.0,9.1,grooming,scratching_body;none,red_deer
S3_C3_E444_V0154_ID1_T1/S3_C3_E444_V0154_ID1_T1_c4.mp4,0.0,2.2333333333333334,foraging,standing_head_down;none,red_deer
S3_C3_E444_V0155_ID1_T1/S3_C3_E444_V0155_ID1_T1_c0.mp4,0.0,2.533333333333333,foraging,standing_head_down;none,red_deer
S3_C3_E444_V0155_ID1_T1/S3_C3_E444_V0155_ID1_T1_c1.mp4,0.0,5.066666666666666,foraging,walking;none,red_deer
S3_C3_E444_V0155_ID1_T1/S3_C3_E444_V0155_ID1_T1_c2.mp4,0.0,12.9,vigilance,standing_head_up;none,red_deer
S3_C3_E444_V0156_ID1_T1/S3_C3_E444_V0156_ID1_T1_c0.mp4,0.0,6.5,foraging,walking;none,red_deer
S3_C3_E444_V0156_ID1_T1/S3_C3_E444_V0156_ID1_T1_c1.mp4,0.0,14.0,vigilance,standing_head_up;none,red_deer
S3_C3_E444_V0157_ID1_T1/S3_C3_E444_V0157_ID1_T1_c0.mp4,0.0,1.4666666666666666,foraging,walking;none,red_deer
S3_C3_E444_V0157_ID1_T1/S3_C3_E444_V0157_ID1_T1_c1.mp4,0.0,11.3,foraging,grazing;none,red_deer
S3_C3_E444_V0157_ID1_T1/S3_C3_E444_V0157_ID1_T1_c2.mp4,0.0,7.733333333333333,vigilance,standing_head_up;none,red_deer
S3_C3_E444_V0158_ID1_T1/S3_C3_E444_V0158_ID1_T1_c0.mp4,0.0,1.9666666666666666,foraging,walking;none,red_deer
S3_C3_E444_V0158_ID1_T1/S3_C3_E444_V0158_ID1_T1_c1.mp4,0.0,8.5,foraging,grazing;none,red_deer
S3_C3_E444_V0158_ID1_T1/S3_C3_E444_V0158_ID1_T1_c2.mp4,0.0,2.7333333333333334,unknown,unknown;none,red_deer
S3_C3_E453_V0159_ID1_T1/S3_C3_E453_V0159_ID1_T1_c0.mp4,0.0,4.7,foraging,walking;none,red_deer
S3_C3_E453_V0159_ID2_T1/S3_C3_E453_V0159_ID2_T1_c0.mp4,0.0,1.0666666666666667,unknown,running;none,red_deer
S3_C3_E453_V0160_ID1_T1/S3_C3_E453_V0160_ID1_T1_c0.mp4,0.0,1.1333333333333333,foraging,walking;none,red_deer
S3_C3_E453_V0160_ID2_T1/S3_C3_E453_V0160_ID2_T1_c0.mp4,0.0,2.566666666666667,foraging,walking;none,red_deer
S3_C3_E453_V0160_ID2_T1/S3_C3_E453_V0160_ID2_T1_c1.mp4,0.0,17.933333333333334,vigilance,standing_head_up;none,red_deer
S3_C3_E453_V0161_ID1_T1/S3_C3_E453_V0161_ID1_T1_c0.mp4,0.0,8.233333333333333,foraging,walking;none,red_deer
S3_C3_E453_V0161_ID1_T1/S3_C3_E453_V0161_ID1_T1_c1.mp4,0.0,12.266666666666667,foraging,grazing;none,red_deer
S3_C3_E454_V0162_ID1_T1/S3_C3_E454_V0162_ID1_T1_c0.mp4,0.0,20.466666666666665,foraging,grazing;none,red_deer
S3_C3_E454_V0163_ID1_T1/S3_C3_E454_V0163_ID1_T1_c0.mp4,0.0,0.4666666666666667,vigilance,standing_head_up;none,red_deer
S3_C3_E454_V0163_ID1_T1/S3_C3_E454_V0163_ID1_T1_c1.mp4,0.0,20.033333333333335,foraging,grazing;none,red_deer
S3_C3_E454_V0164_ID1_T1/S3_C3_E454_V0164_ID1_T1_c0.mp4,0.0,20.5,foraging,grazing;none,red_deer
S3_C3_E454_V0165_ID1_T1/S3_C3_E454_V0165_ID1_T1_c0.mp4,0.0,20.5,foraging,grazing;none,red_deer
S3_C3_E454_V0166_ID1_T1/S3_C3_E454_V0166_ID1_T1_c0.mp4,0.0,4.866666666666666,foraging,grazing;none,red_deer
S3_C3_E454_V0166_ID1_T1/S3_C3_E454_V0166_ID1_T1_c1.mp4,0.0,8.4,foraging,walking;none,red_deer
S3_C3_E454_V0166_ID1_T1/S3_C3_E454_V0166_ID1_T1_c2.mp4,0.0,5.933333333333334,vigilance,standing_head_up;none,red_deer
S3_C3_E454_V0166_ID1_T1/S3_C3_E454_V0166_ID1_T1_c3.mp4,0.0,1.3,foraging,walking;none,red_deer
S3_C3_E454_V0167_ID1_T1/S3_C3_E454_V0167_ID1_T1_c0.mp4,0.0,7.8,foraging,walking;none,red_deer
S3_C3_E454_V0167_ID1_T1/S3_C3_E454_V0167_ID1_T1_c1.mp4,0.0,2.6,foraging,standing_head_down;none,red_deer
S3_C3_E454_V0167_ID1_T1/S3_C3_E454_V0167_ID1_T1_c2.mp4,0.0,1.1333333333333333,foraging,walking;none,red_deer
S3_C3_E455_V0168_ID1_T1/S3_C3_E455_V0168_ID1_T1_c0.mp4,0.0,1.2666666666666666,foraging,walking;none,red_deer
S3_C3_E455_V0168_ID1_T1/S3_C3_E455_V0168_ID1_T1_c1.mp4,0.0,15.966666666666667,foraging,sniffing;none,red_deer
S3_C3_E455_V0168_ID1_T1/S3_C3_E455_V0168_ID1_T1_c2.mp4,0.0,3.2666666666666666,foraging,standing_head_down;none,red_deer
S3_C3_E455_V0169_ID1_T1/S3_C3_E455_V0169_ID1_T1_c0.mp4,0.0,2.1,foraging,sniffing;none,red_deer
S3_C3_E455_V0169_ID1_T1/S3_C3_E455_V0169_ID1_T1_c1.mp4,0.0,0.7333333333333333,foraging,standing_head_up;none,red_deer
S3_C3_E455_V0169_ID1_T1/S3_C3_E455_V0169_ID1_T1_c2.mp4,0.0,0.8,foraging,sniffing;none,red_deer
S3_C3_E455_V0169_ID1_T1/S3_C3_E455_V0169_ID1_T1_c3.mp4,0.0,10.133333333333333,vigilance,standing_head_up;none,red_deer
S3_C3_E455_V0169_ID1_T1/S3_C3_E455_V0169_ID1_T1_c4.mp4,0.0,0.7666666666666667,vigilance,standing_head_down;none,red_deer
S3_C3_E455_V0169_ID1_T1/S3_C3_E455_V0169_ID1_T1_c5.mp4,0.0,0.7666666666666667,vigilance,standing_head_up;none,red_deer
S3_C3_E455_V0169_ID1_T1/S3_C3_E455_V0169_ID1_T1_c6.mp4,0.0,3.6666666666666665,vigilance,walking;none,red_deer
S3_C3_E455_V0169_ID1_T1/S3_C3_E455_V0169_ID1_T1_c7.mp4,0.0,1.5333333333333334,vigilance,standing_head_up;none,red_deer
S3_C3_E455_V0170_ID1_T1/S3_C3_E455_V0170_ID1_T1_c0.mp4,0.0,4.2,vigilance,walking;none,red_deer
S3_C3_E455_V0170_ID1_T1/S3_C3_E455_V0170_ID1_T1_c1.mp4,0.0,4.5,camera_reaction,looking_at_camera;none,red_deer
S3_C3_E455_V0170_ID1_T1/S3_C3_E455_V0170_ID1_T1_c2.mp4,0.0,3.1,camera_reaction,sniffing;none,red_deer
S3_C3_E455_V0170_ID1_T1/S3_C3_E455_V0170_ID1_T1_c3.mp4,0.0,1.3333333333333333,camera_reaction,jumping;none,red_deer
S3_C3_E455_V0170_ID2_T1/S3_C3_E455_V0170_ID2_T1_c0.mp4,0.0,9.0,unknown,unknown;none,red_deer
S3_C3_E455_V0170_ID2_T1/S3_C3_E455_V0170_ID2_T1_c1.mp4,0.0,1.6,camera_reaction,running;none,red_deer
S3_C3_E462_V0179_ID1_T1/S3_C3_E462_V0179_ID1_T1_c0.mp4,0.0,5.466666666666667,vigilance,walking;none,red_deer
S3_C3_E462_V0179_ID1_T1/S3_C3_E462_V0179_ID1_T1_c1.mp4,0.0,5.966666666666667,vigilance,standing_head_up;none,red_deer
S3_C3_E462_V0179_ID1_T1/S3_C3_E462_V0179_ID1_T1_c2.mp4,0.0,4.966666666666667,vigilance,walking;none,red_deer
S3_C3_E462_V0179_ID1_T1/S3_C3_E462_V0179_ID1_T1_c3.mp4,0.0,2.6,vigilance,standing_head_up;none,red_deer
S3_C3_E462_V0179_ID1_T1/S3_C3_E462_V0179_ID1_T1_c4.mp4,0.0,1.5,foraging,standing_head_down;none,red_deer
S3_C3_E462_V0179_ID2_T1/S3_C3_E462_V0179_ID2_T1_c0.mp4,0.0,1.8333333333333333,vigilance,walking;none,red_deer
S3_C3_E462_V0179_ID2_T1/S3_C3_E462_V0179_ID2_T1_c1.mp4,0.0,3.533333333333333,vigilance,standing_head_up;none,red_deer
S3_C3_E462_V0180_ID1_T1/S3_C3_E462_V0180_ID1_T1_c0.mp4,0.0,5.466666666666667,foraging,standing_head_down;none,red_deer
S3_C3_E462_V0180_ID1_T1/S3_C3_E462_V0180_ID1_T1_c1.mp4,0.0,1.6,foraging,walking;none,red_deer
S3_C3_E462_V0180_ID1_T1/S3_C3_E462_V0180_ID1_T1_c2.mp4,0.0,2.433333333333333,vigilance,standing_head_up;none,red_deer
S3_C3_E462_V0180_ID1_T1/S3_C3_E462_V0180_ID1_T1_c3.mp4,0.0,7.5,vigilance,walking;none,red_deer
S3_C3_E462_V0180_ID1_T1/S3_C3_E462_V0180_ID1_T1_c4.mp4,0.0,2.7666666666666666,foraging,walking;none,red_deer
S3_C3_E462_V0180_ID1_T1/S3_C3_E462_V0180_ID1_T1_c5.mp4,0.0,0.7333333333333333,foraging,standing_head_down;none,red_deer
S3_C3_E462_V0180_ID2_T1/S3_C3_E462_V0180_ID2_T1_c0.mp4,0.0,13.1,vigilance,standing_head_up;none,red_deer
S3_C3_E462_V0180_ID2_T1/S3_C3_E462_V0180_ID2_T1_c1.mp4,0.0,1.0333333333333334,vigilance,walking;none,red_deer
S3_C3_E462_V0180_ID2_T1/S3_C3_E462_V0180_ID2_T1_c2.mp4,0.0,4.333333333333333,vigilance,running;none,red_deer
S3_C3_E462_V0180_ID2_T1/S3_C3_E462_V0180_ID2_T1_c3.mp4,0.0,2.033333333333333,vigilance,walking;none,red_deer
S3_C3_E462_V0181_ID1_T1/S3_C3_E462_V0181_ID1_T1_c0.mp4,0.0,2.966666666666667,foraging,walking;none,red_deer
S3_C3_E462_V0181_ID2_T1/S3_C3_E462_V0181_ID2_T1_c0.mp4,0.0,3.033333333333333,vigilance,standing_head_up;none,red_deer
S3_C3_E462_V0181_ID2_T1/S3_C3_E462_V0181_ID2_T1_c1.mp4,0.0,5.533333333333333,vigilance,walking;none,red_deer
S3_C3_E476_V0212_ID1_T1/S3_C3_E476_V0212_ID1_T1_c0.mp4,0.0,3.066666666666667,vigilance,walking;none,red_deer
S3_C3_E476_V0212_ID1_T1/S3_C3_E476_V0212_ID1_T1_c1.mp4,0.0,5.033333333333333,vigilance,standing_head_up;none,red_deer
S3_C3_E476_V0212_ID1_T1/S3_C3_E476_V0212_ID1_T1_c2.mp4,0.0,2.533333333333333,foraging,standing_head_down;none,red_deer
S3_C3_E476_V0212_ID1_T1/S3_C3_E476_V0212_ID1_T1_c3.mp4,0.0,7.066666666666666,foraging,walking;none,red_deer
S3_C3_E476_V0212_ID1_T1/S3_C3_E476_V0212_ID1_T1_c4.mp4,0.0,2.8,marking,scratching_hoof;none,red_deer
S3_C3_E476_V0213_ID1_T1/S3_C3_E476_V0213_ID1_T1_c0.mp4,0.0,4.933333333333334,unknown,standing_head_down;none,red_deer
S3_C3_E476_V0213_ID1_T1/S3_C3_E476_V0213_ID1_T1_c1.mp4,0.0,3.3,marking,scratching_hoof;none,red_deer
S3_C3_E476_V0213_ID1_T1/S3_C3_E476_V0213_ID1_T1_c2.mp4,0.0,5.966666666666667,unknown,standing_head_down;none,red_deer
S3_C3_E476_V0213_ID1_T1/S3_C3_E476_V0213_ID1_T1_c3.mp4,0.0,3.3666666666666667,marking,scratching_hoof;none,red_deer
S3_C3_E476_V0213_ID1_T1/S3_C3_E476_V0213_ID1_T1_c4.mp4,0.0,2.933333333333333,marking,scratching_antlers;none,red_deer
S3_C3_E476_V0214_ID1_T1/S3_C3_E476_V0214_ID1_T1_c0.mp4,0.0,1.3,unknown,standing_head_down;none,red_deer
S3_C3_E476_V0214_ID1_T1/S3_C3_E476_V0214_ID1_T1_c1.mp4,0.0,2.4,marking,scratching_hoof;none,red_deer
S3_C3_E476_V0214_ID1_T1/S3_C3_E476_V0214_ID1_T1_c2.mp4,0.0,1.5333333333333334,marking,scratching_antlers;none,red_deer
S3_C3_E476_V0214_ID1_T1/S3_C3_E476_V0214_ID1_T1_c3.mp4,0.0,1.5666666666666667,unknown,standing_head_down;none,red_deer
S3_C3_E476_V0214_ID1_T1/S3_C3_E476_V0214_ID1_T1_c4.mp4,0.0,2.6333333333333333,resting,laying;none,red_deer
S3_C3_E476_V0214_ID1_T1/S3_C3_E476_V0214_ID1_T1_c5.mp4,0.0,6.566666666666666,grooming,laying;scratching_body,red_deer
S3_C3_E476_V0215_ID1_T1/S3_C3_E476_V0215_ID1_T1_c0.mp4,0.0,2.433333333333333,resting,laying;none,red_deer
S3_C3_E476_V0215_ID1_T1/S3_C3_E476_V0215_ID1_T1_c1.mp4,0.0,4.966666666666667,grooming,laying;scratching_body,red_deer
S3_C3_E476_V0215_ID1_T1/S3_C3_E476_V0215_ID1_T1_c2.mp4,0.0,8.3,grooming,shaking_fur;laying,red_deer
S3_C3_E476_V0215_ID1_T1/S3_C3_E476_V0215_ID1_T1_c3.mp4,0.0,4.133333333333334,resting,laying;none,red_deer
S3_C3_E476_V0215_ID1_T1/S3_C3_E476_V0215_ID1_T1_c4.mp4,0.0,0.6666666666666666,courtship,laying;vocalizing,red_deer
S3_C3_E476_V0216_ID1_T1/S3_C3_E476_V0216_ID1_T1_c0.mp4,0.0,7.366666666666666,resting,laying;none,red_deer
S3_C3_E476_V0216_ID1_T1/S3_C3_E476_V0216_ID1_T1_c1.mp4,0.0,11.066666666666666,grooming,laying;scratching_body,red_deer
S3_C3_E476_V0216_ID1_T1/S3_C3_E476_V0216_ID1_T1_c2.mp4,0.0,1.3666666666666667,resting,laying;none,red_deer
S3_C3_E476_V0216_ID1_T1/S3_C3_E476_V0216_ID1_T1_c3.mp4,0.0,0.7,resting,standing_head_up;none,red_deer
S3_C3_E476_V0217_ID1_T1/S3_C3_E476_V0217_ID1_T1_c0.mp4,0.0,5.966666666666667,marking,scratching_antlers;none,red_deer
S3_C3_E476_V0217_ID1_T1/S3_C3_E476_V0217_ID1_T1_c1.mp4,0.0,0.8666666666666667,vigilance,standing_head_up;none,red_deer
S3_C3_E476_V0217_ID1_T1/S3_C3_E476_V0217_ID1_T1_c2.mp4,0.0,2.2333333333333334,grooming,shaking_fur;none,red_deer
S3_C3_E476_V0217_ID1_T1/S3_C3_E476_V0217_ID1_T1_c3.mp4,0.0,10.066666666666666,marking,scratching_antlers;none,red_deer
S3_C3_E476_V0217_ID1_T1/S3_C3_E476_V0217_ID1_T1_c4.mp4,0.0,1.3666666666666667,marking,scratching_hoof;none,red_deer
S3_C3_E476_V0218_ID1_T1/S3_C3_E476_V0218_ID1_T1_c0.mp4,0.0,3.3333333333333335,marking,scratching_antlers;none,red_deer
S3_C3_E476_V0218_ID1_T1/S3_C3_E476_V0218_ID1_T1_c1.mp4,0.0,0.7,vigilance,standing_head_up;none,red_deer
S3_C3_E476_V0218_ID1_T1/S3_C3_E476_V0218_ID1_T1_c2.mp4,0.0,1.7666666666666666,marking,scratching_hoof;none,red_deer
S3_C3_E476_V0218_ID1_T1/S3_C3_E476_V0218_ID1_T1_c3.mp4,0.0,3.2,marking,scratching_antlers;none,red_deer
S3_C3_E476_V0219_ID1_T1/S3_C3_E476_V0219_ID1_T1_c0.mp4,0.0,16.433333333333334,resting,laying;none,red_deer
S3_C3_E476_V0219_ID1_T1/S3_C3_E476_V0219_ID1_T1_c1.mp4,0.0,3.3333333333333335,grooming,laying;none,red_deer
S3_C3_E476_V0220_ID1_T1/S3_C3_E476_V0220_ID1_T1_c0.mp4,0.0,1.4333333333333333,vigilance,standing_head_up;none,red_deer
S3_C3_E476_V0220_ID1_T1/S3_C3_E476_V0220_ID1_T1_c1.mp4,0.0,16.766666666666666,marking,scratching_antlers;none,red_deer
S3_C3_E476_V0220_ID1_T1/S3_C3_E476_V0220_ID1_T1_c2.mp4,0.0,0.6666666666666666,unknown,standing_head_down;none,red_deer
S3_C3_E476_V0220_ID1_T1/S3_C3_E476_V0220_ID1_T1_c3.mp4,0.0,1.6,grooming,shaking_fur;none,red_deer
S3_C3_E476_V0221_ID1_T1/S3_C3_E476_V0221_ID1_T1_c0.mp4,0.0,6.0,marking,scratching_antlers;none,red_deer
S3_C3_E476_V0221_ID1_T1/S3_C3_E476_V0221_ID1_T1_c1.mp4,0.0,1.2666666666666666,vigilance,standing_head_up;none,red_deer
S3_C3_E476_V0221_ID1_T1/S3_C3_E476_V0221_ID1_T1_c2.mp4,0.0,0.23333333333333334,unknown,standing_head_down;none,red_deer
S3_C3_E476_V0222_ID1_T1/S3_C3_E476_V0222_ID1_T1_c0.mp4,0.0,6.966666666666667,marking,scratching_antlers;none,red_deer
S3_C3_E476_V0222_ID1_T1/S3_C3_E476_V0222_ID1_T1_c1.mp4,0.0,3.533333333333333,unknown,walking;none,red_deer
S3_C3_E476_V0223_ID1_T1/S3_C3_E476_V0223_ID1_T1_c0.mp4,0.0,6.033333333333333,marking,scratching_antlers;none,red_deer
S3_C3_E476_V0223_ID1_T1/S3_C3_E476_V0223_ID1_T1_c1.mp4,0.0,0.3333333333333333,unknown,standing_head_up;none,red_deer
S3_C3_E476_V0224_ID1_T1/S3_C3_E476_V0224_ID1_T1_c0.mp4,0.0,4.4,vigilance,standing_head_up;none,red_deer
S3_C3_E476_V0224_ID1_T1/S3_C3_E476_V0224_ID1_T1_c1.mp4,0.0,0.6,foraging,standing_head_down;none,red_deer
S3_C3_E476_V0225_ID1_T1/S3_C3_E476_V0225_ID1_T1_c0.mp4,0.0,2.5,marking,scratching_antlers;none,red_deer
S3_C3_E476_V0226_ID1_T1/S3_C3_E476_V0226_ID1_T1_c0.mp4,0.0,1.8666666666666667,unknown,standing_head_down;none,red_deer
S3_C3_E476_V0226_ID1_T1/S3_C3_E476_V0226_ID1_T1_c1.mp4,0.0,0.9333333333333333,unknown,jumping;none,red_deer
S3_C3_E476_V0226_ID1_T1/S3_C3_E476_V0226_ID1_T1_c2.mp4,0.0,1.2,unknown,standing_head_up;none,red_deer
S3_C3_E476_V0227_ID1_T1/S3_C3_E476_V0227_ID1_T1_c0.mp4,0.0,1.5,courtship,standing_head_up;vocalizing,red_deer
S3_C3_E476_V0227_ID1_T1/S3_C3_E476_V0227_ID1_T1_c1.mp4,0.0,1.9333333333333333,vigilance,standing_head_up;none,red_deer
S3_C3_E476_V0228_ID1_T1/S3_C3_E476_V0228_ID1_T1_c0.mp4,0.0,4.4,foraging,walking;none,red_deer
S3_C3_E476_V0228_ID1_T1/S3_C3_E476_V0228_ID1_T1_c1.mp4,0.0,4.266666666666667,marking,scratching_antlers;none,red_deer
S3_C3_E476_V0228_ID1_T1/S3_C3_E476_V0228_ID1_T1_c2.mp4,0.0,1.8333333333333333,foraging,standing_head_down;none,red_deer
S3_C3_E476_V0229_ID1_T1/S3_C3_E476_V0229_ID1_T1_c0.mp4,0.0,2.5,marking,scratching_hoof;none,red_deer
S3_C3_E476_V0230_ID1_T1/S3_C3_E476_V0230_ID1_T1_c0.mp4,0.0,4.566666666666666,marking,scratching_antlers;none,red_deer
S3_C3_E476_V0231_ID1_T1/S3_C3_E476_V0231_ID1_T1_c0.mp4,0.0,4.366666666666666,foraging,standing_head_down;none,red_deer
S3_C3_E476_V0232_ID1_T1/S3_C3_E476_V0232_ID1_T1_c0.mp4,0.0,3.0,foraging,standing_head_down;none,red_deer
S3_C3_E476_V0233_ID1_T1/S3_C3_E476_V0233_ID1_T1_c0.mp4,0.0,3.0,foraging,walking;none,red_deer
S3_C3_E476_V0234_ID1_T1/S3_C3_E476_V0234_ID1_T1_c0.mp4,0.0,3.7666666666666666,foraging,walking;none,red_deer
S3_C3_E561_V0459_ID1_T1/S3_C3_E561_V0459_ID1_T1_c0.mp4,0.0,1.9666666666666666,unknown,running;none,red_deer
S3_C3_E561_V0459_ID1_T1/S3_C3_E561_V0459_ID1_T1_c1.mp4,0.0,0.5333333333333333,foraging,standing_head_down;none,red_deer
S3_C3_E561_V0461_ID1_T1/S3_C3_E561_V0461_ID1_T1_c0.mp4,0.0,1.5,foraging,standing_head_down;none,red_deer
S3_C3_E561_V0462_ID1_T1/S3_C3_E561_V0462_ID1_T1_c0.mp4,0.0,1.5,foraging,walking;none,red_deer
S3_C3_E561_V0465_ID1_T1/S3_C3_E561_V0465_ID1_T1_c0.mp4,0.0,1.2,foraging,walking;none,red_deer
S3_C3_E581_V0508_ID1_T1/S3_C3_E581_V0508_ID1_T1_c0.mp4,0.0,1.2666666666666666,foraging,walking;none,red_deer
S3_C3_E581_V0508_ID1_T1/S3_C3_E581_V0508_ID1_T1_c1.mp4,0.0,0.7333333333333333,foraging,sniffing;none,red_deer
S3_C3_E581_V0509_ID1_T1/S3_C3_E581_V0509_ID1_T1_c0.mp4,0.0,1.5,foraging,walking;none,red_deer
S3_C3_E581_V0510_ID1_T1/S3_C3_E581_V0510_ID1_T1_c0.mp4,0.0,2.0,vigilance,standing_head_up;none,red_deer
S3_C3_E581_V0511_ID1_T1/S3_C3_E581_V0511_ID1_T1_c0.mp4,0.0,1.2333333333333334,foraging,walking;none,red_deer
S3_C3_E581_V0512_ID1_T1/S3_C3_E581_V0512_ID1_T1_c0.mp4,0.0,1.5,vigilance,standing_head_up;none,red_deer
S3_C3_E581_V0513_ID1_T1/S3_C3_E581_V0513_ID1_T1_c0.mp4,0.0,1.2333333333333334,foraging,walking;none,red_deer
S3_C3_E581_V0515_ID1_T1/S3_C3_E581_V0515_ID1_T1_c0.mp4,0.0,1.6,foraging,walking;none,red_deer
S3_C3_E581_V0520_ID1_T1/S3_C3_E581_V0520_ID1_T1_c0.mp4,0.0,1.6,foraging,grazing;none,red_deer
S3_C3_E581_V0521_ID1_T1/S3_C3_E581_V0521_ID1_T1_c0.mp4,0.0,1.6,foraging,grazing;none,red_deer
S3_C3_E581_V0522_ID1_T1/S3_C3_E581_V0522_ID1_T1_c0.mp4,0.0,1.5,foraging,grazing;none,red_deer
S3_C3_E581_V0523_ID1_T1/S3_C3_E581_V0523_ID1_T1_c0.mp4,0.0,1.5,foraging,walking;none,red_deer
S3_C3_E581_V0523_ID1_T1/S3_C3_E581_V0523_ID1_T1_c1.mp4,0.0,0.7666666666666667,foraging,standing_head_down;none,red_deer
S3_C3_E582_V0524_ID1_T1/S3_C3_E582_V0524_ID1_T1_c0.mp4,0.0,1.3333333333333333,vigilance,walking;none,red_deer
S3_C3_E582_V0524_ID1_T1/S3_C3_E582_V0524_ID1_T1_c1.mp4,0.0,2.3333333333333335,vigilance,standing_head_up;none,red_deer
S3_C3_E582_V0529_ID1_T1/S3_C3_E582_V0529_ID1_T1_c0.mp4,0.0,1.5,vigilance,standing_head_up;none,red_deer
S3_C3_E642_V0616_ID1_T1/S3_C3_E642_V0616_ID1_T1_c0.mp4,0.0,2.8,unknown,running;none,red_deer
S3_C3_E642_V0616_ID1_T1/S3_C3_E642_V0616_ID1_T1_c1.mp4,0.0,2.6333333333333333,foraging,drinking;none,red_deer
S3_C3_E642_V0616_ID1_T1/S3_C3_E642_V0616_ID1_T1_c2.mp4,0.0,1.9333333333333333,foraging,standing_head_down;none,red_deer
S3_C3_E642_V0616_ID1_T1/S3_C3_E642_V0616_ID1_T1_c3.mp4,0.0,1.4333333333333333,foraging,drinking;none,red_deer
S3_C3_E642_V0616_ID1_T1/S3_C3_E642_V0616_ID1_T1_c4.mp4,0.0,1.3333333333333333,foraging,standing_head_down;none,red_deer
S3_C3_E642_V0616_ID1_T1/S3_C3_E642_V0616_ID1_T1_c5.mp4,0.0,5.233333333333333,grooming,bathing;none,red_deer
S3_C3_E642_V0616_ID1_T1/S3_C3_E642_V0616_ID1_T1_c6.mp4,0.0,1.9333333333333333,vigilance,standing_head_up;none,red_deer
S3_C3_E642_V0616_ID1_T1/S3_C3_E642_V0616_ID1_T1_c7.mp4,0.0,2.7333333333333334,grooming,bathing;none,red_deer
S3_C3_E642_V0616_ID1_T1/S3_C3_E642_V0616_ID1_T1_c8.mp4,0.0,1.4666666666666666,unknown,running;none,red_deer
S3_C3_E642_V0616_ID2_T1/S3_C3_E642_V0616_ID2_T1_c0.mp4,0.0,2.3666666666666667,unknown,running;none,red_deer
S3_C3_E642_V0616_ID2_T1/S3_C3_E642_V0616_ID2_T1_c1.mp4,0.0,0.7666666666666667,vigilance,standing_head_up;none,red_deer
S3_C3_E642_V0616_ID2_T1/S3_C3_E642_V0616_ID2_T1_c2.mp4,0.0,0.9333333333333333,foraging,standing_head_down;none,red_deer
S3_C3_E642_V0616_ID2_T1/S3_C3_E642_V0616_ID2_T1_c3.mp4,0.0,7.5,vigilance,standing_head_up;none,red_deer
S3_C3_E642_V0616_ID2_T1/S3_C3_E642_V0616_ID2_T1_c4.mp4,0.0,2.3333333333333335,unknown,running;none,red_deer
S3_C3_E642_V0616_ID3_T1/S3_C3_E642_V0616_ID3_T1_c0.mp4,0.0,2.066666666666667,unknown,running;none,red_deer
S3_C3_E642_V0616_ID3_T1/S3_C3_E642_V0616_ID3_T1_c1.mp4,0.0,1.6666666666666667,foraging,walking;none,red_deer
S3_C3_E642_V0616_ID3_T1/S3_C3_E642_V0616_ID3_T1_c2.mp4,0.0,1.9333333333333333,vigilance,standing_head_up;none,red_deer
S3_C3_E642_V0616_ID3_T1/S3_C3_E642_V0616_ID3_T1_c3.mp4,0.0,0.8,foraging,walking;none,red_deer
S3_C3_E642_V0616_ID3_T1/S3_C3_E642_V0616_ID3_T1_c4.mp4,0.0,2.533333333333333,foraging,standing_head_down;none,red_deer
S3_C3_E642_V0616_ID3_T1/S3_C3_E642_V0616_ID3_T1_c5.mp4,0.0,1.9,vigilance,standing_head_up;none,red_deer
S3_C3_E642_V0616_ID3_T1/S3_C3_E642_V0616_ID3_T1_c6.mp4,0.0,1.2666666666666666,unknown,running;none,red_deer
S3_C3_E642_V0617_ID1_T1/S3_C3_E642_V0617_ID1_T1_c0.mp4,0.0,7.833333333333333,foraging,walking;none,red_deer
S3_C3_E642_V0617_ID1_T1/S3_C3_E642_V0617_ID1_T1_c1.mp4,0.0,4.566666666666666,foraging,standing_head_down;none,red_deer
S3_C3_E642_V0617_ID1_T1/S3_C3_E642_V0617_ID1_T1_c2.mp4,0.0,8.4,vigilance,standing_head_up;none,red_deer
S3_C3_E642_V0617_ID1_T1/S3_C3_E642_V0617_ID1_T1_c3.mp4,0.0,3.966666666666667,foraging,standing_head_down;none,red_deer
S3_C3_E642_V0617_ID1_T1/S3_C3_E642_V0617_ID1_T1_c4.mp4,0.0,1.3666666666666667,foraging,standing_head_up;none,red_deer
S3_C3_E642_V0617_ID1_T1/S3_C3_E642_V0617_ID1_T1_c5.mp4,0.0,1.9333333333333333,foraging,walking;none,red_deer
S3_C3_E642_V0617_ID1_T1/S3_C3_E642_V0617_ID1_T1_c6.mp4,0.0,1.9,foraging,standing_head_down;none,red_deer
S3_C3_E642_V0617_ID1_T1/S3_C3_E642_V0617_ID1_T1_c7.mp4,0.0,4.5,vigilance,standing_head_up;none,red_deer
S3_C3_E642_V0617_ID1_T1/S3_C3_E642_V0617_ID1_T1_c8.mp4,0.0,5.3,foraging,standing_head_down;none,red_deer
S3_C3_E642_V0617_ID1_T1/S3_C3_E642_V0617_ID1_T1_c9.mp4,0.0,15.433333333333334,grooming,bathing;none,red_deer
S3_C3_E642_V0617_ID1_T1/S3_C3_E642_V0617_ID1_T1_c10.mp4,0.0,1.1333333333333333,grooming,shaking_fur;none,red_deer
S3_C3_E642_V0617_ID1_T1/S3_C3_E642_V0617_ID1_T1_c11.mp4,0.0,4.166666666666667,vigilance,standing_head_up;none,red_deer
S3_C3_E642_V0618_ID1_T1/S3_C3_E642_V0618_ID1_T1_c0.mp4,0.0,0.8,unknown,standing_head_up;none,red_deer
S3_C3_E642_V0618_ID1_T1/S3_C3_E642_V0618_ID1_T1_c1.mp4,0.0,7.9,grooming,scratching_body;none,red_deer
S3_C3_E642_V0618_ID1_T1/S3_C3_E642_V0618_ID1_T1_c2.mp4,0.0,1.4666666666666666,unknown,standing_head_up;none,red_deer
S3_C3_E642_V0618_ID1_T1/S3_C3_E642_V0618_ID1_T1_c3.mp4,0.0,1.0333333333333334,grooming,shaking_fur;none,red_deer
S3_C3_E642_V0618_ID1_T1/S3_C3_E642_V0618_ID1_T1_c4.mp4,0.0,2.1,vigilance,standing_head_up;none,red_deer
S3_C3_E642_V0618_ID1_T1/S3_C3_E642_V0618_ID1_T1_c5.mp4,0.0,2.033333333333333,courtship,standing_head_up;vocalizing,red_deer
S3_C3_E642_V0618_ID1_T1/S3_C3_E642_V0618_ID1_T1_c6.mp4,0.0,5.833333333333333,vigilance,standing_head_up;none,red_deer
S3_C3_E642_V0618_ID1_T1/S3_C3_E642_V0618_ID1_T1_c7.mp4,0.0,5.633333333333334,grooming,scratching_body;none,red_deer
S3_C3_E642_V0618_ID1_T1/S3_C3_E642_V0618_ID1_T1_c8.mp4,0.0,0.8666666666666667,grooming,shaking_fur;none,red_deer
S3_C3_E642_V0618_ID1_T1/S3_C3_E642_V0618_ID1_T1_c9.mp4,0.0,7.133333333333334,vigilance,standing_head_up;none,red_deer
S3_C3_E642_V0618_ID1_T1/S3_C3_E642_V0618_ID1_T1_c10.mp4,0.0,9.066666666666666,grooming,scratching_body;none,red_deer
S3_C3_E642_V0618_ID1_T1/S3_C3_E642_V0618_ID1_T1_c11.mp4,0.0,3.7333333333333334,vigilance,standing_head_up;none,red_deer
S3_C3_E642_V0618_ID1_T1/S3_C3_E642_V0618_ID1_T1_c12.mp4,0.0,2.1666666666666665,courtship,standing_head_up;vocalizing,red_deer
S3_C3_E642_V0618_ID1_T1/S3_C3_E642_V0618_ID1_T1_c13.mp4,0.0,10.133333333333333,vigilance,standing_head_up;none,red_deer
S3_C3_E642_V0618_ID1_T1/S3_C3_E642_V0618_ID1_T1_c14.mp4,0.0,0.6,foraging,standing_head_down;none,red_deer
S3_C3_E642_V0618_ID2_T1/S3_C3_E642_V0618_ID2_T1_c0.mp4,0.0,1.2333333333333334,vigilance,standing_head_up;none,red_deer
S3_C3_E642_V0618_ID2_T1/S3_C3_E642_V0618_ID2_T1_c1.mp4,0.0,7.033333333333333,foraging,standing_head_down;none,red_deer
S3_C3_E642_V0619_ID1_T1/S3_C3_E642_V0619_ID1_T1_c0.mp4,0.0,2.9,foraging,standing_head_down;none,red_deer
S3_C3_E642_V0619_ID1_T1/S3_C3_E642_V0619_ID1_T1_c1.mp4,0.0,1.1333333333333333,foraging,walking;none,red_deer
S3_C3_E642_V0619_ID1_T1/S3_C3_E642_V0619_ID1_T1_c2.mp4,0.0,4.566666666666666,vigilance,standing_head_up;none,red_deer
S3_C3_E642_V0619_ID1_T1/S3_C3_E642_V0619_ID1_T1_c3.mp4,0.0,12.166666666666666,foraging,walking;none,red_deer
S3_C3_E642_V0619_ID1_T1/S3_C3_E642_V0619_ID1_T1_c4.mp4,0.0,1.6333333333333333,vigilance,standing_head_up;none,red_deer
S3_C3_E642_V0619_ID1_T1/S3_C3_E642_V0619_ID1_T1_c5.mp4,0.0,2.533333333333333,escaping,running;none,red_deer
S3_C3_E642_V0619_ID1_T1/S3_C3_E642_V0619_ID1_T1_c6.mp4,0.0,0.6666666666666666,vigilance,standing_head_up;none,red_deer
S3_C3_E642_V0619_ID1_T1/S3_C3_E642_V0619_ID1_T1_c7.mp4,0.0,3.933333333333333,foraging,standing_head_down;none,red_deer
S3_C3_E642_V0619_ID1_T1/S3_C3_E642_V0619_ID1_T1_c8.mp4,0.0,6.7,vigilance,standing_head_up;none,red_deer
S3_C3_E642_V0619_ID1_T1/S3_C3_E642_V0619_ID1_T1_c9.mp4,0.0,6.066666666666666,vigilance,standing_head_down;none,red_deer
S3_C3_E642_V0619_ID1_T1/S3_C3_E642_V0619_ID1_T1_c10.mp4,0.0,2.3,foraging,standing_head_down;none,red_deer
S3_C3_E642_V0619_ID1_T1/S3_C3_E642_V0619_ID1_T1_c11.mp4,0.0,11.366666666666667,foraging,walking;none,red_deer
S3_C3_E642_V0619_ID1_T1/S3_C3_E642_V0619_ID1_T1_c12.mp4,0.0,0.5666666666666667,vigilance,standing_head_up;none,red_deer
S3_C3_E642_V0619_ID1_T1/S3_C3_E642_V0619_ID1_T1_c13.mp4,0.0,3.3333333333333335,foraging,walking;none,red_deer
S3_C3_E642_V0619_ID1_T1/S3_C3_E642_V0619_ID1_T1_c14.mp4,0.0,0.6333333333333333,foraging,sniffing;none,red_deer
S3_C3_E642_V0619_ID2_T1/S3_C3_E642_V0619_ID2_T1_c0.mp4,0.0,4.433333333333334,foraging,standing_head_down;none,red_deer
S3_C3_E642_V0619_ID2_T1/S3_C3_E642_V0619_ID2_T1_c1.mp4,0.0,15.966666666666667,grooming,bathing;none,red_deer
S3_C3_E642_V0619_ID2_T1/S3_C3_E642_V0619_ID2_T1_c2.mp4,0.0,1.8,vigilance,standing_head_up;none,red_deer
S3_C3_E642_V0619_ID2_T1/S3_C3_E642_V0619_ID2_T1_c3.mp4,0.0,1.1666666666666667,chasing,running;none,red_deer
S3_C3_E642_V0619_ID2_T1/S3_C3_E642_V0619_ID2_T1_c4.mp4,0.0,4.466666666666667,vigilance,standing_head_up;none,red_deer
S3_C3_E642_V0619_ID2_T1/S3_C3_E642_V0619_ID2_T1_c5.mp4,0.0,1.3333333333333333,grooming,shaking_fur;none,red_deer
S3_C3_E642_V0619_ID2_T1/S3_C3_E642_V0619_ID2_T1_c6.mp4,0.0,11.066666666666666,vigilance,standing_head_up;none,red_deer
S3_C3_E642_V0619_ID2_T1/S3_C3_E642_V0619_ID2_T1_c7.mp4,0.0,11.766666666666667,grooming,scratching_body;none,red_deer
S3_C3_E642_V0619_ID2_T1/S3_C3_E642_V0619_ID2_T1_c8.mp4,0.0,2.8333333333333335,vigilance,standing_head_up;none,red_deer
S3_C3_E642_V0619_ID2_T1/S3_C3_E642_V0619_ID2_T1_c9.mp4,0.0,1.2,grooming,shaking_fur;none,red_deer
S3_C3_E642_V0619_ID2_T1/S3_C3_E642_V0619_ID2_T1_c10.mp4,0.0,1.8,vigilance,standing_head_up;none,red_deer
S3_C3_E642_V0619_ID2_T1/S3_C3_E642_V0619_ID2_T1_c11.mp4,0.0,2.6666666666666665,courtship,standing_head_up;vocalizing,red_deer
S3_C3_E642_V0619_ID3_T1/S3_C3_E642_V0619_ID3_T1_c0.mp4,0.0,7.3,foraging,walking;none,red_deer
S3_C3_E642_V0619_ID3_T1/S3_C3_E642_V0619_ID3_T1_c1.mp4,0.0,15.166666666666666,vigilance,standing_head_up;none,red_deer
S3_C3_E642_V0619_ID3_T1/S3_C3_E642_V0619_ID3_T1_c2.mp4,0.0,3.9,foraging,standing_head_down;none,red_deer
S3_C3_E642_V0619_ID3_T1/S3_C3_E642_V0619_ID3_T1_c3.mp4,0.0,8.466666666666667,vigilance,standing_head_up;none,red_deer
S3_C3_E642_V0619_ID3_T1/S3_C3_E642_V0619_ID3_T1_c4.mp4,0.0,4.5,foraging,walking;none,red_deer
S3_C3_E642_V0619_ID3_T1/S3_C3_E642_V0619_ID3_T1_c5.mp4,0.0,1.8666666666666667,foraging,standing_head_down;none,red_deer
S3_C3_E642_V0619_ID3_T1/S3_C3_E642_V0619_ID3_T1_c6.mp4,0.0,4.766666666666667,vigilance,standing_head_up;none,red_deer
S3_C3_E642_V0619_ID3_T1/S3_C3_E642_V0619_ID3_T1_c7.mp4,0.0,1.4333333333333333,foraging,standing_head_down;none,red_deer
S3_C3_E642_V0619_ID3_T1/S3_C3_E642_V0619_ID3_T1_c8.mp4,0.0,1.6666666666666667,foraging,walking;none,red_deer
S3_C3_E642_V0619_ID3_T1/S3_C3_E642_V0619_ID3_T1_c9.mp4,0.0,3.433333333333333,foraging,standing_head_down;none,red_deer
S3_C3_E642_V0620_ID1_T1/S3_C3_E642_V0620_ID1_T1_c0.mp4,0.0,5.766666666666667,foraging,walking;none,red_deer
S3_C3_E642_V0620_ID1_T1/S3_C3_E642_V0620_ID1_T1_c1.mp4,0.0,0.5,foraging,sniffing;none,red_deer
S3_C3_E642_V0620_ID1_T1/S3_C3_E642_V0620_ID1_T1_c2.mp4,0.0,0.9,foraging,standing_head_up;none,red_deer
S3_C3_E642_V0620_ID1_T1/S3_C3_E642_V0620_ID1_T1_c3.mp4,0.0,2.8,foraging,walking;none,red_deer
S3_C3_E642_V0620_ID1_T1/S3_C3_E642_V0620_ID1_T1_c4.mp4,0.0,1.6333333333333333,vigilance,standing_head_up;none,red_deer
S3_C3_E642_V0620_ID1_T1/S3_C3_E642_V0620_ID1_T1_c5.mp4,0.0,10.233333333333333,unknown,unknown;none,red_deer
S3_C3_E642_V0620_ID2_T1/S3_C3_E642_V0620_ID2_T1_c0.mp4,0.0,0.6,vigilance,standing_head_up;none,red_deer
S3_C3_E642_V0620_ID2_T1/S3_C3_E642_V0620_ID2_T1_c1.mp4,0.0,11.533333333333333,foraging,standing_head_down;none,red_deer
S3_C3_E642_V0620_ID2_T1/S3_C3_E642_V0620_ID2_T1_c2.mp4,0.0,1.9,vigilance,standing_head_up;none,red_deer
S3_C3_E642_V0620_ID2_T1/S3_C3_E642_V0620_ID2_T1_c3.mp4,0.0,5.5,foraging,walking;none,red_deer
S3_C3_E642_V0620_ID2_T1/S3_C3_E642_V0620_ID2_T1_c4.mp4,0.0,2.6333333333333333,vigilance,standing_head_up;none,red_deer
S3_C3_E642_V0620_ID2_T1/S3_C3_E642_V0620_ID2_T1_c5.mp4,0.0,1.3333333333333333,foraging,standing_head_down;none,red_deer
S3_C3_E642_V0620_ID2_T1/S3_C3_E642_V0620_ID2_T1_c6.mp4,0.0,1.6666666666666667,foraging,walking;none,red_deer
S3_C3_E642_V0620_ID2_T1/S3_C3_E642_V0620_ID2_T1_c7.mp4,0.0,1.9,vigilance,standing_head_up;none,red_deer
S3_C3_E642_V0620_ID2_T1/S3_C3_E642_V0620_ID2_T1_c8.mp4,0.0,0.7,foraging,walking;none,red_deer
S3_C3_E642_V0620_ID2_T1/S3_C3_E642_V0620_ID2_T1_c9.mp4,0.0,4.133333333333334,foraging,sniffing;none,red_deer
S3_C3_E642_V0620_ID2_T1/S3_C3_E642_V0620_ID2_T1_c10.mp4,0.0,3.3666666666666667,foraging,walking;none,red_deer
S3_C3_E642_V0620_ID2_T1/S3_C3_E642_V0620_ID2_T1_c11.mp4,0.0,2.033333333333333,vigilance,standing_head_up;none,red_deer
S3_C3_E642_V0620_ID2_T1/S3_C3_E642_V0620_ID2_T1_c12.mp4,0.0,1.7666666666666666,foraging,walking;none,red_deer
S3_C3_E642_V0620_ID2_T1/S3_C3_E642_V0620_ID2_T1_c13.mp4,0.0,4.133333333333334,unknown,unknown;none,red_deer
S3_C3_E642_V0620_ID3_T1/S3_C3_E642_V0620_ID3_T1_c0.mp4,0.0,1.6333333333333333,vigilance,standing_head_up;none,red_deer
S3_C3_E642_V0620_ID3_T1/S3_C3_E642_V0620_ID3_T1_c1.mp4,0.0,1.6333333333333333,vigilance,walking;none,red_deer
S3_C3_E642_V0620_ID3_T1/S3_C3_E642_V0620_ID3_T1_c2.mp4,0.0,2.8666666666666667,foraging,walking;none,red_deer
S3_C3_E642_V0620_ID3_T1/S3_C3_E642_V0620_ID3_T1_c3.mp4,0.0,8.733333333333333,foraging,standing_head_down;none,red_deer
S3_C3_E642_V0620_ID3_T1/S3_C3_E642_V0620_ID3_T1_c4.mp4,0.0,2.433333333333333,grooming,bathing;none,red_deer
S3_C3_E642_V0620_ID3_T1/S3_C3_E642_V0620_ID3_T1_c5.mp4,0.0,1.6666666666666667,unknown,unknown;none,red_deer
S3_C3_E642_V0620_ID3_T1/S3_C3_E642_V0620_ID3_T1_c6.mp4,0.0,30.2,grooming,bathing;none,red_deer
S3_C3_E642_V0620_ID3_T1/S3_C3_E642_V0620_ID3_T1_c7.mp4,0.0,3.1333333333333333,vigilance,standing_head_up;none,red_deer
S3_C3_E642_V0620_ID3_T1/S3_C3_E642_V0620_ID3_T1_c8.mp4,0.0,2.7666666666666666,unknown,unknown;none,red_deer
S3_C3_E642_V0620_ID3_T1/S3_C3_E642_V0620_ID3_T1_c9.mp4,0.0,2.7333333333333334,foraging,standing_head_down;none,red_deer
S3_C3_E642_V0620_ID3_T1/S3_C3_E642_V0620_ID3_T1_c10.mp4,0.0,2.7,grooming,scratching_body;none,red_deer
S3_C3_E642_V0621_ID1_T1/S3_C3_E642_V0621_ID1_T1_c0.mp4,0.0,2.1,foraging,standing_head_down;none,red_deer
S3_C3_E642_V0621_ID1_T1/S3_C3_E642_V0621_ID1_T1_c1.mp4,0.0,2.533333333333333,resting,laying;none,red_deer
S3_C3_E642_V0621_ID1_T1/S3_C3_E642_V0621_ID1_T1_c2.mp4,0.0,1.9666666666666666,grooming,laying;scratching_body,red_deer
S3_C3_E642_V0621_ID1_T1/S3_C3_E642_V0621_ID1_T1_c3.mp4,0.0,6.8,grooming,laying;none,red_deer
S3_C3_E642_V0621_ID1_T1/S3_C3_E642_V0621_ID1_T1_c4.mp4,0.0,4.533333333333333,grooming,laying;scratching_body,red_deer
S3_C3_E642_V0621_ID1_T1/S3_C3_E642_V0621_ID1_T1_c5.mp4,0.0,4.466666666666667,grooming,laying;none,red_deer
S3_C3_E642_V0621_ID1_T1/S3_C3_E642_V0621_ID1_T1_c6.mp4,0.0,2.533333333333333,grooming,laying;scratching_body,red_deer
S3_C3_E642_V0621_ID1_T1/S3_C3_E642_V0621_ID1_T1_c7.mp4,0.0,1.9333333333333333,grooming,laying;none,red_deer
S3_C3_E642_V0621_ID1_T1/S3_C3_E642_V0621_ID1_T1_c8.mp4,0.0,1.9333333333333333,unknown,standing_head_up;none,red_deer
S3_C3_E642_V0621_ID1_T1/S3_C3_E642_V0621_ID1_T1_c9.mp4,0.0,2.1666666666666665,grooming,shaking_fur;none,red_deer
S3_C3_E642_V0621_ID1_T1/S3_C3_E642_V0621_ID1_T1_c10.mp4,0.0,1.4666666666666666,vigilance,standing_head_up;none,red_deer
S3_C3_E642_V0621_ID1_T1/S3_C3_E642_V0621_ID1_T1_c11.mp4,0.0,2.8666666666666667,grooming,scratching_body;none,red_deer
S3_C3_E642_V0621_ID1_T1/S3_C3_E642_V0621_ID1_T1_c12.mp4,0.0,0.7333333333333333,vigilance,standing_head_up;none,red_deer
S3_C3_E642_V0621_ID1_T1/S3_C3_E642_V0621_ID1_T1_c13.mp4,0.0,2.3666666666666667,unknown,standing_head_down;none,red_deer
S3_C3_E642_V0621_ID1_T1/S3_C3_E642_V0621_ID1_T1_c14.mp4,0.0,2.1,marking,scratching_hoof;none,red_deer
S3_C3_E642_V0621_ID1_T1/S3_C3_E642_V0621_ID1_T1_c15.mp4,0.0,1.2,foraging,standing_head_down;none,red_deer
S3_C3_E642_V0621_ID1_T1/S3_C3_E642_V0621_ID1_T1_c16.mp4,0.0,2.033333333333333,foraging,walking;none,red_deer
S3_C3_E642_V0621_ID1_T1/S3_C3_E642_V0621_ID1_T1_c17.mp4,0.0,6.133333333333334,foraging,standing_head_down;none,red_deer
S3_C3_E642_V0621_ID1_T1/S3_C3_E642_V0621_ID1_T1_c18.mp4,0.0,10.633333333333333,grooming,bathing;none,red_deer
S3_C3_E642_V0621_ID2_T1/S3_C3_E642_V0621_ID2_T1_c0.mp4,0.0,1.7333333333333334,foraging,walking;none,red_deer
S3_C3_E642_V0621_ID2_T1/S3_C3_E642_V0621_ID2_T1_c1.mp4,0.0,6.366666666666666,foraging,sniffing;none,red_deer
S3_C3_E642_V0621_ID2_T1/S3_C3_E642_V0621_ID2_T1_c2.mp4,0.0,4.833333333333333,vigilance,standing_head_up;none,red_deer
S3_C3_E642_V0621_ID2_T1/S3_C3_E642_V0621_ID2_T1_c3.mp4,0.0,2.1333333333333333,foraging,sniffing;none,red_deer
S3_C3_E642_V0621_ID2_T1/S3_C3_E642_V0621_ID2_T1_c4.mp4,0.0,0.6333333333333333,vigilance,standing_head_up;none,red_deer
S3_C3_E642_V0621_ID2_T1/S3_C3_E642_V0621_ID2_T1_c5.mp4,0.0,2.5,vigilance,walking;none,red_deer
S3_C3_E642_V0621_ID2_T1/S3_C3_E642_V0621_ID2_T1_c6.mp4,0.0,5.066666666666666,foraging,walking;none,red_deer
S3_C3_E642_V0621_ID2_T1/S3_C3_E642_V0621_ID2_T1_c7.mp4,0.0,10.433333333333334,unknown,unknown;none,red_deer
S3_C3_E642_V0621_ID2_T1/S3_C3_E642_V0621_ID2_T1_c8.mp4,0.0,2.6333333333333333,foraging,walking;none,red_deer
S3_C3_E642_V0621_ID2_T1/S3_C3_E642_V0621_ID2_T1_c9.mp4,0.0,7.633333333333334,foraging,sniffing;none,red_deer
S3_C3_E642_V0621_ID2_T1/S3_C3_E642_V0621_ID2_T1_c10.mp4,0.0,1.9,foraging,standing_head_down;none,red_deer
S3_C3_E642_V0621_ID2_T1/S3_C3_E642_V0621_ID2_T1_c11.mp4,0.0,1.8333333333333333,foraging,sniffing;none,red_deer
S3_C3_E642_V0621_ID2_T1/S3_C3_E642_V0621_ID2_T1_c12.mp4,0.0,1.4,foraging,standing_head_down;none,red_deer
S3_C3_E642_V0621_ID2_T1/S3_C3_E642_V0621_ID2_T1_c13.mp4,0.0,2.2,foraging,sniffing;none,red_deer
S3_C3_E642_V0621_ID2_T1/S3_C3_E642_V0621_ID2_T1_c14.mp4,0.0,1.1666666666666667,foraging,standing_head_down;none,red_deer
S3_C3_E642_V0621_ID2_T1/S3_C3_E642_V0621_ID2_T1_c15.mp4,0.0,3.3666666666666667,vigilance,standing_head_up;none,red_deer
S3_C3_E642_V0621_ID2_T1/S3_C3_E642_V0621_ID2_T1_c16.mp4,0.0,2.933333333333333,foraging,standing_head_down;none,red_deer
S3_C3_E642_V0621_ID2_T1/S3_C3_E642_V0621_ID2_T1_c17.mp4,0.0,1.7333333333333334,foraging,walking;none,red_deer
S3_C3_E642_V0622_ID1_T1/S3_C3_E642_V0622_ID1_T1_c0.mp4,0.0,1.2666666666666666,foraging,walking;none,red_deer
S3_C3_E642_V0622_ID1_T1/S3_C3_E642_V0622_ID1_T1_c1.mp4,0.0,3.433333333333333,foraging,standing_head_down;none,red_deer
S3_C3_E642_V0622_ID1_T1/S3_C3_E642_V0622_ID1_T1_c2.mp4,0.0,4.266666666666667,vigilance,standing_head_up;none,red_deer
S3_C3_E642_V0622_ID1_T1/S3_C3_E642_V0622_ID1_T1_c3.mp4,0.0,5.233333333333333,foraging,standing_head_down;none,red_deer
S3_C3_E642_V0622_ID1_T1/S3_C3_E642_V0622_ID1_T1_c4.mp4,0.0,3.6,foraging,walking;none,red_deer
S3_C3_E642_V0622_ID1_T1/S3_C3_E642_V0622_ID1_T1_c5.mp4,0.0,0.8333333333333334,vigilance,walking;none,red_deer
S3_C3_E642_V0622_ID1_T1/S3_C3_E642_V0622_ID1_T1_c6.mp4,0.0,2.2,vigilance,running;none,red_deer
S3_C3_E642_V0622_ID2_T1/S3_C3_E642_V0622_ID2_T1_c0.mp4,0.0,4.566666666666666,resting,bathing;none,red_deer
S3_C3_E642_V0622_ID2_T1/S3_C3_E642_V0622_ID2_T1_c1.mp4,0.0,3.2333333333333334,vigilance,standing_head_up;none,red_deer
S3_C3_E642_V0622_ID2_T1/S3_C3_E642_V0622_ID2_T1_c2.mp4,0.0,0.7,foraging,standing_head_down;none,red_deer
S3_C3_E642_V0622_ID2_T1/S3_C3_E642_V0622_ID2_T1_c3.mp4,0.0,3.066666666666667,foraging,walking;none,red_deer
S3_C3_E642_V0622_ID2_T1/S3_C3_E642_V0622_ID2_T1_c4.mp4,0.0,2.3666666666666667,foraging,standing_head_down;none,red_deer
S3_C3_E642_V0622_ID2_T1/S3_C3_E642_V0622_ID2_T1_c5.mp4,0.0,2.3,unknown,running;none,red_deer
S3_C3_E642_V0623_ID1_T1/S3_C3_E642_V0623_ID1_T1_c0.mp4,0.0,4.266666666666667,foraging,walking;none,red_deer
S3_C3_E642_V0623_ID1_T1/S3_C3_E642_V0623_ID1_T1_c1.mp4,0.0,31.5,resting,laying;none,red_deer
S3_C3_E642_V0623_ID1_T1/S3_C3_E642_V0623_ID1_T1_c2.mp4,0.0,2.2333333333333334,vigilance,standing_head_up;none,red_deer
S3_C3_E642_V0623_ID1_T1/S3_C3_E642_V0623_ID1_T1_c3.mp4,0.0,13.3,grooming,scratching_body;none,red_deer
S3_C3_E642_V0623_ID1_T1/S3_C3_E642_V0623_ID1_T1_c4.mp4,0.0,3.7,vigilance,standing_head_up;none,red_deer
S3_C3_E642_V0623_ID1_T1/S3_C3_E642_V0623_ID1_T1_c5.mp4,0.0,1.4666666666666666,unknown,running;none,red_deer
S3_C3_E642_V0623_ID2_T1/S3_C3_E642_V0623_ID2_T1_c0.mp4,0.0,0.8666666666666667,foraging,walking;none,red_deer
S3_C3_E642_V0623_ID2_T1/S3_C3_E642_V0623_ID2_T1_c1.mp4,0.0,3.533333333333333,foraging,standing_head_down;none,red_deer
S3_C3_E642_V0623_ID2_T1/S3_C3_E642_V0623_ID2_T1_c2.mp4,0.0,5.733333333333333,vigilance,standing_head_up;none,red_deer
S3_C3_E642_V0623_ID2_T1/S3_C3_E642_V0623_ID2_T1_c3.mp4,0.0,2.1666666666666665,foraging,standing_head_down;none,red_deer
S3_C3_E642_V0623_ID2_T1/S3_C3_E642_V0623_ID2_T1_c4.mp4,0.0,4.8,foraging,walking;none,red_deer
S3_C3_E642_V0623_ID2_T1/S3_C3_E642_V0623_ID2_T1_c5.mp4,0.0,2.2333333333333334,vigilance,standing_head_up;none,red_deer
S3_C3_E692_V0698_ID1_T1/S3_C3_E692_V0698_ID1_T1_c0.mp4,0.0,3.066666666666667,vigilance,walking;none,red_deer
S3_C3_E692_V0698_ID1_T1/S3_C3_E692_V0698_ID1_T1_c1.mp4,0.0,7.0,vigilance,standing_head_up;none,red_deer
S3_C3_E692_V0698_ID1_T1/S3_C3_E692_V0698_ID1_T1_c2.mp4,0.0,4.033333333333333,foraging,standing_head_down;none,red_deer
S3_C3_E692_V0698_ID1_T1/S3_C3_E692_V0698_ID1_T1_c3.mp4,0.0,2.1333333333333333,foraging,walking;none,red_deer
S3_C3_E692_V0698_ID1_T1/S3_C3_E692_V0698_ID1_T1_c4.mp4,0.0,6.966666666666667,foraging,standing_head_down;none,red_deer
S3_C3_E692_V0698_ID1_T1/S3_C3_E692_V0698_ID1_T1_c5.mp4,0.0,2.533333333333333,foraging,walking;none,red_deer
S3_C3_E692_V0698_ID1_T1/S3_C3_E692_V0698_ID1_T1_c6.mp4,0.0,1.0666666666666667,foraging,standing_head_down;none,red_deer
S3_C3_E692_V0698_ID1_T1/S3_C3_E692_V0698_ID1_T1_c7.mp4,0.0,28.2,foraging,drinking;none,red_deer
S3_C3_E692_V0698_ID1_T1/S3_C3_E692_V0698_ID1_T1_c8.mp4,0.0,5.5,foraging,standing_head_down;none,red_deer
S3_C3_E692_V0699_ID1_T1/S3_C3_E692_V0699_ID1_T1_c0.mp4,0.0,6.666666666666667,foraging,standing_head_down;none,red_deer
S3_C3_E692_V0699_ID1_T1/S3_C3_E692_V0699_ID1_T1_c1.mp4,0.0,0.1,foraging,standing_head_up;none,red_deer
S3_C3_E692_V0699_ID1_T1/S3_C3_E692_V0699_ID1_T1_c2.mp4,0.0,29.5,vigilance,standing_head_up;none,red_deer
S3_C3_E692_V0699_ID1_T1/S3_C3_E692_V0699_ID1_T1_c3.mp4,0.0,1.3666666666666667,foraging,standing_head_down;none,red_deer
S3_C3_E692_V0699_ID1_T1/S3_C3_E692_V0699_ID1_T1_c4.mp4,0.0,12.733333333333333,foraging,drinking;none,red_deer
S3_C3_E692_V0699_ID1_T1/S3_C3_E692_V0699_ID1_T1_c5.mp4,0.0,10.133333333333333,foraging,standing_head_down;none,red_deer
S3_C3_E692_V0700_ID1_T1/S3_C3_E692_V0700_ID1_T1_c0.mp4,0.0,11.166666666666666,foraging,standing_head_down;none,red_deer
S3_C3_E692_V0700_ID1_T1/S3_C3_E692_V0700_ID1_T1_c1.mp4,0.0,13.0,vigilance,standing_head_up;none,red_deer
S3_C3_E692_V0700_ID1_T1/S3_C3_E692_V0700_ID1_T1_c2.mp4,0.0,3.1,vigilance,walking;none,red_deer
S3_C3_E692_V0700_ID1_T1/S3_C3_E692_V0700_ID1_T1_c3.mp4,0.0,1.1,foraging,walking;none,red_deer
S3_C3_E692_V0700_ID1_T1/S3_C3_E692_V0700_ID1_T1_c4.mp4,0.0,10.9,foraging,grazing;none,red_deer
S3_C3_E692_V0700_ID1_T1/S3_C3_E692_V0700_ID1_T1_c5.mp4,0.0,3.7,foraging,grazing;defecating,red_deer
S3_C3_E692_V0700_ID1_T1/S3_C3_E692_V0700_ID1_T1_c6.mp4,0.0,7.966666666666667,grooming,standing_head_up;defecating,red_deer
S3_C3_E692_V0700_ID1_T1/S3_C3_E692_V0700_ID1_T1_c7.mp4,0.0,2.933333333333333,marking,scratching_hoof;none,red_deer
S3_C3_E692_V0700_ID1_T1/S3_C3_E692_V0700_ID1_T1_c8.mp4,0.0,5.466666666666667,marking,scratching_antlers;none,red_deer
S3_C3_E692_V0700_ID1_T1/S3_C3_E692_V0700_ID1_T1_c9.mp4,0.0,1.1666666666666667,vigilance,standing_head_up;none,red_deer
S3_C3_E692_V0701_ID1_T1/S3_C3_E692_V0701_ID1_T1_c0.mp4,0.0,9.8,vigilance,standing_head_up;none,red_deer
S3_C3_E692_V0701_ID1_T1/S3_C3_E692_V0701_ID1_T1_c1.mp4,0.0,1.6666666666666667,grooming,shaking_fur;none,red_deer
S3_C3_E692_V0701_ID1_T1/S3_C3_E692_V0701_ID1_T1_c2.mp4,0.0,3.966666666666667,marking,scratching_antlers;none,red_deer
S3_C3_E692_V0701_ID1_T1/S3_C3_E692_V0701_ID1_T1_c3.mp4,0.0,0.9333333333333333,unknown,standing_head_down;none,red_deer
S3_C3_E692_V0701_ID1_T1/S3_C3_E692_V0701_ID1_T1_c4.mp4,0.0,0.5666666666666667,marking,scratching_antlers;none,red_deer
S3_C3_E692_V0701_ID1_T1/S3_C3_E692_V0701_ID1_T1_c5.mp4,0.0,2.466666666666667,marking,scratching_hoof;none,red_deer
S3_C3_E692_V0701_ID1_T1/S3_C3_E692_V0701_ID1_T1_c6.mp4,0.0,5.333333333333333,marking,scratching_antlers;none,red_deer
S3_C3_E692_V0701_ID1_T1/S3_C3_E692_V0701_ID1_T1_c7.mp4,0.0,4.833333333333333,vigilance,standing_head_up;none,red_deer
S3_C3_E692_V0701_ID1_T1/S3_C3_E692_V0701_ID1_T1_c8.mp4,0.0,1.3,grooming,shaking_fur;none,red_deer
S3_C3_E692_V0701_ID1_T1/S3_C3_E692_V0701_ID1_T1_c9.mp4,0.0,3.7,vigilance,standing_head_up;none,red_deer
S3_C3_E692_V0701_ID1_T1/S3_C3_E692_V0701_ID1_T1_c10.mp4,0.0,1.8666666666666667,foraging,standing_head_down;none,red_deer
S3_C3_E692_V0701_ID1_T1/S3_C3_E692_V0701_ID1_T1_c11.mp4,0.0,6.266666666666667,foraging,grazing;none,red_deer
S3_C3_E692_V0701_ID1_T1/S3_C3_E692_V0701_ID1_T1_c12.mp4,0.0,3.433333333333333,foraging,walking;none,red_deer
S3_C3_E692_V0701_ID1_T1/S3_C3_E692_V0701_ID1_T1_c13.mp4,0.0,14.366666666666667,unknown,unknown;none,red_deer
S3_C3_E693_V0702_ID1_T1/S3_C3_E693_V0702_ID1_T1_c0.mp4,0.0,5.633333333333334,foraging,walking;none,red_deer
S3_C3_E693_V0702_ID1_T1/S3_C3_E693_V0702_ID1_T1_c1.mp4,0.0,1.2,foraging,standing_head_down;none,red_deer
S3_C3_E693_V0702_ID1_T1/S3_C3_E693_V0702_ID1_T1_c2.mp4,0.0,1.8,foraging,walking;none,red_deer
S3_C3_E693_V0702_ID1_T1/S3_C3_E693_V0702_ID1_T1_c3.mp4,0.0,6.266666666666667,foraging,standing_head_down;none,red_deer
S3_C3_E693_V0702_ID1_T1/S3_C3_E693_V0702_ID1_T1_c4.mp4,0.0,1.8,foraging,standing_head_up;none,red_deer
S3_C3_E693_V0702_ID1_T1/S3_C3_E693_V0702_ID1_T1_c5.mp4,0.0,5.3,foraging,standing_head_down;none,red_deer
S3_C3_E693_V0702_ID1_T1/S3_C3_E693_V0702_ID1_T1_c6.mp4,0.0,8.266666666666667,unknown,unknown;none,red_deer
S3_C3_E693_V0702_ID1_T1/S3_C3_E693_V0702_ID1_T1_c7.mp4,0.0,3.6333333333333333,unknown,running;none,red_deer
S3_C3_E693_V0702_ID1_T1/S3_C3_E693_V0702_ID1_T1_c8.mp4,0.0,2.9,foraging,standing_head_up;none,red_deer
S3_C3_E693_V0702_ID1_T1/S3_C3_E693_V0702_ID1_T1_c9.mp4,0.0,0.9333333333333333,foraging,standing_head_down;none,red_deer
S3_C3_E693_V0702_ID1_T1/S3_C3_E693_V0702_ID1_T1_c10.mp4,0.0,1.5333333333333334,foraging,walking;none,red_deer
S3_C3_E693_V0702_ID1_T1/S3_C3_E693_V0702_ID1_T1_c11.mp4,0.0,2.8,foraging,standing_head_down;none,red_deer
S3_C3_E693_V0702_ID1_T1/S3_C3_E693_V0702_ID1_T1_c12.mp4,0.0,0.7333333333333333,foraging,standing_head_up;none,red_deer
S3_C3_E693_V0702_ID1_T1/S3_C3_E693_V0702_ID1_T1_c13.mp4,0.0,2.2,foraging,walking;none,red_deer
S3_C3_E693_V0702_ID1_T1/S3_C3_E693_V0702_ID1_T1_c14.mp4,0.0,0.7666666666666667,foraging,standing_head_up;none,red_deer
S3_C3_E693_V0702_ID1_T1/S3_C3_E693_V0702_ID1_T1_c15.mp4,0.0,0.5333333333333333,foraging,walking;none,red_deer
S3_C3_E693_V0702_ID1_T1/S3_C3_E693_V0702_ID1_T1_c16.mp4,0.0,1.6666666666666667,foraging,running;none,red_deer
S3_C3_E693_V0702_ID1_T1/S3_C3_E693_V0702_ID1_T1_c17.mp4,0.0,3.8666666666666667,foraging,walking;none,red_deer
S3_C3_E693_V0702_ID1_T1/S3_C3_E693_V0702_ID1_T1_c18.mp4,0.0,8.666666666666666,foraging,unknown;none,red_deer
S3_C3_E693_V0702_ID2_T1/S3_C3_E693_V0702_ID2_T1_c0.mp4,0.0,4.333333333333333,foraging,walking;none,red_deer
S3_C3_E693_V0702_ID2_T1/S3_C3_E693_V0702_ID2_T1_c1.mp4,0.0,1.4,foraging,standing_head_down;none,red_deer
S3_C3_E693_V0702_ID2_T1/S3_C3_E693_V0702_ID2_T1_c2.mp4,0.0,2.7666666666666666,foraging,standing_head_up;none,red_deer
S3_C3_E693_V0702_ID2_T1/S3_C3_E693_V0702_ID2_T1_c3.mp4,0.0,5.9,foraging,standing_head_down;none,red_deer
S3_C3_E693_V0702_ID2_T1/S3_C3_E693_V0702_ID2_T1_c4.mp4,0.0,1.1666666666666667,foraging,standing_head_up;none,red_deer
S3_C3_E693_V0702_ID2_T1/S3_C3_E693_V0702_ID2_T1_c5.mp4,0.0,1.3666666666666667,foraging,walking;none,red_deer
S3_C3_E693_V0702_ID2_T1/S3_C3_E693_V0702_ID2_T1_c6.mp4,0.0,3.066666666666667,foraging,standing_head_down;none,red_deer
S3_C3_E693_V0702_ID2_T1/S3_C3_E693_V0702_ID2_T1_c7.mp4,0.0,2.4,foraging,walking;none,red_deer
S3_C3_E693_V0702_ID2_T1/S3_C3_E693_V0702_ID2_T1_c8.mp4,0.0,5.2,vigilance,standing_head_up;none,red_deer
S3_C3_E693_V0702_ID2_T1/S3_C3_E693_V0702_ID2_T1_c9.mp4,0.0,1.5666666666666667,foraging,standing_head_down;none,red_deer
S3_C3_E693_V0702_ID2_T1/S3_C3_E693_V0702_ID2_T1_c10.mp4,0.0,10.266666666666667,foraging,walking;none,red_deer
S3_C3_E693_V0702_ID2_T1/S3_C3_E693_V0702_ID2_T1_c11.mp4,0.0,1.6333333333333333,foraging,standing_head_down;none,red_deer
S3_C3_E693_V0702_ID2_T1/S3_C3_E693_V0702_ID2_T1_c12.mp4,0.0,5.933333333333334,foraging,walking;none,red_deer
S3_C3_E693_V0702_ID2_T1/S3_C3_E693_V0702_ID2_T1_c13.mp4,0.0,13.5,foraging,grazing;none,red_deer
S3_C3_E693_V0702_ID3_T1/S3_C3_E693_V0702_ID3_T1_c0.mp4,0.0,2.0,unknown,running;none,red_deer
S3_C3_E693_V0702_ID3_T1/S3_C3_E693_V0702_ID3_T1_c1.mp4,0.0,6.5,foraging,walking;none,red_deer
S3_C3_E693_V0702_ID3_T1/S3_C3_E693_V0702_ID3_T1_c2.mp4,0.0,0.8666666666666667,foraging,standing_head_down;none,red_deer
S3_C3_E693_V0702_ID3_T1/S3_C3_E693_V0702_ID3_T1_c3.mp4,0.0,3.1,foraging,standing_head_up;none,red_deer
S3_C3_E693_V0702_ID3_T1/S3_C3_E693_V0702_ID3_T1_c4.mp4,0.0,0.7,foraging,standing_head_down;none,red_deer
S3_C3_E693_V0702_ID3_T1/S3_C3_E693_V0702_ID3_T1_c5.mp4,0.0,4.666666666666667,foraging,walking;none,red_deer
S3_C3_E693_V0702_ID3_T1/S3_C3_E693_V0702_ID3_T1_c6.mp4,0.0,1.8666666666666667,foraging,sniffing;none,red_deer
S3_C3_E693_V0702_ID3_T1/S3_C3_E693_V0702_ID3_T1_c7.mp4,0.0,3.3,vigilance,standing_head_up;none,red_deer
S3_C3_E693_V0702_ID3_T1/S3_C3_E693_V0702_ID3_T1_c8.mp4,0.0,2.7,grooming,scratching_body;none,red_deer
S3_C3_E693_V0702_ID3_T1/S3_C3_E693_V0702_ID3_T1_c9.mp4,0.0,2.1333333333333333,playing,standing_head_up;none,red_deer
S3_C3_E693_V0702_ID3_T1/S3_C3_E693_V0702_ID3_T1_c10.mp4,0.0,0.9333333333333333,playing,standing_head_down;none,red_deer
S3_C3_E693_V0702_ID3_T1/S3_C3_E693_V0702_ID3_T1_c11.mp4,0.0,1.1333333333333333,playing,standing_head_up;none,red_deer
S3_C3_E693_V0702_ID3_T1/S3_C3_E693_V0702_ID3_T1_c12.mp4,0.0,2.9,playing,jumping;none,red_deer
S3_C3_E693_V0702_ID3_T1/S3_C3_E693_V0702_ID3_T1_c13.mp4,0.0,7.333333333333333,playing,standing_head_up;none,red_deer
S3_C3_E693_V0702_ID3_T1/S3_C3_E693_V0702_ID3_T1_c14.mp4,0.0,3.4,playing,standing_head_down;none,red_deer
S3_C3_E693_V0702_ID3_T1/S3_C3_E693_V0702_ID3_T1_c15.mp4,0.0,3.033333333333333,playing,standing_head_up;none,red_deer
S3_C3_E693_V0702_ID3_T1/S3_C3_E693_V0702_ID3_T1_c16.mp4,0.0,1.8333333333333333,vigilance,standing_head_up;none,red_deer
S3_C3_E693_V0702_ID3_T1/S3_C3_E693_V0702_ID3_T1_c17.mp4,0.0,0.3,playing,standing_head_up;none,red_deer
S3_C3_E693_V0702_ID3_T1/S3_C3_E693_V0702_ID3_T1_c18.mp4,0.0,1.7,playing,standing_head_down;none,red_deer
S3_C3_E693_V0702_ID3_T1/S3_C3_E693_V0702_ID3_T1_c19.mp4,0.0,0.7333333333333333,playing,standing_head_up;none,red_deer
S3_C3_E693_V0702_ID3_T1/S3_C3_E693_V0702_ID3_T1_c20.mp4,0.0,0.9333333333333333,playing,standing_head_down;none,red_deer
S3_C3_E693_V0702_ID3_T1/S3_C3_E693_V0702_ID3_T1_c21.mp4,0.0,1.1,playing,jumping;none,red_deer
S3_C3_E693_V0702_ID3_T1/S3_C3_E693_V0702_ID3_T1_c22.mp4,0.0,0.13333333333333333,playing,standing_head_down;none,red_deer
S3_C3_E693_V0702_ID3_T1/S3_C3_E693_V0702_ID3_T1_c23.mp4,0.0,1.2333333333333334,playing,jumping;none,red_deer
S3_C3_E693_V0702_ID3_T1/S3_C3_E693_V0702_ID3_T1_c24.mp4,0.0,1.7666666666666666,playing,standing_head_up;none,red_deer
S3_C3_E693_V0702_ID3_T1/S3_C3_E693_V0702_ID3_T1_c25.mp4,0.0,1.7,foraging,standing_head_down;none,red_deer
S3_C3_E693_V0702_ID4_T1/S3_C3_E693_V0702_ID4_T1_c0.mp4,0.0,2.1,unknown,running;none,red_deer
S3_C3_E693_V0702_ID4_T1/S3_C3_E693_V0702_ID4_T1_c1.mp4,0.0,3.3666666666666667,foraging,walking;none,red_deer
S3_C3_E693_V0702_ID4_T1/S3_C3_E693_V0702_ID4_T1_c2.mp4,0.0,7.0,foraging,standing_head_up;none,red_deer
S3_C3_E693_V0702_ID4_T1/S3_C3_E693_V0702_ID4_T1_c3.mp4,0.0,9.6,vigilance,standing_head_up;none,red_deer
S3_C3_E693_V0702_ID4_T1/S3_C3_E693_V0702_ID4_T1_c4.mp4,0.0,0.4,foraging,standing_head_up;none,red_deer
S3_C3_E693_V0702_ID4_T1/S3_C3_E693_V0702_ID4_T1_c5.mp4,0.0,4.566666666666666,foraging,standing_head_down;none,red_deer
S3_C3_E693_V0702_ID4_T1/S3_C3_E693_V0702_ID4_T1_c6.mp4,0.0,9.166666666666666,foraging,standing_head_up;none,red_deer
S3_C3_E693_V0702_ID4_T1/S3_C3_E693_V0702_ID4_T1_c7.mp4,0.0,7.633333333333334,vigilance,standing_head_up;none,red_deer
S3_C3_E693_V0702_ID4_T1/S3_C3_E693_V0702_ID4_T1_c8.mp4,0.0,2.1666666666666665,unknown,running;none,red_deer
S3_C3_E693_V0702_ID4_T1/S3_C3_E693_V0702_ID4_T1_c9.mp4,0.0,2.566666666666667,foraging,walking;none,red_deer
S3_C3_E693_V0702_ID4_T1/S3_C3_E693_V0702_ID4_T1_c10.mp4,0.0,3.1333333333333333,foraging,sniffing;none,red_deer
S3_C3_E693_V0702_ID4_T1/S3_C3_E693_V0702_ID4_T1_c11.mp4,0.0,0.9,foraging,standing_head_up;none,red_deer
S3_C3_E693_V0702_ID4_T1/S3_C3_E693_V0702_ID4_T1_c12.mp4,0.0,2.1333333333333333,foraging,walking;none,red_deer
S3_C3_E693_V0702_ID4_T1/S3_C3_E693_V0702_ID4_T1_c13.mp4,0.0,2.2,vigilance,standing_head_up;none,red_deer
S3_C3_E693_V0702_ID5_T1/S3_C3_E693_V0702_ID5_T1_c0.mp4,0.0,1.4666666666666666,unknown,running;none,red_deer
S3_C3_E693_V0702_ID5_T1/S3_C3_E693_V0702_ID5_T1_c1.mp4,0.0,7.566666666666666,foraging,walking;none,red_deer
S3_C3_E693_V0702_ID5_T1/S3_C3_E693_V0702_ID5_T1_c2.mp4,0.0,4.9,unknown,unknown;none,red_deer
S3_C3_E693_V0702_ID6_T1/S3_C3_E693_V0702_ID6_T1_c0.mp4,0.0,1.2333333333333334,courtship,walking;none,red_deer
S3_C3_E693_V0702_ID6_T1/S3_C3_E693_V0702_ID6_T1_c1.mp4,0.0,7.8,vigilance,standing_head_up;none,red_deer
S3_C3_E693_V0703_ID1_T1/S3_C3_E693_V0703_ID1_T1_c0.mp4,0.0,13.733333333333333,vigilance,standing_head_up;none,red_deer
S3_C3_E693_V0703_ID1_T1/S3_C3_E693_V0703_ID1_T1_c1.mp4,0.0,1.8666666666666667,courtship,running;none,red_deer
S3_C3_E693_V0703_ID1_T1/S3_C3_E693_V0703_ID1_T1_c2.mp4,0.0,5.433333333333334,courtship,walking;none,red_deer
S3_C3_E693_V0703_ID1_T1/S3_C3_E693_V0703_ID1_T1_c3.mp4,0.0,1.8333333333333333,foraging,standing_head_down;none,red_deer
S3_C3_E693_V0703_ID1_T1/S3_C3_E693_V0703_ID1_T1_c4.mp4,0.0,5.566666666666666,courtship,walking;none,red_deer
S3_C3_E693_V0703_ID1_T1/S3_C3_E693_V0703_ID1_T1_c5.mp4,0.0,4.433333333333334,courtship,running;none,red_deer
S3_C3_E693_V0703_ID1_T1/S3_C3_E693_V0703_ID1_T1_c6.mp4,0.0,0.03333333333333333,courtship,walking;none,red_deer
S3_C3_E693_V0703_ID1_T1/S3_C3_E693_V0703_ID1_T1_c7.mp4,0.0,1.1666666666666667,courtship,walking;vocalizing,red_deer
S3_C3_E693_V0703_ID1_T1/S3_C3_E693_V0703_ID1_T1_c8.mp4,0.0,2.1333333333333333,courtship,standing_head_up;vocalizing,red_deer
S3_C3_E693_V0703_ID1_T1/S3_C3_E693_V0703_ID1_T1_c9.mp4,0.0,19.533333333333335,courtship,standing_head_up;none,red_deer
S3_C3_E693_V0703_ID1_T1/S3_C3_E693_V0703_ID1_T1_c10.mp4,0.0,1.3,courtship,standing_head_up;vocalizing,red_deer
S3_C3_E693_V0703_ID1_T1/S3_C3_E693_V0703_ID1_T1_c11.mp4,0.0,3.466666666666667,courtship,standing_head_up;none,red_deer
S3_C3_E693_V0703_ID2_T1/S3_C3_E693_V0703_ID2_T1_c0.mp4,0.0,3.1333333333333333,vigilance,standing_head_up;none,red_deer
S3_C3_E693_V0703_ID2_T1/S3_C3_E693_V0703_ID2_T1_c1.mp4,0.0,2.1666666666666665,foraging,standing_head_down;none,red_deer
S3_C3_E693_V0703_ID2_T1/S3_C3_E693_V0703_ID2_T1_c2.mp4,0.0,2.533333333333333,foraging,walking;none,red_deer
S3_C3_E693_V0703_ID2_T1/S3_C3_E693_V0703_ID2_T1_c3.mp4,0.0,8.2,foraging,unknown;none,red_deer
S3_C3_E693_V0703_ID2_T1/S3_C3_E693_V0703_ID2_T1_c4.mp4,0.0,0.36666666666666664,foraging,walking;none,red_deer
S3_C3_E693_V0703_ID3_T1/S3_C3_E693_V0703_ID3_T1_c0.mp4,0.0,1.2,foraging,walking;none,red_deer
S3_C3_E693_V0703_ID3_T1/S3_C3_E693_V0703_ID3_T1_c1.mp4,0.0,6.066666666666666,foraging,standing_head_up;none,red_deer
S3_C3_E693_V0703_ID3_T1/S3_C3_E693_V0703_ID3_T1_c2.mp4,0.0,10.333333333333334,foraging,standing_head_up;defecating,red_deer
S3_C3_E693_V0703_ID3_T1/S3_C3_E693_V0703_ID3_T1_c3.mp4,0.0,0.7666666666666667,foraging,walking;defecating,red_deer
S3_C3_E693_V0703_ID3_T1/S3_C3_E693_V0703_ID3_T1_c4.mp4,0.0,2.466666666666667,foraging,walking;none,red_deer
S3_C3_E693_V0703_ID3_T1/S3_C3_E693_V0703_ID3_T1_c5.mp4,0.0,0.4,foraging,standing_head_down;none,red_deer
S3_C3_E693_V0703_ID3_T1/S3_C3_E693_V0703_ID3_T1_c6.mp4,0.0,0.4666666666666667,escaping,running;none,red_deer
S3_C3_E693_V0703_ID3_T1/S3_C3_E693_V0703_ID3_T1_c7.mp4,0.0,3.1333333333333333,foraging,walking;none,red_deer
S3_C3_E693_V0703_ID3_T1/S3_C3_E693_V0703_ID3_T1_c8.mp4,0.0,1.6666666666666667,foraging,standing_head_up;none,red_deer
S3_C3_E693_V0703_ID3_T1/S3_C3_E693_V0703_ID3_T1_c9.mp4,0.0,6.9,escaping,running;none,red_deer
S3_C3_E693_V0703_ID4_T1/S3_C3_E693_V0703_ID4_T1_c0.mp4,0.0,1.9666666666666666,foraging,standing_head_down;none,red_deer
S3_C3_E693_V0703_ID4_T1/S3_C3_E693_V0703_ID4_T1_c1.mp4,0.0,10.9,grooming,bathing;none,red_deer
S3_C3_E693_V0703_ID4_T1/S3_C3_E693_V0703_ID4_T1_c2.mp4,0.0,2.1333333333333333,grooming,standing_head_up;none,red_deer
S3_C3_E693_V0703_ID4_T1/S3_C3_E693_V0703_ID4_T1_c3.mp4,0.0,1.9666666666666666,vigilance,standing_head_up;none,red_deer
S3_C3_E693_V0703_ID4_T1/S3_C3_E693_V0703_ID4_T1_c4.mp4,0.0,1.8,escaping,running;none,red_deer
S3_C3_E693_V0703_ID4_T1/S3_C3_E693_V0703_ID4_T1_c5.mp4,0.0,1.2,foraging,sniffing;none,red_deer
S3_C3_E693_V0703_ID4_T1/S3_C3_E693_V0703_ID4_T1_c6.mp4,0.0,1.4,escaping,running;none,red_deer
S3_C3_E693_V0703_ID5_T1/S3_C3_E693_V0703_ID5_T1_c0.mp4,0.0,22.2,foraging,grazing;none,red_deer
S3_C3_E693_V0703_ID5_T1/S3_C3_E693_V0703_ID5_T1_c1.mp4,0.0,7.333333333333333,foraging,walking;none,red_deer
S3_C3_E693_V0703_ID5_T1/S3_C3_E693_V0703_ID5_T1_c2.mp4,0.0,4.566666666666666,escaping,running;none,red_deer
S3_C3_E693_V0703_ID5_T1/S3_C3_E693_V0703_ID5_T1_c3.mp4,0.0,1.2333333333333334,foraging,standing_head_down;none,red_deer
S3_C3_E693_V0703_ID5_T1/S3_C3_E693_V0703_ID5_T1_c4.mp4,0.0,10.9,foraging,grazing;none,red_deer
S3_C3_E693_V0703_ID5_T1/S3_C3_E693_V0703_ID5_T1_c5.mp4,0.0,4.333333333333333,vigilance,standing_head_up;none,red_deer
S3_C3_E693_V0703_ID5_T1/S3_C3_E693_V0703_ID5_T1_c6.mp4,0.0,2.6666666666666665,foraging,standing_head_down;none,red_deer
S3_C3_E693_V0703_ID5_T1/S3_C3_E693_V0703_ID5_T1_c7.mp4,0.0,3.466666666666667,foraging,grazing;none,red_deer
S3_C3_E693_V0703_ID5_T1/S3_C3_E693_V0703_ID5_T1_c8.mp4,0.0,1.7333333333333334,foraging,standing_head_down;none,red_deer
S3_C3_E693_V0703_ID5_T1/S3_C3_E693_V0703_ID5_T1_c9.mp4,0.0,2.066666666666667,foraging,grazing;none,red_deer
S3_C3_E693_V0703_ID6_T1/S3_C3_E693_V0703_ID6_T1_c0.mp4,0.0,21.966666666666665,foraging,grazing;none,red_deer
S3_C3_E693_V0703_ID6_T1/S3_C3_E693_V0703_ID6_T1_c1.mp4,0.0,5.0,foraging,walking;none,red_deer
S3_C3_E693_V0703_ID6_T1/S3_C3_E693_V0703_ID6_T1_c2.mp4,0.0,3.1666666666666665,escaping,walking;none,red_deer
S3_C3_E693_V0703_ID6_T1/S3_C3_E693_V0703_ID6_T1_c3.mp4,0.0,1.8,escaping,running;none,red_deer
S3_C3_E693_V0703_ID7_T1/S3_C3_E693_V0703_ID7_T1_c0.mp4,0.0,0.6333333333333333,foraging,walking;none,red_deer
S3_C3_E693_V0703_ID7_T1/S3_C3_E693_V0703_ID7_T1_c1.mp4,0.0,36.166666666666664,vigilance,standing_head_up;none,red_deer
S3_C3_E693_V0704_ID1_T1/S3_C3_E693_V0704_ID1_T1_c0.mp4,0.0,8.533333333333333,courtship,standing_head_up;none,red_deer
S3_C3_E693_V0704_ID1_T1/S3_C3_E693_V0704_ID1_T1_c1.mp4,0.0,5.3,courtship,standing_head_up;vocalizing,red_deer
S3_C3_E693_V0704_ID1_T1/S3_C3_E693_V0704_ID1_T1_c2.mp4,0.0,39.13333333333333,courtship,standing_head_up;none,red_deer
S3_C3_E693_V0704_ID1_T1/S3_C3_E693_V0704_ID1_T1_c3.mp4,0.0,1.9666666666666666,courtship,standing_head_up;vocalizing,red_deer
S3_C3_E693_V0704_ID1_T1/S3_C3_E693_V0704_ID1_T1_c4.mp4,0.0,0.13333333333333333,courtship,standing_head_up;none,red_deer
S3_C3_E693_V0704_ID1_T1/S3_C3_E693_V0704_ID1_T1_c5.mp4,0.0,2.966666666666667,courtship,running;none,red_deer
S3_C3_E693_V0704_ID1_T1/S3_C3_E693_V0704_ID1_T1_c6.mp4,0.0,2.466666666666667,courtship,standing_head_up;vocalizing,red_deer
S3_C3_E693_V0704_ID2_T1/S3_C3_E693_V0704_ID2_T1_c0.mp4,0.0,56.46666666666667,foraging,grazing;none,red_deer
S3_C3_E693_V0704_ID2_T1/S3_C3_E693_V0704_ID2_T1_c1.mp4,0.0,4.033333333333333,escaping,running;none,red_deer
S3_C3_E693_V0704_ID3_T1/S3_C3_E693_V0704_ID3_T1_c0.mp4,0.0,19.4,vigilance,standing_head_up;none,red_deer
S3_C3_E693_V0704_ID3_T1/S3_C3_E693_V0704_ID3_T1_c1.mp4,0.0,1.9,foraging,standing_head_down;none,red_deer
S3_C3_E693_V0704_ID3_T1/S3_C3_E693_V0704_ID3_T1_c2.mp4,0.0,17.466666666666665,foraging,grazing;none,red_deer
S3_C3_E693_V0704_ID3_T1/S3_C3_E693_V0704_ID3_T1_c3.mp4,0.0,3.3333333333333335,foraging,standing_head_down;none,red_deer
S3_C3_E693_V0704_ID3_T1/S3_C3_E693_V0704_ID3_T1_c4.mp4,0.0,7.266666666666667,foraging,standing_head_up;none,red_deer
S3_C3_E693_V0704_ID3_T1/S3_C3_E693_V0704_ID3_T1_c5.mp4,0.0,9.433333333333334,foraging,grazing;none,red_deer
S3_C3_E693_V0704_ID3_T1/S3_C3_E693_V0704_ID3_T1_c6.mp4,0.0,1.7,foraging,standing_head_down;none,red_deer
S3_C3_E693_V0704_ID4_T1/S3_C3_E693_V0704_ID4_T1_c0.mp4,0.0,0.8666666666666667,grooming,shaking_fur;none,red_deer
S3_C3_E693_V0704_ID4_T1/S3_C3_E693_V0704_ID4_T1_c1.mp4,0.0,1.8666666666666667,vigilance,standing_head_up;none,red_deer
S3_C3_E693_V0704_ID4_T1/S3_C3_E693_V0704_ID4_T1_c2.mp4,0.0,1.5666666666666667,grooming,scratching_body;none,red_deer
S3_C3_E693_V0704_ID4_T1/S3_C3_E693_V0704_ID4_T1_c3.mp4,0.0,1.0333333333333334,grooming,standing_head_up;none,red_deer
S3_C3_E693_V0704_ID4_T1/S3_C3_E693_V0704_ID4_T1_c4.mp4,0.0,0.7666666666666667,grooming,standing_head_down;none,red_deer
S3_C3_E693_V0704_ID4_T1/S3_C3_E693_V0704_ID4_T1_c5.mp4,0.0,1.6333333333333333,grooming,standing_head_up;none,red_deer
S3_C3_E693_V0704_ID4_T1/S3_C3_E693_V0704_ID4_T1_c6.mp4,0.0,10.0,grooming,scratching_body;none,red_deer
S3_C3_E693_V0704_ID4_T1/S3_C3_E693_V0704_ID4_T1_c7.mp4,0.0,3.1333333333333333,grooming,standing_head_up;none,red_deer
S3_C3_E693_V0704_ID4_T1/S3_C3_E693_V0704_ID4_T1_c8.mp4,0.0,1.4333333333333333,grooming,scratching_body;none,red_deer
S3_C3_E693_V0704_ID4_T1/S3_C3_E693_V0704_ID4_T1_c9.mp4,0.0,1.6,grooming,standing_head_down;none,red_deer
S3_C3_E693_V0704_ID4_T1/S3_C3_E693_V0704_ID4_T1_c10.mp4,0.0,0.6,playing,standing_head_up;none,red_deer
S3_C3_E693_V0704_ID4_T1/S3_C3_E693_V0704_ID4_T1_c11.mp4,0.0,1.0,playing,standing_head_down;none,red_deer
S3_C3_E693_V0704_ID4_T1/S3_C3_E693_V0704_ID4_T1_c12.mp4,0.0,0.5,playing,standing_head_up;none,red_deer
S3_C3_E693_V0704_ID4_T1/S3_C3_E693_V0704_ID4_T1_c13.mp4,0.0,0.8,playing,standing_head_down;none,red_deer
S3_C3_E693_V0704_ID4_T1/S3_C3_E693_V0704_ID4_T1_c14.mp4,0.0,0.5,playing,standing_head_up;none,red_deer
S3_C3_E693_V0704_ID4_T1/S3_C3_E693_V0704_ID4_T1_c15.mp4,0.0,1.1,playing,standing_head_down;none,red_deer
S3_C3_E693_V0704_ID4_T1/S3_C3_E693_V0704_ID4_T1_c16.mp4,0.0,1.0666666666666667,playing,standing_head_up;none,red_deer
S3_C3_E693_V0704_ID4_T1/S3_C3_E693_V0704_ID4_T1_c17.mp4,0.0,3.966666666666667,foraging,standing_head_down;none,red_deer
S3_C3_E693_V0704_ID4_T1/S3_C3_E693_V0704_ID4_T1_c18.mp4,0.0,7.6,grooming,bathing;none,red_deer
S3_C3_E693_V0704_ID4_T1/S3_C3_E693_V0704_ID4_T1_c19.mp4,0.0,1.2333333333333334,playing,jumping;none,red_deer
S3_C3_E693_V0704_ID4_T1/S3_C3_E693_V0704_ID4_T1_c20.mp4,0.0,1.2666666666666666,playing,running;none,red_deer
S3_C3_E693_V0704_ID4_T1/S3_C3_E693_V0704_ID4_T1_c21.mp4,0.0,0.5333333333333333,unknown,unknown;none,red_deer
S3_C3_E693_V0704_ID4_T1/S3_C3_E693_V0704_ID4_T1_c22.mp4,0.0,0.03333333333333333,playing,running;none,red_deer
S3_C3_E693_V0704_ID4_T1/S3_C3_E693_V0704_ID4_T1_c23.mp4,0.0,10.333333333333334,vigilance,standing_head_up;none,red_deer
S3_C3_E693_V0704_ID4_T1/S3_C3_E693_V0704_ID4_T1_c24.mp4,0.0,0.8333333333333334,foraging,standing_head_down;none,red_deer
S3_C3_E693_V0704_ID4_T1/S3_C3_E693_V0704_ID4_T1_c25.mp4,0.0,4.933333333333334,escaping,running;none,red_deer
S3_C3_E693_V0705_ID1_T1/S3_C3_E693_V0705_ID1_T1_c0.mp4,0.0,1.3666666666666667,courtship,standing_head_up;vocalizing,red_deer
S3_C3_E693_V0705_ID1_T1/S3_C3_E693_V0705_ID1_T1_c1.mp4,0.0,2.466666666666667,courtship,standing_head_up;none,red_deer
S3_C3_E693_V0705_ID1_T1/S3_C3_E693_V0705_ID1_T1_c2.mp4,0.0,1.3666666666666667,courtship,standing_head_up;vocalizing,red_deer
S3_C3_E693_V0705_ID1_T1/S3_C3_E693_V0705_ID1_T1_c3.mp4,0.0,35.43333333333333,vigilance,standing_head_up;none,red_deer
S3_C3_E693_V0705_ID1_T1/S3_C3_E693_V0705_ID1_T1_c4.mp4,0.0,2.2,courtship,standing_head_up;vocalizing,red_deer
S3_C3_E693_V0705_ID1_T1/S3_C3_E693_V0705_ID1_T1_c5.mp4,0.0,11.4,vigilance,standing_head_up;none,red_deer
S3_C3_E693_V0705_ID1_T1/S3_C3_E693_V0705_ID1_T1_c6.mp4,0.0,6.266666666666667,courtship,walking;none,red_deer
S3_C3_E693_V0705_ID2_T1/S3_C3_E693_V0705_ID2_T1_c0.mp4,0.0,1.3333333333333333,foraging,standing_head_down;none,red_deer
S3_C3_E693_V0705_ID2_T1/S3_C3_E693_V0705_ID2_T1_c1.mp4,0.0,8.733333333333333,vigilance,standing_head_up;none,red_deer
S3_C3_E693_V0705_ID2_T1/S3_C3_E693_V0705_ID2_T1_c2.mp4,0.0,1.6,foraging,standing_head_down;none,red_deer
S3_C3_E693_V0705_ID2_T1/S3_C3_E693_V0705_ID2_T1_c3.mp4,0.0,21.2,foraging,grazing;none,red_deer
S3_C3_E693_V0705_ID2_T1/S3_C3_E693_V0705_ID2_T1_c4.mp4,0.0,4.133333333333334,foraging,standing_head_down;none,red_deer
S3_C3_E693_V0705_ID2_T1/S3_C3_E693_V0705_ID2_T1_c5.mp4,0.0,4.766666666666667,foraging,grazing;none,red_deer
S3_C3_E693_V0705_ID2_T1/S3_C3_E693_V0705_ID2_T1_c6.mp4,0.0,2.3,foraging,walking;none,red_deer
S3_C3_E693_V0705_ID2_T1/S3_C3_E693_V0705_ID2_T1_c7.mp4,0.0,5.033333333333333,foraging,standing_head_down;none,red_deer
S3_C3_E693_V0705_ID2_T1/S3_C3_E693_V0705_ID2_T1_c8.mp4,0.0,11.4,foraging,grazing;none,red_deer
S3_C3_E693_V0705_ID3_T1/S3_C3_E693_V0705_ID3_T1_c0.mp4,0.0,1.3333333333333333,escaping,running;none,red_deer
S3_C3_E693_V0706_ID1_T1/S3_C3_E693_V0706_ID1_T1_c0.mp4,0.0,2.566666666666667,foraging,walking;none,red_deer
S3_C3_E693_V0706_ID1_T1/S3_C3_E693_V0706_ID1_T1_c1.mp4,0.0,4.433333333333334,foraging,unknown;none,red_deer
S3_C3_E693_V0706_ID1_T1/S3_C3_E693_V0706_ID1_T1_c2.mp4,0.0,1.6333333333333333,foraging,walking;none,red_deer
S3_C3_E693_V0706_ID2_T1/S3_C3_E693_V0706_ID2_T1_c0.mp4,0.0,17.9,foraging,standing_head_up;none,red_deer
S3_C3_E693_V0706_ID2_T1/S3_C3_E693_V0706_ID2_T1_c1.mp4,0.0,4.033333333333333,courtship,running;none,red_deer
S3_C3_E693_V0706_ID3_T1/S3_C3_E693_V0706_ID3_T1_c0.mp4,0.0,6.733333333333333,foraging,walking;none,red_deer
S3_C3_E693_V0706_ID3_T1/S3_C3_E693_V0706_ID3_T1_c1.mp4,0.0,5.566666666666666,foraging,standing_head_up;none,red_deer
S3_C3_E693_V0706_ID3_T1/S3_C3_E693_V0706_ID3_T1_c2.mp4,0.0,1.5333333333333334,foraging,walking;none,red_deer
S3_C3_E693_V0706_ID3_T1/S3_C3_E693_V0706_ID3_T1_c3.mp4,0.0,1.1333333333333333,courtship,running;vocalizing,red_deer
S3_C3_E693_V0706_ID3_T1/S3_C3_E693_V0706_ID3_T1_c4.mp4,0.0,2.933333333333333,foraging,walking;none,red_deer
S2_C1_E274_V0033_ID1_T1/S2_C1_E274_V0033_ID1_T1_c0.mp4,0.0,0.7666666666666667,camera_reaction,looking_at_camera;none,red_deer
S2_C1_E274_V0033_ID1_T1/S2_C1_E274_V0033_ID1_T1_c1.mp4,0.0,26.7,camera_reaction,sniffing;none,red_deer
S2_C1_E274_V0033_ID1_T1/S2_C1_E274_V0033_ID1_T1_c2.mp4,0.0,2.0,vigilance,standing_head_up;none,red_deer
S2_C1_E274_V0033_ID1_T1/S2_C1_E274_V0033_ID1_T1_c3.mp4,0.0,1.5,foraging,standing_head_down;none,red_deer
S2_C1_E274_V0033_ID1_T1/S2_C1_E274_V0033_ID1_T1_c4.mp4,0.0,0.9666666666666667,foraging,walking;none,red_deer
S2_C1_E276_V0035_ID1_T1/S2_C1_E276_V0035_ID1_T1_c0.mp4,0.0,2.433333333333333,foraging,walking;none,red_deer
S2_C1_E280_V0036_ID1_T1/S2_C1_E280_V0036_ID1_T1_c0.mp4,0.0,1.3,grooming,scratching_body;none,red_deer
S2_C1_E280_V0036_ID1_T1/S2_C1_E280_V0036_ID1_T1_c1.mp4,0.0,1.5,unknown,running;none,red_deer
S2_C1_E280_V0037_ID1_T1/S2_C1_E280_V0037_ID1_T1_c0.mp4,0.0,1.2333333333333334,foraging,walking;none,red_deer
S2_C1_E280_V0037_ID1_T1/S2_C1_E280_V0037_ID1_T1_c1.mp4,0.0,2.8666666666666667,unknown,running;none,red_deer
S2_C1_E280_V0037_ID1_T1/S2_C1_E280_V0037_ID1_T1_c2.mp4,0.0,1.8,foraging,walking;none,red_deer
S2_C1_E280_V0037_ID1_T1/S2_C1_E280_V0037_ID1_T1_c3.mp4,0.0,4.6,vigilance,standing_head_up;none,red_deer
S2_C1_E280_V0037_ID1_T1/S2_C1_E280_V0037_ID1_T1_c4.mp4,0.0,4.1,unknown,running;none,red_deer
S2_C1_E280_V0037_ID2_T1/S2_C1_E280_V0037_ID2_T1_c0.mp4,0.0,1.6,playing,running;none,red_deer
S2_C1_E284_V0039_ID1_T1/S2_C1_E284_V0039_ID1_T1_c0.mp4,0.0,2.5,foraging,walking;none,red_deer
S2_C1_E284_V0039_ID1_T1/S2_C1_E284_V0039_ID1_T1_c1.mp4,0.0,2.7,unknown,running;none,red_deer
S2_C1_E284_V0040_ID1_T1/S2_C1_E284_V0040_ID1_T1_c0.mp4,0.0,6.266666666666667,vigilance,walking;none,red_deer
S2_C1_E284_V0040_ID1_T1/S2_C1_E284_V0040_ID1_T1_c1.mp4,0.0,2.033333333333333,unknown,running;none,red_deer
S2_C1_E284_V0040_ID1_T1/S2_C1_E284_V0040_ID1_T1_c2.mp4,0.0,1.5333333333333334,vigilance,walking;none,red_deer
S2_C1_E284_V0040_ID1_T1/S2_C1_E284_V0040_ID1_T1_c3.mp4,0.0,1.5333333333333334,vigilance,standing_head_up;none,red_deer
S2_C1_E284_V0040_ID1_T1/S2_C1_E284_V0040_ID1_T1_c4.mp4,0.0,5.466666666666667,foraging,walking;none,red_deer
S2_C1_E285_V0041_ID1_T1/S2_C1_E285_V0041_ID1_T1_c0.mp4,0.0,0.6,unknown,standing_head_up;none,red_deer
S2_C1_E285_V0041_ID1_T1/S2_C1_E285_V0041_ID1_T1_c1.mp4,0.0,1.9666666666666666,camera_reaction,running;none,red_deer
S2_C1_E285_V0041_ID2_T1/S2_C1_E285_V0041_ID2_T1_c0.mp4,0.0,1.0666666666666667,unknown,running;none,red_deer
S2_C1_E285_V0041_ID3_T1/S2_C1_E285_V0041_ID3_T1_c0.mp4,0.0,1.1333333333333333,unknown,running;none,red_deer
S2_C1_E307_V0054_ID1_T1/S2_C1_E307_V0054_ID1_T1_c0.mp4,0.0,1.1333333333333333,foraging,walking;none,red_deer
S2_C1_E307_V0054_ID2_T1/S2_C1_E307_V0054_ID2_T1_c0.mp4,0.0,2.566666666666667,foraging,walking;none,red_deer
S2_C1_E307_V0054_ID2_T1/S2_C1_E307_V0054_ID2_T1_c1.mp4,0.0,13.066666666666666,foraging,standing_head_down;none,red_deer
S2_C1_E307_V0054_ID2_T1/S2_C1_E307_V0054_ID2_T1_c2.mp4,0.0,1.7333333333333334,vigilance,standing_head_up;none,red_deer
S2_C1_E307_V0054_ID2_T1/S2_C1_E307_V0054_ID2_T1_c3.mp4,0.0,3.1333333333333333,foraging,walking;none,red_deer
S2_C1_E307_V0055_ID1_T1/S2_C1_E307_V0055_ID1_T1_c0.mp4,0.0,2.566666666666667,foraging,walking;none,red_deer
S2_C1_E308_V0056_ID1_T1/S2_C1_E308_V0056_ID1_T1_c0.mp4,0.0,2.8333333333333335,foraging,unknown;none,red_deer
S2_C1_E308_V0056_ID1_T1/S2_C1_E308_V0056_ID1_T1_c1.mp4,0.0,0.4666666666666667,unknown,unknown;none,red_deer
S2_C1_E308_V0057_ID1_T1/S2_C1_E308_V0057_ID1_T1_c0.mp4,0.0,2.2333333333333334,vigilance,walking;none,red_deer
S2_C1_E308_V0057_ID1_T1/S2_C1_E308_V0057_ID1_T1_c1.mp4,0.0,18.233333333333334,vigilance,standing_head_up;none,red_deer
S2_C1_E308_V0058_ID1_T1/S2_C1_E308_V0058_ID1_T1_c0.mp4,0.0,14.033333333333333,vigilance,standing_head_up;none,red_deer
S2_C1_E308_V0058_ID1_T1/S2_C1_E308_V0058_ID1_T1_c1.mp4,0.0,3.1666666666666665,foraging,standing_head_down;none,red_deer
S2_C1_E308_V0058_ID1_T1/S2_C1_E308_V0058_ID1_T1_c2.mp4,0.0,3.3,vigilance,standing_head_up;none,red_deer
S2_C1_E308_V0059_ID1_T1/S2_C1_E308_V0059_ID1_T1_c0.mp4,0.0,14.733333333333333,vigilance,standing_head_up;none,red_deer
S2_C1_E308_V0059_ID1_T1/S2_C1_E308_V0059_ID1_T1_c1.mp4,0.0,2.2,foraging,walking;none,red_deer
S2_C1_E308_V0059_ID1_T1/S2_C1_E308_V0059_ID1_T1_c2.mp4,0.0,2.433333333333333,unknown,standing_head_up;none,red_deer
S2_C1_E308_V0059_ID1_T1/S2_C1_E308_V0059_ID1_T1_c3.mp4,0.0,0.5333333333333333,unknown,walking;none,red_deer
S2_C1_E308_V0060_ID1_T1/S2_C1_E308_V0060_ID1_T1_c0.mp4,0.0,3.5,foraging,walking;none,red_deer
S2_C1_E308_V0060_ID1_T1/S2_C1_E308_V0060_ID1_T1_c1.mp4,0.0,1.9333333333333333,vigilance,walking;none,red_deer
S2_C1_E334_V0077_ID1_T1/S2_C1_E334_V0077_ID1_T1_c0.mp4,0.0,10.433333333333334,foraging,walking;none,red_deer
S2_C1_E334_V0077_ID1_T1/S2_C1_E334_V0077_ID1_T1_c1.mp4,0.0,3.3333333333333335,vigilance,standing_head_up;none,red_deer
S2_C1_E334_V0077_ID1_T1/S2_C1_E334_V0077_ID1_T1_c2.mp4,0.0,5.133333333333334,vigilance,walking;none,red_deer
S2_C1_E339_V0079_ID1_T1/S2_C1_E339_V0079_ID1_T1_c0.mp4,0.0,5.9,foraging,walking;none,red_deer
S2_C1_E339_V0079_ID1_T1/S2_C1_E339_V0079_ID1_T1_c1.mp4,0.0,1.1,unknown,running;none,red_deer
S2_C1_E339_V0079_ID2_T1/S2_C1_E339_V0079_ID2_T1_c0.mp4,0.0,1.4,unknown,running;none,red_deer
S2_C1_E339_V0079_ID2_T1/S2_C1_E339_V0079_ID2_T1_c1.mp4,0.0,4.733333333333333,foraging,walking;none,red_deer
S2_C1_E339_V0079_ID3_T1/S2_C1_E339_V0079_ID3_T1_c0.mp4,0.0,2.1,foraging,walking;none,red_deer
S2_C1_E339_V0079_ID3_T1/S2_C1_E339_V0079_ID3_T1_c1.mp4,0.0,3.1,unknown,running;none,red_deer
S2_C1_E339_V0080_ID1_T1/S2_C1_E339_V0080_ID1_T1_c0.mp4,0.0,1.7666666666666666,unknown,running;none,red_deer
S2_C1_E339_V0080_ID2_T1/S2_C1_E339_V0080_ID2_T1_c0.mp4,0.0,1.6666666666666667,unknown,running;none,red_deer
S2_C1_E339_V0080_ID2_T1/S2_C1_E339_V0080_ID2_T1_c1.mp4,0.0,0.23333333333333334,unknown,unknown;none,red_deer
S2_C1_E339_V0080_ID2_T1/S2_C1_E339_V0080_ID2_T1_c2.mp4,0.0,1.6666666666666667,unknown,running;none,red_deer
S2_C1_E339_V0080_ID3_T1/S2_C1_E339_V0080_ID3_T1_c0.mp4,0.0,0.7,unknown,running;none,red_deer
S2_C1_E339_V0081_ID1_T1/S2_C1_E339_V0081_ID1_T1_c0.mp4,0.0,4.933333333333334,unknown,running;none,red_deer
S2_C1_E339_V0081_ID2_T1/S2_C1_E339_V0081_ID2_T1_c0.mp4,0.0,3.433333333333333,unknown,running;none,red_deer
S2_C1_E343_V0083_ID1_T1/S2_C1_E343_V0083_ID1_T1_c0.mp4,0.0,10.633333333333333,foraging,walking;none,red_deer
S2_C1_E350_V0086_ID1_T1/S2_C1_E350_V0086_ID1_T1_c0.mp4,0.0,14.833333333333334,foraging,walking;none,red_deer
S2_C1_E353_V0087_ID1_T1/S2_C1_E353_V0087_ID1_T1_c0.mp4,0.0,6.033333333333333,foraging,grazing;none,red_deer
S2_C1_E353_V0087_ID1_T1/S2_C1_E353_V0087_ID1_T1_c1.mp4,0.0,3.966666666666667,grooming,scratching_body;none,red_deer
S2_C1_E353_V0087_ID1_T1/S2_C1_E353_V0087_ID1_T1_c2.mp4,0.0,0.5333333333333333,foraging,standing_head_down;none,red_deer
S2_C1_E353_V0087_ID1_T1/S2_C1_E353_V0087_ID1_T1_c3.mp4,0.0,9.966666666666667,foraging,grazing;none,red_deer
S2_C1_E353_V0088_ID1_T1/S2_C1_E353_V0088_ID1_T1_c0.mp4,0.0,20.5,foraging,grazing;none,red_deer
S2_C1_E353_V0089_ID1_T1/S2_C1_E353_V0089_ID1_T1_c0.mp4,0.0,2.1666666666666665,unknown,running;none,red_deer
S2_C1_E353_V0089_ID1_T1/S2_C1_E353_V0089_ID1_T1_c1.mp4,0.0,18.333333333333332,vigilance,standing_head_up;none,red_deer
S2_C1_E353_V0089_ID2_T1/S2_C1_E353_V0089_ID2_T1_c0.mp4,0.0,1.7333333333333334,vigilance,walking;none,red_deer
S2_C1_E353_V0089_ID2_T1/S2_C1_E353_V0089_ID2_T1_c1.mp4,0.0,18.766666666666666,vigilance,standing_head_up;none,red_deer
S2_C1_E353_V0090_ID1_T1/S2_C1_E353_V0090_ID1_T1_c0.mp4,0.0,8.4,foraging,walking;none,red_deer
S2_C1_E353_V0090_ID1_T1/S2_C1_E353_V0090_ID1_T1_c1.mp4,0.0,1.2666666666666666,vigilance,standing_head_up;none,red_deer
S2_C1_E353_V0090_ID1_T1/S2_C1_E353_V0090_ID1_T1_c2.mp4,0.0,6.3,foraging,walking;none,red_deer
S2_C1_E357_V0091_ID1_T1/S2_C1_E357_V0091_ID1_T1_c0.mp4,0.0,7.833333333333333,foraging,grazing;none,red_deer
S2_C1_E357_V0091_ID1_T1/S2_C1_E357_V0091_ID1_T1_c1.mp4,0.0,0.8666666666666667,foraging,standing_head_down;none,red_deer
S2_C1_E357_V0091_ID1_T1/S2_C1_E357_V0091_ID1_T1_c2.mp4,0.0,5.666666666666667,vigilance,standing_head_up;none,red_deer
S2_C1_E357_V0091_ID1_T1/S2_C1_E357_V0091_ID1_T1_c3.mp4,0.0,0.43333333333333335,foraging,standing_head_down;none,red_deer
S2_C1_E357_V0091_ID1_T1/S2_C1_E357_V0091_ID1_T1_c4.mp4,0.0,1.7,foraging,walking;none,red_deer
S2_C1_E357_V0091_ID1_T1/S2_C1_E357_V0091_ID1_T1_c5.mp4,0.0,3.966666666666667,foraging,grazing;none,red_deer
S2_C1_E357_V0092_ID1_T1/S2_C1_E357_V0092_ID1_T1_c0.mp4,0.0,8.766666666666667,foraging,grazing;none,red_deer
S2_C1_E357_V0092_ID1_T1/S2_C1_E357_V0092_ID1_T1_c1.mp4,0.0,9.9,unknown,unknown;none,red_deer
S2_C1_E357_V0092_ID2_T1/S2_C1_E357_V0092_ID2_T1_c0.mp4,0.0,3.433333333333333,vigilance,standing_head_up;none,red_deer
S2_C1_E357_V0093_ID1_T1/S2_C1_E357_V0093_ID1_T1_c0.mp4,0.0,4.066666666666666,vigilance,walking;none,red_deer
S2_C1_E357_V0093_ID1_T1/S2_C1_E357_V0093_ID1_T1_c1.mp4,0.0,8.266666666666667,unknown,unknown;none,red_deer
S2_C1_E357_V0093_ID1_T1/S2_C1_E357_V0093_ID1_T1_c2.mp4,0.0,2.533333333333333,vigilance,standing_head_up;none,red_deer
S2_C1_E357_V0093_ID1_T1/S2_C1_E357_V0093_ID1_T1_c3.mp4,0.0,0.9,unknown,unknown;none,red_deer
S2_C1_E358_V0094_ID1_T1/S2_C1_E358_V0094_ID1_T1_c0.mp4,0.0,3.2666666666666666,unknown,running;none,red_deer
S2_C1_E358_V0094_ID1_T1/S2_C1_E358_V0094_ID1_T1_c1.mp4,0.0,0.7,unknown,standing_head_down;none,red_deer
S2_C1_E358_V0094_ID1_T1/S2_C1_E358_V0094_ID1_T1_c2.mp4,0.0,0.7666666666666667,unknown,walking;none,red_deer
S2_C1_E358_V0094_ID2_T1/S2_C1_E358_V0094_ID2_T1_c0.mp4,0.0,3.1,unknown,running;none,red_deer
S2_C1_E358_V0094_ID2_T1/S2_C1_E358_V0094_ID2_T1_c1.mp4,0.0,1.7333333333333334,unknown,walking;none,red_deer
S2_C1_E358_V0094_ID3_T1/S2_C1_E358_V0094_ID3_T1_c0.mp4,0.0,4.1,foraging,walking;none,red_deer
S2_C1_E359_V0095_ID1_T1/S2_C1_E359_V0095_ID1_T1_c0.mp4,0.0,6.566666666666666,foraging,standing_head_down;none,red_deer
S2_C1_E359_V0095_ID1_T1/S2_C1_E359_V0095_ID1_T1_c1.mp4,0.0,11.9,foraging,walking;none,red_deer
S2_C1_E363_V0098_ID1_T1/S2_C1_E363_V0098_ID1_T1_c0.mp4,0.0,3.9,foraging,walking;none,red_deer
S2_C1_E365_V0100_ID1_T1/S2_C1_E365_V0100_ID1_T1_c0.mp4,0.0,2.4,vigilance,walking;none,red_deer
S2_C1_E367_V0102_ID1_T1/S2_C1_E367_V0102_ID1_T1_c0.mp4,0.0,3.7333333333333334,foraging,walking;none,red_deer
S2_C1_E368_V0103_ID1_T1/S2_C1_E368_V0103_ID1_T1_c0.mp4,0.0,1.2333333333333334,courtship,standing_head_up;vocalizing,red_deer
S2_C1_E368_V0103_ID1_T1/S2_C1_E368_V0103_ID1_T1_c1.mp4,0.0,4.2,vigilance,standing_head_up;none,red_deer
S2_C1_E368_V0103_ID1_T1/S2_C1_E368_V0103_ID1_T1_c2.mp4,0.0,4.5,vigilance,walking;none,red_deer
S2_C1_E371_V0105_ID1_T1/S2_C1_E371_V0105_ID1_T1_c0.mp4,0.0,3.0,unknown,running;none,red_deer
S2_C1_E375_V0106_ID1_T1/S2_C1_E375_V0106_ID1_T1_c0.mp4,0.0,3.3,unknown,running;none,red_deer
S2_C1_E375_V0106_ID1_T1/S2_C1_E375_V0106_ID1_T1_c1.mp4,0.0,1.6333333333333333,unknown,unknown;none,red_deer
S2_C1_E375_V0106_ID1_T1/S2_C1_E375_V0106_ID1_T1_c2.mp4,0.0,0.5666666666666667,vigilance,standing_head_up;none,red_deer
S2_C1_E375_V0106_ID1_T1/S2_C1_E375_V0106_ID1_T1_c3.mp4,0.0,2.033333333333333,vigilance,walking;none,red_deer
S2_C1_E376_V0107_ID1_T1/S2_C1_E376_V0107_ID1_T1_c0.mp4,0.0,5.633333333333334,foraging,walking;none,red_deer
S2_C1_E377_V0108_ID1_T1/S2_C1_E377_V0108_ID1_T1_c0.mp4,0.0,3.433333333333333,foraging,walking;none,red_deer
S2_C1_E378_V0109_ID1_T1/S2_C1_E378_V0109_ID1_T1_c0.mp4,0.0,0.7333333333333333,escaping,running;none,red_deer
S2_C1_E378_V0109_ID2_T1/S2_C1_E378_V0109_ID2_T1_c0.mp4,0.0,1.3333333333333333,courtship,running;vocalizing,red_deer
S2_C1_E378_V0109_ID3_T1/S2_C1_E378_V0109_ID3_T1_c0.mp4,0.0,2.9,courtship,running;vocalizing,red_deer
S2_C1_E387_V0112_ID1_T1/S2_C1_E387_V0112_ID1_T1_c0.mp4,0.0,2.2333333333333334,foraging,standing_head_down;none,red_deer
S2_C1_E387_V0112_ID1_T1/S2_C1_E387_V0112_ID1_T1_c1.mp4,0.0,5.833333333333333,foraging,walking;none,red_deer
S2_C1_E388_V0113_ID1_T1/S2_C1_E388_V0113_ID1_T1_c0.mp4,0.0,3.2333333333333334,vigilance,walking;none,red_deer
S2_C1_E388_V0113_ID1_T1/S2_C1_E388_V0113_ID1_T1_c1.mp4,0.0,4.733333333333333,vigilance,standing_head_up;none,red_deer
S2_C1_E388_V0113_ID1_T1/S2_C1_E388_V0113_ID1_T1_c2.mp4,0.0,5.333333333333333,vigilance,walking;none,red_deer
S2_C1_E390_V0114_ID1_T1/S2_C1_E390_V0114_ID1_T1_c0.mp4,0.0,2.033333333333333,vigilance,walking;none,red_deer
S2_C1_E390_V0114_ID1_T1/S2_C1_E390_V0114_ID1_T1_c1.mp4,0.0,1.8,unknown,unknown;none,red_deer
S2_C1_E390_V0114_ID1_T1/S2_C1_E390_V0114_ID1_T1_c2.mp4,0.0,0.5,unknown,walking;none,red_deer
S2_C1_E393_V0116_ID1_T1/S2_C1_E393_V0116_ID1_T1_c0.mp4,0.0,2.8666666666666667,vigilance,running;none,red_deer
S2_C1_E393_V0116_ID2_T1/S2_C1_E393_V0116_ID2_T1_c0.mp4,0.0,2.8,vigilance,walking;none,red_deer
S2_C1_E393_V0116_ID2_T1/S2_C1_E393_V0116_ID2_T1_c1.mp4,0.0,3.8333333333333335,vigilance,running;none,red_deer
S2_C1_E394_V0117_ID1_T1/S2_C1_E394_V0117_ID1_T1_c0.mp4,0.0,1.2666666666666666,escaping,running;vocalizing,red_deer
S2_C1_E394_V0117_ID2_T1/S2_C1_E394_V0117_ID2_T1_c0.mp4,0.0,1.1666666666666667,chasing,running;none,wolf
S2_C1_E281_V0038_ID1_T1/S2_C1_E281_V0038_ID1_T1_c0.mp4,0.0,2.4,foraging,standing_head_down;none,red_deer
S2_C1_E281_V0038_ID1_T1/S2_C1_E281_V0038_ID1_T1_c1.mp4,0.0,4.233333333333333,vigilance,standing_head_up;none,red_deer
S2_C1_E281_V0038_ID1_T1/S2_C1_E281_V0038_ID1_T1_c2.mp4,0.0,5.766666666666667,foraging,standing_head_down;none,red_deer
S2_C1_E281_V0038_ID1_T1/S2_C1_E281_V0038_ID1_T1_c3.mp4,0.0,4.5,foraging,walking;none,red_deer
S2_C1_E281_V0038_ID1_T1/S2_C1_E281_V0038_ID1_T1_c4.mp4,0.0,5.066666666666666,foraging,sniffing;none,red_deer
S2_C1_E281_V0038_ID1_T1/S2_C1_E281_V0038_ID1_T1_c5.mp4,0.0,3.1,vigilance,standing_head_up;none,red_deer
S2_C1_E281_V0038_ID1_T1/S2_C1_E281_V0038_ID1_T1_c6.mp4,0.0,4.533333333333333,foraging,walking;none,red_deer
S2_C1_E281_V0038_ID1_T1/S2_C1_E281_V0038_ID1_T1_c7.mp4,0.0,2.7666666666666666,foraging,sniffing;none,red_deer
S2_C1_E281_V0038_ID1_T1/S2_C1_E281_V0038_ID1_T1_c8.mp4,0.0,1.3333333333333333,vigilance,standing_head_up;none,red_deer
S2_C1_E281_V0038_ID1_T1/S2_C1_E281_V0038_ID1_T1_c9.mp4,0.0,3.2,foraging,standing_head_down;none,red_deer
S2_C1_E281_V0038_ID1_T1/S2_C1_E281_V0038_ID1_T1_c10.mp4,0.0,2.3,foraging,walking;none,red_deer
S2_C1_E281_V0038_ID1_T1/S2_C1_E281_V0038_ID1_T1_c11.mp4,0.0,5.2,foraging,standing_head_up;none,red_deer
S2_C1_E281_V0038_ID1_T1/S2_C1_E281_V0038_ID1_T1_c12.mp4,0.0,4.133333333333334,foraging,walking;none,red_deer
S2_C1_E281_V0038_ID1_T1/S2_C1_E281_V0038_ID1_T1_c13.mp4,0.0,2.2,foraging,sniffing;none,red_deer
S2_C1_E281_V0038_ID1_T1/S2_C1_E281_V0038_ID1_T1_c14.mp4,0.0,0.6,foraging,standing_head_down;none,red_deer
S2_C1_E281_V0038_ID1_T1/S2_C1_E281_V0038_ID1_T1_c15.mp4,0.0,11.166666666666666,vigilance,standing_head_up;none,red_deer
S2_C1_E281_V0038_ID1_T1/S2_C1_E281_V0038_ID1_T1_c16.mp4,0.0,8.666666666666666,foraging,walking;none,red_deer
S2_C1_E281_V0038_ID1_T1/S2_C1_E281_V0038_ID1_T1_c17.mp4,0.0,8.4,unknown,unknown;none,red_deer
S2_C1_E281_V0038_ID1_T1/S2_C1_E281_V0038_ID1_T1_c18.mp4,0.0,3.7666666666666666,foraging,walking;none,red_deer
S2_C1_E281_V0038_ID1_T1/S2_C1_E281_V0038_ID1_T1_c19.mp4,0.0,3.6,vigilance,standing_head_up;none,red_deer
S2_C1_E281_V0038_ID1_T1/S2_C1_E281_V0038_ID1_T1_c20.mp4,0.0,2.966666666666667,foraging,walking;none,red_deer
S2_C1_E366_V0101_ID1_T1/S2_C1_E366_V0101_ID1_T1_c0.mp4,0.0,1.1666666666666667,unknown,running;none,red_deer
S2_C1_E369_V0104_ID1_T1/S2_C1_E369_V0104_ID1_T1_c0.mp4,0.0,8.233333333333333,foraging,walking;none,red_deer
S2_C1_E369_V0104_ID1_T1/S2_C1_E369_V0104_ID1_T1_c1.mp4,0.0,2.6666666666666665,foraging,standing_head_up;none,red_deer
S2_C1_E369_V0104_ID1_T1/S2_C1_E369_V0104_ID1_T1_c2.mp4,0.0,7.533333333333333,foraging,walking;none,red_deer
S2_C1_E349_V0085_ID1_T1/S2_C1_E349_V0085_ID1_T1_c0.mp4,0.0,8.2,foraging,walking;none,red_deer
S2_C1_E349_V0085_ID1_T1/S2_C1_E349_V0085_ID1_T1_c1.mp4,0.0,1.1,vigilance,walking;none,red_deer
S2_C1_E349_V0085_ID1_T1/S2_C1_E349_V0085_ID1_T1_c2.mp4,0.0,1.6333333333333333,foraging,walking;none,red_deer
S2_C1_E349_V0085_ID1_T1/S2_C1_E349_V0085_ID1_T1_c3.mp4,0.0,1.3,foraging,running;none,red_deer
S2_C1_E349_V0085_ID1_T1/S2_C1_E349_V0085_ID1_T1_c4.mp4,0.0,1.6666666666666667,foraging,walking;none,red_deer
S2_C1_E349_V0085_ID1_T1/S2_C1_E349_V0085_ID1_T1_c5.mp4,0.0,6.6,unknown,unknown;none,red_deer
S2_C2_E280_V0033_ID1_T1/S2_C2_E280_V0033_ID1_T1_c0.mp4,0.0,4.033333333333333,vigilance,standing_head_up;none,red_deer
S2_C2_E280_V0033_ID1_T1/S2_C2_E280_V0033_ID1_T1_c1.mp4,0.0,4.966666666666667,foraging,standing_head_up;none,red_deer
S2_C2_E280_V0033_ID1_T1/S2_C2_E280_V0033_ID1_T1_c2.mp4,0.0,1.0,foraging,standing_head_down;none,red_deer
S2_C2_E280_V0033_ID1_T1/S2_C2_E280_V0033_ID1_T1_c3.mp4,0.0,1.8666666666666667,foraging,walking;none,red_deer
S2_C2_E280_V0033_ID1_T1/S2_C2_E280_V0033_ID1_T1_c4.mp4,0.0,1.6,foraging,standing_head_down;none,red_deer
S2_C2_E280_V0033_ID1_T1/S2_C2_E280_V0033_ID1_T1_c5.mp4,0.0,3.466666666666667,foraging,walking;none,red_deer
S2_C2_E280_V0033_ID1_T1/S2_C2_E280_V0033_ID1_T1_c6.mp4,0.0,2.7666666666666666,foraging,sniffing;none,red_deer
S2_C2_E280_V0033_ID1_T1/S2_C2_E280_V0033_ID1_T1_c7.mp4,0.0,4.0,foraging,grazing;none,red_deer
S2_C2_E280_V0033_ID1_T1/S2_C2_E280_V0033_ID1_T1_c8.mp4,0.0,3.466666666666667,foraging,standing_head_up;none,red_deer
S2_C2_E280_V0033_ID1_T1/S2_C2_E280_V0033_ID1_T1_c9.mp4,0.0,11.5,foraging,standing_head_down;none,red_deer
S2_C2_E280_V0033_ID1_T1/S2_C2_E280_V0033_ID1_T1_c10.mp4,0.0,6.466666666666667,vigilance,standing_head_up;none,red_deer
S2_C2_E280_V0033_ID1_T1/S2_C2_E280_V0033_ID1_T1_c11.mp4,0.0,0.3,vigilance,standing_head_down;none,red_deer
S2_C2_E280_V0033_ID1_T1/S2_C2_E280_V0033_ID1_T1_c12.mp4,0.0,2.466666666666667,foraging,standing_head_down;none,red_deer
S2_C2_E280_V0033_ID1_T1/S2_C2_E280_V0033_ID1_T1_c13.mp4,0.0,1.7666666666666666,vigilance,standing_head_up;none,red_deer
S2_C2_E280_V0033_ID1_T1/S2_C2_E280_V0033_ID1_T1_c14.mp4,0.0,5.7,foraging,walking;none,red_deer
S2_C2_E280_V0033_ID1_T1/S2_C2_E280_V0033_ID1_T1_c15.mp4,0.0,5.933333333333334,unknown,unknown;none,red_deer
S2_C2_E280_V0033_ID2_T1/S2_C2_E280_V0033_ID2_T1_c0.mp4,0.0,2.6333333333333333,vigilance,standing_head_up;none,red_deer
S2_C2_E280_V0034_ID1_T1/S2_C2_E280_V0034_ID1_T1_c0.mp4,0.0,1.7333333333333334,camera_reaction,looking_at_camera;none,red_deer
S2_C2_E280_V0034_ID1_T1/S2_C2_E280_V0034_ID1_T1_c1.mp4,0.0,1.4666666666666666,foraging,standing_head_down;none,red_deer
S2_C2_E280_V0034_ID1_T1/S2_C2_E280_V0034_ID1_T1_c2.mp4,0.0,4.066666666666666,foraging,walking;none,red_deer
S2_C2_E280_V0034_ID1_T1/S2_C2_E280_V0034_ID1_T1_c3.mp4,0.0,2.9,foraging,sniffing;none,red_deer
S2_C2_E280_V0034_ID1_T1/S2_C2_E280_V0034_ID1_T1_c4.mp4,0.0,4.366666666666666,foraging,walking;none,red_deer
S2_C2_E280_V0034_ID1_T1/S2_C2_E280_V0034_ID1_T1_c5.mp4,0.0,2.533333333333333,foraging,standing_head_down;none,red_deer
S2_C2_E280_V0034_ID1_T1/S2_C2_E280_V0034_ID1_T1_c6.mp4,0.0,4.7,foraging,walking;none,red_deer
S2_C2_E280_V0034_ID1_T1/S2_C2_E280_V0034_ID1_T1_c7.mp4,0.0,1.9,foraging,sniffing;none,red_deer
S2_C2_E280_V0034_ID1_T1/S2_C2_E280_V0034_ID1_T1_c8.mp4,0.0,4.533333333333333,foraging,standing_head_down;none,red_deer
S2_C2_E280_V0034_ID1_T1/S2_C2_E280_V0034_ID1_T1_c9.mp4,0.0,1.7,foraging,walking;none,red_deer
S2_C2_E280_V0034_ID1_T1/S2_C2_E280_V0034_ID1_T1_c10.mp4,0.0,39.0,foraging,grazing;none,red_deer
S2_C2_E280_V0034_ID1_T1/S2_C2_E280_V0034_ID1_T1_c11.mp4,0.0,3.7,vigilance,standing_head_up;none,red_deer
S2_C2_E280_V0034_ID1_T1/S2_C2_E280_V0034_ID1_T1_c12.mp4,0.0,47.666666666666664,foraging,grazing;none,red_deer
S2_C2_E280_V0035_ID1_T1/S2_C2_E280_V0035_ID1_T1_c0.mp4,0.0,12.333333333333334,foraging,grazing;none,red_deer
S2_C2_E280_V0035_ID1_T1/S2_C2_E280_V0035_ID1_T1_c1.mp4,0.0,16.533333333333335,vigilance,standing_head_up;none,red_deer
S2_C2_E280_V0035_ID1_T1/S2_C2_E280_V0035_ID1_T1_c2.mp4,0.0,3.0,grooming,scratching_body;none,red_deer
S2_C2_E280_V0035_ID1_T1/S2_C2_E280_V0035_ID1_T1_c3.mp4,0.0,0.7,vigilance,standing_head_up;none,red_deer
S2_C2_E280_V0035_ID1_T1/S2_C2_E280_V0035_ID1_T1_c4.mp4,0.0,0.8333333333333334,grooming,scratching_body;none,red_deer
S2_C2_E280_V0035_ID1_T1/S2_C2_E280_V0035_ID1_T1_c5.mp4,0.0,15.1,vigilance,standing_head_up;none,red_deer
S2_C2_E280_V0035_ID1_T1/S2_C2_E280_V0035_ID1_T1_c6.mp4,0.0,7.833333333333333,foraging,grazing;none,red_deer
S2_C2_E280_V0035_ID1_T1/S2_C2_E280_V0035_ID1_T1_c7.mp4,0.0,4.4,foraging,walking;none,red_deer
S2_C2_E280_V0035_ID1_T1/S2_C2_E280_V0035_ID1_T1_c8.mp4,0.0,2.3666666666666667,foraging,sniffing;none,red_deer
S2_C2_E280_V0035_ID1_T1/S2_C2_E280_V0035_ID1_T1_c9.mp4,0.0,0.6666666666666666,foraging,standing_head_down;none,red_deer
S2_C2_E280_V0035_ID1_T1/S2_C2_E280_V0035_ID1_T1_c10.mp4,0.0,3.1333333333333333,vigilance,standing_head_up;none,red_deer
S2_C2_E280_V0035_ID1_T1/S2_C2_E280_V0035_ID1_T1_c11.mp4,0.0,0.3333333333333333,foraging,standing_head_down;none,red_deer
S2_C2_E280_V0035_ID1_T1/S2_C2_E280_V0035_ID1_T1_c12.mp4,0.0,5.8,foraging,sniffing;none,red_deer
S2_C2_E280_V0035_ID1_T1/S2_C2_E280_V0035_ID1_T1_c13.mp4,0.0,3.966666666666667,vigilance,standing_head_up;none,red_deer
S2_C2_E280_V0035_ID1_T1/S2_C2_E280_V0035_ID1_T1_c14.mp4,0.0,7.1,grooming,scratching_body;none,red_deer
S2_C2_E280_V0035_ID1_T1/S2_C2_E280_V0035_ID1_T1_c15.mp4,0.0,2.7,vigilance,standing_head_up;none,red_deer
S2_C2_E280_V0035_ID1_T1/S2_C2_E280_V0035_ID1_T1_c16.mp4,0.0,1.1,foraging,standing_head_down;none,red_deer
S2_C2_E280_V0035_ID1_T1/S2_C2_E280_V0035_ID1_T1_c17.mp4,0.0,1.1,foraging,sniffing;none,red_deer
S2_C2_E280_V0035_ID1_T1/S2_C2_E280_V0035_ID1_T1_c18.mp4,0.0,0.6333333333333333,foraging,standing_head_down;none,red_deer
S2_C2_E280_V0035_ID1_T1/S2_C2_E280_V0035_ID1_T1_c19.mp4,0.0,2.7,grooming,scratching_body;none,red_deer
S2_C2_E280_V0035_ID1_T1/S2_C2_E280_V0035_ID1_T1_c20.mp4,0.0,1.5,foraging,walking;none,red_deer
S2_C2_E280_V0035_ID1_T1/S2_C2_E280_V0035_ID1_T1_c21.mp4,0.0,26.666666666666668,foraging,grazing;none,red_deer
S2_C2_E280_V0036_ID1_T1/S2_C2_E280_V0036_ID1_T1_c0.mp4,0.0,7.1,vigilance,standing_head_up;none,red_deer
S2_C2_E280_V0036_ID1_T1/S2_C2_E280_V0036_ID1_T1_c1.mp4,0.0,0.4666666666666667,vigilance,looking_at_camera;none,red_deer
S2_C2_E280_V0036_ID1_T1/S2_C2_E280_V0036_ID1_T1_c2.mp4,0.0,36.7,unknown,unknown;none,red_deer
S2_C2_E280_V0037_ID1_T1/S2_C2_E280_V0037_ID1_T1_c0.mp4,0.0,7.066666666666666,unknown,running;none,red_deer
S2_C2_E280_V0037_ID1_T1/S2_C2_E280_V0037_ID1_T1_c1.mp4,0.0,2.433333333333333,vigilance,standing_head_up;none,red_deer
S2_C2_E280_V0037_ID1_T1/S2_C2_E280_V0037_ID1_T1_c2.mp4,0.0,6.2,unknown,running;none,red_deer
S2_C2_E280_V0037_ID2_T1/S2_C2_E280_V0037_ID2_T1_c0.mp4,0.0,1.7333333333333334,unknown,running;none,red_deer
S2_C2_E280_V0037_ID2_T1/S2_C2_E280_V0037_ID2_T1_c1.mp4,0.0,1.9666666666666666,vigilance,walking;none,red_deer
S2_C2_E280_V0037_ID2_T1/S2_C2_E280_V0037_ID2_T1_c2.mp4,0.0,4.233333333333333,vigilance,standing_head_up;none,red_deer
S2_C2_E280_V0037_ID2_T1/S2_C2_E280_V0037_ID2_T1_c3.mp4,0.0,1.2666666666666666,vigilance,walking;none,red_deer
S2_C2_E280_V0037_ID2_T1/S2_C2_E280_V0037_ID2_T1_c4.mp4,0.0,4.933333333333334,unknown,running;none,red_deer
S2_C2_E280_V0037_ID2_T1/S2_C2_E280_V0037_ID2_T1_c5.mp4,0.0,3.7333333333333334,vigilance,standing_head_up;none,red_deer
S2_C2_E280_V0037_ID2_T1/S2_C2_E280_V0037_ID2_T1_c6.mp4,0.0,1.3333333333333333,vigilance,walking;none,red_deer
S2_C2_E280_V0037_ID2_T1/S2_C2_E280_V0037_ID2_T1_c7.mp4,0.0,0.7,vigilance,standing_head_up;none,red_deer
S2_C2_E280_V0037_ID2_T1/S2_C2_E280_V0037_ID2_T1_c8.mp4,0.0,2.7,camera_reaction,looking_at_camera;none,red_deer
S2_C2_E280_V0037_ID2_T1/S2_C2_E280_V0037_ID2_T1_c9.mp4,0.0,0.9333333333333333,vigilance,standing_head_up;none,red_deer
S2_C2_E280_V0037_ID2_T1/S2_C2_E280_V0037_ID2_T1_c10.mp4,0.0,2.9,vigilance,walking;none,red_deer
S2_C2_E280_V0037_ID3_T1/S2_C2_E280_V0037_ID3_T1_c0.mp4,0.0,2.2333333333333334,unknown,running;none,red_deer
S2_C2_E281_V0038_ID1_T1/S2_C2_E281_V0038_ID1_T1_c0.mp4,0.0,3.9,foraging,standing_head_down;none,red_deer
S2_C2_E281_V0038_ID1_T1/S2_C2_E281_V0038_ID1_T1_c1.mp4,0.0,1.9666666666666666,foraging,walking;none,red_deer
S2_C2_E281_V0038_ID1_T1/S2_C2_E281_V0038_ID1_T1_c2.mp4,0.0,6.1,foraging,standing_head_down;none,red_deer
S2_C2_E281_V0038_ID1_T1/S2_C2_E281_V0038_ID1_T1_c3.mp4,0.0,3.7666666666666666,foraging,walking;none,red_deer
S2_C2_E281_V0038_ID1_T1/S2_C2_E281_V0038_ID1_T1_c4.mp4,0.0,1.3666666666666667,foraging,sniffing;none,red_deer
S2_C2_E281_V0038_ID1_T1/S2_C2_E281_V0038_ID1_T1_c5.mp4,0.0,1.1666666666666667,foraging,standing_head_down;none,red_deer
S2_C2_E281_V0038_ID1_T1/S2_C2_E281_V0038_ID1_T1_c6.mp4,0.0,10.866666666666667,vigilance,standing_head_up;none,red_deer
S2_C2_E281_V0038_ID1_T1/S2_C2_E281_V0038_ID1_T1_c7.mp4,0.0,9.666666666666666,foraging,walking;none,red_deer
S2_C2_E281_V0038_ID1_T1/S2_C2_E281_V0038_ID1_T1_c8.mp4,0.0,6.633333333333334,vigilance,standing_head_up;none,red_deer
S2_C2_E281_V0038_ID1_T1/S2_C2_E281_V0038_ID1_T1_c9.mp4,0.0,0.6333333333333333,foraging,standing_head_down;none,red_deer
S2_C2_E281_V0038_ID1_T1/S2_C2_E281_V0038_ID1_T1_c10.mp4,0.0,4.366666666666666,foraging,walking;none,red_deer
S2_C2_E281_V0038_ID1_T1/S2_C2_E281_V0038_ID1_T1_c11.mp4,0.0,3.1,vigilance,standing_head_up;none,red_deer
S2_C2_E281_V0038_ID1_T1/S2_C2_E281_V0038_ID1_T1_c12.mp4,0.0,0.13333333333333333,vigilance,walking;none,red_deer
S2_C2_E281_V0038_ID1_T1/S2_C2_E281_V0038_ID1_T1_c13.mp4,0.0,3.7333333333333334,foraging,walking;none,red_deer
S2_C2_E284_V0040_ID1_T1/S2_C2_E284_V0040_ID1_T1_c0.mp4,0.0,2.8666666666666667,camera_reaction,running;none,red_deer
S2_C2_E284_V0040_ID1_T1/S2_C2_E284_V0040_ID1_T1_c1.mp4,0.0,6.7,vigilance,walking;none,red_deer
S2_C2_E307_V0059_ID1_T1/S2_C2_E307_V0059_ID1_T1_c0.mp4,0.0,2.8,unknown,running;none,red_deer
S2_C2_E307_V0059_ID1_T1/S2_C2_E307_V0059_ID1_T1_c1.mp4,0.0,10.3,unknown,unknown;none,red_deer
S2_C2_E307_V0059_ID1_T1/S2_C2_E307_V0059_ID1_T1_c2.mp4,0.0,5.2,foraging,walking;none,red_deer
S2_C2_E307_V0059_ID2_T1/S2_C2_E307_V0059_ID2_T1_c0.mp4,0.0,1.8666666666666667,unknown,running;none,red_deer
S2_C2_E307_V0059_ID2_T1/S2_C2_E307_V0059_ID2_T1_c1.mp4,0.0,2.433333333333333,foraging,walking;none,red_deer
S2_C2_E307_V0059_ID2_T1/S2_C2_E307_V0059_ID2_T1_c2.mp4,0.0,14.866666666666667,foraging,standing_head_down;none,red_deer
S2_C2_E307_V0059_ID2_T1/S2_C2_E307_V0059_ID2_T1_c3.mp4,0.0,1.0,foraging,walking;none,red_deer
S2_C2_E307_V0060_ID1_T1/S2_C2_E307_V0060_ID1_T1_c0.mp4,0.0,2.8333333333333335,foraging,walking;none,red_deer
S2_C2_E308_V0061_ID1_T1/S2_C2_E308_V0061_ID1_T1_c0.mp4,0.0,1.0333333333333334,foraging,walking;none,red_deer
S2_C2_E308_V0061_ID1_T1/S2_C2_E308_V0061_ID1_T1_c1.mp4,0.0,19.466666666666665,vigilance,standing_head_up;none,red_deer
S2_C2_E308_V0062_ID1_T1/S2_C2_E308_V0062_ID1_T1_c0.mp4,0.0,3.0,foraging,walking;none,red_deer
S2_C2_E312_V0064_ID1_T1/S2_C2_E312_V0064_ID1_T1_c0.mp4,0.0,5.166666666666667,unknown,running;none,red_deer
S2_C2_E313_V0065_ID1_T1/S2_C2_E313_V0065_ID1_T1_c0.mp4,0.0,12.4,foraging,walking;none,red_deer
S2_C2_E313_V0065_ID2_T1/S2_C2_E313_V0065_ID2_T1_c0.mp4,0.0,6.3,unknown,unknown;none,red_deer
S2_C2_E313_V0065_ID2_T1/S2_C2_E313_V0065_ID2_T1_c1.mp4,0.0,0.7666666666666667,vigilance,standing_head_up;none,red_deer
S2_C2_E313_V0065_ID2_T1/S2_C2_E313_V0065_ID2_T1_c2.mp4,0.0,8.9,unknown,unknown;none,red_deer
S2_C2_E313_V0065_ID2_T1/S2_C2_E313_V0065_ID2_T1_c3.mp4,0.0,7.466666666666667,foraging,walking;none,red_deer
S2_C2_E313_V0065_ID2_T1/S2_C2_E313_V0065_ID2_T1_c4.mp4,0.0,10.2,foraging,sniffing;none,red_deer
S2_C2_E313_V0065_ID2_T1/S2_C2_E313_V0065_ID2_T1_c5.mp4,0.0,12.666666666666666,foraging,walking;none,red_deer
S2_C2_E313_V0065_ID2_T1/S2_C2_E313_V0065_ID2_T1_c6.mp4,0.0,20.566666666666666,unknown,unknown;none,red_deer
S2_C2_E313_V0065_ID3_T1/S2_C2_E313_V0065_ID3_T1_c0.mp4,0.0,4.133333333333334,unknown,unknown;none,red_deer
S2_C2_E313_V0065_ID3_T1/S2_C2_E313_V0065_ID3_T1_c1.mp4,0.0,5.766666666666667,foraging,walking;none,red_deer
S2_C2_E313_V0065_ID3_T1/S2_C2_E313_V0065_ID3_T1_c2.mp4,0.0,6.0,foraging,sniffing;none,red_deer
S2_C2_E313_V0065_ID3_T1/S2_C2_E313_V0065_ID3_T1_c3.mp4,0.0,1.0666666666666667,foraging,standing_head_down;none,red_deer
S2_C2_E313_V0065_ID3_T1/S2_C2_E313_V0065_ID3_T1_c4.mp4,0.0,12.533333333333333,foraging,walking;none,red_deer
S2_C2_E313_V0065_ID3_T1/S2_C2_E313_V0065_ID3_T1_c5.mp4,0.0,5.1,foraging,unknown;none,red_deer
S2_C2_E313_V0065_ID3_T1/S2_C2_E313_V0065_ID3_T1_c6.mp4,0.0,3.933333333333333,foraging,walking;none,red_deer
S2_C2_E313_V0065_ID3_T1/S2_C2_E313_V0065_ID3_T1_c7.mp4,0.0,3.4,foraging,unknown;none,red_deer
S2_C2_E334_V0080_ID1_T1/S2_C2_E334_V0080_ID1_T1_c0.mp4,0.0,0.6333333333333333,unknown,unknown;none,red_deer
S2_C2_E334_V0080_ID1_T1/S2_C2_E334_V0080_ID1_T1_c1.mp4,0.0,1.3666666666666667,unknown,running;none,red_deer
S2_C2_E336_V0081_ID1_T1/S2_C2_E336_V0081_ID1_T1_c0.mp4,0.0,3.6,vigilance,standing_head_up;none,roe_deer
S2_C2_E336_V0081_ID1_T1/S2_C2_E336_V0081_ID1_T1_c1.mp4,0.0,0.23333333333333334,foraging,standing_head_down;none,roe_deer
S2_C2_E336_V0081_ID1_T1/S2_C2_E336_V0081_ID1_T1_c2.mp4,0.0,9.4,foraging,grazing;none,roe_deer
S2_C2_E336_V0081_ID1_T1/S2_C2_E336_V0081_ID1_T1_c3.mp4,0.0,2.433333333333333,vigilance,standing_head_up;none,roe_deer
S2_C2_E336_V0081_ID1_T1/S2_C2_E336_V0081_ID1_T1_c4.mp4,0.0,0.3333333333333333,foraging,standing_head_down;none,roe_deer
S2_C2_E336_V0081_ID1_T1/S2_C2_E336_V0081_ID1_T1_c5.mp4,0.0,7.8,foraging,grazing;none,roe_deer
S2_C2_E336_V0081_ID1_T1/S2_C2_E336_V0081_ID1_T1_c6.mp4,0.0,1.7333333333333334,vigilance,standing_head_up;none,roe_deer
S2_C2_E336_V0081_ID1_T1/S2_C2_E336_V0081_ID1_T1_c7.mp4,0.0,4.566666666666666,foraging,standing_head_down;none,roe_deer
S2_C2_E336_V0081_ID1_T1/S2_C2_E336_V0081_ID1_T1_c8.mp4,0.0,3.566666666666667,foraging,walking;none,roe_deer
S2_C2_E336_V0081_ID1_T1/S2_C2_E336_V0081_ID1_T1_c9.mp4,0.0,3.0,foraging,standing_head_down;none,roe_deer
S2_C2_E336_V0081_ID1_T1/S2_C2_E336_V0081_ID1_T1_c10.mp4,0.0,2.433333333333333,vigilance,standing_head_up;none,roe_deer
S2_C2_E336_V0081_ID1_T1/S2_C2_E336_V0081_ID1_T1_c11.mp4,0.0,0.5,foraging,standing_head_down;none,roe_deer
S2_C2_E336_V0081_ID1_T1/S2_C2_E336_V0081_ID1_T1_c12.mp4,0.0,2.5,foraging,grazing;none,roe_deer
S2_C2_E336_V0081_ID1_T1/S2_C2_E336_V0081_ID1_T1_c13.mp4,0.0,8.833333333333334,vigilance,standing_head_up;none,roe_deer
S2_C2_E336_V0081_ID1_T1/S2_C2_E336_V0081_ID1_T1_c14.mp4,0.0,3.566666666666667,foraging,walking;none,roe_deer
S2_C2_E336_V0081_ID1_T1/S2_C2_E336_V0081_ID1_T1_c15.mp4,0.0,1.6,foraging,standing_head_down;none,roe_deer
S2_C2_E336_V0081_ID1_T1/S2_C2_E336_V0081_ID1_T1_c16.mp4,0.0,2.8666666666666667,foraging,walking;none,roe_deer
S2_C2_E336_V0081_ID1_T1/S2_C2_E336_V0081_ID1_T1_c17.mp4,0.0,29.166666666666668,unknown,unknown;none,roe_deer
S2_C2_E336_V0081_ID1_T1/S2_C2_E336_V0081_ID1_T1_c18.mp4,0.0,5.6,foraging,walking;none,roe_deer
S2_C2_E336_V0081_ID1_T1/S2_C2_E336_V0081_ID1_T1_c19.mp4,0.0,2.8333333333333335,foraging,standing_head_down;none,roe_deer
S2_C2_E336_V0081_ID1_T1/S2_C2_E336_V0081_ID1_T1_c20.mp4,0.0,3.8,foraging,walking;none,roe_deer
S2_C2_E336_V0081_ID1_T1/S2_C2_E336_V0081_ID1_T1_c21.mp4,0.0,1.0333333333333334,foraging,standing_head_down;none,roe_deer
S2_C2_E336_V0081_ID1_T1/S2_C2_E336_V0081_ID1_T1_c22.mp4,0.0,1.5333333333333334,foraging,walking;none,roe_deer
S2_C2_E336_V0081_ID1_T1/S2_C2_E336_V0081_ID1_T1_c23.mp4,0.0,1.4333333333333333,foraging,standing_head_down;none,roe_deer
S2_C2_E336_V0081_ID1_T1/S2_C2_E336_V0081_ID1_T1_c24.mp4,0.0,2.7,foraging,sniffing;none,roe_deer
S2_C2_E336_V0081_ID1_T1/S2_C2_E336_V0081_ID1_T1_c25.mp4,0.0,1.8,vigilance,standing_head_up;none,roe_deer
S2_C2_E336_V0081_ID1_T1/S2_C2_E336_V0081_ID1_T1_c26.mp4,0.0,11.6,foraging,walking;none,roe_deer
S2_C2_E339_V0083_ID1_T1/S2_C2_E339_V0083_ID1_T1_c0.mp4,0.0,6.3,foraging,walking;none,red_deer
S2_C2_E339_V0083_ID2_T1/S2_C2_E339_V0083_ID2_T1_c0.mp4,0.0,2.2666666666666666,unknown,running;none,red_deer
S2_C2_E339_V0083_ID2_T1/S2_C2_E339_V0083_ID2_T1_c1.mp4,0.0,5.166666666666667,unknown,walking;none,red_deer
S2_C2_E339_V0083_ID3_T1/S2_C2_E339_V0083_ID3_T1_c0.mp4,0.0,3.8,foraging,walking;none,red_deer
S2_C2_E339_V0083_ID3_T1/S2_C2_E339_V0083_ID3_T1_c1.mp4,0.0,3.2,chasing,walking;none,red_deer
S2_C2_E339_V0084_ID1_T1/S2_C2_E339_V0084_ID1_T1_c0.mp4,0.0,4.833333333333333,unknown,running;none,red_deer
S2_C2_E339_V0084_ID2_T1/S2_C2_E339_V0084_ID2_T1_c0.mp4,0.0,4.4,unknown,running;none,red_deer
S2_C2_E339_V0085_ID1_T1/S2_C2_E339_V0085_ID1_T1_c0.mp4,0.0,4.433333333333334,unknown,running;none,red_deer
S2_C2_E339_V0085_ID2_T1/S2_C2_E339_V0085_ID2_T1_c0.mp4,0.0,3.7,unknown,running;none,red_deer
S2_C2_E339_V0085_ID2_T1/S2_C2_E339_V0085_ID2_T1_c1.mp4,0.0,2.066666666666667,vigilance,standing_head_up;none,red_deer
S2_C2_E339_V0085_ID2_T1/S2_C2_E339_V0085_ID2_T1_c2.mp4,0.0,6.166666666666667,foraging,standing_head_down;none,red_deer
S2_C2_E339_V0085_ID2_T1/S2_C2_E339_V0085_ID2_T1_c3.mp4,0.0,3.4,foraging,walking;none,red_deer
S2_C2_E339_V0085_ID3_T1/S2_C2_E339_V0085_ID3_T1_c0.mp4,0.0,2.3,foraging,walking;none,red_deer
S2_C2_E339_V0085_ID3_T1/S2_C2_E339_V0085_ID3_T1_c1.mp4,0.0,5.133333333333334,vigilance,standing_head_up;none,red_deer
S2_C2_E339_V0085_ID3_T1/S2_C2_E339_V0085_ID3_T1_c2.mp4,0.0,6.733333333333333,unknown,unknown;none,red_deer
S2_C2_E339_V0085_ID4_T1/S2_C2_E339_V0085_ID4_T1_c0.mp4,0.0,3.8666666666666667,foraging,walking;none,red_deer
S2_C2_E339_V0085_ID4_T1/S2_C2_E339_V0085_ID4_T1_c1.mp4,0.0,4.6,vigilance,standing_head_up;none,red_deer
S2_C2_E339_V0085_ID4_T1/S2_C2_E339_V0085_ID4_T1_c2.mp4,0.0,3.566666666666667,vigilance,running;none,red_deer
S2_C2_E339_V0085_ID4_T1/S2_C2_E339_V0085_ID4_T1_c3.mp4,0.0,1.4,foraging,walking;none,red_deer
S2_C2_E343_V0087_ID1_T1/S2_C2_E343_V0087_ID1_T1_c0.mp4,0.0,2.4,vigilance,walking;none,red_deer
S2_C2_E343_V0087_ID1_T1/S2_C2_E343_V0087_ID1_T1_c1.mp4,0.0,2.8333333333333335,unknown,unknown;none,red_deer
S2_C2_E344_V0088_ID1_T1/S2_C2_E344_V0088_ID1_T1_c0.mp4,0.0,2.8333333333333335,foraging,walking;none,red_deer
S2_C2_E344_V0089_ID1_T1/S2_C2_E344_V0089_ID1_T1_c0.mp4,0.0,5.233333333333333,foraging,walking;none,red_deer
S2_C2_E349_V0094_ID1_T1/S2_C2_E349_V0094_ID1_T1_c0.mp4,0.0,13.233333333333333,foraging,walking;none,red_deer
S2_C2_E350_V0095_ID1_T1/S2_C2_E350_V0095_ID1_T1_c0.mp4,0.0,3.9,foraging,walking;none,red_deer
S2_C2_E350_V0095_ID1_T1/S2_C2_E350_V0095_ID1_T1_c1.mp4,0.0,5.433333333333334,vigilance,walking;none,red_deer
S2_C2_E350_V0095_ID1_T1/S2_C2_E350_V0095_ID1_T1_c2.mp4,0.0,2.566666666666667,foraging,standing_head_down;none,red_deer
S2_C2_E350_V0095_ID1_T1/S2_C2_E350_V0095_ID1_T1_c3.mp4,0.0,2.3,vigilance,walking;none,red_deer
S2_C2_E350_V0095_ID1_T1/S2_C2_E350_V0095_ID1_T1_c4.mp4,0.0,4.266666666666667,camera_reaction,looking_at_camera;none,red_deer
S2_C2_E350_V0095_ID1_T1/S2_C2_E350_V0095_ID1_T1_c5.mp4,0.0,1.7666666666666666,foraging,standing_head_down;none,red_deer
S2_C2_E350_V0095_ID1_T1/S2_C2_E350_V0095_ID1_T1_c6.mp4,0.0,0.26666666666666666,unknown,running;none,red_deer
S2_C2_E350_V0096_ID1_T1/S2_C2_E350_V0096_ID1_T1_c0.mp4,0.0,5.1,vigilance,walking;none,red_deer
S2_C2_E350_V0096_ID1_T1/S2_C2_E350_V0096_ID1_T1_c1.mp4,0.0,4.933333333333334,vigilance,standing_head_up;none,red_deer
S2_C2_E350_V0096_ID1_T1/S2_C2_E350_V0096_ID1_T1_c2.mp4,0.0,1.2,foraging,standing_head_down;none,red_deer
S2_C2_E350_V0096_ID1_T1/S2_C2_E350_V0096_ID1_T1_c3.mp4,0.0,9.166666666666666,foraging,walking;none,red_deer
S2_C2_E351_V0097_ID1_T1/S2_C2_E351_V0097_ID1_T1_c0.mp4,0.0,4.5,foraging,walking;none,red_deer
S2_C2_E351_V0097_ID1_T1/S2_C2_E351_V0097_ID1_T1_c1.mp4,0.0,1.2,foraging,standing_head_down;none,red_deer
S2_C2_E351_V0097_ID1_T1/S2_C2_E351_V0097_ID1_T1_c2.mp4,0.0,2.7666666666666666,foraging,sniffing;none,red_deer
S2_C2_E351_V0097_ID1_T1/S2_C2_E351_V0097_ID1_T1_c3.mp4,0.0,2.1,foraging,standing_head_down;none,red_deer
S2_C2_E351_V0097_ID1_T1/S2_C2_E351_V0097_ID1_T1_c4.mp4,0.0,3.1333333333333333,foraging,walking;none,red_deer
S2_C2_E351_V0097_ID1_T1/S2_C2_E351_V0097_ID1_T1_c5.mp4,0.0,3.7,unknown,unknown;none,red_deer
S2_C2_E351_V0097_ID2_T1/S2_C2_E351_V0097_ID2_T1_c0.mp4,0.0,2.3666666666666667,foraging,walking;none,red_deer
S2_C2_E351_V0097_ID2_T1/S2_C2_E351_V0097_ID2_T1_c1.mp4,0.0,2.6333333333333333,foraging,grazing;none,red_deer
S2_C2_E351_V0097_ID2_T1/S2_C2_E351_V0097_ID2_T1_c2.mp4,0.0,2.8,foraging,walking;none,red_deer
S2_C2_E351_V0097_ID2_T1/S2_C2_E351_V0097_ID2_T1_c3.mp4,0.0,3.1333333333333333,foraging,standing_head_down;none,red_deer
S2_C2_E351_V0097_ID2_T1/S2_C2_E351_V0097_ID2_T1_c4.mp4,0.0,3.3333333333333335,vigilance,standing_head_up;none,red_deer
S2_C2_E351_V0098_ID1_T1/S2_C2_E351_V0098_ID1_T1_c0.mp4,0.0,0.9666666666666667,vigilance,walking;none,red_deer
S2_C2_E351_V0098_ID1_T1/S2_C2_E351_V0098_ID1_T1_c1.mp4,0.0,4.133333333333334,vigilance,standing_head_up;none,red_deer
S2_C2_E351_V0098_ID1_T1/S2_C2_E351_V0098_ID1_T1_c2.mp4,0.0,1.6333333333333333,vigilance,walking;none,red_deer
S2_C2_E351_V0098_ID2_T1/S2_C2_E351_V0098_ID2_T1_c0.mp4,0.0,2.566666666666667,foraging,walking;none,red_deer
S2_C2_E351_V0098_ID2_T1/S2_C2_E351_V0098_ID2_T1_c1.mp4,0.0,2.566666666666667,unknown,unknown;none,red_deer
S2_C2_E351_V0098_ID2_T1/S2_C2_E351_V0098_ID2_T1_c2.mp4,0.0,1.1333333333333333,foraging,walking;none,red_deer
S2_C2_E351_V0098_ID2_T1/S2_C2_E351_V0098_ID2_T1_c3.mp4,0.0,5.166666666666667,vigilance,standing_head_up;none,red_deer
S2_C2_E351_V0098_ID2_T1/S2_C2_E351_V0098_ID2_T1_c4.mp4,0.0,2.433333333333333,unknown,running;none,red_deer
S2_C2_E351_V0098_ID2_T1/S2_C2_E351_V0098_ID2_T1_c5.mp4,0.0,2.8,vigilance,walking;none,red_deer
S2_C2_E351_V0098_ID3_T1/S2_C2_E351_V0098_ID3_T1_c0.mp4,0.0,1.3333333333333333,unknown,unknown;none,red_deer
S2_C2_E351_V0098_ID3_T1/S2_C2_E351_V0098_ID3_T1_c1.mp4,0.0,4.266666666666667,foraging,standing_head_down;none,red_deer
S2_C2_E351_V0098_ID3_T1/S2_C2_E351_V0098_ID3_T1_c2.mp4,0.0,1.5,foraging,walking;none,red_deer
S2_C2_E351_V0098_ID3_T1/S2_C2_E351_V0098_ID3_T1_c3.mp4,0.0,2.6,foraging,standing_head_down;none,red_deer
S2_C2_E351_V0098_ID3_T1/S2_C2_E351_V0098_ID3_T1_c4.mp4,0.0,3.433333333333333,unknown,unknown;none,red_deer
S2_C2_E351_V0098_ID3_T1/S2_C2_E351_V0098_ID3_T1_c5.mp4,0.0,2.3333333333333335,courtship,walking;none,red_deer
S2_C2_E351_V0099_ID1_T1/S2_C2_E351_V0099_ID1_T1_c0.mp4,0.0,3.5,courtship,walking;vocalizing,red_deer
S2_C2_E358_V0105_ID1_T1/S2_C2_E358_V0105_ID1_T1_c0.mp4,0.0,2.466666666666667,unknown,running;none,red_deer
S2_C2_E358_V0105_ID1_T1/S2_C2_E358_V0105_ID1_T1_c1.mp4,0.0,1.1666666666666667,foraging,standing_head_down;none,red_deer
S2_C2_E358_V0105_ID1_T1/S2_C2_E358_V0105_ID1_T1_c2.mp4,0.0,1.8,unknown,running;none,red_deer
S2_C2_E358_V0105_ID2_T1/S2_C2_E358_V0105_ID2_T1_c0.mp4,0.0,1.3333333333333333,unknown,walking;none,red_deer
S2_C2_E358_V0105_ID2_T1/S2_C2_E358_V0105_ID2_T1_c1.mp4,0.0,1.1333333333333333,courtship,walking;vocalizing,red_deer
S2_C2_E358_V0105_ID2_T1/S2_C2_E358_V0105_ID2_T1_c2.mp4,0.0,8.066666666666666,unknown,walking;none,red_deer
S2_C2_E358_V0105_ID3_T1/S2_C2_E358_V0105_ID3_T1_c0.mp4,0.0,2.8333333333333335,unknown,running;none,red_deer
S2_C2_E358_V0105_ID3_T1/S2_C2_E358_V0105_ID3_T1_c1.mp4,0.0,2.2333333333333334,unknown,walking;none,red_deer
S2_C2_E358_V0105_ID3_T1/S2_C2_E358_V0105_ID3_T1_c2.mp4,0.0,1.4,unknown,running;none,red_deer
S2_C2_E359_V0106_ID1_T1/S2_C2_E359_V0106_ID1_T1_c0.mp4,0.0,4.3,vigilance,standing_head_up;none,red_deer
S2_C2_E359_V0106_ID1_T1/S2_C2_E359_V0106_ID1_T1_c1.mp4,0.0,2.433333333333333,vigilance,walking;none,red_deer
S2_C2_E363_V0107_ID1_T1/S2_C2_E363_V0107_ID1_T1_c0.mp4,0.0,20.5,foraging,walking;none,red_deer
S2_C2_E365_V0109_ID1_T1/S2_C2_E365_V0109_ID1_T1_c0.mp4,0.0,3.1,unknown,unknown;none,red_deer
S2_C2_E365_V0110_ID1_T1/S2_C2_E365_V0110_ID1_T1_c0.mp4,0.0,5.666666666666667,vigilance,walking;none,red_deer
S2_C2_E365_V0110_ID1_T1/S2_C2_E365_V0110_ID1_T1_c1.mp4,0.0,2.966666666666667,vigilance,standing_head_up;none,red_deer
S2_C2_E365_V0110_ID1_T1/S2_C2_E365_V0110_ID1_T1_c2.mp4,0.0,8.3,vigilance,walking;none,red_deer
S2_C2_E366_V0111_ID1_T1/S2_C2_E366_V0111_ID1_T1_c0.mp4,0.0,4.166666666666667,vigilance,walking;none,red_deer
S2_C2_E366_V0111_ID1_T1/S2_C2_E366_V0111_ID1_T1_c1.mp4,0.0,2.1333333333333333,vigilance,standing_head_up;none,red_deer
S2_C2_E366_V0111_ID1_T1/S2_C2_E366_V0111_ID1_T1_c2.mp4,0.0,1.2333333333333334,vigilance,walking;none,red_deer
S2_C2_E367_V0112_ID1_T1/S2_C2_E367_V0112_ID1_T1_c0.mp4,0.0,3.1,vigilance,standing_head_up;none,red_deer
S2_C2_E367_V0112_ID1_T1/S2_C2_E367_V0112_ID1_T1_c1.mp4,0.0,10.066666666666666,foraging,walking;none,red_deer
S2_C2_E368_V0113_ID1_T1/S2_C2_E368_V0113_ID1_T1_c0.mp4,0.0,1.2333333333333334,vigilance,standing_head_up;none,red_deer
S2_C2_E368_V0113_ID1_T1/S2_C2_E368_V0113_ID1_T1_c1.mp4,0.0,1.6333333333333333,vigilance,walking;none,red_deer
S2_C2_E369_V0114_ID1_T1/S2_C2_E369_V0114_ID1_T1_c0.mp4,0.0,6.3,unknown,unknown;none,red_deer
S2_C2_E369_V0114_ID1_T1/S2_C2_E369_V0114_ID1_T1_c1.mp4,0.0,2.4,unknown,running;none,red_deer
S2_C2_E369_V0114_ID1_T1/S2_C2_E369_V0114_ID1_T1_c2.mp4,0.0,0.6,unknown,unknown;none,red_deer
S2_C2_E369_V0114_ID1_T1/S2_C2_E369_V0114_ID1_T1_c3.mp4,0.0,0.6,unknown,running;none,red_deer
S2_C2_E369_V0114_ID2_T1/S2_C2_E369_V0114_ID2_T1_c0.mp4,0.0,6.8,vigilance,walking;none,red_deer
S2_C2_E369_V0114_ID2_T1/S2_C2_E369_V0114_ID2_T1_c1.mp4,0.0,3.066666666666667,vigilance,standing_head_up;none,red_deer
S2_C2_E369_V0114_ID2_T1/S2_C2_E369_V0114_ID2_T1_c2.mp4,0.0,7.633333333333334,vigilance,walking;none,red_deer
S2_C2_E370_V0115_ID1_T1/S2_C2_E370_V0115_ID1_T1_c0.mp4,0.0,6.266666666666667,foraging,walking;none,red_deer
S2_C2_E371_V0116_ID1_T1/S2_C2_E371_V0116_ID1_T1_c0.mp4,0.0,1.5,foraging,walking;none,red_deer
S2_C2_E376_V0119_ID1_T1/S2_C2_E376_V0119_ID1_T1_c0.mp4,0.0,17.1,foraging,walking;none,red_deer
S2_C2_E376_V0119_ID1_T1/S2_C2_E376_V0119_ID1_T1_c1.mp4,0.0,1.8333333333333333,unknown,unknown;none,red_deer
S2_C2_E377_V0120_ID1_T1/S2_C2_E377_V0120_ID1_T1_c0.mp4,0.0,17.533333333333335,foraging,walking;none,red_deer
S2_C2_E377_V0120_ID1_T1/S2_C2_E377_V0120_ID1_T1_c1.mp4,0.0,2.466666666666667,foraging,standing_head_down;none,red_deer
S2_C2_E377_V0120_ID1_T1/S2_C2_E377_V0120_ID1_T1_c2.mp4,0.0,0.5,marking,scratching_antlers;none,red_deer
S2_C2_E378_V0121_ID1_T1/S2_C2_E378_V0121_ID1_T1_c0.mp4,0.0,0.6666666666666666,unknown,running;none,red_deer
S2_C2_E378_V0121_ID2_T1/S2_C2_E378_V0121_ID2_T1_c0.mp4,0.0,14.566666666666666,unknown,running;none,red_deer
S2_C2_E387_V0129_ID1_T1/S2_C2_E387_V0129_ID1_T1_c0.mp4,0.0,7.333333333333333,foraging,walking;none,red_deer
S2_C2_E388_V0130_ID1_T1/S2_C2_E388_V0130_ID1_T1_c0.mp4,0.0,11.966666666666667,foraging,walking;none,red_deer
S2_C2_E389_V0131_ID1_T1/S2_C2_E389_V0131_ID1_T1_c0.mp4,0.0,2.3333333333333335,foraging,running;none,wolf
S2_C2_E390_V0132_ID1_T1/S2_C2_E390_V0132_ID1_T1_c0.mp4,0.0,0.9666666666666667,foraging,walking;none,red_deer
S2_C2_E390_V0132_ID1_T1/S2_C2_E390_V0132_ID1_T1_c1.mp4,0.0,2.8333333333333335,foraging,standing_head_down;none,red_deer
S2_C2_E390_V0132_ID1_T1/S2_C2_E390_V0132_ID1_T1_c2.mp4,0.0,12.366666666666667,foraging,walking;none,red_deer
S2_C2_E390_V0132_ID1_T1/S2_C2_E390_V0132_ID1_T1_c3.mp4,0.0,2.9,unknown,unknown;none,red_deer
S2_C2_E393_V0134_ID1_T1/S2_C2_E393_V0134_ID1_T1_c0.mp4,0.0,1.7,unknown,running;none,red_deer
S2_C2_E393_V0134_ID2_T1/S2_C2_E393_V0134_ID2_T1_c0.mp4,0.0,1.3,foraging,walking;none,red_deer
S2_C2_E393_V0134_ID2_T1/S2_C2_E393_V0134_ID2_T1_c1.mp4,0.0,1.4333333333333333,unknown,unknown;none,red_deer
S2_C2_E393_V0134_ID2_T1/S2_C2_E393_V0134_ID2_T1_c2.mp4,0.0,9.433333333333334,foraging,walking;none,red_deer
S2_C2_E393_V0134_ID2_T1/S2_C2_E393_V0134_ID2_T1_c3.mp4,0.0,3.066666666666667,unknown,running;none,red_deer
S2_C2_E393_V0134_ID2_T1/S2_C2_E393_V0134_ID2_T1_c4.mp4,0.0,1.2333333333333334,foraging,walking;none,red_deer
S2_C2_E393_V0134_ID2_T1/S2_C2_E393_V0134_ID2_T1_c5.mp4,0.0,6.4,unknown,unknown;none,red_deer
S2_C2_E393_V0134_ID2_T1/S2_C2_E393_V0134_ID2_T1_c6.mp4,0.0,4.633333333333334,foraging,walking;none,red_deer
S2_C2_E393_V0134_ID2_T1/S2_C2_E393_V0134_ID2_T1_c7.mp4,0.0,8.166666666666666,unknown,running;none,red_deer
S2_C2_E394_V0135_ID1_T1/S2_C2_E394_V0135_ID1_T1_c0.mp4,0.0,0.6,escaping,running;none,red_deer
S2_C2_E394_V0135_ID2_T1/S2_C2_E394_V0135_ID2_T1_c0.mp4,0.0,3.7,chasing,running;none,wolf
S2_C3_E266_V0023_ID1_T1/S2_C3_E266_V0023_ID1_T1_c0.mp4,0.0,7.533333333333333,foraging,walking;none,red_deer
S2_C3_E266_V0023_ID1_T1/S2_C3_E266_V0023_ID1_T1_c1.mp4,0.0,2.3333333333333335,foraging,standing_head_down;none,red_deer
S2_C3_E266_V0023_ID1_T1/S2_C3_E266_V0023_ID1_T1_c2.mp4,0.0,2.433333333333333,foraging,walking;none,red_deer
S2_C3_E277_V0038_ID1_T1/S2_C3_E277_V0038_ID1_T1_c0.mp4,0.0,2.8666666666666667,vigilance,standing_head_up;none,roe_deer
S2_C3_E277_V0038_ID1_T1/S2_C3_E277_V0038_ID1_T1_c1.mp4,0.0,2.533333333333333,foraging,standing_head_down;none,roe_deer
S2_C3_E277_V0038_ID1_T1/S2_C3_E277_V0038_ID1_T1_c2.mp4,0.0,5.5,foraging,walking;none,roe_deer
S2_C3_E277_V0038_ID1_T1/S2_C3_E277_V0038_ID1_T1_c3.mp4,0.0,1.3333333333333333,foraging,standing_head_up;none,roe_deer
S2_C3_E277_V0038_ID1_T1/S2_C3_E277_V0038_ID1_T1_c4.mp4,0.0,3.533333333333333,foraging,standing_head_down;none,roe_deer
S2_C3_E277_V0038_ID1_T1/S2_C3_E277_V0038_ID1_T1_c5.mp4,0.0,1.4333333333333333,foraging,standing_head_up;none,roe_deer
S2_C3_E277_V0038_ID1_T1/S2_C3_E277_V0038_ID1_T1_c6.mp4,0.0,1.4333333333333333,foraging,walking;none,roe_deer
S2_C3_E277_V0038_ID1_T1/S2_C3_E277_V0038_ID1_T1_c7.mp4,0.0,1.8666666666666667,foraging,standing_head_down;none,roe_deer
S2_C3_E280_V0040_ID1_T1/S2_C3_E280_V0040_ID1_T1_c0.mp4,0.0,11.0,vigilance,standing_head_up;none,red_deer
S2_C3_E280_V0040_ID1_T1/S2_C3_E280_V0040_ID1_T1_c1.mp4,0.0,6.266666666666667,foraging,standing_head_down;none,red_deer
S2_C3_E280_V0040_ID1_T1/S2_C3_E280_V0040_ID1_T1_c2.mp4,0.0,17.666666666666668,vigilance,standing_head_up;none,red_deer
S2_C3_E280_V0040_ID1_T1/S2_C3_E280_V0040_ID1_T1_c3.mp4,0.0,3.1,foraging,standing_head_down;none,red_deer
S2_C3_E280_V0040_ID1_T1/S2_C3_E280_V0040_ID1_T1_c4.mp4,0.0,9.166666666666666,grooming,scratching_body;none,red_deer
S2_C3_E280_V0040_ID1_T1/S2_C3_E280_V0040_ID1_T1_c5.mp4,0.0,1.2333333333333334,foraging,walking;none,red_deer
S2_C3_E280_V0041_ID1_T1/S2_C3_E280_V0041_ID1_T1_c0.mp4,0.0,5.266666666666667,foraging,walking;none,red_deer
S2_C3_E280_V0041_ID1_T1/S2_C3_E280_V0041_ID1_T1_c1.mp4,0.0,3.8666666666666667,foraging,standing_head_down;none,red_deer
S2_C3_E280_V0041_ID1_T1/S2_C3_E280_V0041_ID1_T1_c2.mp4,0.0,5.233333333333333,vigilance,standing_head_up;none,red_deer
S2_C3_E280_V0041_ID1_T1/S2_C3_E280_V0041_ID1_T1_c3.mp4,0.0,3.7666666666666666,foraging,walking;none,red_deer
S2_C3_E280_V0041_ID1_T1/S2_C3_E280_V0041_ID1_T1_c4.mp4,0.0,5.133333333333334,foraging,standing_head_down;none,red_deer
S2_C3_E280_V0041_ID1_T1/S2_C3_E280_V0041_ID1_T1_c5.mp4,0.0,1.5333333333333334,foraging,walking;none,red_deer
S2_C3_E280_V0041_ID1_T1/S2_C3_E280_V0041_ID1_T1_c6.mp4,0.0,1.7666666666666666,foraging,standing_head_down;none,red_deer
S2_C3_E280_V0041_ID1_T1/S2_C3_E280_V0041_ID1_T1_c7.mp4,0.0,13.666666666666666,vigilance,standing_head_up;none,red_deer
S2_C3_E280_V0041_ID1_T1/S2_C3_E280_V0041_ID1_T1_c8.mp4,0.0,2.433333333333333,foraging,standing_head_down;none,red_deer
S2_C3_E280_V0041_ID1_T1/S2_C3_E280_V0041_ID1_T1_c9.mp4,0.0,3.566666666666667,foraging,walking;none,red_deer
S2_C3_E280_V0041_ID1_T1/S2_C3_E280_V0041_ID1_T1_c10.mp4,0.0,3.7666666666666666,vigilance,standing_head_up;none,red_deer
S2_C3_E280_V0041_ID1_T1/S2_C3_E280_V0041_ID1_T1_c11.mp4,0.0,4.566666666666666,foraging,standing_head_up;none,red_deer
S2_C3_E280_V0041_ID1_T1/S2_C3_E280_V0041_ID1_T1_c12.mp4,0.0,1.3666666666666667,foraging,standing_head_down;none,red_deer
S2_C3_E280_V0041_ID1_T1/S2_C3_E280_V0041_ID1_T1_c13.mp4,0.0,1.7666666666666666,foraging,walking;none,red_deer
S2_C3_E280_V0041_ID1_T1/S2_C3_E280_V0041_ID1_T1_c14.mp4,0.0,2.0,foraging,standing_head_down;none,red_deer
S2_C3_E280_V0041_ID1_T1/S2_C3_E280_V0041_ID1_T1_c15.mp4,0.0,3.2333333333333334,foraging,walking;none,red_deer
S2_C3_E280_V0041_ID1_T1/S2_C3_E280_V0041_ID1_T1_c16.mp4,0.0,2.7333333333333334,foraging,sniffing;none,red_deer
S2_C3_E280_V0041_ID1_T1/S2_C3_E280_V0041_ID1_T1_c17.mp4,0.0,3.9,foraging,grazing;none,red_deer
S2_C3_E280_V0041_ID1_T1/S2_C3_E280_V0041_ID1_T1_c18.mp4,0.0,1.7,foraging,standing_head_down;none,red_deer
S2_C3_E280_V0041_ID1_T1/S2_C3_E280_V0041_ID1_T1_c19.mp4,0.0,2.0,foraging,standing_head_up;none,red_deer
S2_C3_E280_V0041_ID1_T1/S2_C3_E280_V0041_ID1_T1_c20.mp4,0.0,11.233333333333333,foraging,standing_head_down;none,red_deer
S2_C3_E280_V0041_ID1_T1/S2_C3_E280_V0041_ID1_T1_c21.mp4,0.0,6.733333333333333,vigilance,standing_head_up;none,red_deer
S2_C3_E280_V0041_ID1_T1/S2_C3_E280_V0041_ID1_T1_c22.mp4,0.0,4.4,foraging,standing_head_down;none,red_deer
S2_C3_E280_V0041_ID1_T1/S2_C3_E280_V0041_ID1_T1_c23.mp4,0.0,5.2,foraging,walking;none,red_deer
S2_C3_E280_V0041_ID1_T1/S2_C3_E280_V0041_ID1_T1_c24.mp4,0.0,8.866666666666667,foraging,grazing;none,red_deer
S2_C3_E280_V0041_ID1_T1/S2_C3_E280_V0041_ID1_T1_c25.mp4,0.0,1.3666666666666667,foraging,walking;none,red_deer
S2_C3_E280_V0041_ID1_T1/S2_C3_E280_V0041_ID1_T1_c26.mp4,0.0,6.766666666666667,unknown,unknown;none,red_deer
S2_C3_E280_V0041_ID1_T1/S2_C3_E280_V0041_ID1_T1_c27.mp4,0.0,1.6333333333333333,foraging,standing_head_down;none,red_deer
S2_C3_E280_V0041_ID1_T1/S2_C3_E280_V0041_ID1_T1_c28.mp4,0.0,1.0333333333333334,foraging,walking;none,red_deer
S2_C3_E280_V0041_ID2_T1/S2_C3_E280_V0041_ID2_T1_c0.mp4,0.0,3.466666666666667,foraging,walking;none,red_deer
S2_C3_E280_V0041_ID2_T1/S2_C3_E280_V0041_ID2_T1_c1.mp4,0.0,4.466666666666667,vigilance,standing_head_up;none,red_deer
S2_C3_E280_V0041_ID2_T1/S2_C3_E280_V0041_ID2_T1_c2.mp4,0.0,1.7,foraging,walking;none,red_deer
S2_C3_E280_V0041_ID2_T1/S2_C3_E280_V0041_ID2_T1_c3.mp4,0.0,0.23333333333333334,vigilance,walking;none,red_deer
S2_C3_E280_V0041_ID2_T1/S2_C3_E280_V0041_ID2_T1_c4.mp4,0.0,0.9333333333333333,vigilance,standing_head_up;none,red_deer
S2_C3_E280_V0041_ID2_T1/S2_C3_E280_V0041_ID2_T1_c5.mp4,0.0,1.5,vigilance,walking;none,red_deer
S2_C3_E280_V0041_ID2_T1/S2_C3_E280_V0041_ID2_T1_c6.mp4,0.0,23.966666666666665,vigilance,standing_head_up;none,red_deer
S2_C3_E280_V0041_ID2_T1/S2_C3_E280_V0041_ID2_T1_c7.mp4,0.0,1.4666666666666666,foraging,standing_head_down;none,red_deer
S2_C3_E280_V0041_ID2_T1/S2_C3_E280_V0041_ID2_T1_c8.mp4,0.0,2.466666666666667,vigilance,standing_head_up;none,red_deer
S2_C3_E280_V0041_ID2_T1/S2_C3_E280_V0041_ID2_T1_c9.mp4,0.0,1.0333333333333334,escaping,running;none,red_deer
S2_C3_E280_V0041_ID2_T1/S2_C3_E280_V0041_ID2_T1_c10.mp4,0.0,0.43333333333333335,vigilance,standing_head_up;none,red_deer
S2_C3_E280_V0041_ID2_T1/S2_C3_E280_V0041_ID2_T1_c11.mp4,0.0,4.4,unknown,unknown;none,red_deer
S2_C3_E280_V0041_ID2_T1/S2_C3_E280_V0041_ID2_T1_c12.mp4,0.0,0.8333333333333334,vigilance,walking;none,red_deer
S2_C3_E280_V0041_ID2_T1/S2_C3_E280_V0041_ID2_T1_c13.mp4,0.0,2.1666666666666665,vigilance,standing_head_up;none,red_deer
S2_C3_E280_V0041_ID2_T1/S2_C3_E280_V0041_ID2_T1_c14.mp4,0.0,6.866666666666666,foraging,standing_head_down;none,red_deer
S2_C3_E280_V0041_ID2_T1/S2_C3_E280_V0041_ID2_T1_c15.mp4,0.0,2.966666666666667,foraging,walking;none,red_deer
S2_C3_E280_V0041_ID2_T1/S2_C3_E280_V0041_ID2_T1_c16.mp4,0.0,6.533333333333333,foraging,standing_head_down;none,red_deer
S2_C3_E280_V0041_ID2_T1/S2_C3_E280_V0041_ID2_T1_c17.mp4,0.0,2.0,foraging,standing_head_up;none,red_deer
S2_C3_E280_V0041_ID2_T1/S2_C3_E280_V0041_ID2_T1_c18.mp4,0.0,8.0,foraging,standing_head_down;none,red_deer
S2_C3_E280_V0041_ID2_T1/S2_C3_E280_V0041_ID2_T1_c19.mp4,0.0,1.1,foraging,sniffing;none,red_deer
S2_C3_E280_V0042_ID1_T1/S2_C3_E280_V0042_ID1_T1_c0.mp4,0.0,2.533333333333333,foraging,walking;none,red_deer
S2_C3_E280_V0042_ID1_T1/S2_C3_E280_V0042_ID1_T1_c1.mp4,0.0,3.8666666666666667,foraging,grazing;none,red_deer
S2_C3_E280_V0042_ID1_T1/S2_C3_E280_V0042_ID1_T1_c2.mp4,0.0,1.8333333333333333,vigilance,standing_head_up;none,red_deer
S2_C3_E280_V0042_ID1_T1/S2_C3_E280_V0042_ID1_T1_c3.mp4,0.0,4.633333333333334,foraging,grazing;none,red_deer
S2_C3_E280_V0042_ID1_T1/S2_C3_E280_V0042_ID1_T1_c4.mp4,0.0,2.7666666666666666,foraging,walking;none,red_deer
S2_C3_E280_V0042_ID1_T1/S2_C3_E280_V0042_ID1_T1_c5.mp4,0.0,35.6,unknown,unknown;none,red_deer
S2_C3_E280_V0042_ID1_T1/S2_C3_E280_V0042_ID1_T1_c6.mp4,0.0,15.5,vigilance,standing_head_up;none,red_deer
S2_C3_E280_V0042_ID1_T1/S2_C3_E280_V0042_ID1_T1_c7.mp4,0.0,27.766666666666666,unknown,unknown;none,red_deer
S2_C3_E280_V0042_ID2_T1/S2_C3_E280_V0042_ID2_T1_c0.mp4,0.0,5.033333333333333,foraging,sniffing;none,red_deer
S2_C3_E280_V0042_ID2_T1/S2_C3_E280_V0042_ID2_T1_c1.mp4,0.0,5.066666666666666,foraging,standing_head_down;none,red_deer
S2_C3_E280_V0042_ID2_T1/S2_C3_E280_V0042_ID2_T1_c2.mp4,0.0,4.066666666666666,foraging,sniffing;none,red_deer
S2_C3_E280_V0042_ID2_T1/S2_C3_E280_V0042_ID2_T1_c3.mp4,0.0,6.166666666666667,foraging,walking;none,red_deer
S2_C3_E280_V0042_ID2_T1/S2_C3_E280_V0042_ID2_T1_c4.mp4,0.0,4.7,vigilance,walking;none,red_deer
S2_C3_E280_V0042_ID2_T1/S2_C3_E280_V0042_ID2_T1_c5.mp4,0.0,2.033333333333333,vigilance,standing_head_up;none,red_deer
S2_C3_E280_V0042_ID2_T1/S2_C3_E280_V0042_ID2_T1_c6.mp4,0.0,4.733333333333333,vigilance,walking;none,red_deer
S2_C3_E280_V0042_ID2_T1/S2_C3_E280_V0042_ID2_T1_c7.mp4,0.0,1.6666666666666667,vigilance,standing_head_up;none,red_deer
S2_C3_E280_V0042_ID2_T1/S2_C3_E280_V0042_ID2_T1_c8.mp4,0.0,5.0,vigilance,walking;none,red_deer
S2_C3_E280_V0042_ID2_T1/S2_C3_E280_V0042_ID2_T1_c9.mp4,0.0,1.9,vigilance,standing_head_up;none,red_deer
S2_C3_E280_V0042_ID2_T1/S2_C3_E280_V0042_ID2_T1_c10.mp4,0.0,10.2,vigilance,sniffing;none,red_deer
S2_C3_E280_V0042_ID2_T1/S2_C3_E280_V0042_ID2_T1_c11.mp4,0.0,6.933333333333334,vigilance,standing_head_up;none,red_deer
S2_C3_E280_V0042_ID2_T1/S2_C3_E280_V0042_ID2_T1_c12.mp4,0.0,1.3333333333333333,foraging,standing_head_down;none,red_deer
S2_C3_E280_V0042_ID2_T1/S2_C3_E280_V0042_ID2_T1_c13.mp4,0.0,2.433333333333333,vigilance,standing_head_up;none,red_deer
S2_C3_E280_V0042_ID2_T1/S2_C3_E280_V0042_ID2_T1_c14.mp4,0.0,1.9,foraging,walking;none,red_deer
S2_C3_E280_V0042_ID2_T1/S2_C3_E280_V0042_ID2_T1_c15.mp4,0.0,9.433333333333334,foraging,grazing;none,red_deer
S2_C3_E280_V0042_ID2_T1/S2_C3_E280_V0042_ID2_T1_c16.mp4,0.0,1.7333333333333334,foraging,standing_head_up;none,red_deer
S2_C3_E280_V0042_ID2_T1/S2_C3_E280_V0042_ID2_T1_c17.mp4,0.0,2.033333333333333,foraging,walking;none,red_deer
S2_C3_E280_V0042_ID2_T1/S2_C3_E280_V0042_ID2_T1_c18.mp4,0.0,11.966666666666667,foraging,grazing;none,red_deer
S2_C3_E280_V0042_ID2_T1/S2_C3_E280_V0042_ID2_T1_c19.mp4,0.0,7.8,foraging,standing_head_down;none,red_deer
S2_C3_E280_V0042_ID2_T1/S2_C3_E280_V0042_ID2_T1_c20.mp4,0.0,1.6333333333333333,vigilance,standing_head_up;none,red_deer
S2_C3_E280_V0042_ID2_T1/S2_C3_E280_V0042_ID2_T1_c21.mp4,0.0,1.7333333333333334,foraging,walking;none,red_deer
S2_C3_E280_V0042_ID2_T1/S2_C3_E280_V0042_ID2_T1_c22.mp4,0.0,2.6,foraging,sniffing;none,red_deer
S2_C3_E280_V0042_ID2_T1/S2_C3_E280_V0042_ID2_T1_c23.mp4,0.0,1.2333333333333334,foraging,standing_head_down;none,red_deer
S2_C3_E280_V0042_ID2_T1/S2_C3_E280_V0042_ID2_T1_c24.mp4,0.0,4.0,foraging,walking;none,red_deer
S2_C3_E280_V0042_ID2_T1/S2_C3_E280_V0042_ID2_T1_c25.mp4,0.0,2.9,foraging,sniffing;none,red_deer
S2_C3_E280_V0042_ID2_T1/S2_C3_E280_V0042_ID2_T1_c26.mp4,0.0,0.4666666666666667,foraging,standing_head_down;none,red_deer
S2_C3_E280_V0042_ID2_T1/S2_C3_E280_V0042_ID2_T1_c27.mp4,0.0,2.966666666666667,foraging,walking;none,red_deer
S2_C3_E280_V0043_ID1_T1/S2_C3_E280_V0043_ID1_T1_c0.mp4,0.0,0.7666666666666667,vigilance,standing_head_up;none,red_deer
S2_C3_E280_V0043_ID1_T1/S2_C3_E280_V0043_ID1_T1_c1.mp4,0.0,1.6666666666666667,foraging,walking;none,red_deer
S2_C3_E280_V0043_ID1_T1/S2_C3_E280_V0043_ID1_T1_c2.mp4,0.0,39.86666666666667,foraging,grazing;none,red_deer
S2_C3_E280_V0043_ID1_T1/S2_C3_E280_V0043_ID1_T1_c3.mp4,0.0,3.3666666666666667,vigilance,standing_head_up;none,red_deer
S2_C3_E280_V0043_ID1_T1/S2_C3_E280_V0043_ID1_T1_c4.mp4,0.0,60.733333333333334,foraging,grazing;none,red_deer
S2_C3_E280_V0043_ID1_T1/S2_C3_E280_V0043_ID1_T1_c5.mp4,0.0,14.1,vigilance,standing_head_up;none,red_deer
S2_C3_E280_V0044_ID1_T1/S2_C3_E280_V0044_ID1_T1_c0.mp4,0.0,5.133333333333334,foraging,grazing;none,red_deer
S2_C3_E280_V0044_ID1_T1/S2_C3_E280_V0044_ID1_T1_c1.mp4,0.0,4.133333333333334,foraging,walking;none,red_deer
S2_C3_E280_V0044_ID1_T1/S2_C3_E280_V0044_ID1_T1_c2.mp4,0.0,2.466666666666667,foraging,sniffing;none,red_deer
S2_C3_E280_V0044_ID1_T1/S2_C3_E280_V0044_ID1_T1_c3.mp4,0.0,0.4,foraging,standing_head_down;none,red_deer
S2_C3_E280_V0044_ID1_T1/S2_C3_E280_V0044_ID1_T1_c4.mp4,0.0,3.2666666666666666,vigilance,standing_head_up;none,red_deer
S2_C3_E280_V0044_ID1_T1/S2_C3_E280_V0044_ID1_T1_c5.mp4,0.0,0.3,foraging,standing_head_down;none,red_deer
S2_C3_E280_V0044_ID1_T1/S2_C3_E280_V0044_ID1_T1_c6.mp4,0.0,5.766666666666667,foraging,sniffing;none,red_deer
S2_C3_E280_V0044_ID1_T1/S2_C3_E280_V0044_ID1_T1_c7.mp4,0.0,3.966666666666667,vigilance,standing_head_up;none,red_deer
S2_C3_E280_V0044_ID1_T1/S2_C3_E280_V0044_ID1_T1_c8.mp4,0.0,7.333333333333333,grooming,scratching_body;none,red_deer
S2_C3_E280_V0044_ID1_T1/S2_C3_E280_V0044_ID1_T1_c9.mp4,0.0,2.6333333333333333,vigilance,standing_head_up;none,red_deer
S2_C3_E280_V0044_ID1_T1/S2_C3_E280_V0044_ID1_T1_c10.mp4,0.0,0.9333333333333333,foraging,standing_head_down;none,red_deer
S2_C3_E280_V0044_ID1_T1/S2_C3_E280_V0044_ID1_T1_c11.mp4,0.0,1.2666666666666666,foraging,sniffing;none,red_deer
S2_C3_E280_V0044_ID1_T1/S2_C3_E280_V0044_ID1_T1_c12.mp4,0.0,0.6333333333333333,foraging,standing_head_down;none,red_deer
S2_C3_E280_V0044_ID1_T1/S2_C3_E280_V0044_ID1_T1_c13.mp4,0.0,2.6,grooming,scratching_body;none,red_deer
S2_C3_E280_V0044_ID1_T1/S2_C3_E280_V0044_ID1_T1_c14.mp4,0.0,1.5,foraging,walking;none,red_deer
S2_C3_E280_V0044_ID1_T1/S2_C3_E280_V0044_ID1_T1_c15.mp4,0.0,29.833333333333332,foraging,grazing;none,red_deer
S2_C3_E280_V0044_ID1_T1/S2_C3_E280_V0044_ID1_T1_c16.mp4,0.0,3.066666666666667,vigilance,standing_head_up;none,red_deer
S2_C3_E280_V0044_ID1_T1/S2_C3_E280_V0044_ID1_T1_c17.mp4,0.0,7.2,foraging,grazing;none,red_deer
S2_C3_E280_V0044_ID1_T1/S2_C3_E280_V0044_ID1_T1_c18.mp4,0.0,0.6666666666666666,vigilance,standing_head_up;none,red_deer
S2_C3_E280_V0044_ID1_T1/S2_C3_E280_V0044_ID1_T1_c19.mp4,0.0,3.066666666666667,unknown,walking;none,red_deer
S2_C3_E280_V0045_ID1_T1/S2_C3_E280_V0045_ID1_T1_c0.mp4,0.0,37.86666666666667,vigilance,standing_head_up;none,red_deer
S2_C3_E280_V0045_ID1_T1/S2_C3_E280_V0045_ID1_T1_c1.mp4,0.0,2.433333333333333,vigilance,walking;none,red_deer
S2_C3_E280_V0045_ID1_T1/S2_C3_E280_V0045_ID1_T1_c2.mp4,0.0,5.366666666666666,vigilance,standing_head_up;none,red_deer
S2_C3_E280_V0045_ID1_T1/S2_C3_E280_V0045_ID1_T1_c3.mp4,0.0,4.366666666666666,vigilance,walking;none,red_deer
S2_C3_E280_V0045_ID1_T1/S2_C3_E280_V0045_ID1_T1_c4.mp4,0.0,2.033333333333333,foraging,walking;none,red_deer
S2_C3_E280_V0045_ID1_T1/S2_C3_E280_V0045_ID1_T1_c5.mp4,0.0,4.433333333333334,vigilance,walking;none,red_deer
S2_C3_E280_V0045_ID2_T1/S2_C3_E280_V0045_ID2_T1_c0.mp4,0.0,1.6666666666666667,vigilance,standing_head_up;none,red_deer
S2_C3_E280_V0045_ID2_T1/S2_C3_E280_V0045_ID2_T1_c1.mp4,0.0,4.2,vigilance,standing_head_down;none,red_deer
S2_C3_E280_V0045_ID2_T1/S2_C3_E280_V0045_ID2_T1_c2.mp4,0.0,2.1666666666666665,vigilance,standing_head_up;none,red_deer
S2_C3_E280_V0045_ID2_T1/S2_C3_E280_V0045_ID2_T1_c3.mp4,0.0,2.6333333333333333,unknown,unknown;none,red_deer
S2_C3_E280_V0045_ID2_T1/S2_C3_E280_V0045_ID2_T1_c4.mp4,0.0,18.433333333333334,vigilance,standing_head_up;none,red_deer
S2_C3_E280_V0045_ID2_T1/S2_C3_E280_V0045_ID2_T1_c5.mp4,0.0,3.2666666666666666,unknown,running;none,red_deer
S2_C3_E280_V0045_ID2_T1/S2_C3_E280_V0045_ID2_T1_c6.mp4,0.0,2.1,vigilance,walking;none,red_deer
S2_C3_E280_V0045_ID2_T1/S2_C3_E280_V0045_ID2_T1_c7.mp4,0.0,4.833333333333333,vigilance,standing_head_up;none,red_deer
S2_C3_E280_V0045_ID2_T1/S2_C3_E280_V0045_ID2_T1_c8.mp4,0.0,1.8666666666666667,vigilance,walking;none,red_deer
S2_C3_E280_V0045_ID3_T1/S2_C3_E280_V0045_ID3_T1_c0.mp4,0.0,0.3333333333333333,unknown,unknown;none,red_deer
S2_C3_E280_V0045_ID3_T1/S2_C3_E280_V0045_ID3_T1_c1.mp4,0.0,5.533333333333333,foraging,walking;none,red_deer
S2_C3_E280_V0045_ID3_T1/S2_C3_E280_V0045_ID3_T1_c2.mp4,0.0,7.7,vigilance,standing_head_up;none,red_deer
S2_C3_E280_V0046_ID1_T1/S2_C3_E280_V0046_ID1_T1_c0.mp4,0.0,0.36666666666666664,vigilance,standing_head_up;none,red_deer
S2_C3_E280_V0046_ID1_T1/S2_C3_E280_V0046_ID1_T1_c1.mp4,0.0,1.2,unknown,unknown;none,red_deer
S2_C3_E280_V0046_ID1_T1/S2_C3_E280_V0046_ID1_T1_c2.mp4,0.0,2.8,vigilance,standing_head_up;none,red_deer
S2_C3_E280_V0046_ID1_T1/S2_C3_E280_V0046_ID1_T1_c3.mp4,0.0,3.066666666666667,escaping,running;none,red_deer
S2_C3_E280_V0046_ID2_T1/S2_C3_E280_V0046_ID2_T1_c0.mp4,0.0,4.8,vigilance,standing_head_up;none,red_deer
S2_C3_E280_V0046_ID2_T1/S2_C3_E280_V0046_ID2_T1_c1.mp4,0.0,1.1666666666666667,foraging,standing_head_down;none,red_deer
S2_C3_E280_V0046_ID2_T1/S2_C3_E280_V0046_ID2_T1_c2.mp4,0.0,46.56666666666667,vigilance,standing_head_up;none,red_deer
S2_C3_E280_V0046_ID2_T1/S2_C3_E280_V0046_ID2_T1_c3.mp4,0.0,0.7,grooming,scratching_body;none,red_deer
S2_C3_E280_V0046_ID2_T1/S2_C3_E280_V0046_ID2_T1_c4.mp4,0.0,67.26666666666667,vigilance,standing_head_up;none,red_deer
S2_C3_E280_V0046_ID3_T1/S2_C3_E280_V0046_ID3_T1_c0.mp4,0.0,3.3666666666666667,unknown,running;none,red_deer
S2_C3_E281_V0047_ID1_T1/S2_C3_E281_V0047_ID1_T1_c0.mp4,0.0,0.8666666666666667,foraging,walking;none,red_deer
S2_C3_E281_V0047_ID1_T1/S2_C3_E281_V0047_ID1_T1_c1.mp4,0.0,2.8666666666666667,foraging,sniffing;none,red_deer
S2_C3_E281_V0047_ID1_T1/S2_C3_E281_V0047_ID1_T1_c2.mp4,0.0,1.0333333333333334,vigilance,standing_head_up;none,red_deer
S2_C3_E281_V0047_ID1_T1/S2_C3_E281_V0047_ID1_T1_c3.mp4,0.0,3.966666666666667,foraging,grazing;none,red_deer
S2_C3_E281_V0047_ID1_T1/S2_C3_E281_V0047_ID1_T1_c4.mp4,0.0,1.6333333333333333,foraging,walking;none,red_deer
S2_C3_E281_V0047_ID1_T1/S2_C3_E281_V0047_ID1_T1_c5.mp4,0.0,6.533333333333333,foraging,standing_head_down;none,red_deer
S2_C3_E281_V0047_ID1_T1/S2_C3_E281_V0047_ID1_T1_c6.mp4,0.0,3.4,foraging,walking;none,red_deer
S2_C3_E281_V0047_ID1_T1/S2_C3_E281_V0047_ID1_T1_c7.mp4,0.0,1.6333333333333333,foraging,sniffing;none,red_deer
S2_C3_E281_V0047_ID1_T1/S2_C3_E281_V0047_ID1_T1_c8.mp4,0.0,0.8333333333333334,foraging,standing_head_down;none,red_deer
S2_C3_E281_V0047_ID1_T1/S2_C3_E281_V0047_ID1_T1_c9.mp4,0.0,11.066666666666666,vigilance,standing_head_up;none,red_deer
S2_C3_E281_V0047_ID1_T1/S2_C3_E281_V0047_ID1_T1_c10.mp4,0.0,8.933333333333334,foraging,walking;none,red_deer
S2_C3_E284_V0049_ID1_T1/S2_C3_E284_V0049_ID1_T1_c0.mp4,0.0,1.2666666666666666,unknown,running;none,red_deer
S2_C3_E284_V0049_ID1_T1/S2_C3_E284_V0049_ID1_T1_c1.mp4,0.0,2.2,foraging,walking;none,red_deer
S2_C3_E284_V0049_ID1_T1/S2_C3_E284_V0049_ID1_T1_c2.mp4,0.0,3.2333333333333334,foraging,grazing;none,red_deer
S2_C3_E284_V0049_ID1_T1/S2_C3_E284_V0049_ID1_T1_c3.mp4,0.0,3.1,vigilance,standing_head_up;none,red_deer
S2_C3_E284_V0049_ID1_T1/S2_C3_E284_V0049_ID1_T1_c4.mp4,0.0,2.8333333333333335,foraging,grazing;none,red_deer
S2_C3_E284_V0049_ID1_T1/S2_C3_E284_V0049_ID1_T1_c5.mp4,0.0,6.8,foraging,standing_head_down;none,red_deer
S2_C3_E284_V0049_ID1_T1/S2_C3_E284_V0049_ID1_T1_c6.mp4,0.0,1.0666666666666667,vigilance,standing_head_up;none,red_deer
S2_C3_E284_V0050_ID1_T1/S2_C3_E284_V0050_ID1_T1_c0.mp4,0.0,1.2,foraging,walking;none,red_deer
S2_C3_E284_V0050_ID1_T1/S2_C3_E284_V0050_ID1_T1_c1.mp4,0.0,2.433333333333333,foraging,standing_head_down;none,red_deer
S2_C3_E284_V0050_ID1_T1/S2_C3_E284_V0050_ID1_T1_c2.mp4,0.0,2.466666666666667,foraging,walking;none,red_deer
S2_C3_E284_V0050_ID1_T1/S2_C3_E284_V0050_ID1_T1_c3.mp4,0.0,2.1,foraging,sniffing;none,red_deer
S2_C3_E284_V0050_ID1_T1/S2_C3_E284_V0050_ID1_T1_c4.mp4,0.0,2.933333333333333,camera_reaction,running;none,red_deer
S2_C3_E284_V0050_ID1_T1/S2_C3_E284_V0050_ID1_T1_c5.mp4,0.0,7.433333333333334,vigilance,walking;none,red_deer
S2_C3_E285_V0051_ID1_T1/S2_C3_E285_V0051_ID1_T1_c0.mp4,0.0,1.9666666666666666,unknown,running;none,red_deer
S2_C3_E285_V0051_ID1_T1/S2_C3_E285_V0051_ID1_T1_c1.mp4,0.0,2.2,vigilance,walking;none,red_deer
S2_C3_E285_V0051_ID1_T1/S2_C3_E285_V0051_ID1_T1_c2.mp4,0.0,12.733333333333333,foraging,grazing;none,red_deer
S2_C3_E285_V0051_ID1_T1/S2_C3_E285_V0051_ID1_T1_c3.mp4,0.0,8.1,foraging,walking;none,red_deer
S2_C3_E285_V0051_ID2_T1/S2_C3_E285_V0051_ID2_T1_c0.mp4,0.0,12.033333333333333,foraging,walking;none,red_deer
S2_C3_E285_V0051_ID2_T1/S2_C3_E285_V0051_ID2_T1_c1.mp4,0.0,1.6666666666666667,foraging,standing_head_down;none,red_deer
S2_C3_E285_V0051_ID2_T1/S2_C3_E285_V0051_ID2_T1_c2.mp4,0.0,1.4333333333333333,foraging,walking;none,red_deer
S2_C3_E285_V0051_ID3_T1/S2_C3_E285_V0051_ID3_T1_c0.mp4,0.0,13.366666666666667,vigilance,standing_head_up;none,red_deer
S2_C3_E285_V0051_ID3_T1/S2_C3_E285_V0051_ID3_T1_c1.mp4,0.0,2.533333333333333,vigilance,walking;none,red_deer
S2_C3_E285_V0051_ID3_T1/S2_C3_E285_V0051_ID3_T1_c2.mp4,0.0,1.8,vigilance,running;none,red_deer
S2_C3_E285_V0051_ID3_T1/S2_C3_E285_V0051_ID3_T1_c3.mp4,0.0,8.333333333333334,vigilance,walking;none,red_deer
S2_C3_E285_V0051_ID3_T1/S2_C3_E285_V0051_ID3_T1_c4.mp4,0.0,3.966666666666667,vigilance,standing_head_up;none,red_deer
S2_C3_E285_V0051_ID3_T1/S2_C3_E285_V0051_ID3_T1_c5.mp4,0.0,2.2,foraging,standing_head_down;none,red_deer
S2_C3_E285_V0051_ID3_T1/S2_C3_E285_V0051_ID3_T1_c6.mp4,0.0,1.4,foraging,walking;none,red_deer
S2_C3_E285_V0051_ID4_T1/S2_C3_E285_V0051_ID4_T1_c0.mp4,0.0,2.533333333333333,unknown,unknown;none,red_deer
S2_C3_E285_V0051_ID4_T1/S2_C3_E285_V0051_ID4_T1_c1.mp4,0.0,0.6,unknown,walking;none,red_deer
S2_C3_E285_V0051_ID4_T1/S2_C3_E285_V0051_ID4_T1_c2.mp4,0.0,4.166666666666667,unknown,unknown;none,red_deer
S2_C3_E307_V0076_ID1_T1/S2_C3_E307_V0076_ID1_T1_c0.mp4,0.0,0.8666666666666667,foraging,walking;none,red_deer
S2_C3_E307_V0076_ID1_T1/S2_C3_E307_V0076_ID1_T1_c1.mp4,0.0,3.466666666666667,vigilance,standing_head_up;none,red_deer
S2_C3_E307_V0076_ID1_T1/S2_C3_E307_V0076_ID1_T1_c2.mp4,0.0,0.5333333333333333,foraging,standing_head_down;none,red_deer
S2_C3_E307_V0076_ID1_T1/S2_C3_E307_V0076_ID1_T1_c3.mp4,0.0,0.13333333333333333,vigilance,standing_head_down;none,red_deer
S2_C3_E307_V0076_ID1_T1/S2_C3_E307_V0076_ID1_T1_c4.mp4,0.0,6.033333333333333,vigilance,walking;none,red_deer
S2_C3_E307_V0076_ID2_T1/S2_C3_E307_V0076_ID2_T1_c0.mp4,0.0,1.2,vigilance,walking;none,red_deer
S2_C3_E307_V0076_ID2_T1/S2_C3_E307_V0076_ID2_T1_c1.mp4,0.0,2.566666666666667,vigilance,running;none,red_deer
S2_C3_E307_V0076_ID2_T1/S2_C3_E307_V0076_ID2_T1_c2.mp4,0.0,1.2666666666666666,vigilance,walking;none,red_deer
S2_C3_E307_V0076_ID2_T1/S2_C3_E307_V0076_ID2_T1_c3.mp4,0.0,0.5666666666666667,foraging,walking;none,red_deer
S2_C3_E307_V0076_ID2_T1/S2_C3_E307_V0076_ID2_T1_c4.mp4,0.0,6.666666666666667,foraging,standing_head_down;none,red_deer
S2_C3_E307_V0077_ID1_T1/S2_C3_E307_V0077_ID1_T1_c0.mp4,0.0,6.166666666666667,foraging,standing_head_down;none,red_deer
S2_C3_E307_V0077_ID1_T1/S2_C3_E307_V0077_ID1_T1_c1.mp4,0.0,1.4333333333333333,foraging,standing_head_up;none,red_deer
S2_C3_E307_V0077_ID1_T1/S2_C3_E307_V0077_ID1_T1_c2.mp4,0.0,2.4,foraging,walking;none,red_deer
S2_C3_E308_V0078_ID1_T1/S2_C3_E308_V0078_ID1_T1_c0.mp4,0.0,20.5,vigilance,standing_head_up;none,red_deer
S2_C3_E308_V0079_ID1_T1/S2_C3_E308_V0079_ID1_T1_c0.mp4,0.0,3.1666666666666665,vigilance,walking;none,red_deer
S2_C3_E308_V0079_ID1_T1/S2_C3_E308_V0079_ID1_T1_c1.mp4,0.0,17.333333333333332,vigilance,standing_head_up;none,red_deer
S2_C3_E308_V0080_ID1_T1/S2_C3_E308_V0080_ID1_T1_c0.mp4,0.0,9.8,vigilance,standing_head_up;none,red_deer
S2_C3_E308_V0080_ID1_T1/S2_C3_E308_V0080_ID1_T1_c1.mp4,0.0,6.6,foraging,standing_head_down;none,red_deer
S2_C3_E308_V0080_ID1_T1/S2_C3_E308_V0080_ID1_T1_c2.mp4,0.0,4.1,vigilance,standing_head_up;none,red_deer
S2_C3_E308_V0081_ID1_T1/S2_C3_E308_V0081_ID1_T1_c0.mp4,0.0,4.733333333333333,vigilance,standing_head_up;none,red_deer
S2_C3_E308_V0081_ID1_T1/S2_C3_E308_V0081_ID1_T1_c1.mp4,0.0,1.5333333333333334,vigilance,walking;none,red_deer
S2_C3_E308_V0081_ID1_T1/S2_C3_E308_V0081_ID1_T1_c2.mp4,0.0,3.7333333333333334,unknown,unknown;none,red_deer
S2_C3_E308_V0082_ID1_T1/S2_C3_E308_V0082_ID1_T1_c0.mp4,0.0,9.333333333333334,vigilance,walking;none,red_deer
S2_C3_E308_V0082_ID1_T1/S2_C3_E308_V0082_ID1_T1_c1.mp4,0.0,5.4,vigilance,standing_head_up;none,red_deer
S2_C3_E308_V0082_ID1_T1/S2_C3_E308_V0082_ID1_T1_c2.mp4,0.0,0.9333333333333333,vigilance,walking;none,red_deer
S2_C3_E308_V0083_ID1_T1/S2_C3_E308_V0083_ID1_T1_c0.mp4,0.0,3.7333333333333334,foraging,walking;none,red_deer
S2_C3_E308_V0083_ID1_T1/S2_C3_E308_V0083_ID1_T1_c1.mp4,0.0,10.033333333333333,unknown,unknown;none,red_deer
S2_C3_E308_V0083_ID1_T1/S2_C3_E308_V0083_ID1_T1_c2.mp4,0.0,3.533333333333333,vigilance,walking;none,red_deer
S2_C3_E308_V0083_ID1_T1/S2_C3_E308_V0083_ID1_T1_c3.mp4,0.0,3.2,foraging,walking;none,red_deer
S2_C3_E311_V0084_ID1_T1/S2_C3_E311_V0084_ID1_T1_c0.mp4,0.0,1.9,foraging,walking;none,red_deer
S2_C3_E311_V0084_ID1_T1/S2_C3_E311_V0084_ID1_T1_c1.mp4,0.0,0.5666666666666667,foraging,standing_head_down;none,red_deer
S2_C3_E311_V0084_ID1_T1/S2_C3_E311_V0084_ID1_T1_c2.mp4,0.0,14.466666666666667,unknown,unknown;none,red_deer
S2_C3_E311_V0084_ID1_T1/S2_C3_E311_V0084_ID1_T1_c3.mp4,0.0,0.4,vigilance,standing_head_up;none,red_deer
S2_C3_E311_V0084_ID1_T1/S2_C3_E311_V0084_ID1_T1_c4.mp4,0.0,3.1666666666666665,grooming,scratching_body;none,red_deer
S2_C3_E312_V0085_ID1_T1/S2_C3_E312_V0085_ID1_T1_c0.mp4,0.0,2.1666666666666665,unknown,running;none,red_deer
S2_C3_E313_V0086_ID1_T1/S2_C3_E313_V0086_ID1_T1_c0.mp4,0.0,5.4,foraging,walking;none,red_deer
S2_C3_E313_V0086_ID2_T1/S2_C3_E313_V0086_ID2_T1_c0.mp4,0.0,4.933333333333334,vigilance,standing_head_up;none,red_deer
S2_C3_E313_V0086_ID2_T1/S2_C3_E313_V0086_ID2_T1_c1.mp4,0.0,8.833333333333334,foraging,walking;none,red_deer
S2_C3_E313_V0086_ID2_T1/S2_C3_E313_V0086_ID2_T1_c2.mp4,0.0,2.566666666666667,foraging,standing_head_down;none,red_deer
S2_C3_E313_V0086_ID2_T1/S2_C3_E313_V0086_ID2_T1_c3.mp4,0.0,3.933333333333333,foraging,standing_head_up;none,red_deer
S2_C3_E313_V0086_ID2_T1/S2_C3_E313_V0086_ID2_T1_c4.mp4,0.0,3.6333333333333333,foraging,standing_head_down;none,red_deer
S2_C3_E313_V0086_ID2_T1/S2_C3_E313_V0086_ID2_T1_c5.mp4,0.0,8.2,foraging,grazing;none,red_deer
S2_C3_E313_V0086_ID2_T1/S2_C3_E313_V0086_ID2_T1_c6.mp4,0.0,0.8666666666666667,foraging,standing_head_down;none,red_deer
S2_C3_E313_V0086_ID2_T1/S2_C3_E313_V0086_ID2_T1_c7.mp4,0.0,0.7333333333333333,foraging,walking;none,red_deer
S2_C3_E313_V0086_ID2_T1/S2_C3_E313_V0086_ID2_T1_c8.mp4,0.0,1.3666666666666667,foraging,standing_head_down;none,red_deer
S2_C3_E313_V0086_ID2_T1/S2_C3_E313_V0086_ID2_T1_c9.mp4,0.0,4.433333333333334,foraging,walking;none,red_deer
S2_C3_E313_V0086_ID2_T1/S2_C3_E313_V0086_ID2_T1_c10.mp4,0.0,10.533333333333333,foraging,sniffing;none,red_deer
S2_C3_E313_V0086_ID2_T1/S2_C3_E313_V0086_ID2_T1_c11.mp4,0.0,6.2,foraging,walking;none,red_deer
S2_C3_E313_V0086_ID3_T1/S2_C3_E313_V0086_ID3_T1_c0.mp4,0.0,1.5,vigilance,standing_head_up;none,red_deer
S2_C3_E313_V0086_ID3_T1/S2_C3_E313_V0086_ID3_T1_c1.mp4,0.0,0.5,foraging,standing_head_down;none,red_deer
S2_C3_E313_V0086_ID3_T1/S2_C3_E313_V0086_ID3_T1_c2.mp4,0.0,17.833333333333332,foraging,grazing;none,red_deer
S2_C3_E313_V0086_ID3_T1/S2_C3_E313_V0086_ID3_T1_c3.mp4,0.0,13.8,foraging,walking;none,red_deer
S2_C3_E313_V0086_ID3_T1/S2_C3_E313_V0086_ID3_T1_c4.mp4,0.0,5.966666666666667,foraging,sniffing;none,red_deer
S2_C3_E313_V0086_ID3_T1/S2_C3_E313_V0086_ID3_T1_c5.mp4,0.0,0.9333333333333333,foraging,standing_head_down;none,red_deer
S2_C3_E313_V0086_ID3_T1/S2_C3_E313_V0086_ID3_T1_c6.mp4,0.0,10.466666666666667,foraging,walking;none,red_deer
S2_C3_E324_V0092_ID1_T1/S2_C3_E324_V0092_ID1_T1_c0.mp4,0.0,2.933333333333333,vigilance,standing_head_up;none,fox
S2_C3_E324_V0092_ID1_T1/S2_C3_E324_V0092_ID1_T1_c1.mp4,0.0,1.0,foraging,running;none,fox
S2_C3_E327_V0095_ID1_T1/S2_C3_E327_V0095_ID1_T1_c0.mp4,0.0,0.7,vigilance,standing_head_up;sniffing,fox
S2_C3_E327_V0095_ID1_T1/S2_C3_E327_V0095_ID1_T1_c1.mp4,0.0,2.5,foraging,walking;none,fox
S2_C3_E327_V0095_ID1_T1/S2_C3_E327_V0095_ID1_T1_c2.mp4,0.0,0.2,vigilance,standing_head_up;none,fox
S2_C3_E327_V0095_ID1_T1/S2_C3_E327_V0095_ID1_T1_c3.mp4,0.0,2.3333333333333335,foraging,walking;none,fox
S2_C3_E327_V0095_ID1_T1/S2_C3_E327_V0095_ID1_T1_c4.mp4,0.0,2.8666666666666667,vigilance,standing_head_up;none,fox
S2_C3_E327_V0095_ID1_T1/S2_C3_E327_V0095_ID1_T1_c5.mp4,0.0,0.9666666666666667,foraging,walking;none,fox
S2_C3_E327_V0095_ID1_T1/S2_C3_E327_V0095_ID1_T1_c6.mp4,0.0,2.433333333333333,vigilance,standing_head_up;sniffing,fox
S2_C3_E327_V0095_ID1_T1/S2_C3_E327_V0095_ID1_T1_c7.mp4,0.0,1.8333333333333333,foraging,walking;none,fox
S2_C3_E334_V0099_ID1_T1/S2_C3_E334_V0099_ID1_T1_c0.mp4,0.0,4.233333333333333,vigilance,walking;none,red_deer
S2_C3_E334_V0099_ID1_T1/S2_C3_E334_V0099_ID1_T1_c1.mp4,0.0,2.9,vigilance,standing_head_up;none,red_deer
S2_C3_E334_V0099_ID1_T1/S2_C3_E334_V0099_ID1_T1_c2.mp4,0.0,8.333333333333334,vigilance,walking;none,red_deer
S2_C3_E334_V0099_ID1_T1/S2_C3_E334_V0099_ID1_T1_c3.mp4,0.0,5.033333333333333,foraging,walking;none,red_deer
S2_C3_E339_V0102_ID1_T1/S2_C3_E339_V0102_ID1_T1_c0.mp4,0.0,8.366666666666667,foraging,walking;none,red_deer
S2_C3_E339_V0102_ID1_T1/S2_C3_E339_V0102_ID1_T1_c1.mp4,0.0,6.233333333333333,unknown,unknown;none,red_deer
S2_C3_E339_V0102_ID1_T1/S2_C3_E339_V0102_ID1_T1_c2.mp4,0.0,5.0,unknown,running;none,red_deer
S2_C3_E339_V0102_ID2_T1/S2_C3_E339_V0102_ID2_T1_c0.mp4,0.0,7.666666666666667,foraging,walking;none,red_deer
S2_C3_E339_V0102_ID2_T1/S2_C3_E339_V0102_ID2_T1_c1.mp4,0.0,6.1,unknown,unknown;none,red_deer
S2_C3_E339_V0102_ID2_T1/S2_C3_E339_V0102_ID2_T1_c2.mp4,0.0,5.1,unknown,running;none,red_deer
S2_C3_E339_V0102_ID3_T1/S2_C3_E339_V0102_ID3_T1_c0.mp4,0.0,6.833333333333333,foraging,walking;none,red_deer
S2_C3_E339_V0103_ID1_T1/S2_C3_E339_V0103_ID1_T1_c0.mp4,0.0,3.4,unknown,running;none,red_deer
S2_C3_E343_V0107_ID1_T1/S2_C3_E343_V0107_ID1_T1_c0.mp4,0.0,13.166666666666666,foraging,walking;none,red_deer
S2_C3_E343_V0107_ID1_T1/S2_C3_E343_V0107_ID1_T1_c1.mp4,0.0,1.5666666666666667,vigilance,standing_head_up;none,red_deer
S2_C3_E343_V0107_ID1_T1/S2_C3_E343_V0107_ID1_T1_c2.mp4,0.0,4.066666666666666,escaping,running;none,red_deer
S2_C3_E344_V0108_ID1_T1/S2_C3_E344_V0108_ID1_T1_c0.mp4,0.0,3.9,foraging,walking;none,red_deer
S2_C3_E344_V0108_ID1_T1/S2_C3_E344_V0108_ID1_T1_c1.mp4,0.0,0.8333333333333334,vigilance,standing_head_up;none,red_deer
S2_C3_E344_V0108_ID1_T1/S2_C3_E344_V0108_ID1_T1_c2.mp4,0.0,3.9,vigilance,walking;none,red_deer
S2_C3_E344_V0108_ID1_T1/S2_C3_E344_V0108_ID1_T1_c3.mp4,0.0,5.7,vigilance,standing_head_up;none,red_deer
S2_C3_E344_V0108_ID1_T1/S2_C3_E344_V0108_ID1_T1_c4.mp4,0.0,1.8333333333333333,foraging,standing_head_down;none,red_deer
S2_C3_E344_V0108_ID1_T1/S2_C3_E344_V0108_ID1_T1_c5.mp4,0.0,4.333333333333333,foraging,walking;none,red_deer
S2_C3_E344_V0109_ID1_T1/S2_C3_E344_V0109_ID1_T1_c0.mp4,0.0,8.633333333333333,foraging,walking;none,red_deer
S2_C3_E344_V0109_ID1_T1/S2_C3_E344_V0109_ID1_T1_c1.mp4,0.0,2.566666666666667,vigilance,standing_head_down;none,red_deer
S2_C3_E344_V0109_ID1_T1/S2_C3_E344_V0109_ID1_T1_c2.mp4,0.0,0.4666666666666667,foraging,walking;none,red_deer
S2_C3_E349_V0111_ID1_T1/S2_C3_E349_V0111_ID1_T1_c0.mp4,0.0,6.7,foraging,walking;none,red_deer
S2_C3_E349_V0111_ID1_T1/S2_C3_E349_V0111_ID1_T1_c1.mp4,0.0,6.233333333333333,vigilance,walking;none,red_deer
S2_C3_E349_V0111_ID1_T1/S2_C3_E349_V0111_ID1_T1_c2.mp4,0.0,6.7,vigilance,standing_head_up;none,red_deer
S2_C3_E349_V0111_ID1_T1/S2_C3_E349_V0111_ID1_T1_c3.mp4,0.0,0.8666666666666667,escaping,running;none,red_deer
S2_C3_E350_V0112_ID1_T1/S2_C3_E350_V0112_ID1_T1_c0.mp4,0.0,7.5,foraging,walking;none,red_deer
S2_C3_E350_V0112_ID1_T1/S2_C3_E350_V0112_ID1_T1_c1.mp4,0.0,5.466666666666667,vigilance,walking;none,red_deer
S2_C3_E350_V0112_ID1_T1/S2_C3_E350_V0112_ID1_T1_c2.mp4,0.0,2.5,foraging,standing_head_down;none,red_deer
S2_C3_E350_V0112_ID1_T1/S2_C3_E350_V0112_ID1_T1_c3.mp4,0.0,2.7,vigilance,walking;none,red_deer
S2_C3_E350_V0112_ID1_T1/S2_C3_E350_V0112_ID1_T1_c4.mp4,0.0,2.3333333333333335,vigilance,standing_head_up;none,red_deer
S2_C3_E350_V0113_ID1_T1/S2_C3_E350_V0113_ID1_T1_c0.mp4,0.0,4.566666666666666,vigilance,walking;none,red_deer
S2_C3_E350_V0113_ID1_T1/S2_C3_E350_V0113_ID1_T1_c1.mp4,0.0,5.166666666666667,vigilance,standing_head_up;none,red_deer
S2_C3_E350_V0113_ID1_T1/S2_C3_E350_V0113_ID1_T1_c2.mp4,0.0,1.0666666666666667,foraging,standing_head_down;none,red_deer
S2_C3_E350_V0113_ID1_T1/S2_C3_E350_V0113_ID1_T1_c3.mp4,0.0,1.3666666666666667,foraging,walking;none,red_deer
S2_C3_E350_V0113_ID1_T1/S2_C3_E350_V0113_ID1_T1_c4.mp4,0.0,1.3333333333333333,foraging,standing_head_down;none,red_deer
S2_C3_E350_V0113_ID1_T1/S2_C3_E350_V0113_ID1_T1_c5.mp4,0.0,7.0,foraging,walking;none,red_deer
S2_C3_E365_V0115_ID1_T1/S2_C3_E365_V0115_ID1_T1_c0.mp4,0.0,1.0666666666666667,foraging,walking;none,red_deer
S2_C3_E365_V0115_ID1_T1/S2_C3_E365_V0115_ID1_T1_c1.mp4,0.0,13.9,foraging,sniffing;none,red_deer
S2_C3_E365_V0115_ID1_T1/S2_C3_E365_V0115_ID1_T1_c2.mp4,0.0,1.2666666666666666,foraging,standing_head_down;none,red_deer
S2_C3_E365_V0115_ID1_T1/S2_C3_E365_V0115_ID1_T1_c3.mp4,0.0,28.2,foraging,sniffing;none,red_deer
S2_C3_E365_V0115_ID1_T1/S2_C3_E365_V0115_ID1_T1_c4.mp4,0.0,7.166666666666667,foraging,standing_head_down;none,red_deer
S2_C3_E365_V0115_ID1_T1/S2_C3_E365_V0115_ID1_T1_c5.mp4,0.0,4.5,foraging,walking;none,red_deer
S2_C3_E365_V0115_ID1_T1/S2_C3_E365_V0115_ID1_T1_c6.mp4,0.0,13.7,foraging,sniffing;none,red_deer
S2_C3_E365_V0115_ID1_T1/S2_C3_E365_V0115_ID1_T1_c7.mp4,0.0,4.066666666666666,foraging,standing_head_down;none,red_deer
S2_C3_E365_V0115_ID1_T1/S2_C3_E365_V0115_ID1_T1_c8.mp4,0.0,7.1,grooming,scratching_body;none,red_deer
S2_C3_E365_V0115_ID1_T1/S2_C3_E365_V0115_ID1_T1_c9.mp4,0.0,1.8666666666666667,foraging,standing_head_down;none,red_deer
S2_C3_E365_V0115_ID1_T1/S2_C3_E365_V0115_ID1_T1_c10.mp4,0.0,10.5,foraging,walking;none,red_deer
S2_C3_E365_V0115_ID1_T1/S2_C3_E365_V0115_ID1_T1_c11.mp4,0.0,2.6666666666666665,foraging,standing_head_down;none,red_deer
S2_C3_E365_V0115_ID1_T1/S2_C3_E365_V0115_ID1_T1_c12.mp4,0.0,2.466666666666667,foraging,walking;none,red_deer
S2_C3_E365_V0115_ID1_T1/S2_C3_E365_V0115_ID1_T1_c13.mp4,0.0,5.066666666666666,foraging,standing_head_down;none,red_deer
S2_C3_E365_V0115_ID1_T1/S2_C3_E365_V0115_ID1_T1_c14.mp4,0.0,2.466666666666667,foraging,walking;none,red_deer
S2_C3_E365_V0115_ID1_T1/S2_C3_E365_V0115_ID1_T1_c15.mp4,0.0,11.4,foraging,standing_head_down;none,red_deer
S2_C3_E365_V0115_ID1_T1/S2_C3_E365_V0115_ID1_T1_c16.mp4,0.0,3.066666666666667,foraging,walking;none,red_deer
S2_C3_E365_V0116_ID1_T1/S2_C3_E365_V0116_ID1_T1_c0.mp4,0.0,1.2666666666666666,foraging,sniffing;none,red_deer
S2_C3_E365_V0116_ID1_T1/S2_C3_E365_V0116_ID1_T1_c1.mp4,0.0,19.4,vigilance,standing_head_up;none,red_deer
S2_C3_E365_V0116_ID1_T1/S2_C3_E365_V0116_ID1_T1_c2.mp4,0.0,5.133333333333334,vigilance,walking;none,red_deer
S2_C3_E365_V0116_ID1_T1/S2_C3_E365_V0116_ID1_T1_c3.mp4,0.0,0.8,vigilance,standing_head_down;none,red_deer
S2_C3_E365_V0116_ID1_T1/S2_C3_E365_V0116_ID1_T1_c4.mp4,0.0,3.4,vigilance,standing_head_up;none,red_deer
S2_C3_E365_V0116_ID1_T1/S2_C3_E365_V0116_ID1_T1_c5.mp4,0.0,2.3,vigilance,walking;none,red_deer
S2_C3_E366_V0117_ID1_T1/S2_C3_E366_V0117_ID1_T1_c0.mp4,0.0,2.2333333333333334,vigilance,walking;none,red_deer
S2_C3_E366_V0117_ID1_T1/S2_C3_E366_V0117_ID1_T1_c1.mp4,0.0,2.3333333333333335,vigilance,running;none,red_deer
S2_C3_E366_V0117_ID1_T1/S2_C3_E366_V0117_ID1_T1_c2.mp4,0.0,2.0,vigilance,standing_head_up;none,red_deer
S2_C3_E366_V0117_ID1_T1/S2_C3_E366_V0117_ID1_T1_c3.mp4,0.0,2.0,unknown,running;none,red_deer
S2_C3_E367_V0118_ID1_T1/S2_C3_E367_V0118_ID1_T1_c0.mp4,0.0,3.0,vigilance,walking;none,red_deer
S2_C3_E367_V0118_ID1_T1/S2_C3_E367_V0118_ID1_T1_c1.mp4,0.0,3.933333333333333,unknown,unknown;none,red_deer
S2_C3_E371_V0119_ID1_T1/S2_C3_E371_V0119_ID1_T1_c0.mp4,0.0,1.4,foraging,walking;none,red_deer
S2_C3_E374_V0121_ID1_T1/S2_C3_E374_V0121_ID1_T1_c0.mp4,0.0,0.8333333333333334,vigilance,walking;none,red_deer
S2_C3_E374_V0121_ID1_T1/S2_C3_E374_V0121_ID1_T1_c1.mp4,0.0,4.266666666666667,vigilance,standing_head_up;none,red_deer
S2_C3_E374_V0121_ID1_T1/S2_C3_E374_V0121_ID1_T1_c2.mp4,0.0,7.4,vigilance,walking;none,red_deer
S2_C3_E374_V0121_ID1_T1/S2_C3_E374_V0121_ID1_T1_c3.mp4,0.0,3.7666666666666666,vigilance,standing_head_up;none,red_deer
S2_C3_E374_V0121_ID1_T1/S2_C3_E374_V0121_ID1_T1_c4.mp4,0.0,1.7,vigilance,walking;none,red_deer
S2_C3_E374_V0121_ID1_T1/S2_C3_E374_V0121_ID1_T1_c5.mp4,0.0,1.4,vigilance,standing_head_up;none,red_deer
S2_C3_E374_V0121_ID1_T1/S2_C3_E374_V0121_ID1_T1_c6.mp4,0.0,1.1333333333333333,vigilance,walking;none,red_deer
S2_C3_E374_V0121_ID2_T1/S2_C3_E374_V0121_ID2_T1_c0.mp4,0.0,3.533333333333333,foraging,walking;none,red_deer
S2_C3_E374_V0121_ID2_T1/S2_C3_E374_V0121_ID2_T1_c1.mp4,0.0,5.533333333333333,foraging,grazing;none,red_deer
S2_C3_E374_V0121_ID2_T1/S2_C3_E374_V0121_ID2_T1_c2.mp4,0.0,2.5,foraging,walking;none,red_deer
S2_C3_E374_V0121_ID2_T1/S2_C3_E374_V0121_ID2_T1_c3.mp4,0.0,2.6333333333333333,unknown,running;none,red_deer
S2_C3_E374_V0121_ID3_T1/S2_C3_E374_V0121_ID3_T1_c0.mp4,0.0,10.9,foraging,walking;none,red_deer
S2_C3_E374_V0121_ID3_T1/S2_C3_E374_V0121_ID3_T1_c1.mp4,0.0,2.6333333333333333,foraging,standing_head_down;none,red_deer
S2_C3_E374_V0121_ID3_T1/S2_C3_E374_V0121_ID3_T1_c2.mp4,0.0,0.9333333333333333,foraging,walking;none,red_deer
S2_C3_E374_V0122_ID1_T1/S2_C3_E374_V0122_ID1_T1_c0.mp4,0.0,6.8,foraging,walking;none,red_deer
S2_C3_E374_V0122_ID2_T1/S2_C3_E374_V0122_ID2_T1_c0.mp4,0.0,3.1,foraging,walking;none,red_deer
S2_C3_E375_V0123_ID1_T1/S2_C3_E375_V0123_ID1_T1_c0.mp4,0.0,1.4333333333333333,unknown,running;none,red_deer
S2_C3_E376_V0124_ID1_T1/S2_C3_E376_V0124_ID1_T1_c0.mp4,0.0,11.233333333333333,vigilance,walking;none,red_deer
S2_C3_E388_V0127_ID1_T1/S2_C3_E388_V0127_ID1_T1_c0.mp4,0.0,14.866666666666667,foraging,walking;none,red_deer
S2_C3_E393_V0129_ID1_T1/S2_C3_E393_V0129_ID1_T1_c0.mp4,0.0,3.8333333333333335,unknown,running;none,red_deer
S2_C3_E393_V0129_ID1_T1/S2_C3_E393_V0129_ID1_T1_c1.mp4,0.0,3.466666666666667,unknown,walking;none,red_deer
S2_C3_E393_V0129_ID1_T1/S2_C3_E393_V0129_ID1_T1_c2.mp4,0.0,4.8,unknown,running;none,red_deer
S2_C3_E393_V0129_ID2_T1/S2_C3_E393_V0129_ID2_T1_c0.mp4,0.0,6.2,unknown,running;none,red_deer
S2_C3_E393_V0129_ID2_T1/S2_C3_E393_V0129_ID2_T1_c1.mp4,0.0,3.3666666666666667,unknown,walking;none,red_deer
S2_C3_E393_V0129_ID2_T1/S2_C3_E393_V0129_ID2_T1_c2.mp4,0.0,5.433333333333334,unknown,unknown;none,red_deer
S2_C3_E394_V0130_ID1_T1/S2_C3_E394_V0130_ID1_T1_c0.mp4,0.0,1.6,escaping,running;none,red_deer
S2_C3_E394_V0130_ID2_T1/S2_C3_E394_V0130_ID2_T1_c0.mp4,0.0,1.1666666666666667,chasing,running;none,wolf
S2_C3_E394_V0131_ID1_T1/S2_C3_E394_V0131_ID1_T1_c0.mp4,0.0,4.133333333333334,chasing,running;none,wolf
