file_id,site_id,cam_id,video_id,event_id,duration,fps,resolution,date_time,file_path,in_B1,in_B2
S1_C1_E103_V0253,S1,C1,V0253,E103,20.5,30.0,1920x1080,2023-09-09 23:22:52,S1/C1/S1_C1_E103_V0253.mp4,True,True
S1_C1_E103_V0254,S1,C1,V0254,E103,20.5,30.0,1920x1080,2023-09-09 23:23:16,S1/C1/S1_C1_E103_V0254.mp4,True,True
S1_C1_E103_V0255,S1,C1,V0255,E103,11.5,30.0,1920x1080,2023-09-09 23:23:32,S1/C1/S1_C1_E103_V0255.mp4,True,True
S1_C1_E103_V0256,S1,C1,V0256,E103,4.0,30.0,1920x1080,2023-09-09 23:23:38,S1/C1/S1_C1_E103_V0256.mp4,True,True
S1_C1_E103_V0257,S1,C1,V0257,E103,8.0,30.0,1920x1080,2023-09-09 23:23:54,S1/C1/S1_C1_E103_V0257.mp4,True,True
S1_C1_E103_V0258,S1,C1,V0258,E103,6.0,30.0,1920x1080,2023-09-09 23:24:06,S1/C1/S1_C1_E103_V0258.mp4,True,True
S1_C1_E103_V0259,S1,C1,V0259,E103,5.0,30.0,1920x1080,2023-09-09 23:24:16,S1/C1/S1_C1_E103_V0259.mp4,True,True
S1_C1_E103_V0260,S1,C1,V0260,E103,4.0,30.0,1920x1080,2023-09-09 23:24:24,S1/C1/S1_C1_E103_V0260.mp4,True,True
S1_C1_E103_V0261,S1,C1,V0261,E103,4.0,30.0,1920x1080,2023-09-09 23:24:32,S1/C1/S1_C1_E103_V0261.mp4,True,True
S1_C1_E104_V0262,S1,C1,V0262,E104,20.5,30.0,1920x1080,2023-09-10 01:27:48,S1/C1/S1_C1_E104_V0262.mp4,True,True
S1_C1_E104_V0263,S1,C1,V0263,E104,11.5,30.0,1920x1080,2023-09-10 01:28:30,S1/C1/S1_C1_E104_V0263.mp4,True,True
S1_C1_E104_V0264,S1,C1,V0264,E104,6.0,30.0,1920x1080,2023-09-10 01:28:46,S1/C1/S1_C1_E104_V0264.mp4,True,True
S1_C1_E104_V0265,S1,C1,V0265,E104,1.5,30.0,1920x1080,2023-09-10 01:28:50,S1/C1/S1_C1_E104_V0265.mp4,True,True
S1_C1_E104_V0266,S1,C1,V0266,E104,3.0,30.0,1920x1080,2023-09-10 01:28:58,S1/C1/S1_C1_E104_V0266.mp4,True,True
S1_C1_E104_V0267,S1,C1,V0267,E104,2.0,30.0,1920x1080,2023-09-10 01:29:02,S1/C1/S1_C1_E104_V0267.mp4,True,True
S1_C1_E104_V0268,S1,C1,V0268,E104,3.0,30.0,1920x1080,2023-09-10 01:29:12,S1/C1/S1_C1_E104_V0268.mp4,True,True
S1_C1_E104_V0269,S1,C1,V0269,E104,2.5,30.0,1920x1080,2023-09-10 01:29:18,S1/C1/S1_C1_E104_V0269.mp4,True,True
S1_C1_E104_V0270,S1,C1,V0270,E104,2.5,30.0,1920x1080,2023-09-10 01:29:26,S1/C1/S1_C1_E104_V0270.mp4,True,True
S1_C1_E104_V0271,S1,C1,V0271,E104,2.0,30.0,1920x1080,2023-09-10 01:29:30,S1/C1/S1_C1_E104_V0271.mp4,True,True
S1_C1_E104_V0272,S1,C1,V0272,E104,1.5,30.0,1920x1080,2023-09-10 01:29:33,S1/C1/S1_C1_E104_V0272.mp4,True,True
S1_C1_E104_V0273,S1,C1,V0273,E104,1.5,30.0,1920x1080,2023-09-10 01:29:36,S1/C1/S1_C1_E104_V0273.mp4,True,True
S1_C1_E104_V0274,S1,C1,V0274,E104,2.5,30.0,1920x1080,2023-09-10 01:29:46,S1/C1/S1_C1_E104_V0274.mp4,True,True
S1_C1_E104_V0275,S1,C1,V0275,E104,1.5,30.0,1920x1080,2023-09-10 01:29:48,S1/C1/S1_C1_E104_V0275.mp4,True,True
S1_C1_E104_V0276,S1,C1,V0276,E104,7.0,30.0,1920x1080,2023-09-10 01:31:02,S1/C1/S1_C1_E104_V0276.mp4,True,True
S1_C1_E104_V0277,S1,C1,V0277,E104,6.0,30.0,1920x1080,2023-09-10 01:31:44,S1/C1/S1_C1_E104_V0277.mp4,True,True
S1_C1_E104_V0278,S1,C1,V0278,E104,3.0,30.0,1920x1080,2023-09-10 01:31:54,S1/C1/S1_C1_E104_V0278.mp4,True,True
S1_C1_E104_V0279,S1,C1,V0279,E104,4.0,30.0,1920x1080,2023-09-10 01:32:12,S1/C1/S1_C1_E104_V0279.mp4,True,True
S1_C1_E104_V0280,S1,C1,V0280,E104,1.5,30.0,1920x1080,2023-09-10 01:32:18,S1/C1/S1_C1_E104_V0280.mp4,True,True
S1_C1_E104_V0281,S1,C1,V0281,E104,4.0,30.0,1920x1080,2023-09-10 01:32:38,S1/C1/S1_C1_E104_V0281.mp4,True,True
S1_C1_E104_V0282,S1,C1,V0282,E104,4.0,30.0,1920x1080,2023-09-10 01:33:02,S1/C1/S1_C1_E104_V0282.mp4,True,True
S1_C1_E104_V0283,S1,C1,V0283,E104,3.0,30.0,1920x1080,2023-09-10 01:33:18,S1/C1/S1_C1_E104_V0283.mp4,True,True
S1_C1_E104_V0284,S1,C1,V0284,E104,6.0,30.0,1920x1080,2023-09-10 01:34:36,S1/C1/S1_C1_E104_V0284.mp4,True,True
S1_C1_E105_V0285,S1,C1,V0285,E105,10.5,30.0,1920x1080,2023-09-10 01:41:00,S1/C1/S1_C1_E105_V0285.mp4,True,True
S1_C1_E105_V0286,S1,C1,V0286,E105,9.0,30.0,1920x1080,2023-09-10 01:44:20,S1/C1/S1_C1_E105_V0286.mp4,True,True
S1_C1_E105_V0287,S1,C1,V0287,E105,8.5,30.0,1920x1080,2023-09-10 01:46:40,S1/C1/S1_C1_E105_V0287.mp4,True,True
S1_C1_E105_V0288,S1,C1,V0288,E105,5.5,30.0,1920x1080,2023-09-10 01:47:12,S1/C1/S1_C1_E105_V0288.mp4,True,True
S1_C1_E105_V0289,S1,C1,V0289,E105,8.0,30.0,1920x1080,2023-09-10 01:51:10,S1/C1/S1_C1_E105_V0289.mp4,True,True
S1_C1_E105_V0290,S1,C1,V0290,E105,9.0,30.0,1920x1080,2023-09-10 01:57:54,S1/C1/S1_C1_E105_V0290.mp4,True,True
S1_C1_E105_V0291,S1,C1,V0291,E105,6.5,30.0,1920x1080,2023-09-10 01:58:58,S1/C1/S1_C1_E105_V0291.mp4,True,True
S1_C1_E105_V0292,S1,C1,V0292,E105,1.5,30.0,1920x1080,2023-09-10 01:59:02,S1/C1/S1_C1_E105_V0292.mp4,True,True
S1_C1_E105_V0293,S1,C1,V0293,E105,3.0,30.0,1920x1080,2023-09-10 01:59:14,S1/C1/S1_C1_E105_V0293.mp4,True,True
S1_C1_E105_V0294,S1,C1,V0294,E105,3.5,30.0,1920x1080,2023-09-10 01:59:32,S1/C1/S1_C1_E105_V0294.mp4,True,True
S1_C1_E105_V0295,S1,C1,V0295,E105,6.0,30.0,1920x1080,2023-09-10 02:01:26,S1/C1/S1_C1_E105_V0295.mp4,True,True
S1_C1_E105_V0296,S1,C1,V0296,E105,5.5,30.0,1920x1080,2023-09-10 02:02:46,S1/C1/S1_C1_E105_V0296.mp4,True,True
S1_C1_E105_V0297,S1,C1,V0297,E105,2.5,30.0,1920x1080,2023-09-10 02:02:52,S1/C1/S1_C1_E105_V0297.mp4,True,True
S1_C1_E105_V0298,S1,C1,V0298,E105,4.0,30.0,1920x1080,2023-09-10 02:03:30,S1/C1/S1_C1_E105_V0298.mp4,True,True
S1_C1_E105_V0299,S1,C1,V0299,E105,4.0,30.0,1920x1080,2023-09-10 02:04:20,S1/C1/S1_C1_E105_V0299.mp4,True,True
S1_C1_E105_V0300,S1,C1,V0300,E105,3.0,30.0,1920x1080,2023-09-10 02:04:38,S1/C1/S1_C1_E105_V0300.mp4,True,True
S1_C1_E105_V0301,S1,C1,V0301,E105,1.5,30.0,1920x1080,2023-09-10 02:04:42,S1/C1/S1_C1_E105_V0301.mp4,True,True
S1_C1_E105_V0302,S1,C1,V0302,E105,1.5,30.0,1920x1080,2023-09-10 02:04:46,S1/C1/S1_C1_E105_V0302.mp4,True,True
S1_C1_E105_V0303,S1,C1,V0303,E105,3.0,30.0,1920x1080,2023-09-10 02:05:20,S1/C1/S1_C1_E105_V0303.mp4,True,True
S1_C1_E105_V0304,S1,C1,V0304,E105,2.5,30.0,1920x1080,2023-09-10 02:05:32,S1/C1/S1_C1_E105_V0304.mp4,True,True
S1_C1_E105_V0305,S1,C1,V0305,E105,3.0,30.0,1920x1080,2023-09-10 02:06:08,S1/C1/S1_C1_E105_V0305.mp4,True,True
S1_C1_E105_V0306,S1,C1,V0306,E105,3.0,30.0,1920x1080,2023-09-10 02:06:52,S1/C1/S1_C1_E105_V0306.mp4,True,True
S1_C1_E105_V0307,S1,C1,V0307,E105,2.5,30.0,1920x1080,2023-09-10 02:07:08,S1/C1/S1_C1_E105_V0307.mp4,True,True
S1_C1_E105_V0308,S1,C1,V0308,E105,2.5,30.0,1920x1080,2023-09-10 02:07:28,S1/C1/S1_C1_E105_V0308.mp4,True,True
S1_C1_E105_V0309,S1,C1,V0309,E105,1.5,30.0,1920x1080,2023-09-10 02:07:33,S1/C1/S1_C1_E105_V0309.mp4,True,True
S1_C1_E105_V0310,S1,C1,V0310,E105,4.0,30.0,1920x1080,2023-09-10 02:08:52,S1/C1/S1_C1_E105_V0310.mp4,True,True
S1_C1_E106_V0311,S1,C1,V0311,E106,6.0,30.0,1920x1080,2023-09-10 02:14:50,S1/C1/S1_C1_E106_V0311.mp4,True,True
S1_C1_E106_V0312,S1,C1,V0312,E106,1.5,30.0,1920x1080,2023-09-10 02:14:54,S1/C1/S1_C1_E106_V0312.mp4,True,True
S1_C1_E106_V0313,S1,C1,V0313,E106,1.5,30.0,1920x1080,2023-09-10 02:14:56,S1/C1/S1_C1_E106_V0313.mp4,True,True
S1_C1_E106_V0314,S1,C1,V0314,E106,1.5,30.0,1920x1080,2023-09-10 02:14:58,S1/C1/S1_C1_E106_V0314.mp4,True,True
S1_C1_E106_V0315,S1,C1,V0315,E106,2.0,30.0,1920x1080,2023-09-10 02:15:06,S1/C1/S1_C1_E106_V0315.mp4,True,True
S1_C1_E106_V0316,S1,C1,V0316,E106,2.0,30.0,1920x1080,2023-09-10 02:15:16,S1/C1/S1_C1_E106_V0316.mp4,True,True
S1_C1_E106_V0317,S1,C1,V0317,E106,1.0,30.0,1920x1080,2023-09-10 02:15:18,S1/C1/S1_C1_E106_V0317.mp4,True,True
S1_C1_E106_V0318,S1,C1,V0318,E106,1.0,30.0,1920x1080,2023-09-10 02:15:20,S1/C1/S1_C1_E106_V0318.mp4,True,True
S1_C1_E106_V0319,S1,C1,V0319,E106,1.0,30.0,1920x1080,2023-09-10 02:15:22,S1/C1/S1_C1_E106_V0319.mp4,True,True
S1_C1_E106_V0320,S1,C1,V0320,E106,1.0,30.0,1920x1080,2023-09-10 02:15:26,S1/C1/S1_C1_E106_V0320.mp4,True,True
S1_C1_E106_V0321,S1,C1,V0321,E106,1.0,30.0,1920x1080,2023-09-10 02:15:30,S1/C1/S1_C1_E106_V0321.mp4,True,True
S1_C1_E106_V0322,S1,C1,V0322,E106,3.0,30.0,1920x1080,2023-09-10 02:16:14,S1/C1/S1_C1_E106_V0322.mp4,True,True
S1_C1_E106_V0323,S1,C1,V0323,E106,1.5,30.0,1920x1080,2023-09-10 02:16:20,S1/C1/S1_C1_E106_V0323.mp4,True,True
S1_C1_E106_V0324,S1,C1,V0324,E106,3.0,30.0,1920x1080,2023-09-10 02:17:06,S1/C1/S1_C1_E106_V0324.mp4,True,True
S1_C1_E106_V0325,S1,C1,V0325,E106,3.0,30.0,1920x1080,2023-09-10 02:17:40,S1/C1/S1_C1_E106_V0325.mp4,True,True
S1_C1_E106_V0326,S1,C1,V0326,E106,2.5,30.0,1920x1080,2023-09-10 02:17:58,S1/C1/S1_C1_E106_V0326.mp4,True,True
S1_C1_E107_V0327,S1,C1,V0327,E107,6.0,30.0,1920x1080,2023-09-10 04:41:36,S1/C1/S1_C1_E107_V0327.mp4,True,True
S1_C1_E107_V0328,S1,C1,V0328,E107,5.0,30.0,1920x1080,2023-09-10 04:43:34,S1/C1/S1_C1_E107_V0328.mp4,True,True
S1_C1_E107_V0329,S1,C1,V0329,E107,4.5,30.0,1920x1080,2023-09-10 04:45:14,S1/C1/S1_C1_E107_V0329.mp4,True,True
S1_C1_E107_V0330,S1,C1,V0330,E107,2.5,30.0,1920x1080,2023-09-10 04:45:30,S1/C1/S1_C1_E107_V0330.mp4,True,True
S1_C1_E107_V0331,S1,C1,V0331,E107,1.5,30.0,1920x1080,2023-09-10 04:45:34,S1/C1/S1_C1_E107_V0331.mp4,True,True
S1_C1_E107_V0332,S1,C1,V0332,E107,3.0,30.0,1920x1080,2023-09-10 04:46:18,S1/C1/S1_C1_E107_V0332.mp4,True,True
S1_C1_E107_V0333,S1,C1,V0333,E107,2.5,30.0,1920x1080,2023-09-10 04:46:46,S1/C1/S1_C1_E107_V0333.mp4,True,True
S1_C1_E107_V0334,S1,C1,V0334,E107,2.5,30.0,1920x1080,2023-09-10 04:47:12,S1/C1/S1_C1_E107_V0334.mp4,True,True
S1_C1_E107_V0335,S1,C1,V0335,E107,2.0,30.0,1920x1080,2023-09-10 04:47:20,S1/C1/S1_C1_E107_V0335.mp4,True,True
S1_C1_E107_V0336,S1,C1,V0336,E107,3.0,30.0,1920x1080,2023-09-10 04:49:46,S1/C1/S1_C1_E107_V0336.mp4,True,True
S1_C1_E107_V0337,S1,C1,V0337,E107,2.0,30.0,1920x1080,2023-09-10 04:49:56,S1/C1/S1_C1_E107_V0337.mp4,True,True
S1_C1_E107_V0338,S1,C1,V0338,E107,2.5,30.0,1920x1080,2023-09-10 04:51:00,S1/C1/S1_C1_E107_V0338.mp4,True,True
S1_C1_E109_V0339,S1,C1,V0339,E109,4.5,30.0,1920x1080,2023-09-10 05:21:42,S1/C1/S1_C1_E109_V0339.mp4,True,True
S1_C1_E109_V0340,S1,C1,V0340,E109,1.0,30.0,1920x1080,2023-09-10 05:21:44,S1/C1/S1_C1_E109_V0340.mp4,True,True
S1_C1_E10_V0031,S1,C1,V0031,E10,120.5,30.0,1920x1080,2023-08-25 07:21:00,S1/C1/S1_C1_E10_V0031.mp4,True,True
S1_C1_E115_V0342,S1,C1,V0342,E115,20.5,30.0,1920x1080,2023-09-10 22:21:46,S1/C1/S1_C1_E115_V0342.mp4,True,True
S1_C1_E115_V0343,S1,C1,V0343,E115,13.5,30.0,1920x1080,2023-09-10 22:22:01,S1/C1/S1_C1_E115_V0343.mp4,True,True
S1_C1_E115_V0344,S1,C1,V0344,E115,3.0,30.0,1920x1080,2023-09-10 22:22:04,S1/C1/S1_C1_E115_V0344.mp4,True,True
S1_C1_E115_V0345,S1,C1,V0345,E115,11.0,30.0,1920x1080,2023-09-10 22:22:38,S1/C1/S1_C1_E115_V0345.mp4,True,True
S1_C1_E115_V0346,S1,C1,V0346,E115,2.5,30.0,1920x1080,2023-09-10 22:22:42,S1/C1/S1_C1_E115_V0346.mp4,True,True
S1_C1_E115_V0347,S1,C1,V0347,E115,3.0,30.0,1920x1080,2023-09-10 22:22:48,S1/C1/S1_C1_E115_V0347.mp4,True,True
S1_C1_E115_V0348,S1,C1,V0348,E115,2.0,30.0,1920x1080,2023-09-10 22:22:50,S1/C1/S1_C1_E115_V0348.mp4,True,True
S1_C1_E115_V0349,S1,C1,V0349,E115,2.0,30.0,1920x1080,2023-09-10 22:22:54,S1/C1/S1_C1_E115_V0349.mp4,True,True
S1_C1_E115_V0350,S1,C1,V0350,E115,2.5,30.0,1920x1080,2023-09-10 22:22:58,S1/C1/S1_C1_E115_V0350.mp4,True,True
S1_C1_E115_V0351,S1,C1,V0351,E115,4.5,30.0,1920x1080,2023-09-10 22:23:10,S1/C1/S1_C1_E115_V0351.mp4,True,True
S1_C1_E115_V0352,S1,C1,V0352,E115,1.5,30.0,1920x1080,2023-09-10 22:23:14,S1/C1/S1_C1_E115_V0352.mp4,True,True
S1_C1_E115_V0353,S1,C1,V0353,E115,5.0,30.0,1920x1080,2023-09-10 22:23:32,S1/C1/S1_C1_E115_V0353.mp4,True,True
S1_C1_E115_V0354,S1,C1,V0354,E115,2.0,30.0,1920x1080,2023-09-10 22:23:36,S1/C1/S1_C1_E115_V0354.mp4,True,True
S1_C1_E115_V0355,S1,C1,V0355,E115,3.0,30.0,1920x1080,2023-09-10 22:23:45,S1/C1/S1_C1_E115_V0355.mp4,True,True
S1_C1_E115_V0356,S1,C1,V0356,E115,2.5,30.0,1920x1080,2023-09-10 22:23:50,S1/C1/S1_C1_E115_V0356.mp4,True,True
S1_C1_E116_V0357,S1,C1,V0357,E116,19.5,30.0,1920x1080,2023-09-10 22:45:36,S1/C1/S1_C1_E116_V0357.mp4,True,True
S1_C1_E116_V0358,S1,C1,V0358,E116,15.0,30.0,1920x1080,2023-09-10 22:50:22,S1/C1/S1_C1_E116_V0358.mp4,True,True
S1_C1_E117_V0359,S1,C1,V0359,E117,10.0,30.0,1920x1080,2023-09-11 01:34:48,S1/C1/S1_C1_E117_V0359.mp4,True,True
S1_C1_E117_V0360,S1,C1,V0360,E117,7.0,30.0,1920x1080,2023-09-11 01:35:44,S1/C1/S1_C1_E117_V0360.mp4,True,True
S1_C1_E117_V0361,S1,C1,V0361,E117,1.5,30.0,1920x1080,2023-09-11 01:35:48,S1/C1/S1_C1_E117_V0361.mp4,True,True
S1_C1_E117_V0362,S1,C1,V0362,E117,5.5,30.0,1920x1080,2023-09-11 01:36:35,S1/C1/S1_C1_E117_V0362.mp4,True,True
S1_C1_E117_V0363,S1,C1,V0363,E117,1.5,30.0,1920x1080,2023-09-11 01:36:36,S1/C1/S1_C1_E117_V0363.mp4,True,True
S1_C1_E117_V0364,S1,C1,V0364,E117,4.5,30.0,1920x1080,2023-09-11 01:37:10,S1/C1/S1_C1_E117_V0364.mp4,True,True
S1_C1_E117_V0365,S1,C1,V0365,E117,4.5,30.0,1920x1080,2023-09-11 01:38:02,S1/C1/S1_C1_E117_V0365.mp4,True,True
S1_C1_E117_V0366,S1,C1,V0366,E117,2.0,30.0,1920x1080,2023-09-11 01:38:08,S1/C1/S1_C1_E117_V0366.mp4,True,True
S1_C1_E117_V0367,S1,C1,V0367,E117,2.5,30.0,1920x1080,2023-09-11 01:38:20,S1/C1/S1_C1_E117_V0367.mp4,True,True
S1_C1_E117_V0368,S1,C1,V0368,E117,2.5,30.0,1920x1080,2023-09-11 01:38:36,S1/C1/S1_C1_E117_V0368.mp4,True,True
S1_C1_E117_V0369,S1,C1,V0369,E117,3.0,30.0,1920x1080,2023-09-11 01:39:06,S1/C1/S1_C1_E117_V0369.mp4,True,True
S1_C1_E117_V0370,S1,C1,V0370,E117,2.5,30.0,1920x1080,2023-09-11 01:39:20,S1/C1/S1_C1_E117_V0370.mp4,True,True
S1_C1_E117_V0371,S1,C1,V0371,E117,5.0,30.0,1920x1080,2023-09-11 01:42:56,S1/C1/S1_C1_E117_V0371.mp4,True,True
S1_C1_E117_V0372,S1,C1,V0372,E117,3.0,30.0,1920x1080,2023-09-11 01:43:16,S1/C1/S1_C1_E117_V0372.mp4,True,True
S1_C1_E117_V0373,S1,C1,V0373,E117,1.5,30.0,1920x1080,2023-09-11 01:43:18,S1/C1/S1_C1_E117_V0373.mp4,True,True
S1_C1_E117_V0374,S1,C1,V0374,E117,2.0,30.0,1920x1080,2023-09-11 01:43:30,S1/C1/S1_C1_E117_V0374.mp4,True,True
S1_C1_E118_V0375,S1,C1,V0375,E118,5.0,30.0,1920x1080,2023-09-11 04:19:50,S1/C1/S1_C1_E118_V0375.mp4,True,True
S1_C1_E118_V0376,S1,C1,V0376,E118,2.0,30.0,1920x1080,2023-09-11 04:19:56,S1/C1/S1_C1_E118_V0376.mp4,True,True
S1_C1_E118_V0377,S1,C1,V0377,E118,1.0,30.0,1920x1080,2023-09-11 04:19:58,S1/C1/S1_C1_E118_V0377.mp4,True,True
S1_C1_E118_V0378,S1,C1,V0378,E118,1.0,30.0,1920x1080,2023-09-11 04:20:00,S1/C1/S1_C1_E118_V0378.mp4,True,True
S1_C1_E118_V0379,S1,C1,V0379,E118,1.0,30.0,1920x1080,2023-09-11 04:20:04,S1/C1/S1_C1_E118_V0379.mp4,True,True
S1_C1_E118_V0380,S1,C1,V0380,E118,1.5,30.0,1920x1080,2023-09-11 04:20:12,S1/C1/S1_C1_E118_V0380.mp4,True,True
S1_C1_E118_V0381,S1,C1,V0381,E118,1.0,30.0,1920x1080,2023-09-11 04:20:16,S1/C1/S1_C1_E118_V0381.mp4,True,True
S1_C1_E118_V0382,S1,C1,V0382,E118,1.0,30.0,1920x1080,2023-09-11 04:20:18,S1/C1/S1_C1_E118_V0382.mp4,True,True
S1_C1_E118_V0383,S1,C1,V0383,E118,1.0,30.0,1920x1080,2023-09-11 04:20:20,S1/C1/S1_C1_E118_V0383.mp4,True,True
S1_C1_E118_V0384,S1,C1,V0384,E118,1.0,30.0,1920x1080,2023-09-11 04:20:24,S1/C1/S1_C1_E118_V0384.mp4,True,True
S1_C1_E118_V0385,S1,C1,V0385,E118,1.5,30.0,1920x1080,2023-09-11 04:20:36,S1/C1/S1_C1_E118_V0385.mp4,True,True
S1_C1_E118_V0386,S1,C1,V0386,E118,1.0,30.0,1920x1080,2023-09-11 04:20:40,S1/C1/S1_C1_E118_V0386.mp4,True,True
S1_C1_E118_V0387,S1,C1,V0387,E118,1.0,30.0,1920x1080,2023-09-11 04:20:42,S1/C1/S1_C1_E118_V0387.mp4,True,True
S1_C1_E118_V0388,S1,C1,V0388,E118,2.0,30.0,1920x1080,2023-09-11 04:21:22,S1/C1/S1_C1_E118_V0388.mp4,True,True
S1_C1_E118_V0389,S1,C1,V0389,E118,1.5,30.0,1920x1080,2023-09-11 04:21:26,S1/C1/S1_C1_E118_V0389.mp4,True,True
S1_C1_E118_V0390,S1,C1,V0390,E118,1.0,30.0,1920x1080,2023-09-11 04:21:28,S1/C1/S1_C1_E118_V0390.mp4,True,True
S1_C1_E118_V0391,S1,C1,V0391,E118,1.0,30.0,1920x1080,2023-09-11 04:21:30,S1/C1/S1_C1_E118_V0391.mp4,True,True
S1_C1_E118_V0392,S1,C1,V0392,E118,1.0,30.0,1920x1080,2023-09-11 04:21:32,S1/C1/S1_C1_E118_V0392.mp4,True,True
S1_C1_E118_V0393,S1,C1,V0393,E118,1.0,30.0,1920x1080,2023-09-11 04:21:36,S1/C1/S1_C1_E118_V0393.mp4,True,True
S1_C1_E118_V0394,S1,C1,V0394,E118,1.0,30.0,1920x1080,2023-09-11 04:21:40,S1/C1/S1_C1_E118_V0394.mp4,True,True
S1_C1_E118_V0395,S1,C1,V0395,E118,1.0,30.0,1920x1080,2023-09-11 04:21:44,S1/C1/S1_C1_E118_V0395.mp4,True,True
S1_C1_E118_V0396,S1,C1,V0396,E118,1.0,30.0,1920x1080,2023-09-11 04:21:54,S1/C1/S1_C1_E118_V0396.mp4,True,True
S1_C1_E118_V0397,S1,C1,V0397,E118,1.0,30.0,1920x1080,2023-09-11 04:21:56,S1/C1/S1_C1_E118_V0397.mp4,True,True
S1_C1_E118_V0398,S1,C1,V0398,E118,1.0,30.0,1920x1080,2023-09-11 04:22:06,S1/C1/S1_C1_E118_V0398.mp4,True,True
S1_C1_E118_V0399,S1,C1,V0399,E118,1.0,30.0,1920x1080,2023-09-11 04:22:08,S1/C1/S1_C1_E118_V0399.mp4,True,True
S1_C1_E118_V0400,S1,C1,V0400,E118,2.0,30.0,1920x1080,2023-09-11 04:23:48,S1/C1/S1_C1_E118_V0400.mp4,True,True
S1_C1_E121_V0401,S1,C1,V0401,E121,20.5,30.0,1920x1080,2023-09-11 20:18:30,S1/C1/S1_C1_E121_V0401.mp4,True,True
S1_C1_E121_V0402,S1,C1,V0402,E121,20.5,30.0,1920x1080,2023-09-11 20:19:56,S1/C1/S1_C1_E121_V0402.mp4,True,True
S1_C1_E121_V0403,S1,C1,V0403,E121,9.0,30.0,1920x1080,2023-09-11 20:20:10,S1/C1/S1_C1_E121_V0403.mp4,True,True
S1_C1_E121_V0404,S1,C1,V0404,E121,2.5,30.0,1920x1080,2023-09-11 20:20:12,S1/C1/S1_C1_E121_V0404.mp4,True,True
S1_C1_E121_V0405,S1,C1,V0405,E121,3.0,30.0,1920x1080,2023-09-11 20:20:18,S1/C1/S1_C1_E121_V0405.mp4,True,True
S1_C1_E121_V0406,S1,C1,V0406,E121,7.5,30.0,1920x1080,2023-09-11 20:20:36,S1/C1/S1_C1_E121_V0406.mp4,True,True
S1_C1_E121_V0407,S1,C1,V0407,E121,9.0,30.0,1920x1080,2023-09-11 20:21:08,S1/C1/S1_C1_E121_V0407.mp4,True,True
S1_C1_E121_V0408,S1,C1,V0408,E121,5.5,30.0,1920x1080,2023-09-11 20:21:22,S1/C1/S1_C1_E121_V0408.mp4,True,True
S1_C1_E121_V0409,S1,C1,V0409,E121,4.5,30.0,1920x1080,2023-09-11 20:21:34,S1/C1/S1_C1_E121_V0409.mp4,True,True
S1_C1_E121_V0410,S1,C1,V0410,E121,3.5,30.0,1920x1080,2023-09-11 20:21:42,S1/C1/S1_C1_E121_V0410.mp4,True,True
S1_C1_E121_V0411,S1,C1,V0411,E121,8.0,30.0,1920x1080,2023-09-11 20:22:24,S1/C1/S1_C1_E121_V0411.mp4,True,True
S1_C1_E121_V0412,S1,C1,V0412,E121,2.0,30.0,1920x1080,2023-09-11 20:22:28,S1/C1/S1_C1_E121_V0412.mp4,True,True
S1_C1_E121_V0413,S1,C1,V0413,E121,2.5,30.0,1920x1080,2023-09-11 20:22:32,S1/C1/S1_C1_E121_V0413.mp4,True,True
S1_C1_E121_V0414,S1,C1,V0414,E121,2.0,30.0,1920x1080,2023-09-11 20:22:36,S1/C1/S1_C1_E121_V0414.mp4,True,True
S1_C1_E121_V0415,S1,C1,V0415,E121,2.0,30.0,1920x1080,2023-09-11 20:22:40,S1/C1/S1_C1_E121_V0415.mp4,True,True
S1_C1_E121_V0416,S1,C1,V0416,E121,2.5,30.0,1920x1080,2023-09-11 20:22:46,S1/C1/S1_C1_E121_V0416.mp4,True,True
S1_C1_E121_V0417,S1,C1,V0417,E121,1.5,30.0,1920x1080,2023-09-11 20:22:50,S1/C1/S1_C1_E121_V0417.mp4,True,True
S1_C1_E121_V0418,S1,C1,V0418,E121,4.0,30.0,1920x1080,2023-09-11 20:23:02,S1/C1/S1_C1_E121_V0418.mp4,True,True
S1_C1_E121_V0419,S1,C1,V0419,E121,1.5,30.0,1920x1080,2023-09-11 20:23:06,S1/C1/S1_C1_E121_V0419.mp4,True,True
S1_C1_E121_V0420,S1,C1,V0420,E121,1.5,30.0,1920x1080,2023-09-11 20:23:08,S1/C1/S1_C1_E121_V0420.mp4,True,True
S1_C1_E121_V0421,S1,C1,V0421,E121,2.0,30.0,1920x1080,2023-09-11 20:23:14,S1/C1/S1_C1_E121_V0421.mp4,True,True
S1_C1_E121_V0422,S1,C1,V0422,E121,1.5,30.0,1920x1080,2023-09-11 20:23:16,S1/C1/S1_C1_E121_V0422.mp4,True,True
S1_C1_E121_V0423,S1,C1,V0423,E121,1.5,30.0,1920x1080,2023-09-11 20:23:18,S1/C1/S1_C1_E121_V0423.mp4,True,True
S1_C1_E121_V0424,S1,C1,V0424,E121,1.0,30.0,1920x1080,2023-09-11 20:23:20,S1/C1/S1_C1_E121_V0424.mp4,True,True
S1_C1_E121_V0425,S1,C1,V0425,E121,1.5,30.0,1920x1080,2023-09-11 20:23:24,S1/C1/S1_C1_E121_V0425.mp4,True,True
S1_C1_E121_V0426,S1,C1,V0426,E121,1.5,30.0,1920x1080,2023-09-11 20:23:28,S1/C1/S1_C1_E121_V0426.mp4,True,True
S1_C1_E121_V0427,S1,C1,V0427,E121,1.5,30.0,1920x1080,2023-09-11 20:23:32,S1/C1/S1_C1_E121_V0427.mp4,True,True
S1_C1_E121_V0428,S1,C1,V0428,E121,2.0,30.0,1920x1080,2023-09-11 20:23:38,S1/C1/S1_C1_E121_V0428.mp4,True,True
S1_C1_E121_V0429,S1,C1,V0429,E121,1.0,30.0,1920x1080,2023-09-11 20:23:40,S1/C1/S1_C1_E121_V0429.mp4,True,True
S1_C1_E121_V0430,S1,C1,V0430,E121,2.0,30.0,1920x1080,2023-09-11 20:23:46,S1/C1/S1_C1_E121_V0430.mp4,True,True
S1_C1_E121_V0431,S1,C1,V0431,E121,1.0,30.0,1920x1080,2023-09-11 20:23:48,S1/C1/S1_C1_E121_V0431.mp4,True,True
S1_C1_E121_V0432,S1,C1,V0432,E121,2.0,30.0,1920x1080,2023-09-11 20:23:54,S1/C1/S1_C1_E121_V0432.mp4,True,True
S1_C1_E121_V0433,S1,C1,V0433,E121,1.5,30.0,1920x1080,2023-09-11 20:23:58,S1/C1/S1_C1_E121_V0433.mp4,True,True
S1_C1_E121_V0434,S1,C1,V0434,E121,1.5,30.0,1920x1080,2023-09-11 20:24:00,S1/C1/S1_C1_E121_V0434.mp4,True,True
S1_C1_E121_V0435,S1,C1,V0435,E121,2.0,30.0,1920x1080,2023-09-11 20:24:06,S1/C1/S1_C1_E121_V0435.mp4,True,True
S1_C1_E121_V0436,S1,C1,V0436,E121,1.0,30.0,1920x1080,2023-09-11 20:24:08,S1/C1/S1_C1_E121_V0436.mp4,True,True
S1_C1_E121_V0437,S1,C1,V0437,E121,1.0,30.0,1920x1080,2023-09-11 20:24:12,S1/C1/S1_C1_E121_V0437.mp4,True,True
S1_C1_E121_V0438,S1,C1,V0438,E121,2.0,30.0,1920x1080,2023-09-11 20:24:18,S1/C1/S1_C1_E121_V0438.mp4,True,True
S1_C1_E121_V0439,S1,C1,V0439,E121,1.5,30.0,1920x1080,2023-09-11 20:24:20,S1/C1/S1_C1_E121_V0439.mp4,True,True
S1_C1_E121_V0440,S1,C1,V0440,E121,1.5,30.0,1920x1080,2023-09-11 20:24:24,S1/C1/S1_C1_E121_V0440.mp4,True,True
S1_C1_E121_V0441,S1,C1,V0441,E121,2.0,30.0,1920x1080,2023-09-11 20:24:30,S1/C1/S1_C1_E121_V0441.mp4,True,True
S1_C1_E121_V0442,S1,C1,V0442,E121,1.0,30.0,1920x1080,2023-09-11 20:24:32,S1/C1/S1_C1_E121_V0442.mp4,True,True
S1_C1_E121_V0443,S1,C1,V0443,E121,1.5,30.0,1920x1080,2023-09-11 20:24:34,S1/C1/S1_C1_E121_V0443.mp4,True,True
S1_C1_E121_V0444,S1,C1,V0444,E121,1.0,30.0,1920x1080,2023-09-11 20:24:36,S1/C1/S1_C1_E121_V0444.mp4,True,True
S1_C1_E121_V0445,S1,C1,V0445,E121,1.5,30.0,1920x1080,2023-09-11 20:24:42,S1/C1/S1_C1_E121_V0445.mp4,True,True
S1_C1_E121_V0446,S1,C1,V0446,E121,1.0,30.0,1920x1080,2023-09-11 20:24:44,S1/C1/S1_C1_E121_V0446.mp4,True,True
S1_C1_E121_V0447,S1,C1,V0447,E121,1.0,30.0,1920x1080,2023-09-11 20:24:46,S1/C1/S1_C1_E121_V0447.mp4,True,True
S1_C1_E121_V0448,S1,C1,V0448,E121,3.5,30.0,1920x1080,2023-09-11 20:25:06,S1/C1/S1_C1_E121_V0448.mp4,True,True
S1_C1_E121_V0449,S1,C1,V0449,E121,2.0,30.0,1920x1080,2023-09-11 20:25:10,S1/C1/S1_C1_E121_V0449.mp4,True,True
S1_C1_E122_V0450,S1,C1,V0450,E122,7.0,30.0,1920x1080,2023-09-12 00:55:50,S1/C1/S1_C1_E122_V0450.mp4,True,True
S1_C1_E122_V0451,S1,C1,V0451,E122,3.5,30.0,1920x1080,2023-09-12 00:56:02,S1/C1/S1_C1_E122_V0451.mp4,True,True
S1_C1_E122_V0452,S1,C1,V0452,E122,5.0,30.0,1920x1080,2023-09-12 00:57:36,S1/C1/S1_C1_E122_V0452.mp4,True,True
S1_C1_E122_V0453,S1,C1,V0453,E122,5.0,30.0,1920x1080,2023-09-12 00:59:02,S1/C1/S1_C1_E122_V0453.mp4,True,True
S1_C1_E122_V0454,S1,C1,V0454,E122,1.5,30.0,1920x1080,2023-09-12 00:59:04,S1/C1/S1_C1_E122_V0454.mp4,True,True
S1_C1_E122_V0455,S1,C1,V0455,E122,1.5,30.0,1920x1080,2023-09-12 00:59:10,S1/C1/S1_C1_E122_V0455.mp4,True,True
S1_C1_E122_V0456,S1,C1,V0456,E122,1.5,30.0,1920x1080,2023-09-12 00:59:16,S1/C1/S1_C1_E122_V0456.mp4,True,True
S1_C1_E122_V0457,S1,C1,V0457,E122,2.0,30.0,1920x1080,2023-09-12 00:59:32,S1/C1/S1_C1_E122_V0457.mp4,True,True
S1_C1_E122_V0458,S1,C1,V0458,E122,1.5,30.0,1920x1080,2023-09-12 00:59:36,S1/C1/S1_C1_E122_V0458.mp4,True,True
S1_C1_E122_V0459,S1,C1,V0459,E122,2.5,30.0,1920x1080,2023-09-12 01:00:02,S1/C1/S1_C1_E122_V0459.mp4,True,True
S1_C1_E122_V0460,S1,C1,V0460,E122,2.0,30.0,1920x1080,2023-09-12 01:00:16,S1/C1/S1_C1_E122_V0460.mp4,True,True
S1_C1_E122_V0461,S1,C1,V0461,E122,1.5,30.0,1920x1080,2023-09-12 01:00:20,S1/C1/S1_C1_E122_V0461.mp4,True,True
S1_C1_E122_V0462,S1,C1,V0462,E122,1.0,30.0,1920x1080,2023-09-12 01:00:24,S1/C1/S1_C1_E122_V0462.mp4,True,True
S1_C1_E122_V0463,S1,C1,V0463,E122,2.5,30.0,1920x1080,2023-09-12 01:01:00,S1/C1/S1_C1_E122_V0463.mp4,True,True
S1_C1_E122_V0464,S1,C1,V0464,E122,2.0,30.0,1920x1080,2023-09-12 01:01:18,S1/C1/S1_C1_E122_V0464.mp4,True,True
S1_C1_E122_V0465,S1,C1,V0465,E122,2.0,30.0,1920x1080,2023-09-12 01:01:30,S1/C1/S1_C1_E122_V0465.mp4,True,True
S1_C1_E122_V0466,S1,C1,V0466,E122,1.5,30.0,1920x1080,2023-09-12 01:01:34,S1/C1/S1_C1_E122_V0466.mp4,True,True
S1_C1_E122_V0467,S1,C1,V0467,E122,1.5,30.0,1920x1080,2023-09-12 01:01:42,S1/C1/S1_C1_E122_V0467.mp4,True,True
S1_C1_E122_V0468,S1,C1,V0468,E122,1.0,30.0,1920x1080,2023-09-12 01:01:46,S1/C1/S1_C1_E122_V0468.mp4,True,True
S1_C1_E122_V0469,S1,C1,V0469,E122,1.0,30.0,1920x1080,2023-09-12 01:01:52,S1/C1/S1_C1_E122_V0469.mp4,True,True
S1_C1_E122_V0470,S1,C1,V0470,E122,1.0,30.0,1920x1080,2023-09-12 01:01:54,S1/C1/S1_C1_E122_V0470.mp4,True,True
S1_C1_E122_V0471,S1,C1,V0471,E122,2.0,30.0,1920x1080,2023-09-12 01:02:38,S1/C1/S1_C1_E122_V0471.mp4,True,True
S1_C1_E122_V0472,S1,C1,V0472,E122,1.0,30.0,1920x1080,2023-09-12 01:02:42,S1/C1/S1_C1_E122_V0472.mp4,True,True
S1_C1_E122_V0473,S1,C1,V0473,E122,1.0,30.0,1920x1080,2023-09-12 01:02:46,S1/C1/S1_C1_E122_V0473.mp4,True,True
S1_C1_E122_V0474,S1,C1,V0474,E122,1.0,30.0,1920x1080,2023-09-12 01:02:48,S1/C1/S1_C1_E122_V0474.mp4,True,True
S1_C1_E122_V0475,S1,C1,V0475,E122,1.0,30.0,1920x1080,2023-09-12 01:02:52,S1/C1/S1_C1_E122_V0475.mp4,True,True
S1_C1_E122_V0476,S1,C1,V0476,E122,1.0,30.0,1920x1080,2023-09-12 01:02:56,S1/C1/S1_C1_E122_V0476.mp4,True,True
S1_C1_E122_V0477,S1,C1,V0477,E122,2.0,30.0,1920x1080,2023-09-12 01:04:20,S1/C1/S1_C1_E122_V0477.mp4,True,True
S1_C1_E122_V0478,S1,C1,V0478,E122,1.5,30.0,1920x1080,2023-09-12 01:04:31,S1/C1/S1_C1_E122_V0478.mp4,True,True
S1_C1_E122_V0479,S1,C1,V0479,E122,1.5,30.0,1920x1080,2023-09-12 01:04:36,S1/C1/S1_C1_E122_V0479.mp4,True,True
S1_C1_E122_V0480,S1,C1,V0480,E122,1.5,30.0,1920x1080,2023-09-12 01:04:46,S1/C1/S1_C1_E122_V0480.mp4,True,True
S1_C1_E122_V0481,S1,C1,V0481,E122,1.0,30.0,1920x1080,2023-09-12 01:04:48,S1/C1/S1_C1_E122_V0481.mp4,True,True
S1_C1_E122_V0482,S1,C1,V0482,E122,1.5,30.0,1920x1080,2023-09-12 01:04:56,S1/C1/S1_C1_E122_V0482.mp4,True,True
S1_C1_E122_V0483,S1,C1,V0483,E122,1.0,30.0,1920x1080,2023-09-12 01:05:00,S1/C1/S1_C1_E122_V0483.mp4,True,True
S1_C1_E122_V0484,S1,C1,V0484,E122,2.0,30.0,1920x1080,2023-09-12 01:06:14,S1/C1/S1_C1_E122_V0484.mp4,True,True
S1_C1_E122_V0485,S1,C1,V0485,E122,2.0,30.0,1920x1080,2023-09-12 01:06:38,S1/C1/S1_C1_E122_V0485.mp4,True,True
S1_C1_E122_V0486,S1,C1,V0486,E122,2.0,30.0,1920x1080,2023-09-12 01:07:06,S1/C1/S1_C1_E122_V0486.mp4,True,True
S1_C1_E122_V0487,S1,C1,V0487,E122,2.0,30.0,1920x1080,2023-09-12 01:08:02,S1/C1/S1_C1_E122_V0487.mp4,True,True
S1_C1_E122_V0488,S1,C1,V0488,E122,2.5,30.0,1920x1080,2023-09-12 01:10:12,S1/C1/S1_C1_E122_V0488.mp4,True,True
S1_C1_E122_V0489,S1,C1,V0489,E122,2.0,30.0,1920x1080,2023-09-12 01:11:32,S1/C1/S1_C1_E122_V0489.mp4,True,True
S1_C1_E122_V0490,S1,C1,V0490,E122,2.5,30.0,1920x1080,2023-09-12 01:13:22,S1/C1/S1_C1_E122_V0490.mp4,True,True
S1_C1_E122_V0491,S1,C1,V0491,E122,2.0,30.0,1920x1080,2023-09-12 01:14:30,S1/C1/S1_C1_E122_V0491.mp4,True,True
S1_C1_E122_V0492,S1,C1,V0492,E122,2.5,30.0,1920x1080,2023-09-12 01:16:32,S1/C1/S1_C1_E122_V0492.mp4,True,True
S1_C1_E122_V0493,S1,C1,V0493,E122,1.5,30.0,1920x1080,2023-09-12 01:16:38,S1/C1/S1_C1_E122_V0493.mp4,True,True
S1_C1_E122_V0494,S1,C1,V0494,E122,2.0,30.0,1920x1080,2023-09-12 01:18:14,S1/C1/S1_C1_E122_V0494.mp4,True,True
S1_C1_E122_V0495,S1,C1,V0495,E122,2.0,30.0,1920x1080,2023-09-12 01:20:06,S1/C1/S1_C1_E122_V0495.mp4,True,True
S1_C1_E122_V0496,S1,C1,V0496,E122,1.5,30.0,1920x1080,2023-09-12 01:20:12,S1/C1/S1_C1_E122_V0496.mp4,True,True
S1_C1_E122_V0497,S1,C1,V0497,E122,2.0,30.0,1920x1080,2023-09-12 01:21:22,S1/C1/S1_C1_E122_V0497.mp4,True,True
S1_C1_E122_V0498,S1,C1,V0498,E122,2.0,30.0,1920x1080,2023-09-12 01:23:20,S1/C1/S1_C1_E122_V0498.mp4,True,True
S1_C1_E122_V0499,S1,C1,V0499,E122,2.0,30.0,1920x1080,2023-09-12 01:24:24,S1/C1/S1_C1_E122_V0499.mp4,True,True
S1_C1_E122_V0500,S1,C1,V0500,E122,1.0,30.0,1920x1080,2023-09-12 01:24:26,S1/C1/S1_C1_E122_V0500.mp4,True,True
S1_C1_E123_V0501,S1,C1,V0501,E123,2.0,30.0,1920x1080,2023-09-12 03:02:56,S1/C1/S1_C1_E123_V0501.mp4,True,True
S1_C1_E123_V0502,S1,C1,V0502,E123,1.5,30.0,1920x1080,2023-09-12 03:03:04,S1/C1/S1_C1_E123_V0502.mp4,True,True
S1_C1_E123_V0503,S1,C1,V0503,E123,1.5,30.0,1920x1080,2023-09-12 03:03:08,S1/C1/S1_C1_E123_V0503.mp4,True,True
S1_C1_E123_V0504,S1,C1,V0504,E123,1.5,30.0,1920x1080,2023-09-12 03:03:16,S1/C1/S1_C1_E123_V0504.mp4,True,True
S1_C1_E123_V0505,S1,C1,V0505,E123,1.5,30.0,1920x1080,2023-09-12 03:03:40,S1/C1/S1_C1_E123_V0505.mp4,True,True
S1_C1_E123_V0506,S1,C1,V0506,E123,1.5,30.0,1920x1080,2023-09-12 03:03:52,S1/C1/S1_C1_E123_V0506.mp4,True,True
S1_C1_E123_V0507,S1,C1,V0507,E123,1.0,30.0,1920x1080,2023-09-12 03:03:58,S1/C1/S1_C1_E123_V0507.mp4,True,True
S1_C1_E123_V0508,S1,C1,V0508,E123,1.0,30.0,1920x1080,2023-09-12 03:04:02,S1/C1/S1_C1_E123_V0508.mp4,True,True
S1_C1_E123_V0509,S1,C1,V0509,E123,1.0,30.0,1920x1080,2023-09-12 03:04:14,S1/C1/S1_C1_E123_V0509.mp4,True,True
S1_C1_E123_V0510,S1,C1,V0510,E123,1.0,30.0,1920x1080,2023-09-12 03:04:22,S1/C1/S1_C1_E123_V0510.mp4,True,True
S1_C1_E123_V0511,S1,C1,V0511,E123,1.0,30.0,1920x1080,2023-09-12 03:04:26,S1/C1/S1_C1_E123_V0511.mp4,True,True
S1_C1_E123_V0512,S1,C1,V0512,E123,1.0,30.0,1920x1080,2023-09-12 03:04:30,S1/C1/S1_C1_E123_V0512.mp4,True,True
S1_C1_E123_V0513,S1,C1,V0513,E123,1.0,30.0,1920x1080,2023-09-12 03:04:36,S1/C1/S1_C1_E123_V0513.mp4,True,True
S1_C1_E123_V0514,S1,C1,V0514,E123,1.0,30.0,1920x1080,2023-09-12 03:04:38,S1/C1/S1_C1_E123_V0514.mp4,True,True
S1_C1_E123_V0515,S1,C1,V0515,E123,1.0,30.0,1920x1080,2023-09-12 03:04:48,S1/C1/S1_C1_E123_V0515.mp4,True,True
S1_C1_E123_V0516,S1,C1,V0516,E123,1.0,30.0,1920x1080,2023-09-12 03:04:56,S1/C1/S1_C1_E123_V0516.mp4,True,True
S1_C1_E123_V0517,S1,C1,V0517,E123,1.0,30.0,1920x1080,2023-09-12 03:05:02,S1/C1/S1_C1_E123_V0517.mp4,True,True
S1_C1_E123_V0518,S1,C1,V0518,E123,1.0,30.0,1920x1080,2023-09-12 03:05:08,S1/C1/S1_C1_E123_V0518.mp4,True,True
S1_C1_E123_V0519,S1,C1,V0519,E123,1.0,30.0,1920x1080,2023-09-12 03:05:20,S1/C1/S1_C1_E123_V0519.mp4,True,True
S1_C1_E123_V0520,S1,C1,V0520,E123,1.0,30.0,1920x1080,2023-09-12 03:05:22,S1/C1/S1_C1_E123_V0520.mp4,True,True
S1_C1_E123_V0521,S1,C1,V0521,E123,1.0,30.0,1920x1080,2023-09-12 03:05:26,S1/C1/S1_C1_E123_V0521.mp4,True,True
S1_C1_E123_V0522,S1,C1,V0522,E123,1.0,30.0,1920x1080,2023-09-12 03:05:34,S1/C1/S1_C1_E123_V0522.mp4,True,True
S1_C1_E123_V0523,S1,C1,V0523,E123,1.0,30.0,1920x1080,2023-09-12 03:05:50,S1/C1/S1_C1_E123_V0523.mp4,True,True
S1_C1_E123_V0524,S1,C1,V0524,E123,1.0,30.0,1920x1080,2023-09-12 03:05:54,S1/C1/S1_C1_E123_V0524.mp4,True,True
S1_C1_E123_V0525,S1,C1,V0525,E123,1.0,30.0,1920x1080,2023-09-12 03:06:10,S1/C1/S1_C1_E123_V0525.mp4,True,True
S1_C1_E123_V0526,S1,C1,V0526,E123,0.4666666666666667,30.0,1920x1080,2023-09-12 03:06:12,S1/C1/S1_C1_E123_V0526.mp4,True,True
S1_C1_E123_V0527,S1,C1,V0527,E123,1.0,30.0,1920x1080,2023-09-12 03:06:20,S1/C1/S1_C1_E123_V0527.mp4,True,True
S1_C1_E123_V0528,S1,C1,V0528,E123,1.0,30.0,1920x1080,2023-09-12 03:06:26,S1/C1/S1_C1_E123_V0528.mp4,True,True
S1_C1_E123_V0529,S1,C1,V0529,E123,1.0,30.0,1920x1080,2023-09-12 03:06:42,S1/C1/S1_C1_E123_V0529.mp4,True,True
S1_C1_E123_V0530,S1,C1,V0530,E123,1.0,30.0,1920x1080,2023-09-12 03:07:12,S1/C1/S1_C1_E123_V0530.mp4,True,True
S1_C1_E123_V0531,S1,C1,V0531,E123,1.0,30.0,1920x1080,2023-09-12 03:07:24,S1/C1/S1_C1_E123_V0531.mp4,True,True
S1_C1_E123_V0532,S1,C1,V0532,E123,1.0,30.0,1920x1080,2023-09-12 03:07:44,S1/C1/S1_C1_E123_V0532.mp4,True,True
S1_C1_E123_V0533,S1,C1,V0533,E123,1.0,30.0,1920x1080,2023-09-12 03:08:08,S1/C1/S1_C1_E123_V0533.mp4,True,True
S1_C1_E123_V0534,S1,C1,V0534,E123,1.0,30.0,1920x1080,2023-09-12 03:08:18,S1/C1/S1_C1_E123_V0534.mp4,True,True
S1_C1_E123_V0535,S1,C1,V0535,E123,1.0,30.0,1920x1080,2023-09-12 03:08:24,S1/C1/S1_C1_E123_V0535.mp4,True,True
S1_C1_E123_V0536,S1,C1,V0536,E123,1.0,30.0,1920x1080,2023-09-12 03:08:32,S1/C1/S1_C1_E123_V0536.mp4,True,True
S1_C1_E123_V0537,S1,C1,V0537,E123,1.0,30.0,1920x1080,2023-09-12 03:08:54,S1/C1/S1_C1_E123_V0537.mp4,True,True
S1_C1_E123_V0538,S1,C1,V0538,E123,1.0,30.0,1920x1080,2023-09-12 03:09:20,S1/C1/S1_C1_E123_V0538.mp4,True,True
S1_C1_E123_V0539,S1,C1,V0539,E123,1.0,30.0,1920x1080,2023-09-12 03:09:28,S1/C1/S1_C1_E123_V0539.mp4,True,True
S1_C1_E123_V0540,S1,C1,V0540,E123,1.0,30.0,1920x1080,2023-09-12 03:09:34,S1/C1/S1_C1_E123_V0540.mp4,True,True
S1_C1_E123_V0541,S1,C1,V0541,E123,1.0,30.0,1920x1080,2023-09-12 03:09:44,S1/C1/S1_C1_E123_V0541.mp4,True,True
S1_C1_E123_V0542,S1,C1,V0542,E123,1.0,30.0,1920x1080,2023-09-12 03:09:48,S1/C1/S1_C1_E123_V0542.mp4,True,True
S1_C1_E123_V0543,S1,C1,V0543,E123,1.0,30.0,1920x1080,2023-09-12 03:09:58,S1/C1/S1_C1_E123_V0543.mp4,True,True
S1_C1_E123_V0544,S1,C1,V0544,E123,1.0,30.0,1920x1080,2023-09-12 03:10:26,S1/C1/S1_C1_E123_V0544.mp4,True,True
S1_C1_E123_V0545,S1,C1,V0545,E123,1.0,30.0,1920x1080,2023-09-12 03:11:16,S1/C1/S1_C1_E123_V0545.mp4,True,True
S1_C1_E123_V0546,S1,C1,V0546,E123,1.0,30.0,1920x1080,2023-09-12 03:13:18,S1/C1/S1_C1_E123_V0546.mp4,True,True
S1_C1_E123_V0547,S1,C1,V0547,E123,1.0,30.0,1920x1080,2023-09-12 03:13:22,S1/C1/S1_C1_E123_V0547.mp4,True,True
S1_C1_E123_V0548,S1,C1,V0548,E123,1.0,30.0,1920x1080,2023-09-12 03:13:28,S1/C1/S1_C1_E123_V0548.mp4,True,True
S1_C1_E123_V0549,S1,C1,V0549,E123,1.0,30.0,1920x1080,2023-09-12 03:13:38,S1/C1/S1_C1_E123_V0549.mp4,True,True
S1_C1_E123_V0550,S1,C1,V0550,E123,1.0,30.0,1920x1080,2023-09-12 03:14:10,S1/C1/S1_C1_E123_V0550.mp4,True,True
S1_C1_E123_V0551,S1,C1,V0551,E123,1.0,30.0,1920x1080,2023-09-12 03:14:52,S1/C1/S1_C1_E123_V0551.mp4,True,True
S1_C1_E123_V0552,S1,C1,V0552,E123,1.0,30.0,1920x1080,2023-09-12 03:14:58,S1/C1/S1_C1_E123_V0552.mp4,True,True
S1_C1_E123_V0553,S1,C1,V0553,E123,1.0,30.0,1920x1080,2023-09-12 03:15:04,S1/C1/S1_C1_E123_V0553.mp4,True,True
S1_C1_E123_V0554,S1,C1,V0554,E123,1.0,30.0,1920x1080,2023-09-12 03:15:28,S1/C1/S1_C1_E123_V0554.mp4,True,True
S1_C1_E123_V0555,S1,C1,V0555,E123,1.0,30.0,1920x1080,2023-09-12 03:15:40,S1/C1/S1_C1_E123_V0555.mp4,True,True
S1_C1_E123_V0556,S1,C1,V0556,E123,1.0,30.0,1920x1080,2023-09-12 03:15:44,S1/C1/S1_C1_E123_V0556.mp4,True,True
S1_C1_E123_V0557,S1,C1,V0557,E123,1.0,30.0,1920x1080,2023-09-12 03:17:06,S1/C1/S1_C1_E123_V0557.mp4,True,True
S1_C1_E123_V0558,S1,C1,V0558,E123,1.0,30.0,1920x1080,2023-09-12 03:17:10,S1/C1/S1_C1_E123_V0558.mp4,True,True
S1_C1_E123_V0559,S1,C1,V0559,E123,1.0,30.0,1920x1080,2023-09-12 03:17:28,S1/C1/S1_C1_E123_V0559.mp4,True,True
S1_C1_E123_V0560,S1,C1,V0560,E123,1.0,30.0,1920x1080,2023-09-12 03:17:50,S1/C1/S1_C1_E123_V0560.mp4,True,True
S1_C1_E123_V0561,S1,C1,V0561,E123,1.0,30.0,1920x1080,2023-09-12 03:18:02,S1/C1/S1_C1_E123_V0561.mp4,True,True
S1_C1_E123_V0562,S1,C1,V0562,E123,1.0,30.0,1920x1080,2023-09-12 03:18:10,S1/C1/S1_C1_E123_V0562.mp4,True,True
S1_C1_E123_V0563,S1,C1,V0563,E123,1.0,30.0,1920x1080,2023-09-12 03:18:34,S1/C1/S1_C1_E123_V0563.mp4,True,True
S1_C1_E123_V0564,S1,C1,V0564,E123,1.0,30.0,1920x1080,2023-09-12 03:20:36,S1/C1/S1_C1_E123_V0564.mp4,True,True
S1_C1_E123_V0565,S1,C1,V0565,E123,1.0,30.0,1920x1080,2023-09-12 03:22:54,S1/C1/S1_C1_E123_V0565.mp4,True,True
S1_C1_E123_V0566,S1,C1,V0566,E123,1.0,30.0,1920x1080,2023-09-12 03:22:58,S1/C1/S1_C1_E123_V0566.mp4,True,True
S1_C1_E123_V0567,S1,C1,V0567,E123,1.0,30.0,1920x1080,2023-09-12 03:24:12,S1/C1/S1_C1_E123_V0567.mp4,True,True
S1_C1_E123_V0568,S1,C1,V0568,E123,1.0,30.0,1920x1080,2023-09-12 03:24:20,S1/C1/S1_C1_E123_V0568.mp4,True,True
S1_C1_E123_V0569,S1,C1,V0569,E123,1.0,30.0,1920x1080,2023-09-12 03:25:18,S1/C1/S1_C1_E123_V0569.mp4,True,True
S1_C1_E123_V0570,S1,C1,V0570,E123,1.0,30.0,1920x1080,2023-09-12 03:25:22,S1/C1/S1_C1_E123_V0570.mp4,True,True
S1_C1_E125_V0574,S1,C1,V0574,E125,1.0,30.0,1920x1080,2023-09-12 06:11:36,S1/C1/S1_C1_E125_V0574.mp4,True,True
S1_C1_E125_V0575,S1,C1,V0575,E125,1.0,30.0,1920x1080,2023-09-12 06:11:44,S1/C1/S1_C1_E125_V0575.mp4,True,True
S1_C1_E126_V0576,S1,C1,V0576,E126,120.5,30.0,1920x1080,2023-09-12 06:52:53,S1/C1/S1_C1_E126_V0576.mp4,True,True
S1_C1_E130_V0577,S1,C1,V0577,E130,4.5,30.0,1920x1080,2023-09-13 02:05:53,S1/C1/S1_C1_E130_V0577.mp4,True,True
S1_C1_E130_V0578,S1,C1,V0578,E130,2.5,30.0,1920x1080,2023-09-13 02:06:02,S1/C1/S1_C1_E130_V0578.mp4,True,True
S1_C1_E130_V0579,S1,C1,V0579,E130,3.0,30.0,1920x1080,2023-09-13 02:06:18,S1/C1/S1_C1_E130_V0579.mp4,True,True
S1_C1_E130_V0580,S1,C1,V0580,E130,3.0,30.0,1920x1080,2023-09-13 02:06:58,S1/C1/S1_C1_E130_V0580.mp4,True,True
S1_C1_E130_V0581,S1,C1,V0581,E130,3.0,30.0,1920x1080,2023-09-13 02:07:36,S1/C1/S1_C1_E130_V0581.mp4,True,True
S1_C1_E130_V0582,S1,C1,V0582,E130,2.5,30.0,1920x1080,2023-09-13 02:08:00,S1/C1/S1_C1_E130_V0582.mp4,True,True
S1_C1_E130_V0583,S1,C1,V0583,E130,2.0,30.0,1920x1080,2023-09-13 02:08:12,S1/C1/S1_C1_E130_V0583.mp4,True,True
S1_C1_E130_V0584,S1,C1,V0584,E130,2.0,30.0,1920x1080,2023-09-13 02:08:20,S1/C1/S1_C1_E130_V0584.mp4,True,True
S1_C1_E130_V0585,S1,C1,V0585,E130,3.0,30.0,1920x1080,2023-09-13 02:10:20,S1/C1/S1_C1_E130_V0585.mp4,True,True
S1_C1_E130_V0586,S1,C1,V0586,E130,1.5,30.0,1920x1080,2023-09-13 02:10:22,S1/C1/S1_C1_E130_V0586.mp4,True,True
S1_C1_E130_V0587,S1,C1,V0587,E130,1.0,30.0,1920x1080,2023-09-13 02:10:24,S1/C1/S1_C1_E130_V0587.mp4,True,True
S1_C1_E130_V0588,S1,C1,V0588,E130,3.0,30.0,1920x1080,2023-09-13 02:13:50,S1/C1/S1_C1_E130_V0588.mp4,True,True
S1_C1_E130_V0589,S1,C1,V0589,E130,2.5,30.0,1920x1080,2023-09-13 02:14:14,S1/C1/S1_C1_E130_V0589.mp4,True,True
S1_C1_E130_V0590,S1,C1,V0590,E130,2.5,30.0,1920x1080,2023-09-13 02:14:50,S1/C1/S1_C1_E130_V0590.mp4,True,True
S1_C1_E130_V0591,S1,C1,V0591,E130,2.0,30.0,1920x1080,2023-09-13 02:15:12,S1/C1/S1_C1_E130_V0591.mp4,True,True
S1_C1_E130_V0592,S1,C1,V0592,E130,2.0,30.0,1920x1080,2023-09-13 02:15:28,S1/C1/S1_C1_E130_V0592.mp4,True,True
S1_C1_E130_V0593,S1,C1,V0593,E130,1.5,30.0,1920x1080,2023-09-13 02:15:40,S1/C1/S1_C1_E130_V0593.mp4,True,True
S1_C1_E130_V0594,S1,C1,V0594,E130,1.0,30.0,1920x1080,2023-09-13 02:15:45,S1/C1/S1_C1_E130_V0594.mp4,True,True
S1_C1_E130_V0595,S1,C1,V0595,E130,1.5,30.0,1920x1080,2023-09-13 02:15:52,S1/C1/S1_C1_E130_V0595.mp4,True,True
S1_C1_E130_V0596,S1,C1,V0596,E130,1.0,30.0,1920x1080,2023-09-13 02:15:56,S1/C1/S1_C1_E130_V0596.mp4,True,True
S1_C1_E130_V0597,S1,C1,V0597,E130,1.0,30.0,1920x1080,2023-09-13 02:16:08,S1/C1/S1_C1_E130_V0597.mp4,True,True
S1_C1_E130_V0598,S1,C1,V0598,E130,1.5,30.0,1920x1080,2023-09-13 02:16:20,S1/C1/S1_C1_E130_V0598.mp4,True,True
S1_C1_E130_V0599,S1,C1,V0599,E130,1.5,30.0,1920x1080,2023-09-13 02:17:06,S1/C1/S1_C1_E130_V0599.mp4,True,True
S1_C1_E130_V0600,S1,C1,V0600,E130,1.5,30.0,1920x1080,2023-09-13 02:17:36,S1/C1/S1_C1_E130_V0600.mp4,True,True
S1_C1_E130_V0601,S1,C1,V0601,E130,1.5,30.0,1920x1080,2023-09-13 02:17:46,S1/C1/S1_C1_E130_V0601.mp4,True,True
S1_C1_E130_V0602,S1,C1,V0602,E130,1.0,30.0,1920x1080,2023-09-13 02:17:52,S1/C1/S1_C1_E130_V0602.mp4,True,True
S1_C1_E130_V0603,S1,C1,V0603,E130,1.0,30.0,1920x1080,2023-09-13 02:18:00,S1/C1/S1_C1_E130_V0603.mp4,True,True
S1_C1_E130_V0604,S1,C1,V0604,E130,1.0,30.0,1920x1080,2023-09-13 02:18:08,S1/C1/S1_C1_E130_V0604.mp4,True,True
S1_C1_E130_V0605,S1,C1,V0605,E130,1.5,30.0,1920x1080,2023-09-13 02:18:26,S1/C1/S1_C1_E130_V0605.mp4,True,True
S1_C1_E130_V0606,S1,C1,V0606,E130,1.5,30.0,1920x1080,2023-09-13 02:18:54,S1/C1/S1_C1_E130_V0606.mp4,True,True
S1_C1_E130_V0607,S1,C1,V0607,E130,1.0,30.0,1920x1080,2023-09-13 02:19:02,S1/C1/S1_C1_E130_V0607.mp4,True,True
S1_C1_E130_V0608,S1,C1,V0608,E130,1.0,30.0,1920x1080,2023-09-13 02:19:12,S1/C1/S1_C1_E130_V0608.mp4,True,True
S1_C1_E130_V0609,S1,C1,V0609,E130,1.0,30.0,1920x1080,2023-09-13 02:19:24,S1/C1/S1_C1_E130_V0609.mp4,True,True
S1_C1_E130_V0610,S1,C1,V0610,E130,1.0,30.0,1920x1080,2023-09-13 02:19:26,S1/C1/S1_C1_E130_V0610.mp4,True,True
S1_C1_E130_V0611,S1,C1,V0611,E130,1.5,30.0,1920x1080,2023-09-13 02:20:06,S1/C1/S1_C1_E130_V0611.mp4,True,True
S1_C1_E130_V0612,S1,C1,V0612,E130,1.5,30.0,1920x1080,2023-09-13 02:20:22,S1/C1/S1_C1_E130_V0612.mp4,True,True
S1_C1_E130_V0613,S1,C1,V0613,E130,1.0,30.0,1920x1080,2023-09-13 02:20:26,S1/C1/S1_C1_E130_V0613.mp4,True,True
S1_C1_E130_V0614,S1,C1,V0614,E130,1.0,30.0,1920x1080,2023-09-13 02:20:38,S1/C1/S1_C1_E130_V0614.mp4,True,True
S1_C1_E130_V0615,S1,C1,V0615,E130,1.0,30.0,1920x1080,2023-09-13 02:20:42,S1/C1/S1_C1_E130_V0615.mp4,True,True
S1_C1_E130_V0616,S1,C1,V0616,E130,1.0,30.0,1920x1080,2023-09-13 02:20:50,S1/C1/S1_C1_E130_V0616.mp4,True,True
S1_C1_E130_V0617,S1,C1,V0617,E130,2.0,30.0,1920x1080,2023-09-13 02:25:32,S1/C1/S1_C1_E130_V0617.mp4,True,True
S1_C1_E130_V0618,S1,C1,V0618,E130,1.5,30.0,1920x1080,2023-09-13 02:25:42,S1/C1/S1_C1_E130_V0618.mp4,True,True
S1_C1_E130_V0619,S1,C1,V0619,E130,1.0,30.0,1920x1080,2023-09-13 02:25:46,S1/C1/S1_C1_E130_V0619.mp4,True,True
S1_C1_E130_V0620,S1,C1,V0620,E130,1.0,30.0,1920x1080,2023-09-13 02:25:51,S1/C1/S1_C1_E130_V0620.mp4,True,True
S1_C1_E130_V0621,S1,C1,V0621,E130,1.0,30.0,1920x1080,2023-09-13 02:25:52,S1/C1/S1_C1_E130_V0621.mp4,True,True
S1_C1_E130_V0622,S1,C1,V0622,E130,1.0,30.0,1920x1080,2023-09-13 02:25:58,S1/C1/S1_C1_E130_V0622.mp4,True,True
S1_C1_E130_V0623,S1,C1,V0623,E130,1.0,30.0,1920x1080,2023-09-13 02:26:02,S1/C1/S1_C1_E130_V0623.mp4,True,True
S1_C1_E130_V0624,S1,C1,V0624,E130,1.0,30.0,1920x1080,2023-09-13 02:26:08,S1/C1/S1_C1_E130_V0624.mp4,True,True
S1_C1_E130_V0625,S1,C1,V0625,E130,1.0,30.0,1920x1080,2023-09-13 02:26:12,S1/C1/S1_C1_E130_V0625.mp4,True,True
S1_C1_E131_V0626,S1,C1,V0626,E131,2.0,30.0,1920x1080,2023-09-13 02:41:48,S1/C1/S1_C1_E131_V0626.mp4,True,True
S1_C1_E131_V0627,S1,C1,V0627,E131,2.0,30.0,1920x1080,2023-09-13 02:42:54,S1/C1/S1_C1_E131_V0627.mp4,True,True
S1_C1_E131_V0628,S1,C1,V0628,E131,1.0,30.0,1920x1080,2023-09-13 02:42:56,S1/C1/S1_C1_E131_V0628.mp4,True,True
S1_C1_E131_V0629,S1,C1,V0629,E131,1.0,30.0,1920x1080,2023-09-13 02:43:02,S1/C1/S1_C1_E131_V0629.mp4,True,True
S1_C1_E132_V0630,S1,C1,V0630,E132,2.0,30.0,1920x1080,2023-09-13 04:37:32,S1/C1/S1_C1_E132_V0630.mp4,True,True
S1_C1_E132_V0631,S1,C1,V0631,E132,1.0,30.0,1920x1080,2023-09-13 04:37:34,S1/C1/S1_C1_E132_V0631.mp4,True,True
S1_C1_E132_V0632,S1,C1,V0632,E132,1.0,30.0,1920x1080,2023-09-13 04:37:36,S1/C1/S1_C1_E132_V0632.mp4,True,True
S1_C1_E132_V0633,S1,C1,V0633,E132,1.0,30.0,1920x1080,2023-09-13 04:37:38,S1/C1/S1_C1_E132_V0633.mp4,True,True
S1_C1_E132_V0634,S1,C1,V0634,E132,1.0,30.0,1920x1080,2023-09-13 04:37:42,S1/C1/S1_C1_E132_V0634.mp4,True,True
S1_C1_E132_V0635,S1,C1,V0635,E132,1.0,30.0,1920x1080,2023-09-13 04:37:44,S1/C1/S1_C1_E132_V0635.mp4,True,True
S1_C1_E133_V0636,S1,C1,V0636,E133,2.0,30.0,1920x1080,2023-09-13 05:16:04,S1/C1/S1_C1_E133_V0636.mp4,True,True
S1_C1_E133_V0637,S1,C1,V0637,E133,1.0,30.0,1920x1080,2023-09-13 05:16:06,S1/C1/S1_C1_E133_V0637.mp4,True,True
S1_C1_E133_V0638,S1,C1,V0638,E133,1.0,30.0,1920x1080,2023-09-13 05:16:10,S1/C1/S1_C1_E133_V0638.mp4,True,True
S1_C1_E133_V0639,S1,C1,V0639,E133,1.5,30.0,1920x1080,2023-09-13 05:16:24,S1/C1/S1_C1_E133_V0639.mp4,True,True
S1_C1_E133_V0640,S1,C1,V0640,E133,1.5,30.0,1920x1080,2023-09-13 05:16:32,S1/C1/S1_C1_E133_V0640.mp4,True,True
S1_C1_E133_V0641,S1,C1,V0641,E133,1.0,30.0,1920x1080,2023-09-13 05:16:36,S1/C1/S1_C1_E133_V0641.mp4,True,True
S1_C1_E133_V0642,S1,C1,V0642,E133,1.0,30.0,1920x1080,2023-09-13 05:16:44,S1/C1/S1_C1_E133_V0642.mp4,True,True
S1_C1_E133_V0643,S1,C1,V0643,E133,1.5,30.0,1920x1080,2023-09-13 05:17:04,S1/C1/S1_C1_E133_V0643.mp4,True,True
S1_C1_E133_V0644,S1,C1,V0644,E133,1.0,30.0,1920x1080,2023-09-13 05:17:14,S1/C1/S1_C1_E133_V0644.mp4,True,True
S1_C1_E134_V0645,S1,C1,V0645,E134,1.5,30.0,1920x1080,2023-09-13 06:13:00,S1/C1/S1_C1_E134_V0645.mp4,True,True
S1_C1_E134_V0646,S1,C1,V0646,E134,1.0,30.0,1920x1080,2023-09-13 06:13:06,S1/C1/S1_C1_E134_V0646.mp4,True,True
S1_C1_E134_V0647,S1,C1,V0647,E134,1.5,30.0,1920x1080,2023-09-13 06:13:22,S1/C1/S1_C1_E134_V0647.mp4,True,True
S1_C1_E134_V0648,S1,C1,V0648,E134,1.0,30.0,1920x1080,2023-09-13 06:13:28,S1/C1/S1_C1_E134_V0648.mp4,True,True
S1_C1_E134_V0649,S1,C1,V0649,E134,1.0,30.0,1920x1080,2023-09-13 06:13:50,S1/C1/S1_C1_E134_V0649.mp4,True,True
S1_C1_E134_V0650,S1,C1,V0650,E134,1.0,30.0,1920x1080,2023-09-13 06:14:00,S1/C1/S1_C1_E134_V0650.mp4,True,True
S1_C1_E134_V0651,S1,C1,V0651,E134,1.0,30.0,1920x1080,2023-09-13 06:14:06,S1/C1/S1_C1_E134_V0651.mp4,True,True
S1_C1_E134_V0652,S1,C1,V0652,E134,1.0,30.0,1920x1080,2023-09-13 06:14:20,S1/C1/S1_C1_E134_V0652.mp4,True,True
S1_C1_E134_V0653,S1,C1,V0653,E134,1.0,30.0,1920x1080,2023-09-13 06:14:38,S1/C1/S1_C1_E134_V0653.mp4,True,True
S1_C1_E134_V0654,S1,C1,V0654,E134,1.0,30.0,1920x1080,2023-09-13 06:14:46,S1/C1/S1_C1_E134_V0654.mp4,True,True
S1_C1_E134_V0655,S1,C1,V0655,E134,1.0,30.0,1920x1080,2023-09-13 06:14:56,S1/C1/S1_C1_E134_V0655.mp4,True,True
S1_C1_E134_V0656,S1,C1,V0656,E134,1.0,30.0,1920x1080,2023-09-13 06:15:28,S1/C1/S1_C1_E134_V0656.mp4,True,True
S1_C1_E134_V0657,S1,C1,V0657,E134,1.0,30.0,1920x1080,2023-09-13 06:15:46,S1/C1/S1_C1_E134_V0657.mp4,True,True
S1_C1_E134_V0658,S1,C1,V0658,E134,1.0,30.0,1920x1080,2023-09-13 06:15:48,S1/C1/S1_C1_E134_V0658.mp4,True,True
S1_C1_E134_V0659,S1,C1,V0659,E134,1.0,30.0,1920x1080,2023-09-13 06:16:00,S1/C1/S1_C1_E134_V0659.mp4,True,True
S1_C1_E134_V0660,S1,C1,V0660,E134,1.0,30.0,1920x1080,2023-09-13 06:16:34,S1/C1/S1_C1_E134_V0660.mp4,True,True
S1_C1_E135_V0661,S1,C1,V0661,E135,120.5,30.0,1920x1080,2023-09-13 17:38:30,S1/C1/S1_C1_E135_V0661.mp4,True,True
S1_C1_E136_V0662,S1,C1,V0662,E136,2.5,30.0,1920x1080,2023-09-13 19:49:16,S1/C1/S1_C1_E136_V0662.mp4,True,True
S1_C1_E136_V0663,S1,C1,V0663,E136,2.0,30.0,1920x1080,2023-09-13 19:49:22,S1/C1/S1_C1_E136_V0663.mp4,True,True
S1_C1_E136_V0664,S1,C1,V0664,E136,1.5,30.0,1920x1080,2023-09-13 19:49:28,S1/C1/S1_C1_E136_V0664.mp4,True,True
S1_C1_E136_V0665,S1,C1,V0665,E136,1.5,30.0,1920x1080,2023-09-13 19:49:36,S1/C1/S1_C1_E136_V0665.mp4,True,True
S1_C1_E136_V0666,S1,C1,V0666,E136,2.0,30.0,1920x1080,2023-09-13 19:50:16,S1/C1/S1_C1_E136_V0666.mp4,True,True
S1_C1_E136_V0667,S1,C1,V0667,E136,1.0,30.0,1920x1080,2023-09-13 19:50:18,S1/C1/S1_C1_E136_V0667.mp4,True,True
S1_C1_E136_V0668,S1,C1,V0668,E136,1.5,30.0,1920x1080,2023-09-13 19:50:24,S1/C1/S1_C1_E136_V0668.mp4,True,True
S1_C1_E136_V0669,S1,C1,V0669,E136,1.5,30.0,1920x1080,2023-09-13 19:50:31,S1/C1/S1_C1_E136_V0669.mp4,True,True
S1_C1_E136_V0670,S1,C1,V0670,E136,1.5,30.0,1920x1080,2023-09-13 19:50:46,S1/C1/S1_C1_E136_V0670.mp4,True,True
S1_C1_E136_V0671,S1,C1,V0671,E136,1.5,30.0,1920x1080,2023-09-13 19:50:58,S1/C1/S1_C1_E136_V0671.mp4,True,True
S1_C1_E136_V0672,S1,C1,V0672,E136,2.0,30.0,1920x1080,2023-09-13 19:52:38,S1/C1/S1_C1_E136_V0672.mp4,True,True
S1_C1_E136_V0673,S1,C1,V0673,E136,1.5,30.0,1920x1080,2023-09-13 19:52:44,S1/C1/S1_C1_E136_V0673.mp4,True,True
S1_C1_E136_V0674,S1,C1,V0674,E136,1.5,30.0,1920x1080,2023-09-13 19:52:56,S1/C1/S1_C1_E136_V0674.mp4,True,True
S1_C1_E137_V0675,S1,C1,V0675,E137,2.0,30.0,1920x1080,2023-09-13 21:05:46,S1/C1/S1_C1_E137_V0675.mp4,True,True
S1_C1_E137_V0676,S1,C1,V0676,E137,2.0,30.0,1920x1080,2023-09-13 21:06:36,S1/C1/S1_C1_E137_V0676.mp4,True,True
S1_C1_E137_V0677,S1,C1,V0677,E137,1.5,30.0,1920x1080,2023-09-13 21:06:46,S1/C1/S1_C1_E137_V0677.mp4,True,True
S1_C1_E137_V0678,S1,C1,V0678,E137,1.5,30.0,1920x1080,2023-09-13 21:07:16,S1/C1/S1_C1_E137_V0678.mp4,True,True
S1_C1_E137_V0679,S1,C1,V0679,E137,1.5,30.0,1920x1080,2023-09-13 21:07:24,S1/C1/S1_C1_E137_V0679.mp4,True,True
S1_C1_E137_V0680,S1,C1,V0680,E137,1.5,30.0,1920x1080,2023-09-13 21:07:32,S1/C1/S1_C1_E137_V0680.mp4,True,True
S1_C1_E137_V0681,S1,C1,V0681,E137,1.5,30.0,1920x1080,2023-09-13 21:08:06,S1/C1/S1_C1_E137_V0681.mp4,True,True
S1_C1_E137_V0682,S1,C1,V0682,E137,1.0,30.0,1920x1080,2023-09-13 21:08:08,S1/C1/S1_C1_E137_V0682.mp4,True,True
S1_C1_E137_V0683,S1,C1,V0683,E137,1.0,30.0,1920x1080,2023-09-13 21:08:16,S1/C1/S1_C1_E137_V0683.mp4,True,True
S1_C1_E137_V0684,S1,C1,V0684,E137,1.0,30.0,1920x1080,2023-09-13 21:08:18,S1/C1/S1_C1_E137_V0684.mp4,True,True
S1_C1_E137_V0685,S1,C1,V0685,E137,1.0,30.0,1920x1080,2023-09-13 21:08:28,S1/C1/S1_C1_E137_V0685.mp4,True,True
S1_C1_E137_V0686,S1,C1,V0686,E137,1.0,30.0,1920x1080,2023-09-13 21:08:34,S1/C1/S1_C1_E137_V0686.mp4,True,True
S1_C1_E137_V0687,S1,C1,V0687,E137,1.0,30.0,1920x1080,2023-09-13 21:08:40,S1/C1/S1_C1_E137_V0687.mp4,True,True
S1_C1_E137_V0688,S1,C1,V0688,E137,1.0,30.0,1920x1080,2023-09-13 21:08:48,S1/C1/S1_C1_E137_V0688.mp4,True,True
S1_C1_E137_V0689,S1,C1,V0689,E137,1.0,30.0,1920x1080,2023-09-13 21:08:58,S1/C1/S1_C1_E137_V0689.mp4,True,True
S1_C1_E137_V0690,S1,C1,V0690,E137,1.0,30.0,1920x1080,2023-09-13 21:09:02,S1/C1/S1_C1_E137_V0690.mp4,True,True
S1_C1_E137_V0691,S1,C1,V0691,E137,1.0,30.0,1920x1080,2023-09-13 21:09:06,S1/C1/S1_C1_E137_V0691.mp4,True,True
S1_C1_E137_V0692,S1,C1,V0692,E137,1.0,30.0,1920x1080,2023-09-13 21:09:15,S1/C1/S1_C1_E137_V0692.mp4,True,True
S1_C1_E137_V0693,S1,C1,V0693,E137,1.0,30.0,1920x1080,2023-09-13 21:09:26,S1/C1/S1_C1_E137_V0693.mp4,True,True
S1_C1_E137_V0694,S1,C1,V0694,E137,1.0,30.0,1920x1080,2023-09-13 21:09:32,S1/C1/S1_C1_E137_V0694.mp4,True,True
S1_C1_E137_V0695,S1,C1,V0695,E137,1.0,30.0,1920x1080,2023-09-13 21:09:34,S1/C1/S1_C1_E137_V0695.mp4,True,True
S1_C1_E137_V0696,S1,C1,V0696,E137,1.0,30.0,1920x1080,2023-09-13 21:09:40,S1/C1/S1_C1_E137_V0696.mp4,True,True
S1_C1_E137_V0697,S1,C1,V0697,E137,1.0,30.0,1920x1080,2023-09-13 21:09:46,S1/C1/S1_C1_E137_V0697.mp4,True,True
S1_C1_E137_V0698,S1,C1,V0698,E137,1.0,30.0,1920x1080,2023-09-13 21:09:52,S1/C1/S1_C1_E137_V0698.mp4,True,True
S1_C1_E138_V0699,S1,C1,V0699,E138,1.5,30.0,1920x1080,2023-09-13 22:06:12,S1/C1/S1_C1_E138_V0699.mp4,True,True
S1_C1_E138_V0700,S1,C1,V0700,E138,1.0,30.0,1920x1080,2023-09-13 22:06:14,S1/C1/S1_C1_E138_V0700.mp4,True,True
S1_C1_E138_V0701,S1,C1,V0701,E138,1.5,30.0,1920x1080,2023-09-13 22:09:16,S1/C1/S1_C1_E138_V0701.mp4,True,True
S1_C1_E138_V0702,S1,C1,V0702,E138,1.0,30.0,1920x1080,2023-09-13 22:09:20,S1/C1/S1_C1_E138_V0702.mp4,True,True
S1_C1_E138_V0703,S1,C1,V0703,E138,1.0,30.0,1920x1080,2023-09-13 22:09:24,S1/C1/S1_C1_E138_V0703.mp4,True,True
S1_C1_E138_V0704,S1,C1,V0704,E138,1.5,30.0,1920x1080,2023-09-13 22:13:10,S1/C1/S1_C1_E138_V0704.mp4,True,True
S1_C1_E138_V0705,S1,C1,V0705,E138,1.0,30.0,1920x1080,2023-09-13 22:13:12,S1/C1/S1_C1_E138_V0705.mp4,True,True
S1_C1_E139_V0706,S1,C1,V0706,E139,120.5,30.0,1920x1080,2023-09-14 08:54:16,S1/C1/S1_C1_E139_V0706.mp4,True,True
S1_C1_E142_V0707,S1,C1,V0707,E142,4.0,30.0,1920x1080,2023-09-14 20:10:18,S1/C1/S1_C1_E142_V0707.mp4,True,True
S1_C1_E142_V0708,S1,C1,V0708,E142,2.0,30.0,1920x1080,2023-09-14 20:10:22,S1/C1/S1_C1_E142_V0708.mp4,True,True
S1_C1_E142_V0709,S1,C1,V0709,E142,1.5,30.0,1920x1080,2023-09-14 20:10:26,S1/C1/S1_C1_E142_V0709.mp4,True,True
S1_C1_E143_V0710,S1,C1,V0710,E143,4.0,30.0,1920x1080,2023-09-14 20:24:20,S1/C1/S1_C1_E143_V0710.mp4,True,True
S1_C1_E143_V0711,S1,C1,V0711,E143,1.5,30.0,1920x1080,2023-09-14 20:24:22,S1/C1/S1_C1_E143_V0711.mp4,True,True
S1_C1_E143_V0712,S1,C1,V0712,E143,1.5,30.0,1920x1080,2023-09-14 20:24:26,S1/C1/S1_C1_E143_V0712.mp4,True,True
S1_C1_E143_V0713,S1,C1,V0713,E143,1.5,30.0,1920x1080,2023-09-14 20:24:30,S1/C1/S1_C1_E143_V0713.mp4,True,True
S1_C1_E143_V0714,S1,C1,V0714,E143,1.0,30.0,1920x1080,2023-09-14 20:24:32,S1/C1/S1_C1_E143_V0714.mp4,True,True
S1_C1_E143_V0715,S1,C1,V0715,E143,1.5,30.0,1920x1080,2023-09-14 20:24:36,S1/C1/S1_C1_E143_V0715.mp4,True,True
S1_C1_E143_V0716,S1,C1,V0716,E143,2.0,30.0,1920x1080,2023-09-14 20:24:58,S1/C1/S1_C1_E143_V0716.mp4,True,True
S1_C1_E143_V0717,S1,C1,V0717,E143,2.0,30.0,1920x1080,2023-09-14 20:25:10,S1/C1/S1_C1_E143_V0717.mp4,True,True
S1_C1_E143_V0718,S1,C1,V0718,E143,2.5,30.0,1920x1080,2023-09-14 20:25:50,S1/C1/S1_C1_E143_V0718.mp4,True,True
S1_C1_E143_V0719,S1,C1,V0719,E143,1.5,30.0,1920x1080,2023-09-14 20:25:54,S1/C1/S1_C1_E143_V0719.mp4,True,True
S1_C1_E143_V0720,S1,C1,V0720,E143,2.0,30.0,1920x1080,2023-09-14 20:26:32,S1/C1/S1_C1_E143_V0720.mp4,True,True
S1_C1_E143_V0721,S1,C1,V0721,E143,1.5,30.0,1920x1080,2023-09-14 20:26:38,S1/C1/S1_C1_E143_V0721.mp4,True,True
S1_C1_E143_V0722,S1,C1,V0722,E143,1.5,30.0,1920x1080,2023-09-14 20:26:46,S1/C1/S1_C1_E143_V0722.mp4,True,True
S1_C1_E143_V0723,S1,C1,V0723,E143,1.5,30.0,1920x1080,2023-09-14 20:26:54,S1/C1/S1_C1_E143_V0723.mp4,True,True
S1_C1_E143_V0724,S1,C1,V0724,E143,1.0,30.0,1920x1080,2023-09-14 20:26:56,S1/C1/S1_C1_E143_V0724.mp4,True,True
S1_C1_E143_V0725,S1,C1,V0725,E143,1.0,30.0,1920x1080,2023-09-14 20:27:00,S1/C1/S1_C1_E143_V0725.mp4,True,True
S1_C1_E145_V0726,S1,C1,V0726,E145,1.5,30.0,1920x1080,2023-09-15 05:18:02,S1/C1/S1_C1_E145_V0726.mp4,True,True
S1_C1_E145_V0727,S1,C1,V0727,E145,1.0,30.0,1920x1080,2023-09-15 05:18:04,S1/C1/S1_C1_E145_V0727.mp4,True,True
S1_C1_E145_V0728,S1,C1,V0728,E145,1.0,30.0,1920x1080,2023-09-15 05:18:10,S1/C1/S1_C1_E145_V0728.mp4,True,True
S1_C1_E145_V0729,S1,C1,V0729,E145,1.0,30.0,1920x1080,2023-09-15 05:18:18,S1/C1/S1_C1_E145_V0729.mp4,True,True
S1_C1_E145_V0730,S1,C1,V0730,E145,1.0,30.0,1920x1080,2023-09-15 05:18:22,S1/C1/S1_C1_E145_V0730.mp4,True,True
S1_C1_E145_V0731,S1,C1,V0731,E145,1.0,30.0,1920x1080,2023-09-15 05:18:36,S1/C1/S1_C1_E145_V0731.mp4,True,True
S1_C1_E145_V0732,S1,C1,V0732,E145,1.5,30.0,1920x1080,2023-09-15 05:21:42,S1/C1/S1_C1_E145_V0732.mp4,True,True
S1_C1_E145_V0733,S1,C1,V0733,E145,1.5,30.0,1920x1080,2023-09-15 05:22:58,S1/C1/S1_C1_E145_V0733.mp4,True,True
S1_C1_E145_V0734,S1,C1,V0734,E145,1.0,30.0,1920x1080,2023-09-15 05:23:02,S1/C1/S1_C1_E145_V0734.mp4,True,True
S1_C1_E145_V0735,S1,C1,V0735,E145,1.0,30.0,1920x1080,2023-09-15 05:23:08,S1/C1/S1_C1_E145_V0735.mp4,True,True
S1_C1_E145_V0736,S1,C1,V0736,E145,1.0,30.0,1920x1080,2023-09-15 05:23:14,S1/C1/S1_C1_E145_V0736.mp4,True,True
S1_C1_E145_V0737,S1,C1,V0737,E145,1.0,30.0,1920x1080,2023-09-15 05:23:26,S1/C1/S1_C1_E145_V0737.mp4,True,True
S1_C1_E146_V0738,S1,C1,V0738,E146,120.5,30.0,1920x1080,2023-09-15 07:31:32,S1/C1/S1_C1_E146_V0738.mp4,True,True
S1_C1_E146_V0739,S1,C1,V0739,E146,120.5,30.0,1920x1080,2023-09-15 07:34:02,S1/C1/S1_C1_E146_V0739.mp4,True,True
S1_C1_E150_V0740,S1,C1,V0740,E150,1.5,30.0,1920x1080,2023-09-15 20:27:12,S1/C1/S1_C1_E150_V0740.mp4,True,True
S1_C1_E150_V0741,S1,C1,V0741,E150,1.5,30.0,1920x1080,2023-09-15 20:27:20,S1/C1/S1_C1_E150_V0741.mp4,True,True
S1_C1_E150_V0742,S1,C1,V0742,E150,1.5,30.0,1920x1080,2023-09-15 20:27:26,S1/C1/S1_C1_E150_V0742.mp4,True,True
S1_C1_E150_V0743,S1,C1,V0743,E150,2.0,30.0,1920x1080,2023-09-15 20:27:54,S1/C1/S1_C1_E150_V0743.mp4,True,True
S1_C1_E150_V0744,S1,C1,V0744,E150,1.0,30.0,1920x1080,2023-09-15 20:27:56,S1/C1/S1_C1_E150_V0744.mp4,True,True
S1_C1_E150_V0745,S1,C1,V0745,E150,1.0,30.0,1920x1080,2023-09-15 20:28:00,S1/C1/S1_C1_E150_V0745.mp4,True,True
S1_C1_E150_V0746,S1,C1,V0746,E150,1.0,30.0,1920x1080,2023-09-15 20:28:04,S1/C1/S1_C1_E150_V0746.mp4,True,True
S1_C1_E150_V0747,S1,C1,V0747,E150,1.0,30.0,1920x1080,2023-09-15 20:28:06,S1/C1/S1_C1_E150_V0747.mp4,True,True
S1_C1_E150_V0748,S1,C1,V0748,E150,1.5,30.0,1920x1080,2023-09-15 20:28:18,S1/C1/S1_C1_E150_V0748.mp4,True,True
S1_C1_E150_V0749,S1,C1,V0749,E150,1.0,30.0,1920x1080,2023-09-15 20:28:20,S1/C1/S1_C1_E150_V0749.mp4,True,True
S1_C1_E150_V0750,S1,C1,V0750,E150,1.0,30.0,1920x1080,2023-09-15 20:28:26,S1/C1/S1_C1_E150_V0750.mp4,True,True
S1_C1_E150_V0751,S1,C1,V0751,E150,1.5,30.0,1920x1080,2023-09-15 20:28:38,S1/C1/S1_C1_E150_V0751.mp4,True,True
S1_C1_E150_V0752,S1,C1,V0752,E150,1.0,30.0,1920x1080,2023-09-15 20:28:40,S1/C1/S1_C1_E150_V0752.mp4,True,True
S1_C1_E150_V0753,S1,C1,V0753,E150,1.0,30.0,1920x1080,2023-09-15 20:28:44,S1/C1/S1_C1_E150_V0753.mp4,True,True
S1_C1_E150_V0754,S1,C1,V0754,E150,1.0,30.0,1920x1080,2023-09-15 20:28:54,S1/C1/S1_C1_E150_V0754.mp4,True,True
S1_C1_E150_V0755,S1,C1,V0755,E150,1.0,30.0,1920x1080,2023-09-15 20:28:58,S1/C1/S1_C1_E150_V0755.mp4,True,True
S1_C1_E150_V0756,S1,C1,V0756,E150,1.0,30.0,1920x1080,2023-09-15 20:29:19,S1/C1/S1_C1_E150_V0756.mp4,True,True
S1_C1_E150_V0757,S1,C1,V0757,E150,1.0,30.0,1920x1080,2023-09-15 20:29:38,S1/C1/S1_C1_E150_V0757.mp4,True,True
S1_C1_E150_V0758,S1,C1,V0758,E150,1.5,30.0,1920x1080,2023-09-15 20:30:26,S1/C1/S1_C1_E150_V0758.mp4,True,True
S1_C1_E150_V0759,S1,C1,V0759,E150,1.0,30.0,1920x1080,2023-09-15 20:30:32,S1/C1/S1_C1_E150_V0759.mp4,True,True
S1_C1_E150_V0760,S1,C1,V0760,E150,1.0,30.0,1920x1080,2023-09-15 20:30:34,S1/C1/S1_C1_E150_V0760.mp4,True,True
S1_C1_E150_V0761,S1,C1,V0761,E150,1.0,30.0,1920x1080,2023-09-15 20:30:36,S1/C1/S1_C1_E150_V0761.mp4,True,True
S1_C1_E150_V0762,S1,C1,V0762,E150,1.0,30.0,1920x1080,2023-09-15 20:30:42,S1/C1/S1_C1_E150_V0762.mp4,True,True
S1_C1_E150_V0763,S1,C1,V0763,E150,1.0,30.0,1920x1080,2023-09-15 20:30:48,S1/C1/S1_C1_E150_V0763.mp4,True,True
S1_C1_E150_V0764,S1,C1,V0764,E150,1.0,30.0,1920x1080,2023-09-15 20:30:54,S1/C1/S1_C1_E150_V0764.mp4,True,True
S1_C1_E150_V0765,S1,C1,V0765,E150,1.0,30.0,1920x1080,2023-09-15 20:32:08,S1/C1/S1_C1_E150_V0765.mp4,True,True
S1_C1_E150_V0766,S1,C1,V0766,E150,1.0,30.0,1920x1080,2023-09-15 20:33:24,S1/C1/S1_C1_E150_V0766.mp4,True,True
S1_C1_E150_V0767,S1,C1,V0767,E150,1.0,30.0,1920x1080,2023-09-15 20:33:30,S1/C1/S1_C1_E150_V0767.mp4,True,True
S1_C1_E151_V0768,S1,C1,V0768,E151,1.5,30.0,1920x1080,2023-09-15 21:53:36,S1/C1/S1_C1_E151_V0768.mp4,True,True
S1_C1_E151_V0769,S1,C1,V0769,E151,1.5,30.0,1920x1080,2023-09-15 21:54:52,S1/C1/S1_C1_E151_V0769.mp4,True,True
S1_C1_E151_V0770,S1,C1,V0770,E151,1.0,30.0,1920x1080,2023-09-15 21:54:56,S1/C1/S1_C1_E151_V0770.mp4,True,True
S1_C1_E151_V0771,S1,C1,V0771,E151,1.0,30.0,1920x1080,2023-09-15 21:55:00,S1/C1/S1_C1_E151_V0771.mp4,True,True
S1_C1_E151_V0772,S1,C1,V0772,E151,1.0,30.0,1920x1080,2023-09-15 21:55:38,S1/C1/S1_C1_E151_V0772.mp4,True,True
S1_C1_E153_V0776,S1,C1,V0776,E153,1.0,30.0,1920x1080,2023-09-16 03:28:50,S1/C1/S1_C1_E153_V0776.mp4,True,True
S1_C1_E153_V0777,S1,C1,V0777,E153,1.0,30.0,1920x1080,2023-09-16 03:28:54,S1/C1/S1_C1_E153_V0777.mp4,True,True
S1_C1_E154_V0778,S1,C1,V0778,E154,1.0,30.0,1920x1080,2023-09-16 03:39:12,S1/C1/S1_C1_E154_V0778.mp4,True,True
S1_C1_E155_V0779,S1,C1,V0779,E155,1.0,30.0,1920x1080,2023-09-16 05:15:16,S1/C1/S1_C1_E155_V0779.mp4,True,True
S1_C1_E15_V0036,S1,C1,V0036,E15,120.5,30.0,1920x1080,2023-08-25 17:49:42,S1/C1/S1_C1_E15_V0036.mp4,True,True
S1_C1_E162_V0780,S1,C1,V0780,E162,120.5,30.0,1920x1080,2023-09-16 19:06:00,S1/C1/S1_C1_E162_V0780.mp4,True,True
S1_C1_E166_V0781,S1,C1,V0781,E166,120.5,30.0,1920x1080,2023-09-17 12:07:26,S1/C1/S1_C1_E166_V0781.mp4,False,True
S1_C1_E168_V0783,S1,C1,V0783,E168,120.5,30.0,1920x1080,2023-09-17 17:02:58,S1/C1/S1_C1_E168_V0783.mp4,False,True
S1_C1_E169_V0784,S1,C1,V0784,E169,2.0,30.0,1920x1080,2023-09-17 19:41:58,S1/C1/S1_C1_E169_V0784.mp4,True,True
S1_C1_E169_V0785,S1,C1,V0785,E169,2.0,30.0,1920x1080,2023-09-17 19:42:10,S1/C1/S1_C1_E169_V0785.mp4,True,True
S1_C1_E169_V0786,S1,C1,V0786,E169,1.0,30.0,1920x1080,2023-09-17 19:42:12,S1/C1/S1_C1_E169_V0786.mp4,True,True
S1_C1_E16_V0037,S1,C1,V0037,E16,20.5,30.0,1920x1080,2023-08-26 01:15:04,S1/C1/S1_C1_E16_V0037.mp4,True,True
S1_C1_E16_V0038,S1,C1,V0038,E16,20.5,30.0,1920x1080,2023-08-26 01:15:42,S1/C1/S1_C1_E16_V0038.mp4,True,True
S1_C1_E16_V0039,S1,C1,V0039,E16,20.5,30.0,1920x1080,2023-08-26 01:16:06,S1/C1/S1_C1_E16_V0039.mp4,True,True
S1_C1_E16_V0040,S1,C1,V0040,E16,20.5,30.0,1920x1080,2023-08-26 01:16:30,S1/C1/S1_C1_E16_V0040.mp4,True,True
S1_C1_E16_V0041,S1,C1,V0041,E16,20.5,30.0,1920x1080,2023-08-26 01:16:52,S1/C1/S1_C1_E16_V0041.mp4,True,True
S1_C1_E170_V0787,S1,C1,V0787,E170,2.0,30.0,1920x1080,2023-09-17 20:21:22,S1/C1/S1_C1_E170_V0787.mp4,True,True
S1_C1_E170_V0788,S1,C1,V0788,E170,1.5,30.0,1920x1080,2023-09-17 20:21:26,S1/C1/S1_C1_E170_V0788.mp4,True,True
S1_C1_E170_V0789,S1,C1,V0789,E170,2.0,30.0,1920x1080,2023-09-17 20:21:54,S1/C1/S1_C1_E170_V0789.mp4,True,True
S1_C1_E170_V0790,S1,C1,V0790,E170,2.0,30.0,1920x1080,2023-09-17 20:22:34,S1/C1/S1_C1_E170_V0790.mp4,True,True
S1_C1_E170_V0791,S1,C1,V0791,E170,1.5,30.0,1920x1080,2023-09-17 20:22:41,S1/C1/S1_C1_E170_V0791.mp4,True,True
S1_C1_E170_V0792,S1,C1,V0792,E170,1.5,30.0,1920x1080,2023-09-17 20:23:04,S1/C1/S1_C1_E170_V0792.mp4,True,True
S1_C1_E170_V0793,S1,C1,V0793,E170,1.5,30.0,1920x1080,2023-09-17 20:23:28,S1/C1/S1_C1_E170_V0793.mp4,True,True
S1_C1_E170_V0794,S1,C1,V0794,E170,1.0,30.0,1920x1080,2023-09-17 20:23:32,S1/C1/S1_C1_E170_V0794.mp4,True,True
S1_C1_E170_V0795,S1,C1,V0795,E170,2.0,30.0,1920x1080,2023-09-17 20:24:48,S1/C1/S1_C1_E170_V0795.mp4,True,True
S1_C1_E170_V0796,S1,C1,V0796,E170,1.5,30.0,1920x1080,2023-09-17 20:24:54,S1/C1/S1_C1_E170_V0796.mp4,True,True
S1_C1_E170_V0797,S1,C1,V0797,E170,1.0,30.0,1920x1080,2023-09-17 20:24:58,S1/C1/S1_C1_E170_V0797.mp4,True,True
S1_C1_E170_V0798,S1,C1,V0798,E170,1.0,30.0,1920x1080,2023-09-17 20:25:00,S1/C1/S1_C1_E170_V0798.mp4,True,True
S1_C1_E170_V0799,S1,C1,V0799,E170,1.5,30.0,1920x1080,2023-09-17 20:25:12,S1/C1/S1_C1_E170_V0799.mp4,True,True
S1_C1_E171_V0800,S1,C1,V0800,E171,2.0,30.0,1920x1080,2023-09-17 20:32:54,S1/C1/S1_C1_E171_V0800.mp4,True,True
S1_C1_E171_V0801,S1,C1,V0801,E171,1.5,30.0,1920x1080,2023-09-17 20:33:10,S1/C1/S1_C1_E171_V0801.mp4,True,True
S1_C1_E171_V0802,S1,C1,V0802,E171,1.5,30.0,1920x1080,2023-09-17 20:33:18,S1/C1/S1_C1_E171_V0802.mp4,True,True
S1_C1_E171_V0803,S1,C1,V0803,E171,1.0,30.0,1920x1080,2023-09-17 20:33:22,S1/C1/S1_C1_E171_V0803.mp4,True,True
S1_C1_E171_V0804,S1,C1,V0804,E171,1.0,30.0,1920x1080,2023-09-17 20:33:26,S1/C1/S1_C1_E171_V0804.mp4,True,True
S1_C1_E172_V0805,S1,C1,V0805,E172,1.5,30.0,1920x1080,2023-09-17 20:52:17,S1/C1/S1_C1_E172_V0805.mp4,True,True
S1_C1_E172_V0806,S1,C1,V0806,E172,1.0,30.0,1920x1080,2023-09-17 20:52:18,S1/C1/S1_C1_E172_V0806.mp4,True,True
S1_C1_E172_V0807,S1,C1,V0807,E172,1.0,30.0,1920x1080,2023-09-17 20:52:22,S1/C1/S1_C1_E172_V0807.mp4,True,True
S1_C1_E172_V0808,S1,C1,V0808,E172,1.0,30.0,1920x1080,2023-09-17 20:52:26,S1/C1/S1_C1_E172_V0808.mp4,True,True
S1_C1_E172_V0809,S1,C1,V0809,E172,1.0,30.0,1920x1080,2023-09-17 20:52:30,S1/C1/S1_C1_E172_V0809.mp4,True,True
S1_C1_E173_V0810,S1,C1,V0810,E173,1.5,30.0,1920x1080,2023-09-17 21:51:06,S1/C1/S1_C1_E173_V0810.mp4,True,True
S1_C1_E173_V0811,S1,C1,V0811,E173,1.0,30.0,1920x1080,2023-09-17 21:51:08,S1/C1/S1_C1_E173_V0811.mp4,True,True
S1_C1_E173_V0812,S1,C1,V0812,E173,1.0,30.0,1920x1080,2023-09-17 21:51:12,S1/C1/S1_C1_E173_V0812.mp4,True,True
S1_C1_E173_V0813,S1,C1,V0813,E173,1.0,30.0,1920x1080,2023-09-17 21:51:14,S1/C1/S1_C1_E173_V0813.mp4,True,True
S1_C1_E174_V0814,S1,C1,V0814,E174,1.5,30.0,1920x1080,2023-09-17 22:09:30,S1/C1/S1_C1_E174_V0814.mp4,True,True
S1_C1_E174_V0815,S1,C1,V0815,E174,1.0,30.0,1920x1080,2023-09-17 22:09:34,S1/C1/S1_C1_E174_V0815.mp4,True,True
S1_C1_E175_V0816,S1,C1,V0816,E175,1.0,30.0,1920x1080,2023-09-17 23:42:52,S1/C1/S1_C1_E175_V0816.mp4,True,True
S1_C1_E175_V0817,S1,C1,V0817,E175,1.0,30.0,1920x1080,2023-09-17 23:43:08,S1/C1/S1_C1_E175_V0817.mp4,True,True
S1_C1_E176_V0818,S1,C1,V0818,E176,1.0,30.0,1920x1080,2023-09-18 03:09:50,S1/C1/S1_C1_E176_V0818.mp4,True,True
S1_C1_E176_V0819,S1,C1,V0819,E176,1.0,30.0,1920x1080,2023-09-18 03:09:55,S1/C1/S1_C1_E176_V0819.mp4,True,True
S1_C1_E176_V0820,S1,C1,V0820,E176,1.0,30.0,1920x1080,2023-09-18 03:09:58,S1/C1/S1_C1_E176_V0820.mp4,True,True
S1_C1_E177_V0821,S1,C1,V0821,E177,120.5,30.0,1920x1080,2023-09-18 07:03:30,S1/C1/S1_C1_E177_V0821.mp4,True,True
S1_C1_E177_V0822,S1,C1,V0822,E177,120.5,30.0,1920x1080,2023-09-18 07:05:36,S1/C1/S1_C1_E177_V0822.mp4,True,True
S1_C1_E177_V0823,S1,C1,V0823,E177,120.5,30.0,1920x1080,2023-09-18 07:09:06,S1/C1/S1_C1_E177_V0823.mp4,True,True
S1_C1_E178_V0824,S1,C1,V0824,E178,120.5,30.0,1920x1080,2023-09-18 07:33:33,S1/C1/S1_C1_E178_V0824.mp4,True,True
S1_C1_E17_V0042,S1,C1,V0042,E17,20.5,30.0,1920x1080,2023-08-26 03:01:06,S1/C1/S1_C1_E17_V0042.mp4,True,True
S1_C1_E17_V0043,S1,C1,V0043,E17,20.5,30.0,1920x1080,2023-08-26 03:01:50,S1/C1/S1_C1_E17_V0043.mp4,True,True
S1_C1_E17_V0044,S1,C1,V0044,E17,20.5,30.0,1920x1080,2023-08-26 03:02:20,S1/C1/S1_C1_E17_V0044.mp4,True,True
S1_C1_E17_V0045,S1,C1,V0045,E17,20.5,30.0,1920x1080,2023-08-26 03:02:46,S1/C1/S1_C1_E17_V0045.mp4,True,True
S1_C1_E17_V0046,S1,C1,V0046,E17,20.5,30.0,1920x1080,2023-08-26 03:03:08,S1/C1/S1_C1_E17_V0046.mp4,True,True
S1_C1_E189_V0825,S1,C1,V0825,E189,120.5,30.0,1920x1080,2023-09-20 17:01:18,S1/C1/S1_C1_E189_V0825.mp4,True,True
S1_C1_E189_V0826,S1,C1,V0826,E189,120.5,30.0,1920x1080,2023-09-20 17:05:28,S1/C1/S1_C1_E189_V0826.mp4,True,True
S1_C1_E18_V0047,S1,C1,V0047,E18,20.5,30.0,1920x1080,2023-08-26 03:11:18,S1/C1/S1_C1_E18_V0047.mp4,True,True
S1_C1_E18_V0048,S1,C1,V0048,E18,20.5,30.0,1920x1080,2023-08-26 03:11:38,S1/C1/S1_C1_E18_V0048.mp4,True,True
S1_C1_E190_V0827,S1,C1,V0827,E190,120.5,30.0,1920x1080,2023-09-20 17:19:20,S1/C1/S1_C1_E190_V0827.mp4,True,True
S1_C1_E191_V0828,S1,C1,V0828,E191,1.0,30.0,1920x1080,2023-09-20 22:19:34,S1/C1/S1_C1_E191_V0828.mp4,True,True
S1_C1_E191_V0829,S1,C1,V0829,E191,1.0,30.0,1920x1080,2023-09-20 22:22:24,S1/C1/S1_C1_E191_V0829.mp4,True,True
S1_C1_E192_V0830,S1,C1,V0830,E192,120.5,30.0,1920x1080,2023-09-21 07:00:36,S1/C1/S1_C1_E192_V0830.mp4,True,False
S1_C1_E192_V0831,S1,C1,V0831,E192,120.5,30.0,1920x1080,2023-09-21 07:06:12,S1/C1/S1_C1_E192_V0831.mp4,True,False
S1_C1_E193_V0832,S1,C1,V0832,E193,120.5,30.0,1920x1080,2023-09-21 07:29:02,S1/C1/S1_C1_E193_V0832.mp4,True,True
S1_C1_E194_V0833,S1,C1,V0833,E194,120.5,30.0,1920x1080,2023-09-21 08:34:28,S1/C1/S1_C1_E194_V0833.mp4,True,True
S1_C1_E194_V0834,S1,C1,V0834,E194,120.5,30.0,1920x1080,2023-09-21 08:36:34,S1/C1/S1_C1_E194_V0834.mp4,True,True
S1_C1_E194_V0835,S1,C1,V0835,E194,120.5,30.0,1920x1080,2023-09-21 08:38:34,S1/C1/S1_C1_E194_V0835.mp4,True,True
S1_C1_E195_V0836,S1,C1,V0836,E195,120.5,30.0,1920x1080,2023-09-21 08:46:46,S1/C1/S1_C1_E195_V0836.mp4,True,False
S1_C1_E195_V0837,S1,C1,V0837,E195,120.5,30.0,1920x1080,2023-09-21 08:49:38,S1/C1/S1_C1_E195_V0837.mp4,True,False
S1_C1_E195_V0838,S1,C1,V0838,E195,120.5,30.0,1920x1080,2023-09-21 08:51:42,S1/C1/S1_C1_E195_V0838.mp4,True,False
S1_C1_E195_V0839,S1,C1,V0839,E195,120.5,30.0,1920x1080,2023-09-21 08:55:00,S1/C1/S1_C1_E195_V0839.mp4,True,False
S1_C1_E204_V0840,S1,C1,V0840,E204,120.5,30.0,1920x1080,2023-09-24 12:52:54,S1/C1/S1_C1_E204_V0840.mp4,False,True
S1_C1_E204_V0841,S1,C1,V0841,E204,120.5,30.0,1920x1080,2023-09-24 12:55:46,S1/C1/S1_C1_E204_V0841.mp4,False,True
S1_C1_E205_V0842,S1,C1,V0842,E205,120.5,30.0,1920x1080,2023-09-24 13:23:55,S1/C1/S1_C1_E205_V0842.mp4,False,True
S1_C1_E205_V0843,S1,C1,V0843,E205,120.5,30.0,1920x1080,2023-09-24 13:28:24,S1/C1/S1_C1_E205_V0843.mp4,False,True
S1_C1_E208_V0847,S1,C1,V0847,E208,120.5,30.0,1920x1080,2023-09-24 14:21:24,S1/C1/S1_C1_E208_V0847.mp4,False,True
S1_C1_E208_V0848,S1,C1,V0848,E208,120.5,30.0,1920x1080,2023-09-24 14:24:12,S1/C1/S1_C1_E208_V0848.mp4,False,True
S1_C1_E210_V0850,S1,C1,V0850,E210,120.5,30.0,1920x1080,2023-09-24 15:08:48,S1/C1/S1_C1_E210_V0850.mp4,False,True
S1_C1_E210_V0851,S1,C1,V0851,E210,120.5,30.0,1920x1080,2023-09-24 15:11:34,S1/C1/S1_C1_E210_V0851.mp4,False,True
S1_C1_E210_V0852,S1,C1,V0852,E210,120.5,30.0,1920x1080,2023-09-24 15:14:22,S1/C1/S1_C1_E210_V0852.mp4,False,True
S1_C1_E210_V0853,S1,C1,V0853,E210,120.5,30.0,1920x1080,2023-09-24 15:20:20,S1/C1/S1_C1_E210_V0853.mp4,False,True
S1_C1_E216_V0857,S1,C1,V0857,E216,120.5,30.0,1920x1080,2023-09-25 18:53:40,S1/C1/S1_C1_E216_V0857.mp4,True,True
S1_C1_E217_V0858,S1,C1,V0858,E217,120.5,30.0,1920x1080,2023-09-25 19:26:52,S1/C1/S1_C1_E217_V0858.mp4,True,True
S1_C1_E218_V0859,S1,C1,V0859,E218,120.5,30.0,1920x1080,2023-09-26 13:29:22,S1/C1/S1_C1_E218_V0859.mp4,False,True
S1_C1_E21_V0051,S1,C1,V0051,E21,120.5,30.0,1920x1080,2023-08-26 13:42:38,S1/C1/S1_C1_E21_V0051.mp4,False,True
S1_C1_E221_V0861,S1,C1,V0861,E221,120.5,30.0,1920x1080,2023-09-27 16:53:44,S1/C1/S1_C1_E221_V0861.mp4,False,True
S1_C1_E222_V0862,S1,C1,V0862,E222,120.5,30.0,1920x1080,2023-09-27 19:12:36,S1/C1/S1_C1_E222_V0862.mp4,True,True
S1_C1_E227_V0864,S1,C1,V0864,E227,120.5,30.0,1920x1080,2023-09-29 13:47:42,S1/C1/S1_C1_E227_V0864.mp4,False,True
S1_C1_E228_V0865,S1,C1,V0865,E228,120.5,30.0,1920x1080,2023-09-29 14:26:50,S1/C1/S1_C1_E228_V0865.mp4,False,True
S1_C1_E230_V0867,S1,C1,V0867,E230,120.5,30.0,1920x1080,2023-09-29 16:49:34,S1/C1/S1_C1_E230_V0867.mp4,False,True
S1_C1_E242_V0873,S1,C1,V0873,E242,120.5,30.0,1920x1080,2023-10-02 17:08:32,S1/C1/S1_C1_E242_V0873.mp4,False,True
S1_C1_E242_V0874,S1,C1,V0874,E242,120.5,30.0,1920x1080,2023-10-02 17:11:04,S1/C1/S1_C1_E242_V0874.mp4,False,True
S1_C1_E248_V0877,S1,C1,V0877,E248,120.5,30.0,1920x1080,2023-10-03 16:03:26,S1/C1/S1_C1_E248_V0877.mp4,False,True
S1_C1_E24_V0056,S1,C1,V0056,E24,120.5,30.0,1920x1080,2023-08-26 14:41:02,S1/C1/S1_C1_E24_V0056.mp4,False,True
S1_C1_E24_V0057,S1,C1,V0057,E24,120.5,30.0,1920x1080,2023-08-26 14:45:53,S1/C1/S1_C1_E24_V0057.mp4,False,True
S1_C1_E27_V0059,S1,C1,V0059,E27,20.5,30.0,1920x1080,2023-08-27 03:14:00,S1/C1/S1_C1_E27_V0059.mp4,True,True
S1_C1_E27_V0060,S1,C1,V0060,E27,20.5,30.0,1920x1080,2023-08-27 03:14:58,S1/C1/S1_C1_E27_V0060.mp4,True,True
S1_C1_E27_V0061,S1,C1,V0061,E27,20.5,30.0,1920x1080,2023-08-27 03:15:54,S1/C1/S1_C1_E27_V0061.mp4,True,True
S1_C1_E27_V0062,S1,C1,V0062,E27,20.5,30.0,1920x1080,2023-08-27 03:17:28,S1/C1/S1_C1_E27_V0062.mp4,True,True
S1_C1_E28_V0063,S1,C1,V0063,E28,20.5,30.0,1920x1080,2023-08-27 06:36:30,S1/C1/S1_C1_E28_V0063.mp4,True,True
S1_C1_E29_V0064,S1,C1,V0064,E29,120.5,30.0,1920x1080,2023-08-27 18:31:42,S1/C1/S1_C1_E29_V0064.mp4,True,True
S1_C1_E29_V0065,S1,C1,V0065,E29,120.5,30.0,1920x1080,2023-08-27 18:33:56,S1/C1/S1_C1_E29_V0065.mp4,True,True
S1_C1_E30_V0066,S1,C1,V0066,E30,20.5,30.0,1920x1080,2023-08-27 23:48:40,S1/C1/S1_C1_E30_V0066.mp4,True,True
S1_C1_E32_V0068,S1,C1,V0068,E32,120.5,30.0,1920x1080,2023-08-28 18:55:24,S1/C1/S1_C1_E32_V0068.mp4,True,True
S1_C1_E33_V0069,S1,C1,V0069,E33,120.5,30.0,1920x1080,2023-08-29 06:35:16,S1/C1/S1_C1_E33_V0069.mp4,True,True
S1_C1_E33_V0070,S1,C1,V0070,E33,120.5,30.0,1920x1080,2023-08-29 06:39:56,S1/C1/S1_C1_E33_V0070.mp4,True,True
S1_C1_E34_V0071,S1,C1,V0071,E34,120.5,30.0,1920x1080,2023-08-29 08:18:08,S1/C1/S1_C1_E34_V0071.mp4,True,True
S1_C1_E36_V0073,S1,C1,V0073,E36,120.5,30.0,1920x1080,2023-08-29 11:44:46,S1/C1/S1_C1_E36_V0073.mp4,True,True
S1_C1_E36_V0074,S1,C1,V0074,E36,120.5,30.0,1920x1080,2023-08-29 11:46:46,S1/C1/S1_C1_E36_V0074.mp4,True,True
S1_C1_E37_V0075,S1,C1,V0075,E37,120.5,30.0,1920x1080,2023-08-29 16:04:36,S1/C1/S1_C1_E37_V0075.mp4,True,True
S1_C1_E37_V0076,S1,C1,V0076,E37,120.5,30.0,1920x1080,2023-08-29 16:06:40,S1/C1/S1_C1_E37_V0076.mp4,True,True
S1_C1_E38_V0077,S1,C1,V0077,E38,120.5,30.0,1920x1080,2023-08-29 20:14:40,S1/C1/S1_C1_E38_V0077.mp4,True,True
S1_C1_E38_V0078,S1,C1,V0078,E38,20.5,30.0,1920x1080,2023-08-29 20:15:06,S1/C1/S1_C1_E38_V0078.mp4,True,True
S1_C1_E38_V0079,S1,C1,V0079,E38,20.5,30.0,1920x1080,2023-08-29 20:15:50,S1/C1/S1_C1_E38_V0079.mp4,True,True
S1_C1_E38_V0080,S1,C1,V0080,E38,20.5,30.0,1920x1080,2023-08-29 20:16:13,S1/C1/S1_C1_E38_V0080.mp4,True,True
S1_C1_E38_V0081,S1,C1,V0081,E38,20.5,30.0,1920x1080,2023-08-29 20:16:44,S1/C1/S1_C1_E38_V0081.mp4,True,True
S1_C1_E38_V0082,S1,C1,V0082,E38,20.5,30.0,1920x1080,2023-08-29 20:17:08,S1/C1/S1_C1_E38_V0082.mp4,True,True
S1_C1_E38_V0083,S1,C1,V0083,E38,20.5,30.0,1920x1080,2023-08-29 20:17:36,S1/C1/S1_C1_E38_V0083.mp4,True,True
S1_C1_E38_V0084,S1,C1,V0084,E38,20.5,30.0,1920x1080,2023-08-29 20:18:00,S1/C1/S1_C1_E38_V0084.mp4,True,True
S1_C1_E38_V0085,S1,C1,V0085,E38,20.5,30.0,1920x1080,2023-08-29 20:18:34,S1/C1/S1_C1_E38_V0085.mp4,True,True
S1_C1_E38_V0086,S1,C1,V0086,E38,20.5,30.0,1920x1080,2023-08-29 20:18:58,S1/C1/S1_C1_E38_V0086.mp4,True,True
S1_C1_E38_V0087,S1,C1,V0087,E38,20.5,30.0,1920x1080,2023-08-29 20:19:24,S1/C1/S1_C1_E38_V0087.mp4,True,True
S1_C1_E38_V0088,S1,C1,V0088,E38,20.5,30.0,1920x1080,2023-08-29 20:19:50,S1/C1/S1_C1_E38_V0088.mp4,True,True
S1_C1_E38_V0089,S1,C1,V0089,E38,20.5,30.0,1920x1080,2023-08-29 20:20:14,S1/C1/S1_C1_E38_V0089.mp4,True,True
S1_C1_E38_V0090,S1,C1,V0090,E38,20.5,30.0,1920x1080,2023-08-29 20:20:38,S1/C1/S1_C1_E38_V0090.mp4,True,True
S1_C1_E39_V0091,S1,C1,V0091,E39,20.5,30.0,1920x1080,2023-08-29 23:59:18,S1/C1/S1_C1_E39_V0091.mp4,True,True
S1_C1_E40_V0092,S1,C1,V0092,E40,20.5,30.0,1920x1080,2023-08-30 00:08:36,S1/C1/S1_C1_E40_V0092.mp4,True,True
S1_C1_E40_V0093,S1,C1,V0093,E40,20.5,30.0,1920x1080,2023-08-30 00:09:04,S1/C1/S1_C1_E40_V0093.mp4,True,True
S1_C1_E40_V0094,S1,C1,V0094,E40,20.5,30.0,1920x1080,2023-08-30 00:09:29,S1/C1/S1_C1_E40_V0094.mp4,True,True
S1_C1_E40_V0095,S1,C1,V0095,E40,20.5,30.0,1920x1080,2023-08-30 00:09:54,S1/C1/S1_C1_E40_V0095.mp4,True,True
S1_C1_E40_V0096,S1,C1,V0096,E40,20.5,30.0,1920x1080,2023-08-30 00:10:16,S1/C1/S1_C1_E40_V0096.mp4,True,True
S1_C1_E40_V0097,S1,C1,V0097,E40,20.5,30.0,1920x1080,2023-08-30 00:10:38,S1/C1/S1_C1_E40_V0097.mp4,True,True
S1_C1_E40_V0098,S1,C1,V0098,E40,20.5,30.0,1920x1080,2023-08-30 00:11:04,S1/C1/S1_C1_E40_V0098.mp4,True,True
S1_C1_E40_V0099,S1,C1,V0099,E40,20.5,30.0,1920x1080,2023-08-30 00:11:28,S1/C1/S1_C1_E40_V0099.mp4,True,True
S1_C1_E40_V0100,S1,C1,V0100,E40,20.5,30.0,1920x1080,2023-08-30 00:11:52,S1/C1/S1_C1_E40_V0100.mp4,True,True
S1_C1_E40_V0101,S1,C1,V0101,E40,20.5,30.0,1920x1080,2023-08-30 00:12:24,S1/C1/S1_C1_E40_V0101.mp4,True,True
S1_C1_E40_V0102,S1,C1,V0102,E40,20.5,30.0,1920x1080,2023-08-30 00:12:54,S1/C1/S1_C1_E40_V0102.mp4,True,True
S1_C1_E40_V0103,S1,C1,V0103,E40,20.5,30.0,1920x1080,2023-08-30 00:13:36,S1/C1/S1_C1_E40_V0103.mp4,True,True
S1_C1_E40_V0104,S1,C1,V0104,E40,20.5,30.0,1920x1080,2023-08-30 00:14:02,S1/C1/S1_C1_E40_V0104.mp4,True,True
S1_C1_E40_V0105,S1,C1,V0105,E40,20.5,30.0,1920x1080,2023-08-30 00:14:27,S1/C1/S1_C1_E40_V0105.mp4,True,True
S1_C1_E40_V0106,S1,C1,V0106,E40,20.5,30.0,1920x1080,2023-08-30 00:14:50,S1/C1/S1_C1_E40_V0106.mp4,True,True
S1_C1_E42_V0107,S1,C1,V0107,E42,120.5,30.0,1920x1080,2023-08-30 08:06:00,S1/C1/S1_C1_E42_V0107.mp4,True,True
S1_C1_E42_V0108,S1,C1,V0108,E42,120.5,30.0,1920x1080,2023-08-30 08:09:06,S1/C1/S1_C1_E42_V0108.mp4,True,True
S1_C1_E49_V0112,S1,C1,V0112,E49,120.5,30.0,1920x1080,2023-08-30 18:49:42,S1/C1/S1_C1_E49_V0112.mp4,True,True
S1_C1_E4_V0016,S1,C1,V0016,E4,20.5,30.0,1920x1080,2023-08-24 05:43:26,S1/C1/S1_C1_E4_V0016.mp4,True,True
S1_C1_E4_V0017,S1,C1,V0017,E4,20.5,30.0,1920x1080,2023-08-24 05:43:49,S1/C1/S1_C1_E4_V0017.mp4,True,True
S1_C1_E4_V0018,S1,C1,V0018,E4,20.5,30.0,1920x1080,2023-08-24 05:44:12,S1/C1/S1_C1_E4_V0018.mp4,True,True
S1_C1_E4_V0019,S1,C1,V0019,E4,20.5,30.0,1920x1080,2023-08-24 05:44:44,S1/C1/S1_C1_E4_V0019.mp4,True,True
S1_C1_E4_V0020,S1,C1,V0020,E4,20.5,30.0,1920x1080,2023-08-24 05:45:07,S1/C1/S1_C1_E4_V0020.mp4,True,True
S1_C1_E50_V0113,S1,C1,V0113,E50,20.5,30.0,1920x1080,2023-08-30 20:41:34,S1/C1/S1_C1_E50_V0113.mp4,True,True
S1_C1_E50_V0114,S1,C1,V0114,E50,20.5,30.0,1920x1080,2023-08-30 20:41:58,S1/C1/S1_C1_E50_V0114.mp4,True,True
S1_C1_E50_V0115,S1,C1,V0115,E50,20.5,30.0,1920x1080,2023-08-30 20:42:22,S1/C1/S1_C1_E50_V0115.mp4,True,True
S1_C1_E51_V0116,S1,C1,V0116,E51,20.5,30.0,1920x1080,2023-08-30 22:20:22,S1/C1/S1_C1_E51_V0116.mp4,True,True
S1_C1_E53_V0118,S1,C1,V0118,E53,120.5,30.0,1920x1080,2023-08-31 16:21:28,S1/C1/S1_C1_E53_V0118.mp4,True,True
S1_C1_E57_V0141,S1,C1,V0141,E57,120.5,30.0,1920x1080,2023-09-01 12:05:08,S1/C1/S1_C1_E57_V0141.mp4,True,True
S1_C1_E60_V0143,S1,C1,V0143,E60,20.5,30.0,1920x1080,2023-09-02 00:21:56,S1/C1/S1_C1_E60_V0143.mp4,True,True
S1_C1_E60_V0144,S1,C1,V0144,E60,20.5,30.0,1920x1080,2023-09-02 00:22:18,S1/C1/S1_C1_E60_V0144.mp4,True,True
S1_C1_E61_V0145,S1,C1,V0145,E61,20.5,30.0,1920x1080,2023-09-02 20:12:58,S1/C1/S1_C1_E61_V0145.mp4,True,True
S1_C1_E66_V0152,S1,C1,V0152,E66,120.5,30.0,1920x1080,2023-09-03 19:44:18,S1/C1/S1_C1_E66_V0152.mp4,True,True
S1_C1_E68_V0153,S1,C1,V0153,E68,20.5,30.0,1920x1080,2023-09-04 03:53:12,S1/C1/S1_C1_E68_V0153.mp4,True,True
S1_C1_E68_V0154,S1,C1,V0154,E68,20.5,30.0,1920x1080,2023-09-04 03:54:04,S1/C1/S1_C1_E68_V0154.mp4,True,True
S1_C1_E68_V0155,S1,C1,V0155,E68,20.5,30.0,1920x1080,2023-09-04 03:55:12,S1/C1/S1_C1_E68_V0155.mp4,True,True
S1_C1_E68_V0156,S1,C1,V0156,E68,20.5,30.0,1920x1080,2023-09-04 03:55:42,S1/C1/S1_C1_E68_V0156.mp4,True,True
S1_C1_E68_V0157,S1,C1,V0157,E68,20.5,30.0,1920x1080,2023-09-04 03:56:08,S1/C1/S1_C1_E68_V0157.mp4,True,True
S1_C1_E68_V0158,S1,C1,V0158,E68,20.5,30.0,1920x1080,2023-09-04 03:56:28,S1/C1/S1_C1_E68_V0158.mp4,True,True
S1_C1_E68_V0159,S1,C1,V0159,E68,20.5,30.0,1920x1080,2023-09-04 03:56:54,S1/C1/S1_C1_E68_V0159.mp4,True,True
S1_C1_E68_V0160,S1,C1,V0160,E68,20.5,30.0,1920x1080,2023-09-04 03:57:16,S1/C1/S1_C1_E68_V0160.mp4,True,True
S1_C1_E68_V0161,S1,C1,V0161,E68,20.5,30.0,1920x1080,2023-09-04 03:57:50,S1/C1/S1_C1_E68_V0161.mp4,True,True
S1_C1_E68_V0162,S1,C1,V0162,E68,12.0,30.0,1920x1080,2023-09-04 03:58:04,S1/C1/S1_C1_E68_V0162.mp4,True,True
S1_C1_E68_V0163,S1,C1,V0163,E68,6.5,30.0,1920x1080,2023-09-04 03:58:12,S1/C1/S1_C1_E68_V0163.mp4,True,True
S1_C1_E68_V0164,S1,C1,V0164,E68,16.5,30.0,1920x1080,2023-09-04 03:58:38,S1/C1/S1_C1_E68_V0164.mp4,True,True
S1_C1_E68_V0165,S1,C1,V0165,E68,14.5,30.0,1920x1080,2023-09-04 03:59:00,S1/C1/S1_C1_E68_V0165.mp4,True,True
S1_C1_E68_V0166,S1,C1,V0166,E68,9.5,30.0,1920x1080,2023-09-04 03:59:12,S1/C1/S1_C1_E68_V0166.mp4,True,True
S1_C1_E68_V0167,S1,C1,V0167,E68,5.5,30.0,1920x1080,2023-09-04 03:59:20,S1/C1/S1_C1_E68_V0167.mp4,True,True
S1_C1_E68_V0168,S1,C1,V0168,E68,20.5,30.0,1920x1080,2023-09-04 03:59:56,S1/C1/S1_C1_E68_V0168.mp4,True,True
S1_C1_E68_V0169,S1,C1,V0169,E68,7.0,30.0,1920x1080,2023-09-04 04:00:06,S1/C1/S1_C1_E68_V0169.mp4,True,True
S1_C1_E68_V0170,S1,C1,V0170,E68,4.5,30.0,1920x1080,2023-09-04 04:00:12,S1/C1/S1_C1_E68_V0170.mp4,True,True
S1_C1_E68_V0171,S1,C1,V0171,E68,7.0,30.0,1920x1080,2023-09-04 04:00:22,S1/C1/S1_C1_E68_V0171.mp4,True,True
S1_C1_E68_V0172,S1,C1,V0172,E68,4.0,30.0,1920x1080,2023-09-04 04:00:26,S1/C1/S1_C1_E68_V0172.mp4,True,True
S1_C1_E68_V0173,S1,C1,V0173,E68,4.0,30.0,1920x1080,2023-09-04 04:00:32,S1/C1/S1_C1_E68_V0173.mp4,True,True
S1_C1_E68_V0174,S1,C1,V0174,E68,6.0,30.0,1920x1080,2023-09-04 04:00:40,S1/C1/S1_C1_E68_V0174.mp4,True,True
S1_C1_E68_V0175,S1,C1,V0175,E68,8.5,30.0,1920x1080,2023-09-04 04:00:54,S1/C1/S1_C1_E68_V0175.mp4,True,True
S1_C1_E68_V0176,S1,C1,V0176,E68,5.0,30.0,1920x1080,2023-09-04 04:01:00,S1/C1/S1_C1_E68_V0176.mp4,True,True
S1_C1_E68_V0177,S1,C1,V0177,E68,6.0,30.0,1920x1080,2023-09-04 04:01:10,S1/C1/S1_C1_E68_V0177.mp4,True,True
S1_C1_E68_V0178,S1,C1,V0178,E68,9.5,30.0,1920x1080,2023-09-04 04:01:24,S1/C1/S1_C1_E68_V0178.mp4,True,True
S1_C1_E68_V0179,S1,C1,V0179,E68,13.0,30.0,1920x1080,2023-09-04 04:01:46,S1/C1/S1_C1_E68_V0179.mp4,True,True
S1_C1_E68_V0180,S1,C1,V0180,E68,14.0,30.0,1920x1080,2023-09-04 04:02:08,S1/C1/S1_C1_E68_V0180.mp4,True,True
S1_C1_E68_V0181,S1,C1,V0181,E68,10.5,30.0,1920x1080,2023-09-04 04:02:24,S1/C1/S1_C1_E68_V0181.mp4,True,True
S1_C1_E75_V0185,S1,C1,V0185,E75,120.5,30.0,1920x1080,2023-09-04 15:12:44,S1/C1/S1_C1_E75_V0185.mp4,False,True
S1_C1_E78_V0188,S1,C1,V0188,E78,120.5,30.0,1920x1080,2023-09-04 17:05:20,S1/C1/S1_C1_E78_V0188.mp4,False,True
S1_C1_E84_V0194,S1,C1,V0194,E84,20.5,30.0,1920x1080,2023-09-05 20:56:32,S1/C1/S1_C1_E84_V0194.mp4,True,True
S1_C1_E85_V0195,S1,C1,V0195,E85,20.5,30.0,1920x1080,2023-09-06 03:26:26,S1/C1/S1_C1_E85_V0195.mp4,True,True
S1_C1_E86_V0196,S1,C1,V0196,E86,20.5,30.0,1920x1080,2023-09-06 03:33:44,S1/C1/S1_C1_E86_V0196.mp4,True,True
S1_C1_E86_V0197,S1,C1,V0197,E86,20.5,30.0,1920x1080,2023-09-06 03:35:46,S1/C1/S1_C1_E86_V0197.mp4,True,True
S1_C1_E86_V0198,S1,C1,V0198,E86,20.5,30.0,1920x1080,2023-09-06 03:36:10,S1/C1/S1_C1_E86_V0198.mp4,True,True
S1_C1_E86_V0199,S1,C1,V0199,E86,20.5,30.0,1920x1080,2023-09-06 03:36:32,S1/C1/S1_C1_E86_V0199.mp4,True,True
S1_C1_E86_V0200,S1,C1,V0200,E86,20.5,30.0,1920x1080,2023-09-06 03:36:56,S1/C1/S1_C1_E86_V0200.mp4,True,True
S1_C1_E86_V0201,S1,C1,V0201,E86,20.5,30.0,1920x1080,2023-09-06 03:37:19,S1/C1/S1_C1_E86_V0201.mp4,True,True
S1_C1_E86_V0202,S1,C1,V0202,E86,12.5,30.0,1920x1080,2023-09-06 03:37:32,S1/C1/S1_C1_E86_V0202.mp4,True,True
S1_C1_E86_V0203,S1,C1,V0203,E86,20.5,30.0,1920x1080,2023-09-06 03:38:28,S1/C1/S1_C1_E86_V0203.mp4,True,True
S1_C1_E86_V0204,S1,C1,V0204,E86,20.5,30.0,1920x1080,2023-09-06 03:43:36,S1/C1/S1_C1_E86_V0204.mp4,True,True
S1_C1_E86_V0205,S1,C1,V0205,E86,20.5,30.0,1920x1080,2023-09-06 03:45:18,S1/C1/S1_C1_E86_V0205.mp4,True,True
S1_C1_E86_V0206,S1,C1,V0206,E86,20.5,30.0,1920x1080,2023-09-06 03:45:44,S1/C1/S1_C1_E86_V0206.mp4,True,True
S1_C1_E8_V0024,S1,C1,V0024,E8,20.5,30.0,1920x1080,2023-08-24 23:46:38,S1/C1/S1_C1_E8_V0024.mp4,True,True
S1_C1_E8_V0025,S1,C1,V0025,E8,20.5,30.0,1920x1080,2023-08-24 23:48:18,S1/C1/S1_C1_E8_V0025.mp4,True,True
S1_C1_E8_V0026,S1,C1,V0026,E8,20.5,30.0,1920x1080,2023-08-24 23:48:44,S1/C1/S1_C1_E8_V0026.mp4,True,True
S1_C1_E8_V0027,S1,C1,V0027,E8,20.5,30.0,1920x1080,2023-08-24 23:49:14,S1/C1/S1_C1_E8_V0027.mp4,True,True
S1_C1_E8_V0028,S1,C1,V0028,E8,20.5,30.0,1920x1080,2023-08-24 23:49:40,S1/C1/S1_C1_E8_V0028.mp4,True,True
S1_C1_E8_V0029,S1,C1,V0029,E8,20.5,30.0,1920x1080,2023-08-24 23:50:04,S1/C1/S1_C1_E8_V0029.mp4,True,True
S1_C1_E91_V0207,S1,C1,V0207,E91,120.5,30.0,1920x1080,2023-09-07 07:34:04,S1/C1/S1_C1_E91_V0207.mp4,True,True
S1_C1_E94_V0210,S1,C1,V0210,E94,20.5,30.0,1920x1080,2023-09-07 22:43:26,S1/C1/S1_C1_E94_V0210.mp4,True,True
S1_C1_E94_V0211,S1,C1,V0211,E94,20.5,30.0,1920x1080,2023-09-07 22:43:58,S1/C1/S1_C1_E94_V0211.mp4,True,True
S1_C1_E94_V0212,S1,C1,V0212,E94,20.5,30.0,1920x1080,2023-09-07 22:44:28,S1/C1/S1_C1_E94_V0212.mp4,True,True
S1_C1_E94_V0213,S1,C1,V0213,E94,20.5,30.0,1920x1080,2023-09-07 22:44:50,S1/C1/S1_C1_E94_V0213.mp4,True,True
S1_C1_E94_V0214,S1,C1,V0214,E94,20.5,30.0,1920x1080,2023-09-07 22:45:14,S1/C1/S1_C1_E94_V0214.mp4,True,True
S1_C1_E94_V0215,S1,C1,V0215,E94,13.0,30.0,1920x1080,2023-09-07 22:45:32,S1/C1/S1_C1_E94_V0215.mp4,True,True
S1_C1_E94_V0216,S1,C1,V0216,E94,9.0,30.0,1920x1080,2023-09-07 22:45:44,S1/C1/S1_C1_E94_V0216.mp4,True,True
S1_C1_E94_V0217,S1,C1,V0217,E94,16.0,30.0,1920x1080,2023-09-07 22:46:16,S1/C1/S1_C1_E94_V0217.mp4,True,True
S1_C1_E94_V0218,S1,C1,V0218,E94,8.5,30.0,1920x1080,2023-09-07 22:46:28,S1/C1/S1_C1_E94_V0218.mp4,True,True
S1_C1_E94_V0219,S1,C1,V0219,E94,20.5,30.0,1920x1080,2023-09-07 22:47:18,S1/C1/S1_C1_E94_V0219.mp4,True,True
S1_C1_E98_V0221,S1,C1,V0221,E98,20.5,30.0,1920x1080,2023-09-09 00:44:04,S1/C1/S1_C1_E98_V0221.mp4,True,True
S1_C1_E98_V0222,S1,C1,V0222,E98,20.5,30.0,1920x1080,2023-09-09 00:44:54,S1/C1/S1_C1_E98_V0222.mp4,True,True
S1_C1_E98_V0223,S1,C1,V0223,E98,19.0,30.0,1920x1080,2023-09-09 00:45:15,S1/C1/S1_C1_E98_V0223.mp4,True,True
S1_C1_E98_V0224,S1,C1,V0224,E98,10.5,30.0,1920x1080,2023-09-09 00:45:34,S1/C1/S1_C1_E98_V0224.mp4,True,True
S1_C1_E98_V0225,S1,C1,V0225,E98,3.0,30.0,1920x1080,2023-09-09 00:45:38,S1/C1/S1_C1_E98_V0225.mp4,True,True
S1_C1_E98_V0226,S1,C1,V0226,E98,9.0,30.0,1920x1080,2023-09-09 00:46:00,S1/C1/S1_C1_E98_V0226.mp4,True,True
S1_C1_E98_V0227,S1,C1,V0227,E98,8.5,30.0,1920x1080,2023-09-09 00:46:20,S1/C1/S1_C1_E98_V0227.mp4,True,True
S1_C1_E98_V0228,S1,C1,V0228,E98,9.0,30.0,1920x1080,2023-09-09 00:46:46,S1/C1/S1_C1_E98_V0228.mp4,True,True
S1_C1_E98_V0229,S1,C1,V0229,E98,9.0,30.0,1920x1080,2023-09-09 00:47:14,S1/C1/S1_C1_E98_V0229.mp4,True,True
S1_C1_E98_V0230,S1,C1,V0230,E98,2.5,30.0,1920x1080,2023-09-09 00:47:18,S1/C1/S1_C1_E98_V0230.mp4,True,True
S1_C1_E98_V0231,S1,C1,V0231,E98,2.0,30.0,1920x1080,2023-09-09 00:47:20,S1/C1/S1_C1_E98_V0231.mp4,True,True
S1_C1_E98_V0232,S1,C1,V0232,E98,4.0,30.0,1920x1080,2023-09-09 00:47:30,S1/C1/S1_C1_E98_V0232.mp4,True,True
S1_C1_E98_V0233,S1,C1,V0233,E98,2.0,30.0,1920x1080,2023-09-09 00:47:34,S1/C1/S1_C1_E98_V0233.mp4,True,True
S1_C1_E98_V0234,S1,C1,V0234,E98,2.5,30.0,1920x1080,2023-09-09 00:47:38,S1/C1/S1_C1_E98_V0234.mp4,True,True
S1_C1_E98_V0235,S1,C1,V0235,E98,4.5,30.0,1920x1080,2023-09-09 00:47:50,S1/C1/S1_C1_E98_V0235.mp4,True,True
S1_C1_E98_V0236,S1,C1,V0236,E98,2.0,30.0,1920x1080,2023-09-09 00:47:54,S1/C1/S1_C1_E98_V0236.mp4,True,True
S1_C1_E98_V0237,S1,C1,V0237,E98,4.0,30.0,1920x1080,2023-09-09 00:48:04,S1/C1/S1_C1_E98_V0237.mp4,True,True
S1_C1_E98_V0238,S1,C1,V0238,E98,2.5,30.0,1920x1080,2023-09-09 00:48:10,S1/C1/S1_C1_E98_V0238.mp4,True,True
S1_C1_E98_V0239,S1,C1,V0239,E98,4.5,30.0,1920x1080,2023-09-09 00:48:22,S1/C1/S1_C1_E98_V0239.mp4,True,True
S1_C1_E98_V0240,S1,C1,V0240,E98,20.5,30.0,1920x1080,2023-09-09 00:52:45,S1/C1/S1_C1_E98_V0240.mp4,True,True
S1_C1_E99_V0241,S1,C1,V0241,E99,20.5,30.0,1920x1080,2023-09-09 01:15:26,S1/C1/S1_C1_E99_V0241.mp4,True,True
S1_C1_E99_V0242,S1,C1,V0242,E99,14.5,30.0,1920x1080,2023-09-09 01:16:14,S1/C1/S1_C1_E99_V0242.mp4,True,True
S1_C1_E99_V0243,S1,C1,V0243,E99,11.0,30.0,1920x1080,2023-09-09 01:17:04,S1/C1/S1_C1_E99_V0243.mp4,True,True
S1_C1_E99_V0244,S1,C1,V0244,E99,8.0,30.0,1920x1080,2023-09-09 01:17:32,S1/C1/S1_C1_E99_V0244.mp4,True,True
S1_C1_E99_V0245,S1,C1,V0245,E99,3.5,30.0,1920x1080,2023-09-09 01:17:40,S1/C1/S1_C1_E99_V0245.mp4,True,True
S1_C1_E99_V0246,S1,C1,V0246,E99,2.0,30.0,1920x1080,2023-09-09 01:17:44,S1/C1/S1_C1_E99_V0246.mp4,True,True
S1_C1_E99_V0247,S1,C1,V0247,E99,2.0,30.0,1920x1080,2023-09-09 01:17:48,S1/C1/S1_C1_E99_V0247.mp4,True,True
S1_C1_E99_V0248,S1,C1,V0248,E99,2.0,30.0,1920x1080,2023-09-09 01:17:52,S1/C1/S1_C1_E99_V0248.mp4,True,True
S1_C1_E99_V0249,S1,C1,V0249,E99,2.5,30.0,1920x1080,2023-09-09 01:17:58,S1/C1/S1_C1_E99_V0249.mp4,True,True
S1_C1_E99_V0250,S1,C1,V0250,E99,6.5,30.0,1920x1080,2023-09-09 01:18:36,S1/C1/S1_C1_E99_V0250.mp4,True,True
S1_C1_E9_V0030,S1,C1,V0030,E9,20.5,30.0,1920x1080,2023-08-25 00:22:40,S1/C1/S1_C1_E9_V0030.mp4,True,True
S1_C2_E103_V0118,S1,C2,V0118,E103,20.5,30.0,1920x1080,2023-09-09 23:23:22,S1/C2/S1_C2_E103_V0118.mp4,True,True
S1_C2_E104_V0119,S1,C2,V0119,E104,20.5,30.0,1920x1080,2023-09-10 01:31:52,S1/C2/S1_C2_E104_V0119.mp4,True,True
S1_C2_E104_V0120,S1,C2,V0120,E104,20.5,30.0,1920x1080,2023-09-10 01:32:30,S1/C2/S1_C2_E104_V0120.mp4,True,True
S1_C2_E105_V0121,S1,C2,V0121,E105,20.5,30.0,1920x1080,2023-09-10 01:40:50,S1/C2/S1_C2_E105_V0121.mp4,True,True
S1_C2_E105_V0122,S1,C2,V0122,E105,20.5,30.0,1920x1080,2023-09-10 01:41:18,S1/C2/S1_C2_E105_V0122.mp4,True,True
S1_C2_E105_V0123,S1,C2,V0123,E105,20.5,30.0,1920x1080,2023-09-10 01:41:40,S1/C2/S1_C2_E105_V0123.mp4,True,True
S1_C2_E105_V0124,S1,C2,V0124,E105,20.5,30.0,1920x1080,2023-09-10 01:43:44,S1/C2/S1_C2_E105_V0124.mp4,True,True
S1_C2_E105_V0125,S1,C2,V0125,E105,20.5,30.0,1920x1080,2023-09-10 01:44:12,S1/C2/S1_C2_E105_V0125.mp4,True,True
S1_C2_E105_V0126,S1,C2,V0126,E105,20.5,30.0,1920x1080,2023-09-10 01:44:46,S1/C2/S1_C2_E105_V0126.mp4,True,True
S1_C2_E105_V0127,S1,C2,V0127,E105,20.5,30.0,1920x1080,2023-09-10 01:45:14,S1/C2/S1_C2_E105_V0127.mp4,True,True
S1_C2_E105_V0128,S1,C2,V0128,E105,20.5,30.0,1920x1080,2023-09-10 01:45:48,S1/C2/S1_C2_E105_V0128.mp4,True,True
S1_C2_E105_V0129,S1,C2,V0129,E105,20.5,30.0,1920x1080,2023-09-10 01:46:14,S1/C2/S1_C2_E105_V0129.mp4,True,True
S1_C2_E105_V0130,S1,C2,V0130,E105,20.5,30.0,1920x1080,2023-09-10 01:46:42,S1/C2/S1_C2_E105_V0130.mp4,True,True
S1_C2_E105_V0131,S1,C2,V0131,E105,20.5,30.0,1920x1080,2023-09-10 01:47:10,S1/C2/S1_C2_E105_V0131.mp4,True,True
S1_C2_E105_V0132,S1,C2,V0132,E105,20.5,30.0,1920x1080,2023-09-10 01:47:34,S1/C2/S1_C2_E105_V0132.mp4,True,True
S1_C2_E105_V0133,S1,C2,V0133,E105,20.5,30.0,1920x1080,2023-09-10 01:47:57,S1/C2/S1_C2_E105_V0133.mp4,True,True
S1_C2_E105_V0134,S1,C2,V0134,E105,20.5,30.0,1920x1080,2023-09-10 01:48:20,S1/C2/S1_C2_E105_V0134.mp4,True,True
S1_C2_E105_V0135,S1,C2,V0135,E105,20.5,30.0,1920x1080,2023-09-10 01:48:46,S1/C2/S1_C2_E105_V0135.mp4,True,True
S1_C2_E105_V0136,S1,C2,V0136,E105,20.5,30.0,1920x1080,2023-09-10 01:49:16,S1/C2/S1_C2_E105_V0136.mp4,True,True
S1_C2_E105_V0137,S1,C2,V0137,E105,20.5,30.0,1920x1080,2023-09-10 01:49:42,S1/C2/S1_C2_E105_V0137.mp4,True,True
S1_C2_E105_V0138,S1,C2,V0138,E105,20.5,30.0,1920x1080,2023-09-10 01:51:16,S1/C2/S1_C2_E105_V0138.mp4,True,True
S1_C2_E105_V0139,S1,C2,V0139,E105,20.5,30.0,1920x1080,2023-09-10 01:52:34,S1/C2/S1_C2_E105_V0139.mp4,True,True
S1_C2_E105_V0140,S1,C2,V0140,E105,20.5,30.0,1920x1080,2023-09-10 01:53:20,S1/C2/S1_C2_E105_V0140.mp4,True,True
S1_C2_E105_V0141,S1,C2,V0141,E105,20.5,30.0,1920x1080,2023-09-10 01:54:02,S1/C2/S1_C2_E105_V0141.mp4,True,True
S1_C2_E105_V0142,S1,C2,V0142,E105,20.5,30.0,1920x1080,2023-09-10 01:54:24,S1/C2/S1_C2_E105_V0142.mp4,True,True
S1_C2_E105_V0143,S1,C2,V0143,E105,20.5,30.0,1920x1080,2023-09-10 01:54:54,S1/C2/S1_C2_E105_V0143.mp4,True,True
S1_C2_E105_V0144,S1,C2,V0144,E105,20.5,30.0,1920x1080,2023-09-10 01:56:14,S1/C2/S1_C2_E105_V0144.mp4,True,True
S1_C2_E105_V0145,S1,C2,V0145,E105,20.5,30.0,1920x1080,2023-09-10 01:56:51,S1/C2/S1_C2_E105_V0145.mp4,True,True
S1_C2_E105_V0146,S1,C2,V0146,E105,20.5,30.0,1920x1080,2023-09-10 01:57:20,S1/C2/S1_C2_E105_V0146.mp4,True,True
S1_C2_E105_V0147,S1,C2,V0147,E105,20.5,30.0,1920x1080,2023-09-10 01:58:48,S1/C2/S1_C2_E105_V0147.mp4,True,True
S1_C2_E105_V0148,S1,C2,V0148,E105,20.5,30.0,1920x1080,2023-09-10 02:02:14,S1/C2/S1_C2_E105_V0148.mp4,True,True
S1_C2_E105_V0149,S1,C2,V0149,E105,20.5,30.0,1920x1080,2023-09-10 02:04:12,S1/C2/S1_C2_E105_V0149.mp4,True,True
S1_C2_E105_V0150,S1,C2,V0150,E105,20.5,30.0,1920x1080,2023-09-10 02:05:04,S1/C2/S1_C2_E105_V0150.mp4,True,True
S1_C2_E106_V0151,S1,C2,V0151,E106,20.5,30.0,1920x1080,2023-09-10 02:15:04,S1/C2/S1_C2_E106_V0151.mp4,True,True
S1_C2_E106_V0152,S1,C2,V0152,E106,20.5,30.0,1920x1080,2023-09-10 02:15:48,S1/C2/S1_C2_E106_V0152.mp4,True,True
S1_C2_E106_V0153,S1,C2,V0153,E106,20.5,30.0,1920x1080,2023-09-10 02:16:26,S1/C2/S1_C2_E106_V0153.mp4,True,True
S1_C2_E106_V0154,S1,C2,V0154,E106,20.5,30.0,1920x1080,2023-09-10 02:17:04,S1/C2/S1_C2_E106_V0154.mp4,True,True
S1_C2_E106_V0155,S1,C2,V0155,E106,20.5,30.0,1920x1080,2023-09-10 02:17:24,S1/C2/S1_C2_E106_V0155.mp4,True,True
S1_C2_E107_V0156,S1,C2,V0156,E107,20.5,30.0,1920x1080,2023-09-10 04:46:54,S1/C2/S1_C2_E107_V0156.mp4,True,True
S1_C2_E107_V0157,S1,C2,V0157,E107,20.5,30.0,1920x1080,2023-09-10 04:49:20,S1/C2/S1_C2_E107_V0157.mp4,True,True
S1_C2_E107_V0158,S1,C2,V0158,E107,20.5,30.0,1920x1080,2023-09-10 04:50:56,S1/C2/S1_C2_E107_V0158.mp4,True,True
S1_C2_E107_V0159,S1,C2,V0159,E107,20.5,30.0,1920x1080,2023-09-10 04:51:36,S1/C2/S1_C2_E107_V0159.mp4,True,True
S1_C2_E108_V0160,S1,C2,V0160,E108,20.5,30.0,1920x1080,2023-09-10 05:01:41,S1/C2/S1_C2_E108_V0160.mp4,True,True
S1_C2_E109_V0161,S1,C2,V0161,E109,20.5,30.0,1920x1080,2023-09-10 05:21:18,S1/C2/S1_C2_E109_V0161.mp4,True,True
S1_C2_E109_V0162,S1,C2,V0162,E109,20.5,30.0,1920x1080,2023-09-10 05:21:46,S1/C2/S1_C2_E109_V0162.mp4,True,True
S1_C2_E115_V0163,S1,C2,V0163,E115,20.5,30.0,1920x1080,2023-09-10 22:17:24,S1/C2/S1_C2_E115_V0163.mp4,True,True
S1_C2_E115_V0164,S1,C2,V0164,E115,20.5,30.0,1920x1080,2023-09-10 22:17:48,S1/C2/S1_C2_E115_V0164.mp4,True,True
S1_C2_E115_V0165,S1,C2,V0165,E115,20.5,30.0,1920x1080,2023-09-10 22:18:31,S1/C2/S1_C2_E115_V0165.mp4,True,True
S1_C2_E115_V0166,S1,C2,V0166,E115,20.5,30.0,1920x1080,2023-09-10 22:19:44,S1/C2/S1_C2_E115_V0166.mp4,True,True
S1_C2_E115_V0167,S1,C2,V0167,E115,20.5,30.0,1920x1080,2023-09-10 22:20:28,S1/C2/S1_C2_E115_V0167.mp4,True,True
S1_C2_E115_V0168,S1,C2,V0168,E115,20.5,30.0,1920x1080,2023-09-10 22:20:52,S1/C2/S1_C2_E115_V0168.mp4,True,True
S1_C2_E115_V0169,S1,C2,V0169,E115,20.5,30.0,1920x1080,2023-09-10 22:21:14,S1/C2/S1_C2_E115_V0169.mp4,True,True
S1_C2_E117_V0170,S1,C2,V0170,E117,20.5,30.0,1920x1080,2023-09-11 01:39:30,S1/C2/S1_C2_E117_V0170.mp4,True,True
S1_C2_E117_V0171,S1,C2,V0171,E117,20.5,30.0,1920x1080,2023-09-11 01:40:02,S1/C2/S1_C2_E117_V0171.mp4,True,True
S1_C2_E117_V0172,S1,C2,V0172,E117,20.5,30.0,1920x1080,2023-09-11 01:40:32,S1/C2/S1_C2_E117_V0172.mp4,True,True
S1_C2_E117_V0173,S1,C2,V0173,E117,20.5,30.0,1920x1080,2023-09-11 01:40:58,S1/C2/S1_C2_E117_V0173.mp4,True,True
S1_C2_E117_V0174,S1,C2,V0174,E117,20.5,30.0,1920x1080,2023-09-11 01:42:46,S1/C2/S1_C2_E117_V0174.mp4,True,True
S1_C2_E117_V0175,S1,C2,V0175,E117,20.5,30.0,1920x1080,2023-09-11 01:43:18,S1/C2/S1_C2_E117_V0175.mp4,True,True
S1_C2_E117_V0176,S1,C2,V0176,E117,13.5,30.0,1920x1080,2023-09-11 01:43:40,S1/C2/S1_C2_E117_V0176.mp4,True,True
S1_C2_E117_V0177,S1,C2,V0177,E117,19.5,30.0,1920x1080,2023-09-11 01:44:32,S1/C2/S1_C2_E117_V0177.mp4,True,True
S1_C2_E118_V0178,S1,C2,V0178,E118,20.5,30.0,1920x1080,2023-09-11 04:20:40,S1/C2/S1_C2_E118_V0178.mp4,True,True
S1_C2_E118_V0179,S1,C2,V0179,E118,19.5,30.0,1920x1080,2023-09-11 04:21:02,S1/C2/S1_C2_E118_V0179.mp4,True,True
S1_C2_E118_V0180,S1,C2,V0180,E118,5.0,30.0,1920x1080,2023-09-11 04:21:10,S1/C2/S1_C2_E118_V0180.mp4,True,True
S1_C2_E118_V0181,S1,C2,V0181,E118,3.0,30.0,1920x1080,2023-09-11 04:21:14,S1/C2/S1_C2_E118_V0181.mp4,True,True
S1_C2_E118_V0182,S1,C2,V0182,E118,2.5,30.0,1920x1080,2023-09-11 04:21:18,S1/C2/S1_C2_E118_V0182.mp4,True,True
S1_C2_E118_V0183,S1,C2,V0183,E118,16.5,30.0,1920x1080,2023-09-11 04:22:44,S1/C2/S1_C2_E118_V0183.mp4,True,True
S1_C2_E121_V0184,S1,C2,V0184,E121,20.5,30.0,1920x1080,2023-09-11 20:17:32,S1/C2/S1_C2_E121_V0184.mp4,True,True
S1_C2_E121_V0185,S1,C2,V0185,E121,20.5,30.0,1920x1080,2023-09-11 20:17:56,S1/C2/S1_C2_E121_V0185.mp4,True,True
S1_C2_E121_V0186,S1,C2,V0186,E121,20.5,30.0,1920x1080,2023-09-11 20:18:19,S1/C2/S1_C2_E121_V0186.mp4,True,True
S1_C2_E121_V0187,S1,C2,V0187,E121,20.5,30.0,1920x1080,2023-09-11 20:18:40,S1/C2/S1_C2_E121_V0187.mp4,True,True
S1_C2_E121_V0188,S1,C2,V0188,E121,20.5,30.0,1920x1080,2023-09-11 20:20:06,S1/C2/S1_C2_E121_V0188.mp4,True,True
S1_C2_E121_V0189,S1,C2,V0189,E121,20.5,30.0,1920x1080,2023-09-11 20:20:26,S1/C2/S1_C2_E121_V0189.mp4,True,True
S1_C2_E121_V0190,S1,C2,V0190,E121,20.5,30.0,1920x1080,2023-09-11 20:20:48,S1/C2/S1_C2_E121_V0190.mp4,True,True
S1_C2_E121_V0191,S1,C2,V0191,E121,20.5,30.0,1920x1080,2023-09-11 20:21:12,S1/C2/S1_C2_E121_V0191.mp4,True,True
S1_C2_E121_V0192,S1,C2,V0192,E121,20.5,30.0,1920x1080,2023-09-11 20:21:38,S1/C2/S1_C2_E121_V0192.mp4,True,True
S1_C2_E121_V0193,S1,C2,V0193,E121,20.5,30.0,1920x1080,2023-09-11 20:22:04,S1/C2/S1_C2_E121_V0193.mp4,True,True
S1_C2_E122_V0194,S1,C2,V0194,E122,20.5,30.0,1920x1080,2023-09-12 01:12:16,S1/C2/S1_C2_E122_V0194.mp4,True,True
S1_C2_E122_V0195,S1,C2,V0195,E122,20.5,30.0,1920x1080,2023-09-12 01:12:44,S1/C2/S1_C2_E122_V0195.mp4,True,True
S1_C2_E122_V0196,S1,C2,V0196,E122,8.5,30.0,1920x1080,2023-09-12 01:12:54,S1/C2/S1_C2_E122_V0196.mp4,True,True
S1_C2_E122_V0197,S1,C2,V0197,E122,7.5,30.0,1920x1080,2023-09-12 01:13:08,S1/C2/S1_C2_E122_V0197.mp4,True,True
S1_C2_E122_V0198,S1,C2,V0198,E122,3.0,30.0,1920x1080,2023-09-12 01:13:12,S1/C2/S1_C2_E122_V0198.mp4,True,True
S1_C2_E122_V0199,S1,C2,V0199,E122,6.5,30.0,1920x1080,2023-09-12 01:13:26,S1/C2/S1_C2_E122_V0199.mp4,True,True
S1_C2_E122_V0200,S1,C2,V0200,E122,4.0,30.0,1920x1080,2023-09-12 01:13:34,S1/C2/S1_C2_E122_V0200.mp4,True,True
S1_C2_E122_V0201,S1,C2,V0201,E122,4.0,30.0,1920x1080,2023-09-12 01:13:42,S1/C2/S1_C2_E122_V0201.mp4,True,True
S1_C2_E122_V0202,S1,C2,V0202,E122,13.5,30.0,1920x1080,2023-09-12 01:14:50,S1/C2/S1_C2_E122_V0202.mp4,True,True
S1_C2_E122_V0203,S1,C2,V0203,E122,3.0,30.0,1920x1080,2023-09-12 01:14:56,S1/C2/S1_C2_E122_V0203.mp4,True,True
S1_C2_E122_V0204,S1,C2,V0204,E122,2.5,30.0,1920x1080,2023-09-12 01:15:00,S1/C2/S1_C2_E122_V0204.mp4,True,True
S1_C2_E122_V0205,S1,C2,V0205,E122,6.0,30.0,1920x1080,2023-09-12 01:15:18,S1/C2/S1_C2_E122_V0205.mp4,True,True
S1_C2_E122_V0206,S1,C2,V0206,E122,2.0,30.0,1920x1080,2023-09-12 01:15:22,S1/C2/S1_C2_E122_V0206.mp4,True,True
S1_C2_E122_V0207,S1,C2,V0207,E122,3.5,30.0,1920x1080,2023-09-12 01:15:30,S1/C2/S1_C2_E122_V0207.mp4,True,True
S1_C2_E122_V0208,S1,C2,V0208,E122,5.0,30.0,1920x1080,2023-09-12 01:15:46,S1/C2/S1_C2_E122_V0208.mp4,True,True
S1_C2_E122_V0209,S1,C2,V0209,E122,7.0,30.0,1920x1080,2023-09-12 01:16:16,S1/C2/S1_C2_E122_V0209.mp4,True,True
S1_C2_E122_V0210,S1,C2,V0210,E122,11.0,30.0,1920x1080,2023-09-12 01:17:24,S1/C2/S1_C2_E122_V0210.mp4,True,True
S1_C2_E122_V0211,S1,C2,V0211,E122,2.5,30.0,1920x1080,2023-09-12 01:17:28,S1/C2/S1_C2_E122_V0211.mp4,True,True
S1_C2_E122_V0212,S1,C2,V0212,E122,5.0,30.0,1920x1080,2023-09-12 01:17:40,S1/C2/S1_C2_E122_V0212.mp4,True,True
S1_C2_E122_V0213,S1,C2,V0213,E122,2.5,30.0,1920x1080,2023-09-12 01:17:46,S1/C2/S1_C2_E122_V0213.mp4,True,True
S1_C2_E122_V0214,S1,C2,V0214,E122,11.0,30.0,1920x1080,2023-09-12 01:19:06,S1/C2/S1_C2_E122_V0214.mp4,True,True
S1_C2_E122_V0215,S1,C2,V0215,E122,5.5,30.0,1920x1080,2023-09-12 01:19:22,S1/C2/S1_C2_E122_V0215.mp4,True,True
S1_C2_E122_V0216,S1,C2,V0216,E122,2.5,30.0,1920x1080,2023-09-12 01:19:26,S1/C2/S1_C2_E122_V0216.mp4,True,True
S1_C2_E122_V0217,S1,C2,V0217,E122,5.0,30.0,1920x1080,2023-09-12 01:19:42,S1/C2/S1_C2_E122_V0217.mp4,True,True
S1_C2_E122_V0218,S1,C2,V0218,E122,6.0,30.0,1920x1080,2023-09-12 01:20:08,S1/C2/S1_C2_E122_V0218.mp4,True,True
S1_C2_E122_V0219,S1,C2,V0219,E122,4.0,30.0,1920x1080,2023-09-12 01:20:20,S1/C2/S1_C2_E122_V0219.mp4,True,True
S1_C2_E122_V0220,S1,C2,V0220,E122,1.5,30.0,1920x1080,2023-09-12 01:20:22,S1/C2/S1_C2_E122_V0220.mp4,True,True
S1_C2_E122_V0221,S1,C2,V0221,E122,1.5,30.0,1920x1080,2023-09-12 01:20:24,S1/C2/S1_C2_E122_V0221.mp4,True,True
S1_C2_E122_V0222,S1,C2,V0222,E122,1.5,30.0,1920x1080,2023-09-12 01:20:28,S1/C2/S1_C2_E122_V0222.mp4,True,True
S1_C2_E122_V0223,S1,C2,V0223,E122,1.0,30.0,1920x1080,2023-09-12 01:20:30,S1/C2/S1_C2_E122_V0223.mp4,True,True
S1_C2_E122_V0224,S1,C2,V0224,E122,1.5,30.0,1920x1080,2023-09-12 01:20:32,S1/C2/S1_C2_E122_V0224.mp4,True,True
S1_C2_E122_V0225,S1,C2,V0225,E122,2.5,30.0,1920x1080,2023-09-12 01:20:40,S1/C2/S1_C2_E122_V0225.mp4,True,True
S1_C2_E122_V0226,S1,C2,V0226,E122,1.5,30.0,1920x1080,2023-09-12 01:20:44,S1/C2/S1_C2_E122_V0226.mp4,True,True
S1_C2_E122_V0227,S1,C2,V0227,E122,1.0,30.0,1920x1080,2023-09-12 01:20:46,S1/C2/S1_C2_E122_V0227.mp4,True,True
S1_C2_E122_V0228,S1,C2,V0228,E122,1.0,30.0,1920x1080,2023-09-12 01:20:48,S1/C2/S1_C2_E122_V0228.mp4,True,True
S1_C2_E122_V0229,S1,C2,V0229,E122,1.0,30.0,1920x1080,2023-09-12 01:20:50,S1/C2/S1_C2_E122_V0229.mp4,True,True
S1_C2_E122_V0230,S1,C2,V0230,E122,1.5,30.0,1920x1080,2023-09-12 01:20:54,S1/C2/S1_C2_E122_V0230.mp4,True,True
S1_C2_E122_V0231,S1,C2,V0231,E122,1.0,30.0,1920x1080,2023-09-12 01:20:56,S1/C2/S1_C2_E122_V0231.mp4,True,True
S1_C2_E122_V0232,S1,C2,V0232,E122,1.0,30.0,1920x1080,2023-09-12 01:21:00,S1/C2/S1_C2_E122_V0232.mp4,True,True
S1_C2_E122_V0233,S1,C2,V0233,E122,3.0,30.0,1920x1080,2023-09-12 01:21:14,S1/C2/S1_C2_E122_V0233.mp4,True,True
S1_C2_E122_V0234,S1,C2,V0234,E122,1.5,30.0,1920x1080,2023-09-12 01:21:16,S1/C2/S1_C2_E122_V0234.mp4,True,True
S1_C2_E122_V0235,S1,C2,V0235,E122,2.0,30.0,1920x1080,2023-09-12 01:21:22,S1/C2/S1_C2_E122_V0235.mp4,True,True
S1_C2_E122_V0236,S1,C2,V0236,E122,1.5,30.0,1920x1080,2023-09-12 01:21:26,S1/C2/S1_C2_E122_V0236.mp4,True,True
S1_C2_E122_V0237,S1,C2,V0237,E122,2.5,30.0,1920x1080,2023-09-12 01:21:34,S1/C2/S1_C2_E122_V0237.mp4,True,True
S1_C2_E122_V0238,S1,C2,V0238,E122,2.5,30.0,1920x1080,2023-09-12 01:21:44,S1/C2/S1_C2_E122_V0238.mp4,True,True
S1_C2_E122_V0239,S1,C2,V0239,E122,4.0,30.0,1920x1080,2023-09-12 01:21:58,S1/C2/S1_C2_E122_V0239.mp4,True,True
S1_C2_E122_V0240,S1,C2,V0240,E122,1.5,30.0,1920x1080,2023-09-12 01:22:02,S1/C2/S1_C2_E122_V0240.mp4,True,True
S1_C2_E122_V0241,S1,C2,V0241,E122,2.0,30.0,1920x1080,2023-09-12 01:22:08,S1/C2/S1_C2_E122_V0241.mp4,True,True
S1_C2_E122_V0242,S1,C2,V0242,E122,1.5,30.0,1920x1080,2023-09-12 01:22:10,S1/C2/S1_C2_E122_V0242.mp4,True,True
S1_C2_E122_V0243,S1,C2,V0243,E122,1.5,30.0,1920x1080,2023-09-12 01:22:14,S1/C2/S1_C2_E122_V0243.mp4,True,True
S1_C2_E122_V0244,S1,C2,V0244,E122,1.5,30.0,1920x1080,2023-09-12 01:22:18,S1/C2/S1_C2_E122_V0244.mp4,True,True
S1_C2_E122_V0245,S1,C2,V0245,E122,2.0,30.0,1920x1080,2023-09-12 01:22:24,S1/C2/S1_C2_E122_V0245.mp4,True,True
S1_C2_E122_V0246,S1,C2,V0246,E122,1.0,30.0,1920x1080,2023-09-12 01:22:26,S1/C2/S1_C2_E122_V0246.mp4,True,True
S1_C2_E122_V0247,S1,C2,V0247,E122,1.0,30.0,1920x1080,2023-09-12 01:22:28,S1/C2/S1_C2_E122_V0247.mp4,True,True
S1_C2_E122_V0248,S1,C2,V0248,E122,4.0,30.0,1920x1080,2023-09-12 01:22:50,S1/C2/S1_C2_E122_V0248.mp4,True,True
S1_C2_E122_V0249,S1,C2,V0249,E122,3.0,30.0,1920x1080,2023-09-12 01:23:02,S1/C2/S1_C2_E122_V0249.mp4,True,True
S1_C2_E122_V0250,S1,C2,V0250,E122,3.0,30.0,1920x1080,2023-09-12 01:23:12,S1/C2/S1_C2_E122_V0250.mp4,True,True
S1_C2_E122_V0251,S1,C2,V0251,E122,1.5,30.0,1920x1080,2023-09-12 01:23:14,S1/C2/S1_C2_E122_V0251.mp4,True,True
S1_C2_E122_V0252,S1,C2,V0252,E122,1.5,30.0,1920x1080,2023-09-12 01:23:18,S1/C2/S1_C2_E122_V0252.mp4,True,True
S1_C2_E122_V0253,S1,C2,V0253,E122,1.0,30.0,1920x1080,2023-09-12 01:23:20,S1/C2/S1_C2_E122_V0253.mp4,True,True
S1_C2_E122_V0254,S1,C2,V0254,E122,1.0,30.0,1920x1080,2023-09-12 01:23:24,S1/C2/S1_C2_E122_V0254.mp4,True,True
S1_C2_E122_V0255,S1,C2,V0255,E122,1.0,30.0,1920x1080,2023-09-12 01:23:26,S1/C2/S1_C2_E122_V0255.mp4,True,True
S1_C2_E122_V0256,S1,C2,V0256,E122,1.0,30.0,1920x1080,2023-09-12 01:23:28,S1/C2/S1_C2_E122_V0256.mp4,True,True
S1_C2_E122_V0257,S1,C2,V0257,E122,1.5,30.0,1920x1080,2023-09-12 01:23:32,S1/C2/S1_C2_E122_V0257.mp4,True,True
S1_C2_E122_V0258,S1,C2,V0258,E122,1.0,30.0,1920x1080,2023-09-12 01:23:34,S1/C2/S1_C2_E122_V0258.mp4,True,True
S1_C2_E122_V0259,S1,C2,V0259,E122,4.0,30.0,1920x1080,2023-09-12 01:23:56,S1/C2/S1_C2_E122_V0259.mp4,True,True
S1_C2_E122_V0260,S1,C2,V0260,E122,2.5,30.0,1920x1080,2023-09-12 01:24:02,S1/C2/S1_C2_E122_V0260.mp4,True,True
S1_C2_E122_V0261,S1,C2,V0261,E122,2.5,30.0,1920x1080,2023-09-12 01:24:12,S1/C2/S1_C2_E122_V0261.mp4,True,True
S1_C2_E122_V0262,S1,C2,V0262,E122,2.5,30.0,1920x1080,2023-09-12 01:24:20,S1/C2/S1_C2_E122_V0262.mp4,True,True
S1_C2_E122_V0263,S1,C2,V0263,E122,5.5,30.0,1920x1080,2023-09-12 01:24:56,S1/C2/S1_C2_E122_V0263.mp4,True,True
S1_C2_E122_V0264,S1,C2,V0264,E122,6.0,30.0,1920x1080,2023-09-12 01:25:28,S1/C2/S1_C2_E122_V0264.mp4,True,True
S1_C2_E122_V0265,S1,C2,V0265,E122,5.0,30.0,1920x1080,2023-09-12 01:25:50,S1/C2/S1_C2_E122_V0265.mp4,True,True
S1_C2_E123_V0266,S1,C2,V0266,E123,14.5,30.0,1920x1080,2023-09-12 03:12:44,S1/C2/S1_C2_E123_V0266.mp4,True,True
S1_C2_E123_V0267,S1,C2,V0267,E123,12.0,30.0,1920x1080,2023-09-12 03:18:10,S1/C2/S1_C2_E123_V0267.mp4,True,True
S1_C2_E123_V0268,S1,C2,V0268,E123,6.0,30.0,1920x1080,2023-09-12 03:18:32,S1/C2/S1_C2_E123_V0268.mp4,True,True
S1_C2_E123_V0269,S1,C2,V0269,E123,4.5,30.0,1920x1080,2023-09-12 03:18:50,S1/C2/S1_C2_E123_V0269.mp4,True,True
S1_C2_E123_V0270,S1,C2,V0270,E123,5.0,30.0,1920x1080,2023-09-12 03:19:16,S1/C2/S1_C2_E123_V0270.mp4,True,True
S1_C2_E123_V0271,S1,C2,V0271,E123,2.0,30.0,1920x1080,2023-09-12 03:19:20,S1/C2/S1_C2_E123_V0271.mp4,True,True
S1_C2_E123_V0272,S1,C2,V0272,E123,9.0,30.0,1920x1080,2023-09-12 03:25:22,S1/C2/S1_C2_E123_V0272.mp4,True,True
S1_C2_E123_V0273,S1,C2,V0273,E123,7.0,30.0,1920x1080,2023-09-12 03:26:28,S1/C2/S1_C2_E123_V0273.mp4,True,True
S1_C2_E125_V0274,S1,C2,V0274,E125,8.0,30.0,1920x1080,2023-09-12 06:07:27,S1/C2/S1_C2_E125_V0274.mp4,True,True
S1_C2_E125_V0275,S1,C2,V0275,E125,1.5,30.0,1920x1080,2023-09-12 06:07:30,S1/C2/S1_C2_E125_V0275.mp4,True,True
S1_C2_E125_V0276,S1,C2,V0276,E125,1.5,30.0,1920x1080,2023-09-12 06:07:32,S1/C2/S1_C2_E125_V0276.mp4,True,True
S1_C2_E125_V0277,S1,C2,V0277,E125,4.0,30.0,1920x1080,2023-09-12 06:07:58,S1/C2/S1_C2_E125_V0277.mp4,True,True
S1_C2_E125_V0278,S1,C2,V0278,E125,4.0,30.0,1920x1080,2023-09-12 06:08:32,S1/C2/S1_C2_E125_V0278.mp4,True,True
S1_C2_E125_V0279,S1,C2,V0279,E125,1.5,30.0,1920x1080,2023-09-12 06:08:36,S1/C2/S1_C2_E125_V0279.mp4,True,True
S1_C2_E125_V0280,S1,C2,V0280,E125,2.5,30.0,1920x1080,2023-09-12 06:08:54,S1/C2/S1_C2_E125_V0280.mp4,True,True
S1_C2_E125_V0281,S1,C2,V0281,E125,3.0,30.0,1920x1080,2023-09-12 06:09:28,S1/C2/S1_C2_E125_V0281.mp4,True,True
S1_C2_E130_V0282,S1,C2,V0282,E130,20.5,30.0,1920x1080,2023-09-13 02:04:02,S1/C2/S1_C2_E130_V0282.mp4,True,True
S1_C2_E130_V0283,S1,C2,V0283,E130,20.5,30.0,1920x1080,2023-09-13 02:05:18,S1/C2/S1_C2_E130_V0283.mp4,True,True
S1_C2_E130_V0284,S1,C2,V0284,E130,20.0,30.0,1920x1080,2023-09-13 02:07:51,S1/C2/S1_C2_E130_V0284.mp4,True,True
S1_C2_E130_V0285,S1,C2,V0285,E130,14.0,30.0,1920x1080,2023-09-13 02:09:20,S1/C2/S1_C2_E130_V0285.mp4,True,True
S1_C2_E131_V0286,S1,C2,V0286,E131,20.5,30.0,1920x1080,2023-09-13 02:39:58,S1/C2/S1_C2_E131_V0286.mp4,True,True
S1_C2_E131_V0287,S1,C2,V0287,E131,4.0,30.0,1920x1080,2023-09-13 02:40:04,S1/C2/S1_C2_E131_V0287.mp4,True,True
S1_C2_E131_V0288,S1,C2,V0288,E131,3.0,30.0,1920x1080,2023-09-13 02:40:08,S1/C2/S1_C2_E131_V0288.mp4,True,True
S1_C2_E131_V0289,S1,C2,V0289,E131,3.0,30.0,1920x1080,2023-09-13 02:40:14,S1/C2/S1_C2_E131_V0289.mp4,True,True
S1_C2_E131_V0290,S1,C2,V0290,E131,3.0,30.0,1920x1080,2023-09-13 02:40:22,S1/C2/S1_C2_E131_V0290.mp4,True,True
S1_C2_E131_V0291,S1,C2,V0291,E131,2.0,30.0,1920x1080,2023-09-13 02:40:26,S1/C2/S1_C2_E131_V0291.mp4,True,True
S1_C2_E131_V0292,S1,C2,V0292,E131,2.0,30.0,1920x1080,2023-09-13 02:40:30,S1/C2/S1_C2_E131_V0292.mp4,True,True
S1_C2_E131_V0293,S1,C2,V0293,E131,5.0,30.0,1920x1080,2023-09-13 02:40:52,S1/C2/S1_C2_E131_V0293.mp4,True,True
S1_C2_E131_V0294,S1,C2,V0294,E131,1.5,30.0,1920x1080,2023-09-13 02:40:54,S1/C2/S1_C2_E131_V0294.mp4,True,True
S1_C2_E131_V0295,S1,C2,V0295,E131,2.0,30.0,1920x1080,2023-09-13 02:40:58,S1/C2/S1_C2_E131_V0295.mp4,True,True
S1_C2_E131_V0296,S1,C2,V0296,E131,6.0,30.0,1920x1080,2023-09-13 02:41:38,S1/C2/S1_C2_E131_V0296.mp4,True,True
S1_C2_E131_V0297,S1,C2,V0297,E131,2.0,30.0,1920x1080,2023-09-13 02:41:42,S1/C2/S1_C2_E131_V0297.mp4,True,True
S1_C2_E131_V0298,S1,C2,V0298,E131,4.0,30.0,1920x1080,2023-09-13 02:41:58,S1/C2/S1_C2_E131_V0298.mp4,True,True
S1_C2_E131_V0299,S1,C2,V0299,E131,2.5,30.0,1920x1080,2023-09-13 02:42:05,S1/C2/S1_C2_E131_V0299.mp4,True,True
S1_C2_E131_V0300,S1,C2,V0300,E131,1.5,30.0,1920x1080,2023-09-13 02:42:08,S1/C2/S1_C2_E131_V0300.mp4,True,True
S1_C2_E131_V0301,S1,C2,V0301,E131,1.5,30.0,1920x1080,2023-09-13 02:42:12,S1/C2/S1_C2_E131_V0301.mp4,True,True
S1_C2_E134_V0302,S1,C2,V0302,E134,15.0,30.0,1920x1080,2023-09-13 06:15:28,S1/C2/S1_C2_E134_V0302.mp4,True,True
S1_C2_E134_V0303,S1,C2,V0303,E134,4.5,30.0,1920x1080,2023-09-13 06:15:38,S1/C2/S1_C2_E134_V0303.mp4,True,True
S1_C2_E134_V0304,S1,C2,V0304,E134,3.0,30.0,1920x1080,2023-09-13 06:15:44,S1/C2/S1_C2_E134_V0304.mp4,True,True
S1_C2_E134_V0305,S1,C2,V0305,E134,2.0,30.0,1920x1080,2023-09-13 06:15:48,S1/C2/S1_C2_E134_V0305.mp4,True,True
S1_C2_E136_V0306,S1,C2,V0306,E136,20.5,30.0,1920x1080,2023-09-13 19:47:12,S1/C2/S1_C2_E136_V0306.mp4,True,True
S1_C2_E136_V0307,S1,C2,V0307,E136,15.0,30.0,1920x1080,2023-09-13 19:47:36,S1/C2/S1_C2_E136_V0307.mp4,True,True
S1_C2_E136_V0308,S1,C2,V0308,E136,3.0,30.0,1920x1080,2023-09-13 19:47:40,S1/C2/S1_C2_E136_V0308.mp4,True,True
S1_C2_E136_V0309,S1,C2,V0309,E136,10.0,30.0,1920x1080,2023-09-13 19:48:12,S1/C2/S1_C2_E136_V0309.mp4,True,True
S1_C2_E136_V0310,S1,C2,V0310,E136,4.0,30.0,1920x1080,2023-09-13 19:48:18,S1/C2/S1_C2_E136_V0310.mp4,True,True
S1_C2_E136_V0311,S1,C2,V0311,E136,2.0,30.0,1920x1080,2023-09-13 19:48:22,S1/C2/S1_C2_E136_V0311.mp4,True,True
S1_C2_E136_V0312,S1,C2,V0312,E136,5.0,30.0,1920x1080,2023-09-13 19:48:36,S1/C2/S1_C2_E136_V0312.mp4,True,True
S1_C2_E136_V0313,S1,C2,V0313,E136,4.5,30.0,1920x1080,2023-09-13 19:48:48,S1/C2/S1_C2_E136_V0313.mp4,True,True
S1_C2_E136_V0314,S1,C2,V0314,E136,8.0,30.0,1920x1080,2023-09-13 19:49:30,S1/C2/S1_C2_E136_V0314.mp4,True,True
S1_C2_E136_V0315,S1,C2,V0315,E136,13.0,30.0,1920x1080,2023-09-13 19:52:02,S1/C2/S1_C2_E136_V0315.mp4,True,True
S1_C2_E137_V0316,S1,C2,V0316,E137,18.0,30.0,1920x1080,2023-09-13 21:07:06,S1/C2/S1_C2_E137_V0316.mp4,True,True
S1_C2_E137_V0317,S1,C2,V0317,E137,8.0,30.0,1920x1080,2023-09-13 21:07:34,S1/C2/S1_C2_E137_V0317.mp4,True,True
S1_C2_E137_V0318,S1,C2,V0318,E137,7.0,30.0,1920x1080,2023-09-13 21:08:00,S1/C2/S1_C2_E137_V0318.mp4,True,True
S1_C2_E137_V0319,S1,C2,V0319,E137,8.0,30.0,1920x1080,2023-09-13 21:09:10,S1/C2/S1_C2_E137_V0319.mp4,True,True
S1_C2_E143_V0320,S1,C2,V0320,E143,20.5,30.0,1920x1080,2023-09-14 20:23:58,S1/C2/S1_C2_E143_V0320.mp4,True,True
S1_C2_E143_V0321,S1,C2,V0321,E143,17.0,30.0,1920x1080,2023-09-14 20:24:14,S1/C2/S1_C2_E143_V0321.mp4,True,True
S1_C2_E143_V0322,S1,C2,V0322,E143,14.0,30.0,1920x1080,2023-09-14 20:25:00,S1/C2/S1_C2_E143_V0322.mp4,True,True
S1_C2_E143_V0323,S1,C2,V0323,E143,9.0,30.0,1920x1080,2023-09-14 20:25:24,S1/C2/S1_C2_E143_V0323.mp4,True,True
S1_C2_E143_V0324,S1,C2,V0324,E143,6.5,30.0,1920x1080,2023-09-14 20:25:42,S1/C2/S1_C2_E143_V0324.mp4,True,True
S1_C2_E143_V0325,S1,C2,V0325,E143,5.0,30.0,1920x1080,2023-09-14 20:25:54,S1/C2/S1_C2_E143_V0325.mp4,True,True
S1_C2_E143_V0326,S1,C2,V0326,E143,3.0,30.0,1920x1080,2023-09-14 20:26:00,S1/C2/S1_C2_E143_V0326.mp4,True,True
S1_C2_E143_V0327,S1,C2,V0327,E143,1.5,30.0,1920x1080,2023-09-14 20:26:02,S1/C2/S1_C2_E143_V0327.mp4,True,True
S1_C2_E144_V0328,S1,C2,V0328,E144,20.5,30.0,1920x1080,2023-09-14 20:41:56,S1/C2/S1_C2_E144_V0328.mp4,True,True
S1_C2_E145_V0329,S1,C2,V0329,E145,13.5,30.0,1920x1080,2023-09-15 05:18:26,S1/C2/S1_C2_E145_V0329.mp4,True,True
S1_C2_E145_V0330,S1,C2,V0330,E145,2.5,30.0,1920x1080,2023-09-15 05:18:30,S1/C2/S1_C2_E145_V0330.mp4,True,True
S1_C2_E145_V0331,S1,C2,V0331,E145,9.5,30.0,1920x1080,2023-09-15 05:20:32,S1/C2/S1_C2_E145_V0331.mp4,True,True
S1_C2_E145_V0332,S1,C2,V0332,E145,4.0,30.0,1920x1080,2023-09-15 05:20:42,S1/C2/S1_C2_E145_V0332.mp4,True,True
S1_C2_E145_V0333,S1,C2,V0333,E145,3.0,30.0,1920x1080,2023-09-15 05:20:54,S1/C2/S1_C2_E145_V0333.mp4,True,True
S1_C2_E145_V0334,S1,C2,V0334,E145,7.0,30.0,1920x1080,2023-09-15 05:22:28,S1/C2/S1_C2_E145_V0334.mp4,True,True
S1_C2_E145_V0335,S1,C2,V0335,E145,1.5,30.0,1920x1080,2023-09-15 05:22:32,S1/C2/S1_C2_E145_V0335.mp4,True,True
S1_C2_E145_V0336,S1,C2,V0336,E145,2.0,30.0,1920x1080,2023-09-15 05:22:38,S1/C2/S1_C2_E145_V0336.mp4,True,True
S1_C2_E145_V0337,S1,C2,V0337,E145,1.5,30.0,1920x1080,2023-09-15 05:22:42,S1/C2/S1_C2_E145_V0337.mp4,True,True
S1_C2_E145_V0338,S1,C2,V0338,E145,1.0,30.0,1920x1080,2023-09-15 05:22:44,S1/C2/S1_C2_E145_V0338.mp4,True,True
S1_C2_E145_V0339,S1,C2,V0339,E145,1.5,30.0,1920x1080,2023-09-15 05:22:48,S1/C2/S1_C2_E145_V0339.mp4,True,True
S1_C2_E145_V0340,S1,C2,V0340,E145,1.0,30.0,1920x1080,2023-09-15 05:22:50,S1/C2/S1_C2_E145_V0340.mp4,True,True
S1_C2_E145_V0341,S1,C2,V0341,E145,1.0,30.0,1920x1080,2023-09-15 05:22:52,S1/C2/S1_C2_E145_V0341.mp4,True,True
S1_C2_E145_V0342,S1,C2,V0342,E145,1.0,30.0,1920x1080,2023-09-15 05:22:56,S1/C2/S1_C2_E145_V0342.mp4,True,True
S1_C2_E145_V0343,S1,C2,V0343,E145,1.0,30.0,1920x1080,2023-09-15 05:22:58,S1/C2/S1_C2_E145_V0343.mp4,True,True
S1_C2_E145_V0344,S1,C2,V0344,E145,1.0,30.0,1920x1080,2023-09-15 05:23:00,S1/C2/S1_C2_E145_V0344.mp4,True,True
S1_C2_E146_V0345,S1,C2,V0345,E146,120.5,30.0,1920x1080,2023-09-15 07:30:14,S1/C2/S1_C2_E146_V0345.mp4,True,True
S1_C2_E146_V0346,S1,C2,V0346,E146,120.5,30.0,1920x1080,2023-09-15 07:33:00,S1/C2/S1_C2_E146_V0346.mp4,True,True
S1_C2_E150_V0347,S1,C2,V0347,E150,20.5,30.0,1920x1080,2023-09-15 20:26:38,S1/C2/S1_C2_E150_V0347.mp4,True,True
S1_C2_E150_V0348,S1,C2,V0348,E150,6.0,30.0,1920x1080,2023-09-15 20:26:48,S1/C2/S1_C2_E150_V0348.mp4,True,True
S1_C2_E150_V0349,S1,C2,V0349,E150,2.5,30.0,1920x1080,2023-09-15 20:26:52,S1/C2/S1_C2_E150_V0349.mp4,True,True
S1_C2_E150_V0350,S1,C2,V0350,E150,2.5,30.0,1920x1080,2023-09-15 20:26:56,S1/C2/S1_C2_E150_V0350.mp4,True,True
S1_C2_E150_V0351,S1,C2,V0351,E150,2.0,30.0,1920x1080,2023-09-15 20:27:00,S1/C2/S1_C2_E150_V0351.mp4,True,True
S1_C2_E150_V0352,S1,C2,V0352,E150,2.5,30.0,1920x1080,2023-09-15 20:27:06,S1/C2/S1_C2_E150_V0352.mp4,True,True
S1_C2_E150_V0353,S1,C2,V0353,E150,1.5,30.0,1920x1080,2023-09-15 20:27:08,S1/C2/S1_C2_E150_V0353.mp4,True,True
S1_C2_E150_V0354,S1,C2,V0354,E150,1.5,30.0,1920x1080,2023-09-15 20:27:10,S1/C2/S1_C2_E150_V0354.mp4,True,True
S1_C2_E150_V0355,S1,C2,V0355,E150,9.0,30.0,1920x1080,2023-09-15 20:28:16,S1/C2/S1_C2_E150_V0355.mp4,True,True
S1_C2_E150_V0356,S1,C2,V0356,E150,2.5,30.0,1920x1080,2023-09-15 20:28:20,S1/C2/S1_C2_E150_V0356.mp4,True,True
S1_C2_E150_V0357,S1,C2,V0357,E150,2.5,30.0,1920x1080,2023-09-15 20:28:26,S1/C2/S1_C2_E150_V0357.mp4,True,True
S1_C2_E150_V0358,S1,C2,V0358,E150,2.5,30.0,1920x1080,2023-09-15 20:28:32,S1/C2/S1_C2_E150_V0358.mp4,True,True
S1_C2_E150_V0359,S1,C2,V0359,E150,1.5,30.0,1920x1080,2023-09-15 20:28:36,S1/C2/S1_C2_E150_V0359.mp4,True,True
S1_C2_E150_V0360,S1,C2,V0360,E150,2.0,30.0,1920x1080,2023-09-15 20:28:42,S1/C2/S1_C2_E150_V0360.mp4,True,True
S1_C2_E150_V0361,S1,C2,V0361,E150,1.5,30.0,1920x1080,2023-09-15 20:28:44,S1/C2/S1_C2_E150_V0361.mp4,True,True
S1_C2_E150_V0362,S1,C2,V0362,E150,2.0,30.0,1920x1080,2023-09-15 20:28:50,S1/C2/S1_C2_E150_V0362.mp4,True,True
S1_C2_E150_V0363,S1,C2,V0363,E150,3.0,30.0,1920x1080,2023-09-15 20:29:06,S1/C2/S1_C2_E150_V0363.mp4,True,True
S1_C2_E150_V0364,S1,C2,V0364,E150,4.5,30.0,1920x1080,2023-09-15 20:29:32,S1/C2/S1_C2_E150_V0364.mp4,True,True
S1_C2_E150_V0365,S1,C2,V0365,E150,5.0,30.0,1920x1080,2023-09-15 20:30:04,S1/C2/S1_C2_E150_V0365.mp4,True,True
S1_C2_E150_V0366,S1,C2,V0366,E150,2.0,30.0,1920x1080,2023-09-15 20:30:10,S1/C2/S1_C2_E150_V0366.mp4,True,True
S1_C2_E150_V0367,S1,C2,V0367,E150,2.0,30.0,1920x1080,2023-09-15 20:30:16,S1/C2/S1_C2_E150_V0367.mp4,True,True
S1_C2_E150_V0368,S1,C2,V0368,E150,1.0,30.0,1920x1080,2023-09-15 20:30:18,S1/C2/S1_C2_E150_V0368.mp4,True,True
S1_C2_E150_V0369,S1,C2,V0369,E150,1.5,30.0,1920x1080,2023-09-15 20:30:22,S1/C2/S1_C2_E150_V0369.mp4,True,True
S1_C2_E150_V0370,S1,C2,V0370,E150,1.0,30.0,1920x1080,2023-09-15 20:30:24,S1/C2/S1_C2_E150_V0370.mp4,True,True
S1_C2_E150_V0371,S1,C2,V0371,E150,1.0,30.0,1920x1080,2023-09-15 20:30:26,S1/C2/S1_C2_E150_V0371.mp4,True,True
S1_C2_E150_V0372,S1,C2,V0372,E150,1.0,30.0,1920x1080,2023-09-15 20:30:28,S1/C2/S1_C2_E150_V0372.mp4,True,True
S1_C2_E151_V0373,S1,C2,V0373,E151,11.0,30.0,1920x1080,2023-09-15 21:54:32,S1/C2/S1_C2_E151_V0373.mp4,True,True
S1_C2_E151_V0374,S1,C2,V0374,E151,5.0,30.0,1920x1080,2023-09-15 21:54:48,S1/C2/S1_C2_E151_V0374.mp4,True,True
S1_C2_E151_V0375,S1,C2,V0375,E151,3.0,30.0,1920x1080,2023-09-15 21:54:56,S1/C2/S1_C2_E151_V0375.mp4,True,True
S1_C2_E151_V0376,S1,C2,V0376,E151,2.0,30.0,1920x1080,2023-09-15 21:55:00,S1/C2/S1_C2_E151_V0376.mp4,True,True
S1_C2_E151_V0377,S1,C2,V0377,E151,2.5,30.0,1920x1080,2023-09-15 21:55:10,S1/C2/S1_C2_E151_V0377.mp4,True,True
S1_C2_E151_V0378,S1,C2,V0378,E151,2.0,30.0,1920x1080,2023-09-15 21:55:17,S1/C2/S1_C2_E151_V0378.mp4,True,True
S1_C2_E151_V0379,S1,C2,V0379,E151,2.0,30.0,1920x1080,2023-09-15 21:55:22,S1/C2/S1_C2_E151_V0379.mp4,True,True
S1_C2_E151_V0380,S1,C2,V0380,E151,1.5,30.0,1920x1080,2023-09-15 21:55:26,S1/C2/S1_C2_E151_V0380.mp4,True,True
S1_C2_E153_V0383,S1,C2,V0383,E153,6.0,30.0,1920x1080,2023-09-16 03:28:00,S1/C2/S1_C2_E153_V0383.mp4,True,True
S1_C2_E153_V0384,S1,C2,V0384,E153,2.0,30.0,1920x1080,2023-09-16 03:28:04,S1/C2/S1_C2_E153_V0384.mp4,True,True
S1_C2_E154_V0385,S1,C2,V0385,E154,6.0,30.0,1920x1080,2023-09-16 03:38:06,S1/C2/S1_C2_E154_V0385.mp4,True,True
S1_C2_E154_V0386,S1,C2,V0386,E154,1.5,30.0,1920x1080,2023-09-16 03:38:10,S1/C2/S1_C2_E154_V0386.mp4,True,True
S1_C2_E154_V0387,S1,C2,V0387,E154,1.0,30.0,1920x1080,2023-09-16 03:38:12,S1/C2/S1_C2_E154_V0387.mp4,True,True
S1_C2_E155_V0388,S1,C2,V0388,E155,4.0,30.0,1920x1080,2023-09-16 05:14:24,S1/C2/S1_C2_E155_V0388.mp4,True,True
S1_C2_E155_V0389,S1,C2,V0389,E155,1.5,30.0,1920x1080,2023-09-16 05:14:26,S1/C2/S1_C2_E155_V0389.mp4,True,True
S1_C2_E155_V0390,S1,C2,V0390,E155,1.0,30.0,1920x1080,2023-09-16 05:14:30,S1/C2/S1_C2_E155_V0390.mp4,True,True
S1_C2_E15_V0026,S1,C2,V0026,E15,120.5,30.0,1920x1080,2023-08-25 17:49:20,S1/C2/S1_C2_E15_V0026.mp4,True,True
S1_C2_E162_V0391,S1,C2,V0391,E162,120.5,30.0,1920x1080,2023-09-16 19:05:08,S1/C2/S1_C2_E162_V0391.mp4,True,True
S1_C2_E163_V0392,S1,C2,V0392,E163,17.5,30.0,1920x1080,2023-09-16 23:29:38,S1/C2/S1_C2_E163_V0392.mp4,True,True
S1_C2_E169_V0393,S1,C2,V0393,E169,20.5,30.0,1920x1080,2023-09-17 19:42:34,S1/C2/S1_C2_E169_V0393.mp4,True,True
S1_C2_E16_V0027,S1,C2,V0027,E16,20.5,30.0,1920x1080,2023-08-26 01:15:24,S1/C2/S1_C2_E16_V0027.mp4,True,True
S1_C2_E16_V0028,S1,C2,V0028,E16,20.5,30.0,1920x1080,2023-08-26 01:15:44,S1/C2/S1_C2_E16_V0028.mp4,True,True
S1_C2_E16_V0029,S1,C2,V0029,E16,20.5,30.0,1920x1080,2023-08-26 01:16:10,S1/C2/S1_C2_E16_V0029.mp4,True,True
S1_C2_E170_V0394,S1,C2,V0394,E170,20.5,30.0,1920x1080,2023-09-17 20:20:44,S1/C2/S1_C2_E170_V0394.mp4,True,True
S1_C2_E170_V0395,S1,C2,V0395,E170,9.5,30.0,1920x1080,2023-09-17 20:21:02,S1/C2/S1_C2_E170_V0395.mp4,True,True
S1_C2_E170_V0396,S1,C2,V0396,E170,8.0,30.0,1920x1080,2023-09-17 20:21:24,S1/C2/S1_C2_E170_V0396.mp4,True,True
S1_C2_E170_V0397,S1,C2,V0397,E170,5.5,30.0,1920x1080,2023-09-17 20:21:38,S1/C2/S1_C2_E170_V0397.mp4,True,True
S1_C2_E170_V0398,S1,C2,V0398,E170,2.0,30.0,1920x1080,2023-09-17 20:21:42,S1/C2/S1_C2_E170_V0398.mp4,True,True
S1_C2_E170_V0399,S1,C2,V0399,E170,13.5,30.0,1920x1080,2023-09-17 20:25:24,S1/C2/S1_C2_E170_V0399.mp4,True,True
S1_C2_E171_V0400,S1,C2,V0400,E171,14.0,30.0,1920x1080,2023-09-17 20:32:34,S1/C2/S1_C2_E171_V0400.mp4,True,True
S1_C2_E173_V0401,S1,C2,V0401,E173,10.5,30.0,1920x1080,2023-09-17 21:50:16,S1/C2/S1_C2_E173_V0401.mp4,True,True
S1_C2_E174_V0402,S1,C2,V0402,E174,8.5,30.0,1920x1080,2023-09-17 22:08:38,S1/C2/S1_C2_E174_V0402.mp4,True,True
S1_C2_E175_V0403,S1,C2,V0403,E175,6.0,30.0,1920x1080,2023-09-17 23:42:02,S1/C2/S1_C2_E175_V0403.mp4,True,True
S1_C2_E175_V0404,S1,C2,V0404,E175,3.0,30.0,1920x1080,2023-09-17 23:42:12,S1/C2/S1_C2_E175_V0404.mp4,True,True
S1_C2_E175_V0405,S1,C2,V0405,E175,1.5,30.0,1920x1080,2023-09-17 23:42:16,S1/C2/S1_C2_E175_V0405.mp4,True,True
S1_C2_E175_V0406,S1,C2,V0406,E175,1.5,30.0,1920x1080,2023-09-17 23:42:18,S1/C2/S1_C2_E175_V0406.mp4,True,True
S1_C2_E176_V0407,S1,C2,V0407,E176,8.5,30.0,1920x1080,2023-09-18 03:08:58,S1/C2/S1_C2_E176_V0407.mp4,True,True
S1_C2_E177_V0408,S1,C2,V0408,E177,120.5,30.0,1920x1080,2023-09-18 07:08:04,S1/C2/S1_C2_E177_V0408.mp4,True,True
S1_C2_E179_V0409,S1,C2,V0409,E179,11.5,30.0,1920x1080,2023-09-18 19:10:38,S1/C2/S1_C2_E179_V0409.mp4,True,True
S1_C2_E17_V0030,S1,C2,V0030,E17,20.5,30.0,1920x1080,2023-08-26 03:01:38,S1/C2/S1_C2_E17_V0030.mp4,True,True
S1_C2_E17_V0031,S1,C2,V0031,E17,20.5,30.0,1920x1080,2023-08-26 03:01:58,S1/C2/S1_C2_E17_V0031.mp4,True,True
S1_C2_E17_V0032,S1,C2,V0032,E17,20.5,30.0,1920x1080,2023-08-26 03:02:30,S1/C2/S1_C2_E17_V0032.mp4,True,True
S1_C2_E180_V0410,S1,C2,V0410,E180,7.0,30.0,1920x1080,2023-09-18 21:57:12,S1/C2/S1_C2_E180_V0410.mp4,True,True
S1_C2_E181_V0411,S1,C2,V0411,E181,6.0,30.0,1920x1080,2023-09-19 00:48:04,S1/C2/S1_C2_E181_V0411.mp4,True,True
S1_C2_E181_V0412,S1,C2,V0412,E181,1.5,30.0,1920x1080,2023-09-19 00:48:06,S1/C2/S1_C2_E181_V0412.mp4,True,True
S1_C2_E181_V0413,S1,C2,V0413,E181,1.5,30.0,1920x1080,2023-09-19 00:48:08,S1/C2/S1_C2_E181_V0413.mp4,True,True
S1_C2_E181_V0414,S1,C2,V0414,E181,2.0,30.0,1920x1080,2023-09-19 00:48:16,S1/C2/S1_C2_E181_V0414.mp4,True,True
S1_C2_E181_V0415,S1,C2,V0415,E181,1.5,30.0,1920x1080,2023-09-19 00:48:20,S1/C2/S1_C2_E181_V0415.mp4,True,True
S1_C2_E181_V0416,S1,C2,V0416,E181,2.0,30.0,1920x1080,2023-09-19 00:48:26,S1/C2/S1_C2_E181_V0416.mp4,True,True
S1_C2_E181_V0417,S1,C2,V0417,E181,1.5,30.0,1920x1080,2023-09-19 00:48:30,S1/C2/S1_C2_E181_V0417.mp4,True,True
S1_C2_E182_V0418,S1,C2,V0418,E182,5.5,30.0,1920x1080,2023-09-19 01:15:58,S1/C2/S1_C2_E182_V0418.mp4,True,True
S1_C2_E182_V0419,S1,C2,V0419,E182,1.5,30.0,1920x1080,2023-09-19 01:16:00,S1/C2/S1_C2_E182_V0419.mp4,True,True
S1_C2_E182_V0420,S1,C2,V0420,E182,1.5,30.0,1920x1080,2023-09-19 01:16:04,S1/C2/S1_C2_E182_V0420.mp4,True,True
S1_C2_E188_V0423,S1,C2,V0423,E188,5.0,30.0,1920x1080,2023-09-19 22:13:28,S1/C2/S1_C2_E188_V0423.mp4,True,True
S1_C2_E189_V0424,S1,C2,V0424,E189,120.5,30.0,1920x1080,2023-09-20 16:59:08,S1/C2/S1_C2_E189_V0424.mp4,True,True
S1_C2_E189_V0425,S1,C2,V0425,E189,120.5,30.0,1920x1080,2023-09-20 17:01:52,S1/C2/S1_C2_E189_V0425.mp4,True,True
S1_C2_E18_V0033,S1,C2,V0033,E18,20.5,30.0,1920x1080,2023-08-26 03:11:02,S1/C2/S1_C2_E18_V0033.mp4,True,True
S1_C2_E190_V0426,S1,C2,V0426,E190,120.5,30.0,1920x1080,2023-09-20 17:17:56,S1/C2/S1_C2_E190_V0426.mp4,True,True
S1_C2_E191_V0427,S1,C2,V0427,E191,8.5,30.0,1920x1080,2023-09-20 22:18:42,S1/C2/S1_C2_E191_V0427.mp4,True,True
S1_C2_E191_V0428,S1,C2,V0428,E191,2.0,30.0,1920x1080,2023-09-20 22:18:47,S1/C2/S1_C2_E191_V0428.mp4,True,True
S1_C2_E191_V0429,S1,C2,V0429,E191,3.0,30.0,1920x1080,2023-09-20 22:18:54,S1/C2/S1_C2_E191_V0429.mp4,True,True
S1_C2_E191_V0430,S1,C2,V0430,E191,1.0,30.0,1920x1080,2023-09-20 22:18:56,S1/C2/S1_C2_E191_V0430.mp4,True,True
S1_C2_E191_V0431,S1,C2,V0431,E191,2.0,30.0,1920x1080,2023-09-20 22:19:02,S1/C2/S1_C2_E191_V0431.mp4,True,True
S1_C2_E191_V0432,S1,C2,V0432,E191,2.0,30.0,1920x1080,2023-09-20 22:19:06,S1/C2/S1_C2_E191_V0432.mp4,True,True
S1_C2_E191_V0433,S1,C2,V0433,E191,1.0,30.0,1920x1080,2023-09-20 22:19:08,S1/C2/S1_C2_E191_V0433.mp4,True,True
S1_C2_E191_V0434,S1,C2,V0434,E191,1.5,30.0,1920x1080,2023-09-20 22:19:12,S1/C2/S1_C2_E191_V0434.mp4,True,True
S1_C2_E191_V0435,S1,C2,V0435,E191,1.0,30.0,1920x1080,2023-09-20 22:19:14,S1/C2/S1_C2_E191_V0435.mp4,True,True
S1_C2_E191_V0436,S1,C2,V0436,E191,1.0,30.0,1920x1080,2023-09-20 22:19:16,S1/C2/S1_C2_E191_V0436.mp4,True,True
S1_C2_E192_V0437,S1,C2,V0437,E192,120.5,30.0,1920x1080,2023-09-21 06:59:36,S1/C2/S1_C2_E192_V0437.mp4,True,False
S1_C2_E194_V0438,S1,C2,V0438,E194,120.5,30.0,1920x1080,2023-09-21 08:35:46,S1/C2/S1_C2_E194_V0438.mp4,True,True
S1_C2_E195_V0439,S1,C2,V0439,E195,120.5,30.0,1920x1080,2023-09-21 08:45:48,S1/C2/S1_C2_E195_V0439.mp4,True,False
S1_C2_E195_V0440,S1,C2,V0440,E195,120.5,30.0,1920x1080,2023-09-21 08:48:12,S1/C2/S1_C2_E195_V0440.mp4,True,False
S1_C2_E195_V0441,S1,C2,V0441,E195,120.5,30.0,1920x1080,2023-09-21 08:50:26,S1/C2/S1_C2_E195_V0441.mp4,True,False
S1_C2_E195_V0442,S1,C2,V0442,E195,120.5,30.0,1920x1080,2023-09-21 08:52:34,S1/C2/S1_C2_E195_V0442.mp4,True,False
S1_C2_E196_V0443,S1,C2,V0443,E196,6.5,30.0,1920x1080,2023-09-21 20:19:16,S1/C2/S1_C2_E196_V0443.mp4,True,True
S1_C2_E196_V0444,S1,C2,V0444,E196,2.0,30.0,1920x1080,2023-09-21 20:19:20,S1/C2/S1_C2_E196_V0444.mp4,True,True
S1_C2_E196_V0445,S1,C2,V0445,E196,2.5,30.0,1920x1080,2023-09-21 20:19:28,S1/C2/S1_C2_E196_V0445.mp4,True,True
S1_C2_E196_V0446,S1,C2,V0446,E196,1.5,30.0,1920x1080,2023-09-21 20:19:30,S1/C2/S1_C2_E196_V0446.mp4,True,True
S1_C2_E196_V0447,S1,C2,V0447,E196,2.5,30.0,1920x1080,2023-09-21 20:19:42,S1/C2/S1_C2_E196_V0447.mp4,True,True
S1_C2_E196_V0448,S1,C2,V0448,E196,4.0,30.0,1920x1080,2023-09-21 20:20:28,S1/C2/S1_C2_E196_V0448.mp4,True,True
S1_C2_E196_V0449,S1,C2,V0449,E196,1.5,30.0,1920x1080,2023-09-21 20:20:32,S1/C2/S1_C2_E196_V0449.mp4,True,True
S1_C2_E196_V0450,S1,C2,V0450,E196,1.0,30.0,1920x1080,2023-09-21 20:20:34,S1/C2/S1_C2_E196_V0450.mp4,True,True
S1_C2_E196_V0451,S1,C2,V0451,E196,1.0,30.0,1920x1080,2023-09-21 20:20:38,S1/C2/S1_C2_E196_V0451.mp4,True,True
S1_C2_E197_V0452,S1,C2,V0452,E197,6.5,30.0,1920x1080,2023-09-22 01:04:16,S1/C2/S1_C2_E197_V0452.mp4,True,True
S1_C2_E197_V0453,S1,C2,V0453,E197,4.0,30.0,1920x1080,2023-09-22 01:04:30,S1/C2/S1_C2_E197_V0453.mp4,True,True
S1_C2_E197_V0454,S1,C2,V0454,E197,3.0,30.0,1920x1080,2023-09-22 01:04:44,S1/C2/S1_C2_E197_V0454.mp4,True,True
S1_C2_E197_V0455,S1,C2,V0455,E197,2.0,30.0,1920x1080,2023-09-22 01:04:48,S1/C2/S1_C2_E197_V0455.mp4,True,True
S1_C2_E197_V0456,S1,C2,V0456,E197,4.0,30.0,1920x1080,2023-09-22 01:05:40,S1/C2/S1_C2_E197_V0456.mp4,True,True
S1_C2_E197_V0457,S1,C2,V0457,E197,1.5,30.0,1920x1080,2023-09-22 01:05:42,S1/C2/S1_C2_E197_V0457.mp4,True,True
S1_C2_E197_V0458,S1,C2,V0458,E197,3.0,30.0,1920x1080,2023-09-22 01:06:20,S1/C2/S1_C2_E197_V0458.mp4,True,True
S1_C2_E197_V0459,S1,C2,V0459,E197,2.0,30.0,1920x1080,2023-09-22 01:06:30,S1/C2/S1_C2_E197_V0459.mp4,True,True
S1_C2_E197_V0460,S1,C2,V0460,E197,1.5,30.0,1920x1080,2023-09-22 01:06:32,S1/C2/S1_C2_E197_V0460.mp4,True,True
S1_C2_E197_V0461,S1,C2,V0461,E197,1.0,30.0,1920x1080,2023-09-22 01:06:36,S1/C2/S1_C2_E197_V0461.mp4,True,True
S1_C2_E197_V0462,S1,C2,V0462,E197,1.5,30.0,1920x1080,2023-09-22 01:06:42,S1/C2/S1_C2_E197_V0462.mp4,True,True
S1_C2_E197_V0463,S1,C2,V0463,E197,1.0,30.0,1920x1080,2023-09-22 01:06:44,S1/C2/S1_C2_E197_V0463.mp4,True,True
S1_C2_E197_V0464,S1,C2,V0464,E197,1.5,30.0,1920x1080,2023-09-22 01:06:50,S1/C2/S1_C2_E197_V0464.mp4,True,True
S1_C2_E197_V0465,S1,C2,V0465,E197,1.5,30.0,1920x1080,2023-09-22 01:06:56,S1/C2/S1_C2_E197_V0465.mp4,True,True
S1_C2_E197_V0466,S1,C2,V0466,E197,1.0,30.0,1920x1080,2023-09-22 01:07:00,S1/C2/S1_C2_E197_V0466.mp4,True,True
S1_C2_E197_V0467,S1,C2,V0467,E197,1.0,30.0,1920x1080,2023-09-22 01:07:02,S1/C2/S1_C2_E197_V0467.mp4,True,True
S1_C2_E197_V0468,S1,C2,V0468,E197,1.0,30.0,1920x1080,2023-09-22 01:07:12,S1/C2/S1_C2_E197_V0468.mp4,True,True
S1_C2_E198_V0469,S1,C2,V0469,E198,4.0,30.0,1920x1080,2023-09-22 03:30:14,S1/C2/S1_C2_E198_V0469.mp4,True,True
S1_C2_E198_V0470,S1,C2,V0470,E198,2.0,30.0,1920x1080,2023-09-22 03:30:22,S1/C2/S1_C2_E198_V0470.mp4,True,True
S1_C2_E198_V0471,S1,C2,V0471,E198,1.5,30.0,1920x1080,2023-09-22 03:30:26,S1/C2/S1_C2_E198_V0471.mp4,True,True
S1_C2_E198_V0472,S1,C2,V0472,E198,1.5,30.0,1920x1080,2023-09-22 03:30:34,S1/C2/S1_C2_E198_V0472.mp4,True,True
S1_C2_E198_V0473,S1,C2,V0473,E198,1.0,30.0,1920x1080,2023-09-22 03:30:36,S1/C2/S1_C2_E198_V0473.mp4,True,True
S1_C2_E198_V0474,S1,C2,V0474,E198,1.0,30.0,1920x1080,2023-09-22 03:30:40,S1/C2/S1_C2_E198_V0474.mp4,True,True
S1_C2_E198_V0475,S1,C2,V0475,E198,1.0,30.0,1920x1080,2023-09-22 03:30:46,S1/C2/S1_C2_E198_V0475.mp4,True,True
S1_C2_E198_V0476,S1,C2,V0476,E198,1.0,30.0,1920x1080,2023-09-22 03:30:48,S1/C2/S1_C2_E198_V0476.mp4,True,True
S1_C2_E198_V0477,S1,C2,V0477,E198,1.5,30.0,1920x1080,2023-09-22 03:31:00,S1/C2/S1_C2_E198_V0477.mp4,True,True
S1_C2_E198_V0478,S1,C2,V0478,E198,1.0,30.0,1920x1080,2023-09-22 03:31:04,S1/C2/S1_C2_E198_V0478.mp4,True,True
S1_C2_E198_V0479,S1,C2,V0479,E198,1.0,30.0,1920x1080,2023-09-22 03:31:08,S1/C2/S1_C2_E198_V0479.mp4,True,True
S1_C2_E198_V0480,S1,C2,V0480,E198,1.5,30.0,1920x1080,2023-09-22 03:31:28,S1/C2/S1_C2_E198_V0480.mp4,True,True
S1_C2_E198_V0481,S1,C2,V0481,E198,1.5,30.0,1920x1080,2023-09-22 03:31:38,S1/C2/S1_C2_E198_V0481.mp4,True,True
S1_C2_E198_V0482,S1,C2,V0482,E198,1.5,30.0,1920x1080,2023-09-22 03:32:02,S1/C2/S1_C2_E198_V0482.mp4,True,True
S1_C2_E198_V0483,S1,C2,V0483,E198,1.5,30.0,1920x1080,2023-09-22 03:32:08,S1/C2/S1_C2_E198_V0483.mp4,True,True
S1_C2_E198_V0484,S1,C2,V0484,E198,1.5,30.0,1920x1080,2023-09-22 03:32:24,S1/C2/S1_C2_E198_V0484.mp4,True,True
S1_C2_E198_V0485,S1,C2,V0485,E198,1.5,30.0,1920x1080,2023-09-22 03:32:34,S1/C2/S1_C2_E198_V0485.mp4,True,True
S1_C2_E198_V0486,S1,C2,V0486,E198,1.0,30.0,1920x1080,2023-09-22 03:32:36,S1/C2/S1_C2_E198_V0486.mp4,True,True
S1_C2_E198_V0487,S1,C2,V0487,E198,1.0,30.0,1920x1080,2023-09-22 03:32:40,S1/C2/S1_C2_E198_V0487.mp4,True,True
S1_C2_E198_V0488,S1,C2,V0488,E198,1.5,30.0,1920x1080,2023-09-22 03:33:02,S1/C2/S1_C2_E198_V0488.mp4,True,True
S1_C2_E198_V0489,S1,C2,V0489,E198,1.5,30.0,1920x1080,2023-09-22 03:33:12,S1/C2/S1_C2_E198_V0489.mp4,True,True
S1_C2_E198_V0490,S1,C2,V0490,E198,1.0,30.0,1920x1080,2023-09-22 03:33:22,S1/C2/S1_C2_E198_V0490.mp4,True,True
S1_C2_E198_V0491,S1,C2,V0491,E198,1.0,30.0,1920x1080,2023-09-22 03:33:32,S1/C2/S1_C2_E198_V0491.mp4,True,True
S1_C2_E198_V0492,S1,C2,V0492,E198,1.0,30.0,1920x1080,2023-09-22 03:33:42,S1/C2/S1_C2_E198_V0492.mp4,True,True
S1_C2_E198_V0493,S1,C2,V0493,E198,1.0,30.0,1920x1080,2023-09-22 03:33:46,S1/C2/S1_C2_E198_V0493.mp4,True,True
S1_C2_E198_V0494,S1,C2,V0494,E198,1.0,30.0,1920x1080,2023-09-22 03:33:54,S1/C2/S1_C2_E198_V0494.mp4,True,True
S1_C2_E198_V0495,S1,C2,V0495,E198,1.0,30.0,1920x1080,2023-09-22 03:34:02,S1/C2/S1_C2_E198_V0495.mp4,True,True
S1_C2_E198_V0496,S1,C2,V0496,E198,1.0,30.0,1920x1080,2023-09-22 03:34:10,S1/C2/S1_C2_E198_V0496.mp4,True,True
S1_C2_E198_V0497,S1,C2,V0497,E198,1.0,30.0,1920x1080,2023-09-22 03:34:34,S1/C2/S1_C2_E198_V0497.mp4,True,True
S1_C2_E198_V0498,S1,C2,V0498,E198,1.0,30.0,1920x1080,2023-09-22 03:34:41,S1/C2/S1_C2_E198_V0498.mp4,True,True
S1_C2_E198_V0499,S1,C2,V0499,E198,1.0,30.0,1920x1080,2023-09-22 03:34:50,S1/C2/S1_C2_E198_V0499.mp4,True,True
S1_C2_E198_V0500,S1,C2,V0500,E198,1.0,30.0,1920x1080,2023-09-22 03:35:00,S1/C2/S1_C2_E198_V0500.mp4,True,True
S1_C2_E198_V0501,S1,C2,V0501,E198,1.0,30.0,1920x1080,2023-09-22 03:35:08,S1/C2/S1_C2_E198_V0501.mp4,True,True
S1_C2_E198_V0502,S1,C2,V0502,E198,1.0,30.0,1920x1080,2023-09-22 03:35:26,S1/C2/S1_C2_E198_V0502.mp4,True,True
S1_C2_E198_V0503,S1,C2,V0503,E198,1.0,30.0,1920x1080,2023-09-22 03:35:46,S1/C2/S1_C2_E198_V0503.mp4,True,True
S1_C2_E198_V0504,S1,C2,V0504,E198,1.0,30.0,1920x1080,2023-09-22 03:35:54,S1/C2/S1_C2_E198_V0504.mp4,True,True
S1_C2_E198_V0505,S1,C2,V0505,E198,1.0,30.0,1920x1080,2023-09-22 03:36:01,S1/C2/S1_C2_E198_V0505.mp4,True,True
S1_C2_E198_V0506,S1,C2,V0506,E198,1.0,30.0,1920x1080,2023-09-22 03:36:08,S1/C2/S1_C2_E198_V0506.mp4,True,True
S1_C2_E198_V0507,S1,C2,V0507,E198,1.0,30.0,1920x1080,2023-09-22 03:36:58,S1/C2/S1_C2_E198_V0507.mp4,True,True
S1_C2_E198_V0508,S1,C2,V0508,E198,1.0,30.0,1920x1080,2023-09-22 03:37:10,S1/C2/S1_C2_E198_V0508.mp4,True,True
S1_C2_E198_V0509,S1,C2,V0509,E198,1.0,30.0,1920x1080,2023-09-22 03:37:24,S1/C2/S1_C2_E198_V0509.mp4,True,True
S1_C2_E198_V0510,S1,C2,V0510,E198,1.0,30.0,1920x1080,2023-09-22 03:37:43,S1/C2/S1_C2_E198_V0510.mp4,True,True
S1_C2_E198_V0511,S1,C2,V0511,E198,1.0,30.0,1920x1080,2023-09-22 03:37:50,S1/C2/S1_C2_E198_V0511.mp4,True,True
S1_C2_E198_V0512,S1,C2,V0512,E198,1.0,30.0,1920x1080,2023-09-22 03:37:56,S1/C2/S1_C2_E198_V0512.mp4,True,True
S1_C2_E198_V0513,S1,C2,V0513,E198,1.0,30.0,1920x1080,2023-09-22 03:38:06,S1/C2/S1_C2_E198_V0513.mp4,True,True
S1_C2_E198_V0514,S1,C2,V0514,E198,1.0,30.0,1920x1080,2023-09-22 03:38:12,S1/C2/S1_C2_E198_V0514.mp4,True,True
S1_C2_E198_V0515,S1,C2,V0515,E198,1.0,30.0,1920x1080,2023-09-22 03:38:44,S1/C2/S1_C2_E198_V0515.mp4,True,True
S1_C2_E200_V0516,S1,C2,V0516,E200,1.0,30.0,1920x1080,2023-09-22 20:18:28,S1/C2/S1_C2_E200_V0516.mp4,True,True
S1_C2_E202_V0517,S1,C2,V0517,E202,120.5,30.0,1920x1080,2023-09-24 07:11:56,S1/C2/S1_C2_E202_V0517.mp4,True,True
S1_C2_E219_V0519,S1,C2,V0519,E219,8.0,30.0,1920x1080,2023-09-26 19:29:40,S1/C2/S1_C2_E219_V0519.mp4,True,True
S1_C2_E219_V0520,S1,C2,V0520,E219,2.0,30.0,1920x1080,2023-09-26 19:29:42,S1/C2/S1_C2_E219_V0520.mp4,True,True
S1_C2_E219_V0521,S1,C2,V0521,E219,1.5,30.0,1920x1080,2023-09-26 19:29:46,S1/C2/S1_C2_E219_V0521.mp4,True,True
S1_C2_E21_V0035,S1,C2,V0035,E21,120.5,30.0,1920x1080,2023-08-26 13:45:58,S1/C2/S1_C2_E21_V0035.mp4,False,True
S1_C2_E231_V0524,S1,C2,V0524,E231,1.0,30.0,1920x1080,2023-09-30 05:26:06,S1/C2/S1_C2_E231_V0524.mp4,True,True
S1_C2_E231_V0525,S1,C2,V0525,E231,1.0,30.0,1920x1080,2023-09-30 05:26:10,S1/C2/S1_C2_E231_V0525.mp4,True,True
S1_C2_E231_V0526,S1,C2,V0526,E231,1.5,30.0,1920x1080,2023-09-30 05:27:40,S1/C2/S1_C2_E231_V0526.mp4,True,True
S1_C2_E231_V0527,S1,C2,V0527,E231,1.0,30.0,1920x1080,2023-09-30 05:27:42,S1/C2/S1_C2_E231_V0527.mp4,True,True
S1_C2_E231_V0528,S1,C2,V0528,E231,1.0,30.0,1920x1080,2023-09-30 05:27:48,S1/C2/S1_C2_E231_V0528.mp4,True,True
S1_C2_E237_V0529,S1,C2,V0529,E237,6.0,30.0,1920x1080,2023-09-30 19:56:16,S1/C2/S1_C2_E237_V0529.mp4,True,True
S1_C2_E237_V0530,S1,C2,V0530,E237,2.0,30.0,1920x1080,2023-09-30 19:56:20,S1/C2/S1_C2_E237_V0530.mp4,True,True
S1_C2_E237_V0531,S1,C2,V0531,E237,3.0,30.0,1920x1080,2023-09-30 19:56:32,S1/C2/S1_C2_E237_V0531.mp4,True,True
S1_C2_E237_V0532,S1,C2,V0532,E237,1.5,30.0,1920x1080,2023-09-30 19:56:36,S1/C2/S1_C2_E237_V0532.mp4,True,True
S1_C2_E238_V0533,S1,C2,V0533,E238,1.5,30.0,1920x1080,2023-09-30 22:40:16,S1/C2/S1_C2_E238_V0533.mp4,True,True
S1_C2_E238_V0534,S1,C2,V0534,E238,1.5,30.0,1920x1080,2023-09-30 22:40:26,S1/C2/S1_C2_E238_V0534.mp4,True,True
S1_C2_E238_V0535,S1,C2,V0535,E238,1.0,30.0,1920x1080,2023-09-30 22:40:28,S1/C2/S1_C2_E238_V0535.mp4,True,True
S1_C2_E238_V0536,S1,C2,V0536,E238,1.0,30.0,1920x1080,2023-09-30 22:40:30,S1/C2/S1_C2_E238_V0536.mp4,True,True
S1_C2_E238_V0537,S1,C2,V0537,E238,1.0,30.0,1920x1080,2023-09-30 22:40:34,S1/C2/S1_C2_E238_V0537.mp4,True,True
S1_C2_E243_V0540,S1,C2,V0540,E243,2.0,30.0,1920x1080,2023-10-02 22:51:34,S1/C2/S1_C2_E243_V0540.mp4,True,True
S1_C2_E243_V0541,S1,C2,V0541,E243,2.5,30.0,1920x1080,2023-10-02 22:52:18,S1/C2/S1_C2_E243_V0541.mp4,True,True
S1_C2_E243_V0542,S1,C2,V0542,E243,2.5,30.0,1920x1080,2023-10-02 22:52:46,S1/C2/S1_C2_E243_V0542.mp4,True,True
S1_C2_E243_V0543,S1,C2,V0543,E243,2.0,30.0,1920x1080,2023-10-02 22:53:18,S1/C2/S1_C2_E243_V0543.mp4,True,True
S1_C2_E243_V0544,S1,C2,V0544,E243,2.0,30.0,1920x1080,2023-10-02 22:53:32,S1/C2/S1_C2_E243_V0544.mp4,True,True
S1_C2_E243_V0545,S1,C2,V0545,E243,2.0,30.0,1920x1080,2023-10-02 22:54:00,S1/C2/S1_C2_E243_V0545.mp4,True,True
S1_C2_E243_V0546,S1,C2,V0546,E243,1.5,30.0,1920x1080,2023-10-02 22:54:08,S1/C2/S1_C2_E243_V0546.mp4,True,True
S1_C2_E243_V0547,S1,C2,V0547,E243,1.5,30.0,1920x1080,2023-10-02 22:54:22,S1/C2/S1_C2_E243_V0547.mp4,True,True
S1_C2_E243_V0548,S1,C2,V0548,E243,1.5,30.0,1920x1080,2023-10-02 22:54:38,S1/C2/S1_C2_E243_V0548.mp4,True,True
S1_C2_E243_V0549,S1,C2,V0549,E243,1.0,30.0,1920x1080,2023-10-02 22:54:40,S1/C2/S1_C2_E243_V0549.mp4,True,True
S1_C2_E243_V0550,S1,C2,V0550,E243,1.0,30.0,1920x1080,2023-10-02 22:54:50,S1/C2/S1_C2_E243_V0550.mp4,True,True
S1_C2_E243_V0551,S1,C2,V0551,E243,1.0,30.0,1920x1080,2023-10-02 22:54:56,S1/C2/S1_C2_E243_V0551.mp4,True,True
S1_C2_E243_V0552,S1,C2,V0552,E243,1.0,30.0,1920x1080,2023-10-02 22:55:02,S1/C2/S1_C2_E243_V0552.mp4,True,True
S1_C2_E244_V0553,S1,C2,V0553,E244,2.0,30.0,1920x1080,2023-10-02 23:04:04,S1/C2/S1_C2_E244_V0553.mp4,True,True
S1_C2_E244_V0554,S1,C2,V0554,E244,2.0,30.0,1920x1080,2023-10-02 23:04:24,S1/C2/S1_C2_E244_V0554.mp4,True,True
S1_C2_E244_V0555,S1,C2,V0555,E244,1.0,30.0,1920x1080,2023-10-02 23:04:26,S1/C2/S1_C2_E244_V0555.mp4,True,True
S1_C2_E244_V0556,S1,C2,V0556,E244,1.0,30.0,1920x1080,2023-10-02 23:04:30,S1/C2/S1_C2_E244_V0556.mp4,True,True
S1_C2_E244_V0557,S1,C2,V0557,E244,1.0,30.0,1920x1080,2023-10-02 23:04:34,S1/C2/S1_C2_E244_V0557.mp4,True,True
S1_C2_E244_V0558,S1,C2,V0558,E244,1.0,30.0,1920x1080,2023-10-02 23:04:36,S1/C2/S1_C2_E244_V0558.mp4,True,True
S1_C2_E244_V0559,S1,C2,V0559,E244,1.0,30.0,1920x1080,2023-10-02 23:04:46,S1/C2/S1_C2_E244_V0559.mp4,True,True
S1_C2_E251_V0560,S1,C2,V0560,E251,1.0,30.0,1920x1080,2023-10-04 03:34:16,S1/C2/S1_C2_E251_V0560.mp4,True,True
S1_C2_E251_V0561,S1,C2,V0561,E251,1.0,30.0,1920x1080,2023-10-04 03:34:18,S1/C2/S1_C2_E251_V0561.mp4,True,True
S1_C2_E251_V0562,S1,C2,V0562,E251,1.0,30.0,1920x1080,2023-10-04 03:34:20,S1/C2/S1_C2_E251_V0562.mp4,True,True
S1_C2_E251_V0563,S1,C2,V0563,E251,1.0,30.0,1920x1080,2023-10-04 03:34:24,S1/C2/S1_C2_E251_V0563.mp4,True,True
S1_C2_E251_V0564,S1,C2,V0564,E251,1.0,30.0,1920x1080,2023-10-04 03:34:30,S1/C2/S1_C2_E251_V0564.mp4,True,True
S1_C2_E251_V0565,S1,C2,V0565,E251,1.5,30.0,1920x1080,2023-10-04 03:35:32,S1/C2/S1_C2_E251_V0565.mp4,True,True
S1_C2_E251_V0566,S1,C2,V0566,E251,1.0,30.0,1920x1080,2023-10-04 03:35:38,S1/C2/S1_C2_E251_V0566.mp4,True,True
S1_C2_E251_V0567,S1,C2,V0567,E251,1.0,30.0,1920x1080,2023-10-04 03:35:42,S1/C2/S1_C2_E251_V0567.mp4,True,True
S1_C2_E251_V0568,S1,C2,V0568,E251,1.5,30.0,1920x1080,2023-10-04 03:35:54,S1/C2/S1_C2_E251_V0568.mp4,True,True
S1_C2_E251_V0569,S1,C2,V0569,E251,1.0,30.0,1920x1080,2023-10-04 03:36:00,S1/C2/S1_C2_E251_V0569.mp4,True,True
S1_C2_E251_V0570,S1,C2,V0570,E251,1.5,30.0,1920x1080,2023-10-04 03:37:34,S1/C2/S1_C2_E251_V0570.mp4,True,True
S1_C2_E251_V0571,S1,C2,V0571,E251,1.0,30.0,1920x1080,2023-10-04 03:37:36,S1/C2/S1_C2_E251_V0571.mp4,True,True
S1_C2_E251_V0572,S1,C2,V0572,E251,1.0,30.0,1920x1080,2023-10-04 03:37:40,S1/C2/S1_C2_E251_V0572.mp4,True,True
S1_C2_E252_V0573,S1,C2,V0573,E252,2.0,30.0,1920x1080,2023-10-04 03:47:00,S1/C2/S1_C2_E252_V0573.mp4,True,True
S1_C2_E252_V0574,S1,C2,V0574,E252,1.0,30.0,1920x1080,2023-10-04 03:47:04,S1/C2/S1_C2_E252_V0574.mp4,True,True
S1_C2_E252_V0575,S1,C2,V0575,E252,1.0,30.0,1920x1080,2023-10-04 03:47:08,S1/C2/S1_C2_E252_V0575.mp4,True,True
S1_C2_E25_V0036,S1,C2,V0036,E25,120.5,30.0,1920x1080,2023-08-26 16:07:50,S1/C2/S1_C2_E25_V0036.mp4,True,True
S1_C2_E27_V0037,S1,C2,V0037,E27,20.5,30.0,1920x1080,2023-08-27 03:13:42,S1/C2/S1_C2_E27_V0037.mp4,True,True
S1_C2_E27_V0038,S1,C2,V0038,E27,20.5,30.0,1920x1080,2023-08-27 03:16:56,S1/C2/S1_C2_E27_V0038.mp4,True,True
S1_C2_E28_V0039,S1,C2,V0039,E28,20.5,30.0,1920x1080,2023-08-27 06:36:08,S1/C2/S1_C2_E28_V0039.mp4,True,True
S1_C2_E29_V0040,S1,C2,V0040,E29,120.5,30.0,1920x1080,2023-08-27 18:33:32,S1/C2/S1_C2_E29_V0040.mp4,True,True
S1_C2_E30_V0041,S1,C2,V0041,E30,20.5,30.0,1920x1080,2023-08-27 23:48:22,S1/C2/S1_C2_E30_V0041.mp4,True,True
S1_C2_E33_V0042,S1,C2,V0042,E33,120.5,30.0,1920x1080,2023-08-29 06:34:54,S1/C2/S1_C2_E33_V0042.mp4,True,True
S1_C2_E33_V0043,S1,C2,V0043,E33,120.5,30.0,1920x1080,2023-08-29 06:39:28,S1/C2/S1_C2_E33_V0043.mp4,True,True
S1_C2_E34_V0044,S1,C2,V0044,E34,120.5,30.0,1920x1080,2023-08-29 08:17:24,S1/C2/S1_C2_E34_V0044.mp4,True,True
S1_C2_E36_V0046,S1,C2,V0046,E36,120.5,30.0,1920x1080,2023-08-29 11:46:56,S1/C2/S1_C2_E36_V0046.mp4,True,True
S1_C2_E37_V0047,S1,C2,V0047,E37,120.5,30.0,1920x1080,2023-08-29 16:06:16,S1/C2/S1_C2_E37_V0047.mp4,True,True
S1_C2_E38_V0048,S1,C2,V0048,E38,120.5,30.0,1920x1080,2023-08-29 20:13:20,S1/C2/S1_C2_E38_V0048.mp4,True,True
S1_C2_E38_V0049,S1,C2,V0049,E38,20.5,30.0,1920x1080,2023-08-29 20:14:40,S1/C2/S1_C2_E38_V0049.mp4,True,True
S1_C2_E38_V0050,S1,C2,V0050,E38,20.5,30.0,1920x1080,2023-08-29 20:15:22,S1/C2/S1_C2_E38_V0050.mp4,True,True
S1_C2_E38_V0051,S1,C2,V0051,E38,20.5,30.0,1920x1080,2023-08-29 20:15:42,S1/C2/S1_C2_E38_V0051.mp4,True,True
S1_C2_E38_V0052,S1,C2,V0052,E38,20.5,30.0,1920x1080,2023-08-29 20:16:14,S1/C2/S1_C2_E38_V0052.mp4,True,True
S1_C2_E38_V0053,S1,C2,V0053,E38,20.5,30.0,1920x1080,2023-08-29 20:16:40,S1/C2/S1_C2_E38_V0053.mp4,True,True
S1_C2_E38_V0054,S1,C2,V0054,E38,20.5,30.0,1920x1080,2023-08-29 20:17:04,S1/C2/S1_C2_E38_V0054.mp4,True,True
S1_C2_E38_V0055,S1,C2,V0055,E38,20.5,30.0,1920x1080,2023-08-29 20:17:30,S1/C2/S1_C2_E38_V0055.mp4,True,True
S1_C2_E38_V0056,S1,C2,V0056,E38,20.5,30.0,1920x1080,2023-08-29 20:17:52,S1/C2/S1_C2_E38_V0056.mp4,True,True
S1_C2_E38_V0057,S1,C2,V0057,E38,20.5,30.0,1920x1080,2023-08-29 20:18:28,S1/C2/S1_C2_E38_V0057.mp4,True,True
S1_C2_E38_V0058,S1,C2,V0058,E38,20.5,30.0,1920x1080,2023-08-29 20:18:58,S1/C2/S1_C2_E38_V0058.mp4,True,True
S1_C2_E38_V0059,S1,C2,V0059,E38,20.5,30.0,1920x1080,2023-08-29 20:19:26,S1/C2/S1_C2_E38_V0059.mp4,True,True
S1_C2_E38_V0060,S1,C2,V0060,E38,20.5,30.0,1920x1080,2023-08-29 20:20:16,S1/C2/S1_C2_E38_V0060.mp4,True,True
S1_C2_E39_V0061,S1,C2,V0061,E39,20.5,30.0,1920x1080,2023-08-29 23:58:46,S1/C2/S1_C2_E39_V0061.mp4,True,True
S1_C2_E40_V0062,S1,C2,V0062,E40,20.5,30.0,1920x1080,2023-08-30 00:08:38,S1/C2/S1_C2_E40_V0062.mp4,True,True
S1_C2_E40_V0063,S1,C2,V0063,E40,20.5,30.0,1920x1080,2023-08-30 00:09:02,S1/C2/S1_C2_E40_V0063.mp4,True,True
S1_C2_E40_V0064,S1,C2,V0064,E40,20.5,30.0,1920x1080,2023-08-30 00:09:28,S1/C2/S1_C2_E40_V0064.mp4,True,True
S1_C2_E40_V0065,S1,C2,V0065,E40,20.5,30.0,1920x1080,2023-08-30 00:11:26,S1/C2/S1_C2_E40_V0065.mp4,True,True
S1_C2_E40_V0066,S1,C2,V0066,E40,20.5,30.0,1920x1080,2023-08-30 00:12:30,S1/C2/S1_C2_E40_V0066.mp4,True,True
S1_C2_E40_V0067,S1,C2,V0067,E40,20.5,30.0,1920x1080,2023-08-30 00:12:56,S1/C2/S1_C2_E40_V0067.mp4,True,True
S1_C2_E40_V0068,S1,C2,V0068,E40,20.5,30.0,1920x1080,2023-08-30 00:13:20,S1/C2/S1_C2_E40_V0068.mp4,True,True
S1_C2_E40_V0069,S1,C2,V0069,E40,20.5,30.0,1920x1080,2023-08-30 00:13:44,S1/C2/S1_C2_E40_V0069.mp4,True,True
S1_C2_E40_V0070,S1,C2,V0070,E40,20.5,30.0,1920x1080,2023-08-30 00:14:08,S1/C2/S1_C2_E40_V0070.mp4,True,True
S1_C2_E40_V0071,S1,C2,V0071,E40,20.5,30.0,1920x1080,2023-08-30 00:14:38,S1/C2/S1_C2_E40_V0071.mp4,True,True
S1_C2_E42_V0072,S1,C2,V0072,E42,120.5,30.0,1920x1080,2023-08-30 08:08:58,S1/C2/S1_C2_E42_V0072.mp4,True,True
S1_C2_E49_V0075,S1,C2,V0075,E49,120.5,30.0,1920x1080,2023-08-30 18:49:18,S1/C2/S1_C2_E49_V0075.mp4,True,True
S1_C2_E50_V0076,S1,C2,V0076,E50,20.5,30.0,1920x1080,2023-08-30 20:41:28,S1/C2/S1_C2_E50_V0076.mp4,True,True
S1_C2_E50_V0077,S1,C2,V0077,E50,20.5,30.0,1920x1080,2023-08-30 20:41:54,S1/C2/S1_C2_E50_V0077.mp4,True,True
S1_C2_E51_V0078,S1,C2,V0078,E51,20.5,30.0,1920x1080,2023-08-30 22:20:10,S1/C2/S1_C2_E51_V0078.mp4,True,True
S1_C2_E53_V0079,S1,C2,V0079,E53,120.5,30.0,1920x1080,2023-08-31 16:20:44,S1/C2/S1_C2_E53_V0079.mp4,True,True
S1_C2_E55_V0080,S1,C2,V0080,E55,20.5,30.0,1920x1080,2023-08-31 20:27:54,S1/C2/S1_C2_E55_V0080.mp4,True,True
S1_C2_E57_V0089,S1,C2,V0089,E57,120.5,30.0,1920x1080,2023-09-01 12:04:38,S1/C2/S1_C2_E57_V0089.mp4,True,True
S1_C2_E60_V0090,S1,C2,V0090,E60,20.5,30.0,1920x1080,2023-09-02 00:21:24,S1/C2/S1_C2_E60_V0090.mp4,True,True
S1_C2_E66_V0092,S1,C2,V0092,E66,120.5,30.0,1920x1080,2023-09-03 19:44:06,S1/C2/S1_C2_E66_V0092.mp4,True,True
S1_C2_E84_V0093,S1,C2,V0093,E84,20.5,30.0,1920x1080,2023-09-05 20:56:00,S1/C2/S1_C2_E84_V0093.mp4,True,True
S1_C2_E8_V0021,S1,C2,V0021,E8,20.5,30.0,1920x1080,2023-08-24 23:47:48,S1/C2/S1_C2_E8_V0021.mp4,True,True
S1_C2_E8_V0022,S1,C2,V0022,E8,20.5,30.0,1920x1080,2023-08-24 23:48:12,S1/C2/S1_C2_E8_V0022.mp4,True,True
S1_C2_E8_V0023,S1,C2,V0023,E8,20.5,30.0,1920x1080,2023-08-24 23:48:32,S1/C2/S1_C2_E8_V0023.mp4,True,True
S1_C2_E8_V0024,S1,C2,V0024,E8,20.5,30.0,1920x1080,2023-08-24 23:49:22,S1/C2/S1_C2_E8_V0024.mp4,True,True
S1_C2_E8_V0025,S1,C2,V0025,E8,20.5,30.0,1920x1080,2023-08-24 23:49:46,S1/C2/S1_C2_E8_V0025.mp4,True,True
S1_C2_E94_V0097,S1,C2,V0097,E94,20.5,30.0,1920x1080,2023-09-07 22:45:12,S1/C2/S1_C2_E94_V0097.mp4,True,True
S1_C2_E94_V0098,S1,C2,V0098,E94,20.5,30.0,1920x1080,2023-09-07 22:45:36,S1/C2/S1_C2_E94_V0098.mp4,True,True
S1_C2_E94_V0099,S1,C2,V0099,E94,20.5,30.0,1920x1080,2023-09-07 22:46:04,S1/C2/S1_C2_E94_V0099.mp4,True,True
S1_C2_E94_V0100,S1,C2,V0100,E94,20.5,30.0,1920x1080,2023-09-07 22:46:28,S1/C2/S1_C2_E94_V0100.mp4,True,True
S1_C2_E94_V0101,S1,C2,V0101,E94,20.5,30.0,1920x1080,2023-09-07 22:46:54,S1/C2/S1_C2_E94_V0101.mp4,True,True
S1_C2_E94_V0102,S1,C2,V0102,E94,20.5,30.0,1920x1080,2023-09-07 22:47:20,S1/C2/S1_C2_E94_V0102.mp4,True,True
S1_C2_E94_V0103,S1,C2,V0103,E94,20.5,30.0,1920x1080,2023-09-07 22:47:44,S1/C2/S1_C2_E94_V0103.mp4,True,True
S1_C2_E94_V0104,S1,C2,V0104,E94,20.5,30.0,1920x1080,2023-09-07 22:48:04,S1/C2/S1_C2_E94_V0104.mp4,True,True
S1_C2_E94_V0105,S1,C2,V0105,E94,20.5,30.0,1920x1080,2023-09-07 22:49:18,S1/C2/S1_C2_E94_V0105.mp4,True,True
S1_C2_E94_V0106,S1,C2,V0106,E94,20.5,30.0,1920x1080,2023-09-07 22:49:41,S1/C2/S1_C2_E94_V0106.mp4,True,True
S1_C2_E94_V0107,S1,C2,V0107,E94,20.5,30.0,1920x1080,2023-09-07 22:50:00,S1/C2/S1_C2_E94_V0107.mp4,True,True
S1_C2_E94_V0108,S1,C2,V0108,E94,20.5,30.0,1920x1080,2023-09-07 22:50:32,S1/C2/S1_C2_E94_V0108.mp4,True,True
S1_C2_E94_V0109,S1,C2,V0109,E94,20.5,30.0,1920x1080,2023-09-07 22:50:55,S1/C2/S1_C2_E94_V0109.mp4,True,True
S1_C2_E94_V0110,S1,C2,V0110,E94,20.5,30.0,1920x1080,2023-09-07 22:51:20,S1/C2/S1_C2_E94_V0110.mp4,True,True
S1_C2_E94_V0111,S1,C2,V0111,E94,20.5,30.0,1920x1080,2023-09-07 22:51:44,S1/C2/S1_C2_E94_V0111.mp4,True,True
S1_C2_E94_V0112,S1,C2,V0112,E94,20.5,30.0,1920x1080,2023-09-07 22:52:04,S1/C2/S1_C2_E94_V0112.mp4,True,True
S1_C2_E94_V0113,S1,C2,V0113,E94,20.5,30.0,1920x1080,2023-09-07 22:52:28,S1/C2/S1_C2_E94_V0113.mp4,True,True
S1_C2_E99_V0114,S1,C2,V0114,E99,20.5,30.0,1920x1080,2023-09-09 01:15:38,S1/C2/S1_C2_E99_V0114.mp4,True,True
S1_C2_E99_V0115,S1,C2,V0115,E99,20.5,30.0,1920x1080,2023-09-09 01:17:12,S1/C2/S1_C2_E99_V0115.mp4,True,True
S1_C2_E99_V0116,S1,C2,V0116,E99,20.5,30.0,1920x1080,2023-09-09 01:17:36,S1/C2/S1_C2_E99_V0116.mp4,True,True
S1_C2_E99_V0117,S1,C2,V0117,E99,20.5,30.0,1920x1080,2023-09-09 01:17:59,S1/C2/S1_C2_E99_V0117.mp4,True,True
S1_C3_E136_V0056,S1,C3,V0056,E136,20.5,30.0,1920x1080,2023-09-13 19:47:24,S1/C3/S1_C3_E136_V0056.mp4,True,True
S1_C3_E140_V0057,S1,C3,V0057,E140,120.5,30.0,1920x1080,2023-09-14 14:40:44,S1/C3/S1_C3_E140_V0057.mp4,False,True
S1_C3_E140_V0058,S1,C3,V0058,E140,120.5,30.0,1920x1080,2023-09-14 14:43:58,S1/C3/S1_C3_E140_V0058.mp4,False,True
S1_C3_E144_V0060,S1,C3,V0060,E144,20.5,30.0,1920x1080,2023-09-14 20:42:50,S1/C3/S1_C3_E144_V0060.mp4,True,True
S1_C3_E145_V0061,S1,C3,V0061,E145,20.5,30.0,1920x1080,2023-09-15 05:20:54,S1/C3/S1_C3_E145_V0061.mp4,True,True
S1_C3_E151_V0065,S1,C3,V0065,E151,20.5,30.0,1920x1080,2023-09-15 21:57:02,S1/C3/S1_C3_E151_V0065.mp4,True,True
S1_C3_E154_V0066,S1,C3,V0066,E154,20.5,30.0,1920x1080,2023-09-16 03:38:56,S1/C3/S1_C3_E154_V0066.mp4,True,True
S1_C3_E169_V0075,S1,C3,V0075,E169,120.5,30.0,1920x1080,2023-09-17 19:44:14,S1/C3/S1_C3_E169_V0075.mp4,True,True
S1_C3_E190_V0079,S1,C3,V0079,E190,120.5,30.0,1920x1080,2023-09-20 17:18:46,S1/C3/S1_C3_E190_V0079.mp4,True,True
S1_C3_E191_V0080,S1,C3,V0080,E191,20.5,30.0,1920x1080,2023-09-20 22:22:26,S1/C3/S1_C3_E191_V0080.mp4,True,True
S1_C3_E192_V0081,S1,C3,V0081,E192,120.5,30.0,1920x1080,2023-09-21 07:04:48,S1/C3/S1_C3_E192_V0081.mp4,True,False
S1_C3_E198_V0082,S1,C3,V0082,E198,20.5,30.0,1920x1080,2023-09-22 03:30:12,S1/C3/S1_C3_E198_V0082.mp4,True,True
S1_C3_E200_V0084,S1,C3,V0084,E200,20.5,30.0,1920x1080,2023-09-22 20:17:52,S1/C3/S1_C3_E200_V0084.mp4,True,True
S1_C3_E219_V0088,S1,C3,V0088,E219,20.5,30.0,1920x1080,2023-09-26 19:30:10,S1/C3/S1_C3_E219_V0088.mp4,True,True
S1_C3_E224_V0089,S1,C3,V0089,E224,20.5,30.0,1920x1080,2023-09-29 04:52:10,S1/C3/S1_C3_E224_V0089.mp4,True,True
S1_C3_E228_V0090,S1,C3,V0090,E228,120.5,30.0,1920x1080,2023-09-29 14:25:10,S1/C3/S1_C3_E228_V0090.mp4,False,True
S1_C3_E237_V0092,S1,C3,V0092,E237,20.5,30.0,1920x1080,2023-09-30 19:57:26,S1/C3/S1_C3_E237_V0092.mp4,True,True
S1_C3_E243_V0093,S1,C3,V0093,E243,20.5,30.0,1920x1080,2023-10-02 22:52:02,S1/C3/S1_C3_E243_V0093.mp4,True,True
S1_C3_E27_V0016,S1,C3,V0016,E27,20.5,30.0,1920x1080,2023-08-27 03:15:52,S1/C3/S1_C3_E27_V0016.mp4,True,True
S1_C3_E27_V0017,S1,C3,V0017,E27,20.5,30.0,1920x1080,2023-08-27 03:16:30,S1/C3/S1_C3_E27_V0017.mp4,True,True
S1_C3_E36_V0018,S1,C3,V0018,E36,120.5,30.0,1920x1080,2023-08-29 11:45:52,S1/C3/S1_C3_E36_V0018.mp4,True,True
S1_C3_E37_V0019,S1,C3,V0019,E37,120.5,30.0,1920x1080,2023-08-29 16:06:08,S1/C3/S1_C3_E37_V0019.mp4,True,True
S1_C3_E61_V0029,S1,C3,V0029,E61,20.5,30.0,1920x1080,2023-09-02 20:12:06,S1/C3/S1_C3_E61_V0029.mp4,True,True
S1_C3_E67_V0030,S1,C3,V0030,E67,20.5,30.0,1920x1080,2023-09-04 03:28:44,S1/C3/S1_C3_E67_V0030.mp4,True,True
S1_C3_E67_V0031,S1,C3,V0031,E67,20.5,30.0,1920x1080,2023-09-04 03:29:08,S1/C3/S1_C3_E67_V0031.mp4,True,True
S1_C3_E67_V0032,S1,C3,V0032,E67,20.5,30.0,1920x1080,2023-09-04 03:29:28,S1/C3/S1_C3_E67_V0032.mp4,True,True
S1_C3_E67_V0033,S1,C3,V0033,E67,20.5,30.0,1920x1080,2023-09-04 03:30:00,S1/C3/S1_C3_E67_V0033.mp4,True,True
S1_C3_E84_V0038,S1,C3,V0038,E84,20.5,30.0,1920x1080,2023-09-05 20:56:00,S1/C3/S1_C3_E84_V0038.mp4,True,True
S2_C1_E260_V0017,S2,C1,V0017,E260,20.5,30.0,1920x1080,2023-08-26 03:37:22,S2/C1/S2_C1_E260_V0017.mp4,True,True
S2_C1_E260_V0018,S2,C1,V0018,E260,20.5,30.0,1920x1080,2023-08-26 03:37:44,S2/C1/S2_C1_E260_V0018.mp4,True,True
S2_C1_E260_V0019,S2,C1,V0019,E260,20.5,30.0,1920x1080,2023-08-26 03:38:34,S2/C1/S2_C1_E260_V0019.mp4,True,True
S2_C1_E260_V0020,S2,C1,V0020,E260,20.5,30.0,1920x1080,2023-08-26 03:38:56,S2/C1/S2_C1_E260_V0020.mp4,True,True
S2_C1_E260_V0021,S2,C1,V0021,E260,20.5,30.0,1920x1080,2023-08-26 03:40:02,S2/C1/S2_C1_E260_V0021.mp4,True,True
S2_C1_E260_V0022,S2,C1,V0022,E260,20.5,30.0,1920x1080,2023-08-26 03:40:24,S2/C1/S2_C1_E260_V0022.mp4,True,True
S2_C1_E263_V0023,S2,C1,V0023,E263,120.5,30.0,1920x1080,2023-08-26 12:30:44,S2/C1/S2_C1_E263_V0023.mp4,True,True
S2_C1_E264_V0024,S2,C1,V0024,E264,120.5,30.0,1920x1080,2023-08-26 14:47:42,S2/C1/S2_C1_E264_V0024.mp4,True,True
S2_C1_E265_V0025,S2,C1,V0025,E265,20.5,30.0,1920x1080,2023-08-26 21:10:20,S2/C1/S2_C1_E265_V0025.mp4,True,True
S2_C1_E265_V0026,S2,C1,V0026,E265,20.5,30.0,1920x1080,2023-08-26 21:10:42,S2/C1/S2_C1_E265_V0026.mp4,True,True
S2_C1_E265_V0027,S2,C1,V0027,E265,20.5,30.0,1920x1080,2023-08-26 21:11:06,S2/C1/S2_C1_E265_V0027.mp4,True,True
S2_C1_E265_V0028,S2,C1,V0028,E265,20.5,30.0,1920x1080,2023-08-26 21:12:00,S2/C1/S2_C1_E265_V0028.mp4,True,True
S2_C1_E265_V0029,S2,C1,V0029,E265,20.5,30.0,1920x1080,2023-08-26 21:12:56,S2/C1/S2_C1_E265_V0029.mp4,True,True
S2_C1_E265_V0030,S2,C1,V0030,E265,20.5,30.0,1920x1080,2023-08-26 21:15:02,S2/C1/S2_C1_E265_V0030.mp4,True,True
S2_C1_E270_V0031,S2,C1,V0031,E270,20.5,30.0,1920x1080,2023-08-28 20:05:30,S2/C1/S2_C1_E270_V0031.mp4,True,True
S2_C1_E270_V0032,S2,C1,V0032,E270,20.5,30.0,1920x1080,2023-08-28 20:07:22,S2/C1/S2_C1_E270_V0032.mp4,True,True
S2_C1_E274_V0033,S2,C1,V0033,E274,120.5,30.0,1920x1080,2023-08-29 08:46:08,S2/C1/S2_C1_E274_V0033.mp4,True,True
S2_C1_E276_V0035,S2,C1,V0035,E276,20.5,30.0,1920x1080,2023-08-30 03:59:18,S2/C1/S2_C1_E276_V0035.mp4,True,True
S2_C1_E280_V0036,S2,C1,V0036,E280,120.5,30.0,1920x1080,2023-08-30 17:13:08,S2/C1/S2_C1_E280_V0036.mp4,True,False
S2_C1_E280_V0037,S2,C1,V0037,E280,120.5,30.0,1920x1080,2023-08-30 17:16:32,S2/C1/S2_C1_E280_V0037.mp4,True,False
S2_C1_E281_V0038,S2,C1,V0038,E281,120.5,30.0,1920x1080,2023-08-30 18:46:10,S2/C1/S2_C1_E281_V0038.mp4,True,True
S2_C1_E284_V0039,S2,C1,V0039,E284,20.5,30.0,1920x1080,2023-09-01 05:00:28,S2/C1/S2_C1_E284_V0039.mp4,True,True
S2_C1_E284_V0040,S2,C1,V0040,E284,20.5,30.0,1920x1080,2023-09-01 05:01:10,S2/C1/S2_C1_E284_V0040.mp4,True,True
S2_C1_E285_V0041,S2,C1,V0041,E285,120.5,30.0,1920x1080,2023-09-01 08:19:18,S2/C1/S2_C1_E285_V0041.mp4,True,True
S2_C1_E290_V0042,S2,C1,V0042,E290,20.5,30.0,1920x1080,2023-09-02 21:39:30,S2/C1/S2_C1_E290_V0042.mp4,True,True
S2_C1_E291_V0043,S2,C1,V0043,E291,20.5,30.0,1920x1080,2023-09-03 01:00:14,S2/C1/S2_C1_E291_V0043.mp4,True,True
S2_C1_E292_V0044,S2,C1,V0044,E292,20.5,30.0,1920x1080,2023-09-03 01:43:26,S2/C1/S2_C1_E292_V0044.mp4,True,True
S2_C1_E292_V0045,S2,C1,V0045,E292,20.5,30.0,1920x1080,2023-09-03 01:44:04,S2/C1/S2_C1_E292_V0045.mp4,True,True
S2_C1_E293_V0046,S2,C1,V0046,E293,20.5,30.0,1920x1080,2023-09-03 02:11:18,S2/C1/S2_C1_E293_V0046.mp4,True,True
S2_C1_E300_V0047,S2,C1,V0047,E300,20.5,30.0,1920x1080,2023-09-05 00:36:52,S2/C1/S2_C1_E300_V0047.mp4,True,True
S2_C1_E300_V0048,S2,C1,V0048,E300,20.5,30.0,1920x1080,2023-09-05 00:37:14,S2/C1/S2_C1_E300_V0048.mp4,True,True
S2_C1_E301_V0049,S2,C1,V0049,E301,120.5,30.0,1920x1080,2023-09-05 06:57:48,S2/C1/S2_C1_E301_V0049.mp4,True,True
S2_C1_E304_V0050,S2,C1,V0050,E304,120.5,30.0,1920x1080,2023-09-05 10:20:44,S2/C1/S2_C1_E304_V0050.mp4,True,True
S2_C1_E305_V0051,S2,C1,V0051,E305,120.5,30.0,1920x1080,2023-09-05 11:28:12,S2/C1/S2_C1_E305_V0051.mp4,True,True
S2_C1_E306_V0052,S2,C1,V0052,E306,120.5,30.0,1920x1080,2023-09-05 19:56:04,S2/C1/S2_C1_E306_V0052.mp4,True,True
S2_C1_E306_V0053,S2,C1,V0053,E306,20.5,30.0,1920x1080,2023-09-05 20:03:48,S2/C1/S2_C1_E306_V0053.mp4,True,True
S2_C1_E307_V0054,S2,C1,V0054,E307,20.5,30.0,1920x1080,2023-09-06 03:24:10,S2/C1/S2_C1_E307_V0054.mp4,True,True
S2_C1_E307_V0055,S2,C1,V0055,E307,20.5,30.0,1920x1080,2023-09-06 03:24:32,S2/C1/S2_C1_E307_V0055.mp4,True,True
S2_C1_E308_V0056,S2,C1,V0056,E308,20.5,30.0,1920x1080,2023-09-06 06:12:40,S2/C1/S2_C1_E308_V0056.mp4,True,True
S2_C1_E308_V0057,S2,C1,V0057,E308,20.5,30.0,1920x1080,2023-09-06 06:13:22,S2/C1/S2_C1_E308_V0057.mp4,True,True
S2_C1_E308_V0058,S2,C1,V0058,E308,20.5,30.0,1920x1080,2023-09-06 06:14:22,S2/C1/S2_C1_E308_V0058.mp4,True,True
S2_C1_E308_V0059,S2,C1,V0059,E308,20.5,30.0,1920x1080,2023-09-06 06:14:48,S2/C1/S2_C1_E308_V0059.mp4,True,True
S2_C1_E308_V0060,S2,C1,V0060,E308,20.5,30.0,1920x1080,2023-09-06 06:15:11,S2/C1/S2_C1_E308_V0060.mp4,True,True
S2_C1_E312_V0062,S2,C1,V0062,E312,120.5,30.0,1920x1080,2023-09-07 08:04:08,S2/C1/S2_C1_E312_V0062.mp4,True,True
S2_C1_E321_V0067,S2,C1,V0067,E321,120.5,30.0,1920x1080,2023-09-08 13:55:58,S2/C1/S2_C1_E321_V0067.mp4,False,True
S2_C1_E322_V0068,S2,C1,V0068,E322,120.5,30.0,1920x1080,2023-09-08 14:15:48,S2/C1/S2_C1_E322_V0068.mp4,False,True
S2_C1_E322_V0069,S2,C1,V0069,E322,120.5,30.0,1920x1080,2023-09-08 14:20:44,S2/C1/S2_C1_E322_V0069.mp4,False,True
S2_C1_E322_V0070,S2,C1,V0070,E322,120.5,30.0,1920x1080,2023-09-08 14:23:32,S2/C1/S2_C1_E322_V0070.mp4,False,True
S2_C1_E322_V0071,S2,C1,V0071,E322,120.5,30.0,1920x1080,2023-09-08 14:27:40,S2/C1/S2_C1_E322_V0071.mp4,False,True
S2_C1_E323_V0072,S2,C1,V0072,E323,20.5,30.0,1920x1080,2023-09-09 00:56:56,S2/C1/S2_C1_E323_V0072.mp4,True,True
S2_C1_E323_V0073,S2,C1,V0073,E323,20.5,30.0,1920x1080,2023-09-09 00:57:28,S2/C1/S2_C1_E323_V0073.mp4,True,True
S2_C1_E323_V0074,S2,C1,V0074,E323,20.5,30.0,1920x1080,2023-09-09 00:57:52,S2/C1/S2_C1_E323_V0074.mp4,True,True
S2_C1_E332_V0076,S2,C1,V0076,E332,120.5,30.0,1920x1080,2023-09-11 19:00:56,S2/C1/S2_C1_E332_V0076.mp4,True,True
S2_C1_E334_V0077,S2,C1,V0077,E334,20.5,30.0,1920x1080,2023-09-14 02:11:14,S2/C1/S2_C1_E334_V0077.mp4,True,True
S2_C1_E339_V0079,S2,C1,V0079,E339,20.5,30.0,1920x1080,2023-09-17 06:40:48,S2/C1/S2_C1_E339_V0079.mp4,True,True
S2_C1_E339_V0080,S2,C1,V0080,E339,20.5,30.0,1920x1080,2023-09-17 06:41:14,S2/C1/S2_C1_E339_V0080.mp4,True,True
S2_C1_E339_V0081,S2,C1,V0081,E339,20.5,30.0,1920x1080,2023-09-17 06:44:18,S2/C1/S2_C1_E339_V0081.mp4,True,True
S2_C1_E341_V0082,S2,C1,V0082,E341,20.5,30.0,1920x1080,2023-09-18 23:31:08,S2/C1/S2_C1_E341_V0082.mp4,True,True
S2_C1_E343_V0083,S2,C1,V0083,E343,20.5,30.0,1920x1080,2023-09-19 19:53:58,S2/C1/S2_C1_E343_V0083.mp4,True,True
S2_C1_E347_V0084,S2,C1,V0084,E347,20.5,30.0,1920x1080,2023-09-20 22:47:32,S2/C1/S2_C1_E347_V0084.mp4,True,True
S2_C1_E349_V0085,S2,C1,V0085,E349,20.5,30.0,1920x1080,2023-09-21 19:20:04,S2/C1/S2_C1_E349_V0085.mp4,True,True
S2_C1_E350_V0086,S2,C1,V0086,E350,20.5,30.0,1920x1080,2023-09-22 00:23:00,S2/C1/S2_C1_E350_V0086.mp4,True,True
S2_C1_E353_V0087,S2,C1,V0087,E353,20.5,30.0,1920x1080,2023-09-24 04:46:06,S2/C1/S2_C1_E353_V0087.mp4,True,True
S2_C1_E353_V0088,S2,C1,V0088,E353,20.5,30.0,1920x1080,2023-09-24 04:46:34,S2/C1/S2_C1_E353_V0088.mp4,True,True
S2_C1_E353_V0089,S2,C1,V0089,E353,20.5,30.0,1920x1080,2023-09-24 04:49:52,S2/C1/S2_C1_E353_V0089.mp4,True,True
S2_C1_E353_V0090,S2,C1,V0090,E353,20.5,30.0,1920x1080,2023-09-24 04:50:28,S2/C1/S2_C1_E353_V0090.mp4,True,True
S2_C1_E357_V0091,S2,C1,V0091,E357,20.5,30.0,1920x1080,2023-09-24 19:37:10,S2/C1/S2_C1_E357_V0091.mp4,True,True
S2_C1_E357_V0092,S2,C1,V0092,E357,20.5,30.0,1920x1080,2023-09-24 19:37:36,S2/C1/S2_C1_E357_V0092.mp4,True,True
S2_C1_E357_V0093,S2,C1,V0093,E357,20.5,30.0,1920x1080,2023-09-24 19:38:00,S2/C1/S2_C1_E357_V0093.mp4,True,True
S2_C1_E358_V0094,S2,C1,V0094,E358,20.5,30.0,1920x1080,2023-09-24 20:03:46,S2/C1/S2_C1_E358_V0094.mp4,True,True
S2_C1_E359_V0095,S2,C1,V0095,E359,20.5,30.0,1920x1080,2023-09-24 22:48:30,S2/C1/S2_C1_E359_V0095.mp4,True,True
S2_C1_E360_V0096,S2,C1,V0096,E360,20.5,30.0,1920x1080,2023-09-25 01:33:58,S2/C1/S2_C1_E360_V0096.mp4,True,True
S2_C1_E361_V0097,S2,C1,V0097,E361,20.5,30.0,1920x1080,2023-09-25 02:09:24,S2/C1/S2_C1_E361_V0097.mp4,True,True
S2_C1_E363_V0098,S2,C1,V0098,E363,20.5,30.0,1920x1080,2023-09-26 01:09:14,S2/C1/S2_C1_E363_V0098.mp4,True,True
S2_C1_E365_V0100,S2,C1,V0100,E365,120.5,30.0,1920x1080,2023-09-27 13:54:38,S2/C1/S2_C1_E365_V0100.mp4,True,True
S2_C1_E366_V0101,S2,C1,V0101,E366,20.5,30.0,1920x1080,2023-09-27 20:38:58,S2/C1/S2_C1_E366_V0101.mp4,True,True
S2_C1_E367_V0102,S2,C1,V0102,E367,20.5,30.0,1920x1080,2023-09-27 21:10:58,S2/C1/S2_C1_E367_V0102.mp4,True,True
S2_C1_E368_V0103,S2,C1,V0103,E368,20.5,30.0,1920x1080,2023-09-27 23:23:28,S2/C1/S2_C1_E368_V0103.mp4,True,True
S2_C1_E369_V0104,S2,C1,V0104,E369,20.5,30.0,1920x1080,2023-09-28 00:09:24,S2/C1/S2_C1_E369_V0104.mp4,True,True
S2_C1_E371_V0105,S2,C1,V0105,E371,20.5,30.0,1920x1080,2023-09-28 01:31:32,S2/C1/S2_C1_E371_V0105.mp4,True,True
S2_C1_E375_V0106,S2,C1,V0106,E375,20.5,30.0,1920x1080,2023-09-28 20:33:16,S2/C1/S2_C1_E375_V0106.mp4,True,True
S2_C1_E376_V0107,S2,C1,V0107,E376,20.5,30.0,1920x1080,2023-09-28 20:40:16,S2/C1/S2_C1_E376_V0107.mp4,True,True
S2_C1_E377_V0108,S2,C1,V0108,E377,20.5,30.0,1920x1080,2023-09-29 03:18:18,S2/C1/S2_C1_E377_V0108.mp4,True,True
S2_C1_E378_V0109,S2,C1,V0109,E378,120.5,30.0,1920x1080,2023-09-29 08:45:44,S2/C1/S2_C1_E378_V0109.mp4,True,True
S2_C1_E384_V0110,S2,C1,V0110,E384,20.5,30.0,1920x1080,2023-10-01 20:49:46,S2/C1/S2_C1_E384_V0110.mp4,True,True
S2_C1_E387_V0112,S2,C1,V0112,E387,20.5,30.0,1920x1080,2023-10-02 03:12:46,S2/C1/S2_C1_E387_V0112.mp4,True,True
S2_C1_E388_V0113,S2,C1,V0113,E388,20.5,30.0,1920x1080,2023-10-02 19:49:58,S2/C1/S2_C1_E388_V0113.mp4,True,True
S2_C1_E390_V0114,S2,C1,V0114,E390,20.5,30.0,1920x1080,2023-10-03 05:33:26,S2/C1/S2_C1_E390_V0114.mp4,True,True
S2_C1_E393_V0116,S2,C1,V0116,E393,120.5,30.0,1920x1080,2023-10-03 18:20:23,S2/C1/S2_C1_E393_V0116.mp4,True,True
S2_C1_E394_V0117,S2,C1,V0117,E394,20.5,30.0,1920x1080,2023-10-04 00:35:34,S2/C1/S2_C1_E394_V0117.mp4,True,True
S2_C2_E260_V0018,S2,C2,V0018,E260,20.5,30.0,1920x1080,2023-08-26 03:36:51,S2/C2/S2_C2_E260_V0018.mp4,True,True
S2_C2_E260_V0019,S2,C2,V0019,E260,20.5,30.0,1920x1080,2023-08-26 03:37:12,S2/C2/S2_C2_E260_V0019.mp4,True,True
S2_C2_E260_V0020,S2,C2,V0020,E260,20.5,30.0,1920x1080,2023-08-26 03:38:23,S2/C2/S2_C2_E260_V0020.mp4,True,True
S2_C2_E263_V0023,S2,C2,V0023,E263,120.5,30.0,1920x1080,2023-08-26 12:30:18,S2/C2/S2_C2_E263_V0023.mp4,True,True
S2_C2_E265_V0024,S2,C2,V0024,E265,20.5,30.0,1920x1080,2023-08-26 21:11:38,S2/C2/S2_C2_E265_V0024.mp4,True,True
S2_C2_E265_V0025,S2,C2,V0025,E265,20.5,30.0,1920x1080,2023-08-26 21:14:34,S2/C2/S2_C2_E265_V0025.mp4,True,True
S2_C2_E270_V0027,S2,C2,V0027,E270,20.5,30.0,1920x1080,2023-08-28 20:04:36,S2/C2/S2_C2_E270_V0027.mp4,True,True
S2_C2_E270_V0028,S2,C2,V0028,E270,20.5,30.0,1920x1080,2023-08-28 20:05:02,S2/C2/S2_C2_E270_V0028.mp4,True,True
S2_C2_E270_V0029,S2,C2,V0029,E270,20.5,30.0,1920x1080,2023-08-28 20:05:28,S2/C2/S2_C2_E270_V0029.mp4,True,True
S2_C2_E270_V0030,S2,C2,V0030,E270,20.5,30.0,1920x1080,2023-08-28 20:06:10,S2/C2/S2_C2_E270_V0030.mp4,True,True
S2_C2_E270_V0031,S2,C2,V0031,E270,20.5,30.0,1920x1080,2023-08-28 20:06:30,S2/C2/S2_C2_E270_V0031.mp4,True,True
S2_C2_E280_V0033,S2,C2,V0033,E280,120.5,30.0,1920x1080,2023-08-30 17:04:54,S2/C2/S2_C2_E280_V0033.mp4,True,False
S2_C2_E280_V0034,S2,C2,V0034,E280,120.5,30.0,1920x1080,2023-08-30 17:07:50,S2/C2/S2_C2_E280_V0034.mp4,True,False
S2_C2_E280_V0035,S2,C2,V0035,E280,120.5,30.0,1920x1080,2023-08-30 17:09:52,S2/C2/S2_C2_E280_V0035.mp4,True,False
S2_C2_E280_V0036,S2,C2,V0036,E280,120.5,30.0,1920x1080,2023-08-30 17:12:42,S2/C2/S2_C2_E280_V0036.mp4,True,False
S2_C2_E280_V0037,S2,C2,V0037,E280,120.5,30.0,1920x1080,2023-08-30 17:16:00,S2/C2/S2_C2_E280_V0037.mp4,True,False
S2_C2_E281_V0038,S2,C2,V0038,E281,120.5,30.0,1920x1080,2023-08-30 18:46:14,S2/C2/S2_C2_E281_V0038.mp4,True,True
S2_C2_E284_V0040,S2,C2,V0040,E284,20.5,30.0,1920x1080,2023-09-01 05:00:38,S2/C2/S2_C2_E284_V0040.mp4,True,True
S2_C2_E290_V0042,S2,C2,V0042,E290,20.5,30.0,1920x1080,2023-09-02 21:38:48,S2/C2/S2_C2_E290_V0042.mp4,True,True
S2_C2_E291_V0043,S2,C2,V0043,E291,20.5,30.0,1920x1080,2023-09-03 00:59:34,S2/C2/S2_C2_E291_V0043.mp4,True,True
S2_C2_E292_V0044,S2,C2,V0044,E292,20.5,30.0,1920x1080,2023-09-03 01:42:58,S2/C2/S2_C2_E292_V0044.mp4,True,True
S2_C2_E292_V0045,S2,C2,V0045,E292,20.5,30.0,1920x1080,2023-09-03 01:43:28,S2/C2/S2_C2_E292_V0045.mp4,True,True
S2_C2_E293_V0046,S2,C2,V0046,E293,20.5,30.0,1920x1080,2023-09-03 02:10:48,S2/C2/S2_C2_E293_V0046.mp4,True,True
S2_C2_E297_V0048,S2,C2,V0048,E297,120.5,30.0,1920x1080,2023-09-03 14:01:40,S2/C2/S2_C2_E297_V0048.mp4,False,True
S2_C2_E300_V0050,S2,C2,V0050,E300,20.5,30.0,1920x1080,2023-09-05 00:36:24,S2/C2/S2_C2_E300_V0050.mp4,True,True
S2_C2_E300_V0051,S2,C2,V0051,E300,20.5,30.0,1920x1080,2023-09-05 00:36:44,S2/C2/S2_C2_E300_V0051.mp4,True,True
S2_C2_E301_V0052,S2,C2,V0052,E301,120.5,30.0,1920x1080,2023-09-05 06:57:20,S2/C2/S2_C2_E301_V0052.mp4,True,True
S2_C2_E304_V0055,S2,C2,V0055,E304,120.5,30.0,1920x1080,2023-09-05 10:20:14,S2/C2/S2_C2_E304_V0055.mp4,True,True
S2_C2_E305_V0056,S2,C2,V0056,E305,120.5,30.0,1920x1080,2023-09-05 11:27:46,S2/C2/S2_C2_E305_V0056.mp4,True,True
S2_C2_E306_V0057,S2,C2,V0057,E306,120.5,30.0,1920x1080,2023-09-05 19:55:40,S2/C2/S2_C2_E306_V0057.mp4,True,True
S2_C2_E306_V0058,S2,C2,V0058,E306,20.5,30.0,1920x1080,2023-09-05 20:03:22,S2/C2/S2_C2_E306_V0058.mp4,True,True
S2_C2_E307_V0059,S2,C2,V0059,E307,20.5,30.0,1920x1080,2023-09-06 03:23:38,S2/C2/S2_C2_E307_V0059.mp4,True,True
S2_C2_E307_V0060,S2,C2,V0060,E307,20.5,30.0,1920x1080,2023-09-06 03:24:00,S2/C2/S2_C2_E307_V0060.mp4,True,True
S2_C2_E308_V0061,S2,C2,V0061,E308,20.5,30.0,1920x1080,2023-09-06 06:12:54,S2/C2/S2_C2_E308_V0061.mp4,True,True
S2_C2_E308_V0062,S2,C2,V0062,E308,20.5,30.0,1920x1080,2023-09-06 06:14:40,S2/C2/S2_C2_E308_V0062.mp4,True,True
S2_C2_E312_V0064,S2,C2,V0064,E312,120.5,30.0,1920x1080,2023-09-07 08:03:38,S2/C2/S2_C2_E312_V0064.mp4,True,True
S2_C2_E313_V0065,S2,C2,V0065,E313,120.5,30.0,1920x1080,2023-09-07 08:35:24,S2/C2/S2_C2_E313_V0065.mp4,True,True
S2_C2_E323_V0071,S2,C2,V0071,E323,20.5,30.0,1920x1080,2023-09-09 00:56:12,S2/C2/S2_C2_E323_V0071.mp4,True,True
S2_C2_E323_V0072,S2,C2,V0072,E323,20.5,30.0,1920x1080,2023-09-09 00:56:42,S2/C2/S2_C2_E323_V0072.mp4,True,True
S2_C2_E323_V0073,S2,C2,V0073,E323,20.5,30.0,1920x1080,2023-09-09 00:57:08,S2/C2/S2_C2_E323_V0073.mp4,True,True
S2_C2_E330_V0077,S2,C2,V0077,E330,120.5,30.0,1920x1080,2023-09-11 11:13:00,S2/C2/S2_C2_E330_V0077.mp4,True,True
S2_C2_E332_V0079,S2,C2,V0079,E332,120.5,30.0,1920x1080,2023-09-11 19:00:48,S2/C2/S2_C2_E332_V0079.mp4,True,True
S2_C2_E334_V0080,S2,C2,V0080,E334,20.5,30.0,1920x1080,2023-09-14 02:11:16,S2/C2/S2_C2_E334_V0080.mp4,True,True
S2_C2_E336_V0081,S2,C2,V0081,E336,120.5,30.0,1920x1080,2023-09-14 18:33:10,S2/C2/S2_C2_E336_V0081.mp4,True,True
S2_C2_E339_V0083,S2,C2,V0083,E339,20.5,30.0,1920x1080,2023-09-17 06:40:22,S2/C2/S2_C2_E339_V0083.mp4,True,True
S2_C2_E339_V0084,S2,C2,V0084,E339,20.5,30.0,1920x1080,2023-09-17 06:40:46,S2/C2/S2_C2_E339_V0084.mp4,True,True
S2_C2_E339_V0085,S2,C2,V0085,E339,20.5,30.0,1920x1080,2023-09-17 06:43:50,S2/C2/S2_C2_E339_V0085.mp4,True,True
S2_C2_E341_V0086,S2,C2,V0086,E341,20.5,30.0,1920x1080,2023-09-18 23:30:56,S2/C2/S2_C2_E341_V0086.mp4,True,True
S2_C2_E343_V0087,S2,C2,V0087,E343,20.5,30.0,1920x1080,2023-09-19 19:53:46,S2/C2/S2_C2_E343_V0087.mp4,True,True
S2_C2_E344_V0088,S2,C2,V0088,E344,20.5,30.0,1920x1080,2023-09-19 20:39:02,S2/C2/S2_C2_E344_V0088.mp4,True,True
S2_C2_E344_V0089,S2,C2,V0089,E344,20.5,30.0,1920x1080,2023-09-19 20:39:32,S2/C2/S2_C2_E344_V0089.mp4,True,True
S2_C2_E347_V0092,S2,C2,V0092,E347,20.5,30.0,1920x1080,2023-09-20 22:47:06,S2/C2/S2_C2_E347_V0092.mp4,True,True
S2_C2_E349_V0094,S2,C2,V0094,E349,20.5,30.0,1920x1080,2023-09-21 19:19:36,S2/C2/S2_C2_E349_V0094.mp4,True,True
S2_C2_E350_V0095,S2,C2,V0095,E350,20.5,30.0,1920x1080,2023-09-22 00:22:42,S2/C2/S2_C2_E350_V0095.mp4,True,True
S2_C2_E350_V0096,S2,C2,V0096,E350,20.5,30.0,1920x1080,2023-09-22 00:23:02,S2/C2/S2_C2_E350_V0096.mp4,True,True
S2_C2_E351_V0097,S2,C2,V0097,E351,20.5,30.0,1920x1080,2023-09-22 22:04:08,S2/C2/S2_C2_E351_V0097.mp4,True,True
S2_C2_E351_V0098,S2,C2,V0098,E351,20.5,30.0,1920x1080,2023-09-22 22:04:32,S2/C2/S2_C2_E351_V0098.mp4,True,True
S2_C2_E351_V0099,S2,C2,V0099,E351,20.5,30.0,1920x1080,2023-09-22 22:04:52,S2/C2/S2_C2_E351_V0099.mp4,True,True
S2_C2_E358_V0105,S2,C2,V0105,E358,20.5,30.0,1920x1080,2023-09-24 20:03:20,S2/C2/S2_C2_E358_V0105.mp4,True,True
S2_C2_E359_V0106,S2,C2,V0106,E359,20.5,30.0,1920x1080,2023-09-24 22:48:26,S2/C2/S2_C2_E359_V0106.mp4,True,True
S2_C2_E363_V0107,S2,C2,V0107,E363,20.5,30.0,1920x1080,2023-09-26 01:08:38,S2/C2/S2_C2_E363_V0107.mp4,True,True
S2_C2_E365_V0109,S2,C2,V0109,E365,120.5,30.0,1920x1080,2023-09-27 13:51:46,S2/C2/S2_C2_E365_V0109.mp4,True,True
S2_C2_E365_V0110,S2,C2,V0110,E365,120.5,30.0,1920x1080,2023-09-27 13:53:56,S2/C2/S2_C2_E365_V0110.mp4,True,True
S2_C2_E366_V0111,S2,C2,V0111,E366,20.5,30.0,1920x1080,2023-09-27 20:38:36,S2/C2/S2_C2_E366_V0111.mp4,True,True
S2_C2_E367_V0112,S2,C2,V0112,E367,20.5,30.0,1920x1080,2023-09-27 21:10:24,S2/C2/S2_C2_E367_V0112.mp4,True,True
S2_C2_E368_V0113,S2,C2,V0113,E368,20.5,30.0,1920x1080,2023-09-27 23:23:10,S2/C2/S2_C2_E368_V0113.mp4,True,True
S2_C2_E369_V0114,S2,C2,V0114,E369,20.5,30.0,1920x1080,2023-09-28 00:09:00,S2/C2/S2_C2_E369_V0114.mp4,True,True
S2_C2_E370_V0115,S2,C2,V0115,E370,20.5,30.0,1920x1080,2023-09-28 01:22:18,S2/C2/S2_C2_E370_V0115.mp4,True,True
S2_C2_E371_V0116,S2,C2,V0116,E371,20.5,30.0,1920x1080,2023-09-28 01:32:20,S2/C2/S2_C2_E371_V0116.mp4,True,True
S2_C2_E375_V0118,S2,C2,V0118,E375,20.5,30.0,1920x1080,2023-09-28 20:32:50,S2/C2/S2_C2_E375_V0118.mp4,True,True
S2_C2_E376_V0119,S2,C2,V0119,E376,20.5,30.0,1920x1080,2023-09-28 20:39:52,S2/C2/S2_C2_E376_V0119.mp4,True,True
S2_C2_E377_V0120,S2,C2,V0120,E377,20.5,30.0,1920x1080,2023-09-29 03:17:40,S2/C2/S2_C2_E377_V0120.mp4,True,True
S2_C2_E378_V0121,S2,C2,V0121,E378,120.5,30.0,1920x1080,2023-09-29 08:45:20,S2/C2/S2_C2_E378_V0121.mp4,True,True
S2_C2_E384_V0127,S2,C2,V0127,E384,20.5,30.0,1920x1080,2023-10-01 20:49:12,S2/C2/S2_C2_E384_V0127.mp4,True,True
S2_C2_E387_V0129,S2,C2,V0129,E387,20.5,30.0,1920x1080,2023-10-02 03:12:26,S2/C2/S2_C2_E387_V0129.mp4,True,True
S2_C2_E388_V0130,S2,C2,V0130,E388,20.5,30.0,1920x1080,2023-10-02 19:49:43,S2/C2/S2_C2_E388_V0130.mp4,True,True
S2_C2_E389_V0131,S2,C2,V0131,E389,20.5,30.0,1920x1080,2023-10-03 01:57:30,S2/C2/S2_C2_E389_V0131.mp4,True,True
S2_C2_E390_V0132,S2,C2,V0132,E390,20.5,30.0,1920x1080,2023-10-03 05:32:46,S2/C2/S2_C2_E390_V0132.mp4,True,True
S2_C2_E393_V0134,S2,C2,V0134,E393,120.5,30.0,1920x1080,2023-10-03 18:20:00,S2/C2/S2_C2_E393_V0134.mp4,True,True
S2_C2_E394_V0135,S2,C2,V0135,E394,20.5,30.0,1920x1080,2023-10-04 00:35:10,S2/C2/S2_C2_E394_V0135.mp4,True,True
S2_C3_E263_V0018,S2,C3,V0018,E263,120.5,30.0,1920x1080,2023-08-26 12:30:46,S2/C3/S2_C3_E263_V0018.mp4,True,True
S2_C3_E264_V0019,S2,C3,V0019,E264,120.5,30.0,1920x1080,2023-08-26 14:47:42,S2/C3/S2_C3_E264_V0019.mp4,True,True
S2_C3_E265_V0020,S2,C3,V0020,E265,20.5,30.0,1920x1080,2023-08-26 21:13:24,S2/C3/S2_C3_E265_V0020.mp4,True,True
S2_C3_E265_V0021,S2,C3,V0021,E265,20.5,30.0,1920x1080,2023-08-26 21:15:02,S2/C3/S2_C3_E265_V0021.mp4,True,True
S2_C3_E265_V0022,S2,C3,V0022,E265,20.5,30.0,1920x1080,2023-08-26 21:15:26,S2/C3/S2_C3_E265_V0022.mp4,True,True
S2_C3_E266_V0023,S2,C3,V0023,E266,20.5,30.0,1920x1080,2023-08-27 02:26:14,S2/C3/S2_C3_E266_V0023.mp4,True,True
S2_C3_E268_V0025,S2,C3,V0025,E268,20.5,30.0,1920x1080,2023-08-28 06:09:30,S2/C3/S2_C3_E268_V0025.mp4,True,True
S2_C3_E270_V0026,S2,C3,V0026,E270,20.5,30.0,1920x1080,2023-08-28 20:02:18,S2/C3/S2_C3_E270_V0026.mp4,True,True
S2_C3_E270_V0027,S2,C3,V0027,E270,20.5,30.0,1920x1080,2023-08-28 20:04:14,S2/C3/S2_C3_E270_V0027.mp4,True,True
S2_C3_E270_V0028,S2,C3,V0028,E270,20.5,30.0,1920x1080,2023-08-28 20:04:46,S2/C3/S2_C3_E270_V0028.mp4,True,True
S2_C3_E270_V0029,S2,C3,V0029,E270,20.5,30.0,1920x1080,2023-08-28 20:05:10,S2/C3/S2_C3_E270_V0029.mp4,True,True
S2_C3_E270_V0030,S2,C3,V0030,E270,20.5,30.0,1920x1080,2023-08-28 20:05:32,S2/C3/S2_C3_E270_V0030.mp4,True,True
S2_C3_E270_V0031,S2,C3,V0031,E270,20.5,30.0,1920x1080,2023-08-28 20:06:50,S2/C3/S2_C3_E270_V0031.mp4,True,True
S2_C3_E270_V0032,S2,C3,V0032,E270,20.5,30.0,1920x1080,2023-08-28 20:07:42,S2/C3/S2_C3_E270_V0032.mp4,True,True
S2_C3_E277_V0038,S2,C3,V0038,E277,20.5,30.0,1920x1080,2023-08-30 06:46:14,S2/C3/S2_C3_E277_V0038.mp4,True,True
S2_C3_E280_V0040,S2,C3,V0040,E280,120.5,30.0,1920x1080,2023-08-30 17:00:12,S2/C3/S2_C3_E280_V0040.mp4,True,False
S2_C3_E280_V0041,S2,C3,V0041,E280,120.5,30.0,1920x1080,2023-08-30 17:04:36,S2/C3/S2_C3_E280_V0041.mp4,True,False
S2_C3_E280_V0042,S2,C3,V0042,E280,120.5,30.0,1920x1080,2023-08-30 17:06:36,S2/C3/S2_C3_E280_V0042.mp4,True,False
S2_C3_E280_V0043,S2,C3,V0043,E280,120.5,30.0,1920x1080,2023-08-30 17:08:44,S2/C3/S2_C3_E280_V0043.mp4,True,False
S2_C3_E280_V0044,S2,C3,V0044,E280,120.5,30.0,1920x1080,2023-08-30 17:11:10,S2/C3/S2_C3_E280_V0044.mp4,True,False
S2_C3_E280_V0045,S2,C3,V0045,E280,120.5,30.0,1920x1080,2023-08-30 17:13:12,S2/C3/S2_C3_E280_V0045.mp4,True,False
S2_C3_E280_V0046,S2,C3,V0046,E280,120.5,30.0,1920x1080,2023-08-30 17:15:56,S2/C3/S2_C3_E280_V0046.mp4,True,False
S2_C3_E281_V0047,S2,C3,V0047,E281,120.5,30.0,1920x1080,2023-08-30 18:46:36,S2/C3/S2_C3_E281_V0047.mp4,True,True
S2_C3_E284_V0049,S2,C3,V0049,E284,20.5,30.0,1920x1080,2023-09-01 05:00:30,S2/C3/S2_C3_E284_V0049.mp4,True,True
S2_C3_E284_V0050,S2,C3,V0050,E284,20.5,30.0,1920x1080,2023-09-01 05:00:56,S2/C3/S2_C3_E284_V0050.mp4,True,True
S2_C3_E285_V0051,S2,C3,V0051,E285,120.5,30.0,1920x1080,2023-09-01 08:19:24,S2/C3/S2_C3_E285_V0051.mp4,True,True
S2_C3_E288_V0054,S2,C3,V0054,E288,20.5,30.0,1920x1080,2023-09-02 06:33:30,S2/C3/S2_C3_E288_V0054.mp4,True,True
S2_C3_E288_V0055,S2,C3,V0055,E288,20.5,30.0,1920x1080,2023-09-02 06:33:50,S2/C3/S2_C3_E288_V0055.mp4,True,True
S2_C3_E290_V0057,S2,C3,V0057,E290,20.5,30.0,1920x1080,2023-09-02 21:38:54,S2/C3/S2_C3_E290_V0057.mp4,True,True
S2_C3_E290_V0058,S2,C3,V0058,E290,20.5,30.0,1920x1080,2023-09-02 21:39:14,S2/C3/S2_C3_E290_V0058.mp4,True,True
S2_C3_E291_V0059,S2,C3,V0059,E291,20.5,30.0,1920x1080,2023-09-03 00:59:56,S2/C3/S2_C3_E291_V0059.mp4,True,True
S2_C3_E292_V0060,S2,C3,V0060,E292,20.5,30.0,1920x1080,2023-09-03 01:43:24,S2/C3/S2_C3_E292_V0060.mp4,True,True
S2_C3_E292_V0061,S2,C3,V0061,E292,20.5,30.0,1920x1080,2023-09-03 01:43:52,S2/C3/S2_C3_E292_V0061.mp4,True,True
S2_C3_E293_V0062,S2,C3,V0062,E293,20.5,30.0,1920x1080,2023-09-03 02:11:12,S2/C3/S2_C3_E293_V0062.mp4,True,True
S2_C3_E300_V0067,S2,C3,V0067,E300,20.5,30.0,1920x1080,2023-09-05 00:36:52,S2/C3/S2_C3_E300_V0067.mp4,True,True
S2_C3_E300_V0068,S2,C3,V0068,E300,20.5,30.0,1920x1080,2023-09-05 00:37:14,S2/C3/S2_C3_E300_V0068.mp4,True,True
S2_C3_E301_V0069,S2,C3,V0069,E301,120.5,30.0,1920x1080,2023-09-05 06:57:32,S2/C3/S2_C3_E301_V0069.mp4,True,True
S2_C3_E304_V0070,S2,C3,V0070,E304,120.5,30.0,1920x1080,2023-09-05 10:20:40,S2/C3/S2_C3_E304_V0070.mp4,True,True
S2_C3_E305_V0071,S2,C3,V0071,E305,120.5,30.0,1920x1080,2023-09-05 11:28:08,S2/C3/S2_C3_E305_V0071.mp4,True,True
S2_C3_E306_V0072,S2,C3,V0072,E306,20.5,30.0,1920x1080,2023-09-05 19:54:26,S2/C3/S2_C3_E306_V0072.mp4,True,True
S2_C3_E306_V0073,S2,C3,V0073,E306,20.5,30.0,1920x1080,2023-09-05 19:55:24,S2/C3/S2_C3_E306_V0073.mp4,True,True
S2_C3_E306_V0074,S2,C3,V0074,E306,20.5,30.0,1920x1080,2023-09-05 20:02:08,S2/C3/S2_C3_E306_V0074.mp4,True,True
S2_C3_E306_V0075,S2,C3,V0075,E306,20.5,30.0,1920x1080,2023-09-05 20:03:24,S2/C3/S2_C3_E306_V0075.mp4,True,True
S2_C3_E307_V0076,S2,C3,V0076,E307,20.5,30.0,1920x1080,2023-09-06 03:23:54,S2/C3/S2_C3_E307_V0076.mp4,True,True
S2_C3_E307_V0077,S2,C3,V0077,E307,20.5,30.0,1920x1080,2023-09-06 03:24:17,S2/C3/S2_C3_E307_V0077.mp4,True,True
S2_C3_E308_V0078,S2,C3,V0078,E308,20.5,30.0,1920x1080,2023-09-06 06:13:20,S2/C3/S2_C3_E308_V0078.mp4,True,True
S2_C3_E308_V0079,S2,C3,V0079,E308,20.5,30.0,1920x1080,2023-09-06 06:13:48,S2/C3/S2_C3_E308_V0079.mp4,True,True
S2_C3_E308_V0080,S2,C3,V0080,E308,20.5,30.0,1920x1080,2023-09-06 06:14:18,S2/C3/S2_C3_E308_V0080.mp4,True,True
S2_C3_E308_V0081,S2,C3,V0081,E308,20.5,30.0,1920x1080,2023-09-06 06:14:54,S2/C3/S2_C3_E308_V0081.mp4,True,True
S2_C3_E308_V0082,S2,C3,V0082,E308,20.5,30.0,1920x1080,2023-09-06 06:20:12,S2/C3/S2_C3_E308_V0082.mp4,True,True
S2_C3_E308_V0083,S2,C3,V0083,E308,20.5,30.0,1920x1080,2023-09-06 06:21:06,S2/C3/S2_C3_E308_V0083.mp4,True,True
S2_C3_E311_V0084,S2,C3,V0084,E311,20.5,30.0,1920x1080,2023-09-07 05:21:44,S2/C3/S2_C3_E311_V0084.mp4,True,True
S2_C3_E312_V0085,S2,C3,V0085,E312,120.5,30.0,1920x1080,2023-09-07 08:04:02,S2/C3/S2_C3_E312_V0085.mp4,True,True
S2_C3_E313_V0086,S2,C3,V0086,E313,120.5,30.0,1920x1080,2023-09-07 08:35:50,S2/C3/S2_C3_E313_V0086.mp4,True,True
S2_C3_E319_V0089,S2,C3,V0089,E319,20.5,30.0,1920x1080,2023-09-08 04:33:36,S2/C3/S2_C3_E319_V0089.mp4,True,True
S2_C3_E323_V0090,S2,C3,V0090,E323,20.5,30.0,1920x1080,2023-09-09 00:56:36,S2/C3/S2_C3_E323_V0090.mp4,True,True
S2_C3_E323_V0091,S2,C3,V0091,E323,20.5,30.0,1920x1080,2023-09-09 00:57:28,S2/C3/S2_C3_E323_V0091.mp4,True,True
S2_C3_E324_V0092,S2,C3,V0092,E324,20.5,30.0,1920x1080,2023-09-10 00:54:12,S2/C3/S2_C3_E324_V0092.mp4,True,True
S2_C3_E327_V0095,S2,C3,V0095,E327,20.5,30.0,1920x1080,2023-09-10 21:23:28,S2/C3/S2_C3_E327_V0095.mp4,True,True
S2_C3_E330_V0096,S2,C3,V0096,E330,120.5,30.0,1920x1080,2023-09-11 11:13:24,S2/C3/S2_C3_E330_V0096.mp4,True,True
S2_C3_E332_V0097,S2,C3,V0097,E332,120.5,30.0,1920x1080,2023-09-11 19:01:12,S2/C3/S2_C3_E332_V0097.mp4,True,True
S2_C3_E333_V0098,S2,C3,V0098,E333,120.5,30.0,1920x1080,2023-09-13 12:58:09,S2/C3/S2_C3_E333_V0098.mp4,True,True
S2_C3_E334_V0099,S2,C3,V0099,E334,20.5,30.0,1920x1080,2023-09-14 02:11:16,S2/C3/S2_C3_E334_V0099.mp4,True,True
S2_C3_E334_V0100,S2,C3,V0100,E334,20.5,30.0,1920x1080,2023-09-14 02:11:40,S2/C3/S2_C3_E334_V0100.mp4,True,True
S2_C3_E339_V0102,S2,C3,V0102,E339,20.5,30.0,1920x1080,2023-09-17 06:40:50,S2/C3/S2_C3_E339_V0102.mp4,True,True
S2_C3_E339_V0103,S2,C3,V0103,E339,20.5,30.0,1920x1080,2023-09-17 06:44:10,S2/C3/S2_C3_E339_V0103.mp4,True,True
S2_C3_E340_V0104,S2,C3,V0104,E340,20.5,30.0,1920x1080,2023-09-18 01:22:48,S2/C3/S2_C3_E340_V0104.mp4,True,True
S2_C3_E341_V0105,S2,C3,V0105,E341,20.5,30.0,1920x1080,2023-09-18 23:31:12,S2/C3/S2_C3_E341_V0105.mp4,True,True
S2_C3_E343_V0107,S2,C3,V0107,E343,20.5,30.0,1920x1080,2023-09-19 19:53:58,S2/C3/S2_C3_E343_V0107.mp4,True,True
S2_C3_E344_V0108,S2,C3,V0108,E344,20.5,30.0,1920x1080,2023-09-19 20:39:29,S2/C3/S2_C3_E344_V0108.mp4,True,True
S2_C3_E344_V0109,S2,C3,V0109,E344,20.5,30.0,1920x1080,2023-09-19 20:39:52,S2/C3/S2_C3_E344_V0109.mp4,True,True
S2_C3_E347_V0110,S2,C3,V0110,E347,20.5,30.0,1920x1080,2023-09-20 22:47:28,S2/C3/S2_C3_E347_V0110.mp4,True,True
S2_C3_E349_V0111,S2,C3,V0111,E349,20.5,30.0,1920x1080,2023-09-21 19:19:58,S2/C3/S2_C3_E349_V0111.mp4,True,True
S2_C3_E350_V0112,S2,C3,V0112,E350,20.5,30.0,1920x1080,2023-09-22 00:22:58,S2/C3/S2_C3_E350_V0112.mp4,True,True
S2_C3_E350_V0113,S2,C3,V0113,E350,20.5,30.0,1920x1080,2023-09-22 00:23:22,S2/C3/S2_C3_E350_V0113.mp4,True,True
S2_C3_E362_V0114,S2,C3,V0114,E362,20.5,30.0,1920x1080,2023-09-25 19:39:38,S2/C3/S2_C3_E362_V0114.mp4,True,True
S2_C3_E365_V0115,S2,C3,V0115,E365,120.5,30.0,1920x1080,2023-09-27 13:51:52,S2/C3/S2_C3_E365_V0115.mp4,True,True
S2_C3_E365_V0116,S2,C3,V0116,E365,120.5,30.0,1920x1080,2023-09-27 13:53:54,S2/C3/S2_C3_E365_V0116.mp4,True,True
S2_C3_E366_V0117,S2,C3,V0117,E366,20.5,30.0,1920x1080,2023-09-27 20:38:52,S2/C3/S2_C3_E366_V0117.mp4,True,True
S2_C3_E367_V0118,S2,C3,V0118,E367,20.5,30.0,1920x1080,2023-09-27 21:10:40,S2/C3/S2_C3_E367_V0118.mp4,True,True
S2_C3_E371_V0119,S2,C3,V0119,E371,20.5,30.0,1920x1080,2023-09-28 01:32:34,S2/C3/S2_C3_E371_V0119.mp4,True,True
S2_C3_E374_V0121,S2,C3,V0121,E374,20.5,30.0,1920x1080,2023-09-28 19:53:32,S2/C3/S2_C3_E374_V0121.mp4,True,True
S2_C3_E374_V0122,S2,C3,V0122,E374,20.5,30.0,1920x1080,2023-09-28 19:53:56,S2/C3/S2_C3_E374_V0122.mp4,True,True
S2_C3_E375_V0123,S2,C3,V0123,E375,20.5,30.0,1920x1080,2023-09-28 20:33:08,S2/C3/S2_C3_E375_V0123.mp4,True,True
S2_C3_E376_V0124,S2,C3,V0124,E376,20.5,30.0,1920x1080,2023-09-28 20:39:54,S2/C3/S2_C3_E376_V0124.mp4,True,True
S2_C3_E384_V0125,S2,C3,V0125,E384,20.5,30.0,1920x1080,2023-10-01 20:49:24,S2/C3/S2_C3_E384_V0125.mp4,True,True
S2_C3_E385_V0126,S2,C3,V0126,E385,20.5,30.0,1920x1080,2023-10-01 22:35:26,S2/C3/S2_C3_E385_V0126.mp4,True,True
S2_C3_E388_V0127,S2,C3,V0127,E388,20.5,30.0,1920x1080,2023-10-02 19:49:30,S2/C3/S2_C3_E388_V0127.mp4,True,True
S2_C3_E393_V0129,S2,C3,V0129,E393,120.5,30.0,1920x1080,2023-10-03 18:20:16,S2/C3/S2_C3_E393_V0129.mp4,True,True
S2_C3_E394_V0130,S2,C3,V0130,E394,20.5,30.0,1920x1080,2023-10-04 00:35:27,S2/C3/S2_C3_E394_V0130.mp4,True,True
S2_C3_E394_V0131,S2,C3,V0131,E394,20.5,30.0,1920x1080,2023-10-04 00:37:36,S2/C3/S2_C3_E394_V0131.mp4,True,True
S3_C1_E407_V0159,S3,C1,V0159,E407,20.5,30.0,1920x1080,2023-08-24 00:46:58,S3/C1/S3_C1_E407_V0159.mp4,True,True
S3_C1_E418_V0234,S3,C1,V0234,E418,20.5,30.0,1920x1080,2023-08-25 01:26:46,S3/C1/S3_C1_E418_V0234.mp4,True,True
S3_C1_E418_V0235,S3,C1,V0235,E418,20.5,30.0,1920x1080,2023-08-25 01:27:08,S3/C1/S3_C1_E418_V0235.mp4,True,True
S3_C1_E419_V0236,S3,C1,V0236,E419,20.5,30.0,1920x1080,2023-08-25 03:02:14,S3/C1/S3_C1_E419_V0236.mp4,True,True
S3_C1_E419_V0237,S3,C1,V0237,E419,20.5,30.0,1920x1080,2023-08-25 03:04:00,S3/C1/S3_C1_E419_V0237.mp4,True,True
S3_C1_E429_V0335,S3,C1,V0335,E429,60.5,30.0,1920x1080,2023-08-25 15:46:40,S3/C1/S3_C1_E429_V0335.mp4,False,True
S3_C1_E429_V0336,S3,C1,V0336,E429,60.5,30.0,1920x1080,2023-08-25 15:49:28,S3/C1/S3_C1_E429_V0336.mp4,False,True
S3_C1_E429_V0337,S3,C1,V0337,E429,60.5,30.0,1920x1080,2023-08-25 15:50:32,S3/C1/S3_C1_E429_V0337.mp4,False,True
S3_C1_E429_V0338,S3,C1,V0338,E429,60.5,30.0,1920x1080,2023-08-25 15:52:06,S3/C1/S3_C1_E429_V0338.mp4,False,True
S3_C1_E429_V0339,S3,C1,V0339,E429,60.5,30.0,1920x1080,2023-08-25 15:55:58,S3/C1/S3_C1_E429_V0339.mp4,False,True
S3_C1_E429_V0340,S3,C1,V0340,E429,60.5,30.0,1920x1080,2023-08-25 15:58:08,S3/C1/S3_C1_E429_V0340.mp4,False,True
S3_C1_E429_V0341,S3,C1,V0341,E429,60.5,30.0,1920x1080,2023-08-25 15:59:22,S3/C1/S3_C1_E429_V0341.mp4,False,True
S3_C1_E429_V0342,S3,C1,V0342,E429,60.5,30.0,1920x1080,2023-08-25 16:02:02,S3/C1/S3_C1_E429_V0342.mp4,False,True
S3_C1_E429_V0343,S3,C1,V0343,E429,60.5,30.0,1920x1080,2023-08-25 16:05:14,S3/C1/S3_C1_E429_V0343.mp4,False,True
S3_C1_E429_V0344,S3,C1,V0344,E429,60.5,30.0,1920x1080,2023-08-25 16:06:18,S3/C1/S3_C1_E429_V0344.mp4,False,True
S3_C1_E437_V0355,S3,C1,V0355,E437,20.5,30.0,1920x1080,2023-08-26 00:39:18,S3/C1/S3_C1_E437_V0355.mp4,True,True
S3_C1_E437_V0356,S3,C1,V0356,E437,20.5,30.0,1920x1080,2023-08-26 00:41:54,S3/C1/S3_C1_E437_V0356.mp4,True,True
S3_C1_E460_V0544,S3,C1,V0544,E460,13.5,30.0,1920x1080,2023-08-28 21:30:38,S3/C1/S3_C1_E460_V0544.mp4,True,True
S3_C1_E460_V0545,S3,C1,V0545,E460,8.0,30.0,1920x1080,2023-08-28 21:31:46,S3/C1/S3_C1_E460_V0545.mp4,True,True
S3_C1_E462_V0546,S3,C1,V0546,E462,6.0,30.0,1920x1080,2023-08-29 01:27:52,S3/C1/S3_C1_E462_V0546.mp4,True,True
S3_C2_E407_V0022,S3,C2,V0022,E407,20.5,30.0,1920x1080,2023-08-24 00:46:48,S3/C2/S3_C2_E407_V0022.mp4,True,True
S3_C2_E413_V0024,S3,C2,V0024,E413,120.5,30.0,1920x1080,2023-08-24 15:33:54,S3/C2/S3_C2_E413_V0024.mp4,False,True
S3_C2_E418_V0030,S3,C2,V0030,E418,20.5,30.0,1920x1080,2023-08-25 01:27:46,S3/C2/S3_C2_E418_V0030.mp4,True,True
S3_C2_E418_V0031,S3,C2,V0031,E418,20.5,30.0,1920x1080,2023-08-25 01:29:34,S3/C2/S3_C2_E418_V0031.mp4,True,True
S3_C2_E419_V0032,S3,C2,V0032,E419,20.5,30.0,1920x1080,2023-08-25 03:04:04,S3/C2/S3_C2_E419_V0032.mp4,True,True
S3_C2_E419_V0033,S3,C2,V0033,E419,20.5,30.0,1920x1080,2023-08-25 03:05:18,S3/C2/S3_C2_E419_V0033.mp4,True,True
S3_C2_E419_V0034,S3,C2,V0034,E419,20.5,30.0,1920x1080,2023-08-25 03:05:38,S3/C2/S3_C2_E419_V0034.mp4,True,True
S3_C2_E419_V0035,S3,C2,V0035,E419,20.5,30.0,1920x1080,2023-08-25 03:06:00,S3/C2/S3_C2_E419_V0035.mp4,True,True
S3_C2_E419_V0036,S3,C2,V0036,E419,20.5,30.0,1920x1080,2023-08-25 03:06:26,S3/C2/S3_C2_E419_V0036.mp4,True,True
S3_C2_E419_V0037,S3,C2,V0037,E419,20.5,30.0,1920x1080,2023-08-25 03:06:49,S3/C2/S3_C2_E419_V0037.mp4,True,True
S3_C2_E419_V0038,S3,C2,V0038,E419,20.5,30.0,1920x1080,2023-08-25 03:07:08,S3/C2/S3_C2_E419_V0038.mp4,True,True
S3_C2_E419_V0039,S3,C2,V0039,E419,20.5,30.0,1920x1080,2023-08-25 03:07:30,S3/C2/S3_C2_E419_V0039.mp4,True,True
S3_C2_E437_V0047,S3,C2,V0047,E437,20.5,30.0,1920x1080,2023-08-26 00:38:50,S3/C2/S3_C2_E437_V0047.mp4,True,True
S3_C2_E437_V0048,S3,C2,V0048,E437,20.5,30.0,1920x1080,2023-08-26 00:39:14,S3/C2/S3_C2_E437_V0048.mp4,True,True
S3_C2_E437_V0049,S3,C2,V0049,E437,20.5,30.0,1920x1080,2023-08-26 00:41:20,S3/C2/S3_C2_E437_V0049.mp4,True,True
S3_C2_E444_V0052,S3,C2,V0052,E444,20.5,30.0,1920x1080,2023-08-27 00:53:06,S3/C2/S3_C2_E444_V0052.mp4,True,False
S3_C2_E444_V0053,S3,C2,V0053,E444,20.5,30.0,1920x1080,2023-08-27 00:53:28,S3/C2/S3_C2_E444_V0053.mp4,True,False
S3_C2_E444_V0054,S3,C2,V0054,E444,20.5,30.0,1920x1080,2023-08-27 00:53:52,S3/C2/S3_C2_E444_V0054.mp4,True,False
S3_C2_E444_V0055,S3,C2,V0055,E444,20.5,30.0,1920x1080,2023-08-27 00:54:34,S3/C2/S3_C2_E444_V0055.mp4,True,False
S3_C2_E444_V0056,S3,C2,V0056,E444,20.5,30.0,1920x1080,2023-08-27 01:02:42,S3/C2/S3_C2_E444_V0056.mp4,True,False
S3_C2_E453_V0057,S3,C2,V0057,E453,20.5,30.0,1920x1080,2023-08-27 05:55:46,S3/C2/S3_C2_E453_V0057.mp4,True,True
S3_C2_E453_V0058,S3,C2,V0058,E453,20.5,30.0,1920x1080,2023-08-27 05:56:09,S3/C2/S3_C2_E453_V0058.mp4,True,True
S3_C2_E454_V0059,S3,C2,V0059,E454,20.5,30.0,1920x1080,2023-08-27 20:40:14,S3/C2/S3_C2_E454_V0059.mp4,True,True
S3_C2_E454_V0060,S3,C2,V0060,E454,20.5,30.0,1920x1080,2023-08-27 20:40:54,S3/C2/S3_C2_E454_V0060.mp4,True,True
S3_C2_E455_V0061,S3,C2,V0061,E455,20.5,30.0,1920x1080,2023-08-27 23:00:46,S3/C2/S3_C2_E455_V0061.mp4,True,True
S3_C2_E455_V0062,S3,C2,V0062,E455,20.5,30.0,1920x1080,2023-08-27 23:02:36,S3/C2/S3_C2_E455_V0062.mp4,True,True
S3_C2_E460_V0063,S3,C2,V0063,E460,20.5,30.0,1920x1080,2023-08-28 21:30:18,S3/C2/S3_C2_E460_V0063.mp4,True,True
S3_C2_E460_V0064,S3,C2,V0064,E460,20.5,30.0,1920x1080,2023-08-28 21:30:52,S3/C2/S3_C2_E460_V0064.mp4,True,True
S3_C2_E460_V0065,S3,C2,V0065,E460,20.5,30.0,1920x1080,2023-08-28 21:31:36,S3/C2/S3_C2_E460_V0065.mp4,True,True
S3_C2_E460_V0066,S3,C2,V0066,E460,20.5,30.0,1920x1080,2023-08-28 21:32:20,S3/C2/S3_C2_E460_V0066.mp4,True,True
S3_C2_E462_V0067,S3,C2,V0067,E462,20.5,30.0,1920x1080,2023-08-29 01:27:30,S3/C2/S3_C2_E462_V0067.mp4,True,True
S3_C2_E462_V0068,S3,C2,V0068,E462,20.5,30.0,1920x1080,2023-08-29 01:28:02,S3/C2/S3_C2_E462_V0068.mp4,True,True
S3_C2_E465_V0069,S3,C2,V0069,E465,20.5,30.0,1920x1080,2023-08-29 22:09:06,S3/C2/S3_C2_E465_V0069.mp4,True,True
S3_C2_E466_V0070,S3,C2,V0070,E466,60.5,30.0,1920x1080,2023-08-30 07:09:52,S3/C2/S3_C2_E466_V0070.mp4,True,True
S3_C2_E476_V0071,S3,C2,V0071,E476,20.5,30.0,1920x1080,2023-08-30 23:33:04,S3/C2/S3_C2_E476_V0071.mp4,True,True
S3_C2_E476_V0072,S3,C2,V0072,E476,20.5,30.0,1920x1080,2023-08-30 23:35:12,S3/C2/S3_C2_E476_V0072.mp4,True,True
S3_C2_E476_V0073,S3,C2,V0073,E476,20.5,30.0,1920x1080,2023-08-30 23:37:12,S3/C2/S3_C2_E476_V0073.mp4,True,True
S3_C2_E476_V0074,S3,C2,V0074,E476,20.5,30.0,1920x1080,2023-08-30 23:37:38,S3/C2/S3_C2_E476_V0074.mp4,True,True
S3_C2_E476_V0075,S3,C2,V0075,E476,20.5,30.0,1920x1080,2023-08-30 23:38:01,S3/C2/S3_C2_E476_V0075.mp4,True,True
S3_C2_E476_V0076,S3,C2,V0076,E476,20.5,30.0,1920x1080,2023-08-30 23:38:34,S3/C2/S3_C2_E476_V0076.mp4,True,True
S3_C2_E491_V0077,S3,C2,V0077,E491,60.5,30.0,1920x1080,2023-09-01 11:43:02,S3/C2/S3_C2_E491_V0077.mp4,False,True
S3_C2_E493_V0078,S3,C2,V0078,E493,60.5,30.0,1920x1080,2023-09-01 12:30:16,S3/C2/S3_C2_E493_V0078.mp4,False,True
S3_C2_E495_V0080,S3,C2,V0080,E495,60.5,30.0,1920x1080,2023-09-01 12:57:26,S3/C2/S3_C2_E495_V0080.mp4,False,True
S3_C2_E500_V0081,S3,C2,V0081,E500,60.5,30.0,1920x1080,2023-09-01 15:32:32,S3/C2/S3_C2_E500_V0081.mp4,False,True
S3_C2_E501_V0082,S3,C2,V0082,E501,20.5,30.0,1920x1080,2023-09-02 05:24:54,S3/C2/S3_C2_E501_V0082.mp4,True,True
S3_C2_E501_V0083,S3,C2,V0083,E501,20.5,30.0,1920x1080,2023-09-02 05:25:42,S3/C2/S3_C2_E501_V0083.mp4,True,True
S3_C2_E509_V0084,S3,C2,V0084,E509,60.5,30.0,1920x1080,2023-09-02 12:58:08,S3/C2/S3_C2_E509_V0084.mp4,False,True
S3_C2_E515_V0086,S3,C2,V0086,E515,60.5,30.0,1920x1080,2023-09-02 18:29:12,S3/C2/S3_C2_E515_V0086.mp4,True,True
S3_C2_E524_V0087,S3,C2,V0087,E524,20.5,30.0,1920x1080,2023-09-03 23:18:28,S3/C2/S3_C2_E524_V0087.mp4,True,True
S3_C2_E524_V0088,S3,C2,V0088,E524,20.5,30.0,1920x1080,2023-09-03 23:21:48,S3/C2/S3_C2_E524_V0088.mp4,True,True
S3_C2_E525_V0089,S3,C2,V0089,E525,20.5,30.0,1920x1080,2023-09-04 03:01:08,S3/C2/S3_C2_E525_V0089.mp4,True,True
S3_C2_E525_V0090,S3,C2,V0090,E525,20.5,30.0,1920x1080,2023-09-04 03:02:38,S3/C2/S3_C2_E525_V0090.mp4,True,True
S3_C2_E525_V0091,S3,C2,V0091,E525,20.5,30.0,1920x1080,2023-09-04 03:03:00,S3/C2/S3_C2_E525_V0091.mp4,True,True
S3_C2_E536_V0092,S3,C2,V0092,E536,60.5,30.0,1920x1080,2023-09-04 13:17:52,S3/C2/S3_C2_E536_V0092.mp4,False,True
S3_C2_E545_V0093,S3,C2,V0093,E545,20.5,30.0,1920x1080,2023-09-04 21:19:16,S3/C2/S3_C2_E545_V0093.mp4,True,True
S3_C2_E545_V0094,S3,C2,V0094,E545,20.5,30.0,1920x1080,2023-09-04 21:19:58,S3/C2/S3_C2_E545_V0094.mp4,True,True
S3_C2_E545_V0095,S3,C2,V0095,E545,20.5,30.0,1920x1080,2023-09-04 21:23:10,S3/C2/S3_C2_E545_V0095.mp4,True,True
S3_C2_E545_V0096,S3,C2,V0096,E545,20.5,30.0,1920x1080,2023-09-04 21:24:56,S3/C2/S3_C2_E545_V0096.mp4,True,True
S3_C2_E545_V0097,S3,C2,V0097,E545,20.5,30.0,1920x1080,2023-09-04 21:26:36,S3/C2/S3_C2_E545_V0097.mp4,True,True
S3_C2_E545_V0098,S3,C2,V0098,E545,20.5,30.0,1920x1080,2023-09-04 21:28:40,S3/C2/S3_C2_E545_V0098.mp4,True,True
S3_C2_E546_V0099,S3,C2,V0099,E546,20.5,30.0,1920x1080,2023-09-05 06:04:20,S3/C2/S3_C2_E546_V0099.mp4,True,True
S3_C2_E554_V0100,S3,C2,V0100,E554,60.5,30.0,1920x1080,2023-09-05 13:37:26,S3/C2/S3_C2_E554_V0100.mp4,False,True
S3_C2_E561_V0101,S3,C2,V0101,E561,20.5,30.0,1920x1080,2023-09-06 02:18:08,S3/C2/S3_C2_E561_V0101.mp4,True,True
S3_C2_E561_V0102,S3,C2,V0102,E561,20.5,30.0,1920x1080,2023-09-06 02:18:42,S3/C2/S3_C2_E561_V0102.mp4,True,True
S3_C2_E569_V0103,S3,C2,V0103,E569,60.5,30.0,1920x1080,2023-09-06 12:30:20,S3/C2/S3_C2_E569_V0103.mp4,False,True
S3_C2_E581_V0106,S3,C2,V0106,E581,20.5,30.0,1920x1080,2023-09-07 02:22:24,S3/C2/S3_C2_E581_V0106.mp4,True,True
S3_C2_E581_V0107,S3,C2,V0107,E581,20.5,30.0,1920x1080,2023-09-07 02:22:54,S3/C2/S3_C2_E581_V0107.mp4,True,True
S3_C2_E581_V0108,S3,C2,V0108,E581,20.5,30.0,1920x1080,2023-09-07 02:23:14,S3/C2/S3_C2_E581_V0108.mp4,True,True
S3_C2_E581_V0109,S3,C2,V0109,E581,20.5,30.0,1920x1080,2023-09-07 02:23:40,S3/C2/S3_C2_E581_V0109.mp4,True,True
S3_C2_E581_V0110,S3,C2,V0110,E581,20.5,30.0,1920x1080,2023-09-07 02:25:02,S3/C2/S3_C2_E581_V0110.mp4,True,True
S3_C2_E582_V0111,S3,C2,V0111,E582,20.5,30.0,1920x1080,2023-09-07 02:38:42,S3/C2/S3_C2_E582_V0111.mp4,True,True
S3_C2_E582_V0112,S3,C2,V0112,E582,20.5,30.0,1920x1080,2023-09-07 02:39:10,S3/C2/S3_C2_E582_V0112.mp4,True,True
S3_C2_E582_V0113,S3,C2,V0113,E582,20.5,30.0,1920x1080,2023-09-07 02:39:58,S3/C2/S3_C2_E582_V0113.mp4,True,True
S3_C2_E593_V0114,S3,C2,V0114,E593,60.5,30.0,1920x1080,2023-09-07 14:45:10,S3/C2/S3_C2_E593_V0114.mp4,False,True
S3_C2_E597_V0116,S3,C2,V0116,E597,20.5,30.0,1920x1080,2023-09-07 20:49:50,S3/C2/S3_C2_E597_V0116.mp4,True,True
S3_C2_E597_V0117,S3,C2,V0117,E597,20.5,30.0,1920x1080,2023-09-07 20:51:22,S3/C2/S3_C2_E597_V0117.mp4,True,True
S3_C2_E607_V0118,S3,C2,V0118,E607,60.5,30.0,1920x1080,2023-09-08 13:37:00,S3/C2/S3_C2_E607_V0118.mp4,False,True
S3_C2_E607_V0119,S3,C2,V0119,E607,60.5,30.0,1920x1080,2023-09-08 13:38:02,S3/C2/S3_C2_E607_V0119.mp4,False,True
S3_C2_E607_V0120,S3,C2,V0120,E607,60.5,30.0,1920x1080,2023-09-08 13:43:26,S3/C2/S3_C2_E607_V0120.mp4,False,True
S3_C2_E608_V0121,S3,C2,V0121,E608,60.5,30.0,1920x1080,2023-09-08 13:53:38,S3/C2/S3_C2_E608_V0121.mp4,False,True
S3_C2_E614_V0123,S3,C2,V0123,E614,20.5,30.0,1920x1080,2023-09-08 20:46:20,S3/C2/S3_C2_E614_V0123.mp4,True,True
S3_C2_E615_V0124,S3,C2,V0124,E615,20.5,30.0,1920x1080,2023-09-08 22:48:30,S3/C2/S3_C2_E615_V0124.mp4,True,True
S3_C2_E615_V0125,S3,C2,V0125,E615,20.5,30.0,1920x1080,2023-09-08 22:49:00,S3/C2/S3_C2_E615_V0125.mp4,True,True
S3_C2_E616_V0126,S3,C2,V0126,E616,20.5,30.0,1920x1080,2023-09-09 00:58:52,S3/C2/S3_C2_E616_V0126.mp4,True,True
S3_C2_E616_V0127,S3,C2,V0127,E616,20.5,30.0,1920x1080,2023-09-09 00:59:18,S3/C2/S3_C2_E616_V0127.mp4,True,True
S3_C2_E616_V0128,S3,C2,V0128,E616,20.5,30.0,1920x1080,2023-09-09 00:59:38,S3/C2/S3_C2_E616_V0128.mp4,True,True
S3_C2_E616_V0129,S3,C2,V0129,E616,20.5,30.0,1920x1080,2023-09-09 01:00:12,S3/C2/S3_C2_E616_V0129.mp4,True,True
S3_C2_E616_V0130,S3,C2,V0130,E616,20.5,30.0,1920x1080,2023-09-09 01:00:32,S3/C2/S3_C2_E616_V0130.mp4,True,True
S3_C2_E617_V0131,S3,C2,V0131,E617,20.5,30.0,1920x1080,2023-09-09 01:38:56,S3/C2/S3_C2_E617_V0131.mp4,True,True
S3_C2_E617_V0132,S3,C2,V0132,E617,20.5,30.0,1920x1080,2023-09-09 01:40:12,S3/C2/S3_C2_E617_V0132.mp4,True,True
S3_C2_E617_V0133,S3,C2,V0133,E617,20.5,30.0,1920x1080,2023-09-09 01:40:40,S3/C2/S3_C2_E617_V0133.mp4,True,True
S3_C2_E619_V0135,S3,C2,V0135,E619,20.5,30.0,1920x1080,2023-09-09 01:58:14,S3/C2/S3_C2_E619_V0135.mp4,True,True
S3_C2_E629_V0136,S3,C2,V0136,E629,60.5,30.0,1920x1080,2023-09-09 13:35:27,S3/C2/S3_C2_E629_V0136.mp4,False,True
S3_C2_E638_V0137,S3,C2,V0137,E638,20.5,30.0,1920x1080,2023-09-09 20:38:00,S3/C2/S3_C2_E638_V0137.mp4,True,True
S3_C2_E638_V0138,S3,C2,V0138,E638,20.5,30.0,1920x1080,2023-09-09 20:38:20,S3/C2/S3_C2_E638_V0138.mp4,True,True
S3_C2_E638_V0139,S3,C2,V0139,E638,20.5,30.0,1920x1080,2023-09-09 20:39:06,S3/C2/S3_C2_E638_V0139.mp4,True,True
S3_C2_E639_V0140,S3,C2,V0140,E639,20.5,30.0,1920x1080,2023-09-09 22:54:02,S3/C2/S3_C2_E639_V0140.mp4,True,True
S3_C2_E639_V0141,S3,C2,V0141,E639,20.5,30.0,1920x1080,2023-09-09 22:54:25,S3/C2/S3_C2_E639_V0141.mp4,True,True
S3_C2_E640_V0142,S3,C2,V0142,E640,20.5,30.0,1920x1080,2023-09-09 23:34:50,S3/C2/S3_C2_E640_V0142.mp4,True,True
S3_C2_E641_V0143,S3,C2,V0143,E641,20.5,30.0,1920x1080,2023-09-10 01:58:56,S3/C2/S3_C2_E641_V0143.mp4,True,True
S3_C2_E642_V0144,S3,C2,V0144,E642,60.5,30.0,1920x1080,2023-09-10 07:33:52,S3/C2/S3_C2_E642_V0144.mp4,True,True
S3_C2_E642_V0145,S3,C2,V0145,E642,60.5,30.0,1920x1080,2023-09-10 07:35:04,S3/C2/S3_C2_E642_V0145.mp4,True,True
S3_C2_E642_V0146,S3,C2,V0146,E642,60.5,30.0,1920x1080,2023-09-10 07:36:06,S3/C2/S3_C2_E642_V0146.mp4,True,True
S3_C2_E654_V0147,S3,C2,V0147,E654,60.5,30.0,1920x1080,2023-09-10 14:57:20,S3/C2/S3_C2_E654_V0147.mp4,False,True
S3_C2_E657_V0148,S3,C2,V0148,E657,20.5,30.0,1920x1080,2023-09-10 23:18:26,S3/C2/S3_C2_E657_V0148.mp4,True,True
S3_C2_E657_V0149,S3,C2,V0149,E657,20.5,30.0,1920x1080,2023-09-10 23:19:24,S3/C2/S3_C2_E657_V0149.mp4,True,True
S3_C2_E658_V0150,S3,C2,V0150,E658,20.5,30.0,1920x1080,2023-09-11 03:14:34,S3/C2/S3_C2_E658_V0150.mp4,True,True
S3_C2_E659_V0151,S3,C2,V0151,E659,20.5,30.0,1920x1080,2023-09-11 03:43:04,S3/C2/S3_C2_E659_V0151.mp4,True,True
S3_C2_E659_V0152,S3,C2,V0152,E659,20.5,30.0,1920x1080,2023-09-11 03:45:44,S3/C2/S3_C2_E659_V0152.mp4,True,True
S3_C2_E670_V0154,S3,C2,V0154,E670,20.5,30.0,1920x1080,2023-09-11 20:32:28,S3/C2/S3_C2_E670_V0154.mp4,True,True
S3_C2_E670_V0155,S3,C2,V0155,E670,20.5,30.0,1920x1080,2023-09-11 20:32:51,S3/C2/S3_C2_E670_V0155.mp4,True,True
S3_C2_E670_V0156,S3,C2,V0156,E670,20.5,30.0,1920x1080,2023-09-11 20:33:28,S3/C2/S3_C2_E670_V0156.mp4,True,True
S3_C2_E670_V0157,S3,C2,V0157,E670,20.5,30.0,1920x1080,2023-09-11 20:33:50,S3/C2/S3_C2_E670_V0157.mp4,True,True
S3_C2_E670_V0158,S3,C2,V0158,E670,20.5,30.0,1920x1080,2023-09-11 20:34:18,S3/C2/S3_C2_E670_V0158.mp4,True,True
S3_C2_E670_V0159,S3,C2,V0159,E670,20.5,30.0,1920x1080,2023-09-11 20:34:48,S3/C2/S3_C2_E670_V0159.mp4,True,True
S3_C2_E670_V0160,S3,C2,V0160,E670,20.5,30.0,1920x1080,2023-09-11 20:35:08,S3/C2/S3_C2_E670_V0160.mp4,True,True
S3_C2_E670_V0161,S3,C2,V0161,E670,20.5,30.0,1920x1080,2023-09-11 20:37:00,S3/C2/S3_C2_E670_V0161.mp4,True,True
S3_C2_E670_V0162,S3,C2,V0162,E670,20.5,30.0,1920x1080,2023-09-11 20:38:50,S3/C2/S3_C2_E670_V0162.mp4,True,True
S3_C2_E670_V0163,S3,C2,V0163,E670,20.5,30.0,1920x1080,2023-09-11 20:39:22,S3/C2/S3_C2_E670_V0163.mp4,True,True
S3_C2_E670_V0164,S3,C2,V0164,E670,20.5,30.0,1920x1080,2023-09-11 20:40:26,S3/C2/S3_C2_E670_V0164.mp4,True,True
S3_C2_E671_V0165,S3,C2,V0165,E671,20.5,30.0,1920x1080,2023-09-11 22:00:28,S3/C2/S3_C2_E671_V0165.mp4,True,True
S3_C2_E671_V0166,S3,C2,V0166,E671,20.5,30.0,1920x1080,2023-09-11 22:01:26,S3/C2/S3_C2_E671_V0166.mp4,True,True
S3_C2_E671_V0167,S3,C2,V0167,E671,20.5,30.0,1920x1080,2023-09-11 22:03:42,S3/C2/S3_C2_E671_V0167.mp4,True,True
S3_C2_E672_V0168,S3,C2,V0168,E672,20.5,30.0,1920x1080,2023-09-12 04:24:44,S3/C2/S3_C2_E672_V0168.mp4,True,True
S3_C2_E673_V0169,S3,C2,V0169,E673,20.5,30.0,1920x1080,2023-09-12 05:50:09,S3/C2/S3_C2_E673_V0169.mp4,True,True
S3_C2_E684_V0170,S3,C2,V0170,E684,20.5,30.0,1920x1080,2023-09-12 19:48:18,S3/C2/S3_C2_E684_V0170.mp4,True,True
S3_C2_E684_V0171,S3,C2,V0171,E684,20.5,30.0,1920x1080,2023-09-12 19:48:44,S3/C2/S3_C2_E684_V0171.mp4,True,True
S3_C2_E685_V0172,S3,C2,V0172,E685,20.5,30.0,1920x1080,2023-09-13 19:46:36,S3/C2/S3_C2_E685_V0172.mp4,True,True
S3_C2_E685_V0173,S3,C2,V0173,E685,20.5,30.0,1920x1080,2023-09-13 19:46:58,S3/C2/S3_C2_E685_V0173.mp4,True,True
S3_C2_E685_V0174,S3,C2,V0174,E685,20.5,30.0,1920x1080,2023-09-13 19:47:48,S3/C2/S3_C2_E685_V0174.mp4,True,True
S3_C2_E686_V0175,S3,C2,V0175,E686,20.5,30.0,1920x1080,2023-09-13 20:14:08,S3/C2/S3_C2_E686_V0175.mp4,True,True
S3_C2_E686_V0176,S3,C2,V0176,E686,20.5,30.0,1920x1080,2023-09-13 20:14:36,S3/C2/S3_C2_E686_V0176.mp4,True,True
S3_C2_E686_V0177,S3,C2,V0177,E686,20.5,30.0,1920x1080,2023-09-13 20:14:56,S3/C2/S3_C2_E686_V0177.mp4,True,True
S3_C2_E692_V0180,S3,C2,V0180,E692,60.5,30.0,1920x1080,2023-09-14 19:26:26,S3/C2/S3_C2_E692_V0180.mp4,True,True
S3_C2_E692_V0181,S3,C2,V0181,E692,60.5,30.0,1920x1080,2023-09-14 19:28:58,S3/C2/S3_C2_E692_V0181.mp4,True,True
S3_C2_E693_V0182,S3,C2,V0182,E693,60.5,30.0,1920x1080,2023-09-14 19:38:52,S3/C2/S3_C2_E693_V0182.mp4,True,True
S3_C2_E693_V0183,S3,C2,V0183,E693,60.5,30.0,1920x1080,2023-09-14 19:41:16,S3/C2/S3_C2_E693_V0183.mp4,True,True
S3_C2_E693_V0184,S3,C2,V0184,E693,60.5,30.0,1920x1080,2023-09-14 19:42:54,S3/C2/S3_C2_E693_V0184.mp4,True,True
S3_C2_E698_V0185,S3,C2,V0185,E698,20.5,30.0,1920x1080,2023-09-15 22:41:36,S3/C2/S3_C2_E698_V0185.mp4,True,True
S3_C2_E699_V0186,S3,C2,V0186,E699,60.5,30.0,1920x1080,2023-09-16 08:32:36,S3/C2/S3_C2_E699_V0186.mp4,True,True
S3_C2_E699_V0187,S3,C2,V0187,E699,60.5,30.0,1920x1080,2023-09-16 08:34:30,S3/C2/S3_C2_E699_V0187.mp4,True,True
S3_C2_E701_V0189,S3,C2,V0189,E701,20.5,30.0,1920x1080,2023-09-16 21:22:48,S3/C2/S3_C2_E701_V0189.mp4,True,True
S3_C2_E702_V0190,S3,C2,V0190,E702,20.5,30.0,1920x1080,2023-09-16 21:44:44,S3/C2/S3_C2_E702_V0190.mp4,True,True
S3_C2_E703_V0191,S3,C2,V0191,E703,60.5,30.0,1920x1080,2023-09-17 16:14:24,S3/C2/S3_C2_E703_V0191.mp4,False,True
S3_C2_E704_V0192,S3,C2,V0192,E704,20.5,30.0,1920x1080,2023-09-18 03:24:50,S3/C2/S3_C2_E704_V0192.mp4,True,True
S3_C2_E704_V0193,S3,C2,V0193,E704,20.5,30.0,1920x1080,2023-09-18 03:27:10,S3/C2/S3_C2_E704_V0193.mp4,True,True
S3_C2_E704_V0194,S3,C2,V0194,E704,20.5,30.0,1920x1080,2023-09-18 03:28:00,S3/C2/S3_C2_E704_V0194.mp4,True,True
S3_C2_E705_V0195,S3,C2,V0195,E705,20.5,30.0,1920x1080,2023-09-18 04:15:06,S3/C2/S3_C2_E705_V0195.mp4,True,True
S3_C2_E706_V0196,S3,C2,V0196,E706,20.5,30.0,1920x1080,2023-09-18 04:46:00,S3/C2/S3_C2_E706_V0196.mp4,True,True
S3_C2_E706_V0197,S3,C2,V0197,E706,20.5,30.0,1920x1080,2023-09-18 04:46:20,S3/C2/S3_C2_E706_V0197.mp4,True,True
S3_C2_E706_V0198,S3,C2,V0198,E706,20.5,30.0,1920x1080,2023-09-18 04:46:42,S3/C2/S3_C2_E706_V0198.mp4,True,True
S3_C2_E706_V0199,S3,C2,V0199,E706,20.5,30.0,1920x1080,2023-09-18 04:47:06,S3/C2/S3_C2_E706_V0199.mp4,True,True
S3_C2_E706_V0200,S3,C2,V0200,E706,20.5,30.0,1920x1080,2023-09-18 04:47:30,S3/C2/S3_C2_E706_V0200.mp4,True,True
S3_C2_E706_V0201,S3,C2,V0201,E706,20.5,30.0,1920x1080,2023-09-18 04:47:58,S3/C2/S3_C2_E706_V0201.mp4,True,True
S3_C2_E706_V0202,S3,C2,V0202,E706,20.5,30.0,1920x1080,2023-09-18 04:49:12,S3/C2/S3_C2_E706_V0202.mp4,True,True
S3_C2_E706_V0203,S3,C2,V0203,E706,20.5,30.0,1920x1080,2023-09-18 04:49:48,S3/C2/S3_C2_E706_V0203.mp4,True,True
S3_C2_E706_V0204,S3,C2,V0204,E706,20.5,30.0,1920x1080,2023-09-18 04:50:14,S3/C2/S3_C2_E706_V0204.mp4,True,True
S3_C2_E706_V0205,S3,C2,V0205,E706,20.5,30.0,1920x1080,2023-09-18 04:50:48,S3/C2/S3_C2_E706_V0205.mp4,True,True
S3_C2_E706_V0206,S3,C2,V0206,E706,20.5,30.0,1920x1080,2023-09-18 04:51:16,S3/C2/S3_C2_E706_V0206.mp4,True,True
S3_C2_E706_V0207,S3,C2,V0207,E706,20.5,30.0,1920x1080,2023-09-18 04:52:18,S3/C2/S3_C2_E706_V0207.mp4,True,True
S3_C2_E706_V0208,S3,C2,V0208,E706,20.5,30.0,1920x1080,2023-09-18 04:52:48,S3/C2/S3_C2_E706_V0208.mp4,True,True
S3_C2_E706_V0209,S3,C2,V0209,E706,20.5,30.0,1920x1080,2023-09-18 04:53:18,S3/C2/S3_C2_E706_V0209.mp4,True,True
S3_C2_E706_V0210,S3,C2,V0210,E706,20.5,30.0,1920x1080,2023-09-18 04:53:50,S3/C2/S3_C2_E706_V0210.mp4,True,True
S3_C2_E706_V0211,S3,C2,V0211,E706,20.5,30.0,1920x1080,2023-09-18 04:54:22,S3/C2/S3_C2_E706_V0211.mp4,True,True
S3_C2_E706_V0212,S3,C2,V0212,E706,20.5,30.0,1920x1080,2023-09-18 04:54:54,S3/C2/S3_C2_E706_V0212.mp4,True,True
S3_C2_E706_V0213,S3,C2,V0213,E706,20.5,30.0,1920x1080,2023-09-18 04:55:50,S3/C2/S3_C2_E706_V0213.mp4,True,True
S3_C2_E706_V0214,S3,C2,V0214,E706,20.5,30.0,1920x1080,2023-09-18 04:56:52,S3/C2/S3_C2_E706_V0214.mp4,True,True
S3_C2_E706_V0215,S3,C2,V0215,E706,20.5,30.0,1920x1080,2023-09-18 04:58:30,S3/C2/S3_C2_E706_V0215.mp4,True,True
S3_C2_E706_V0216,S3,C2,V0216,E706,20.5,30.0,1920x1080,2023-09-18 05:01:14,S3/C2/S3_C2_E706_V0216.mp4,True,True
S3_C2_E706_V0217,S3,C2,V0217,E706,20.5,30.0,1920x1080,2023-09-18 05:02:14,S3/C2/S3_C2_E706_V0217.mp4,True,True
S3_C2_E706_V0218,S3,C2,V0218,E706,20.5,30.0,1920x1080,2023-09-18 05:02:34,S3/C2/S3_C2_E706_V0218.mp4,True,True
S3_C2_E706_V0219,S3,C2,V0219,E706,20.5,30.0,1920x1080,2023-09-18 05:02:59,S3/C2/S3_C2_E706_V0219.mp4,True,True
S3_C2_E706_V0220,S3,C2,V0220,E706,20.5,30.0,1920x1080,2023-09-18 05:03:32,S3/C2/S3_C2_E706_V0220.mp4,True,True
S3_C2_E706_V0221,S3,C2,V0221,E706,20.5,30.0,1920x1080,2023-09-18 05:03:56,S3/C2/S3_C2_E706_V0221.mp4,True,True
S3_C2_E706_V0222,S3,C2,V0222,E706,20.5,30.0,1920x1080,2023-09-18 05:04:36,S3/C2/S3_C2_E706_V0222.mp4,True,True
S3_C2_E706_V0223,S3,C2,V0223,E706,20.5,30.0,1920x1080,2023-09-18 05:05:22,S3/C2/S3_C2_E706_V0223.mp4,True,True
S3_C2_E706_V0224,S3,C2,V0224,E706,20.5,30.0,1920x1080,2023-09-18 05:05:42,S3/C2/S3_C2_E706_V0224.mp4,True,True
S3_C2_E706_V0225,S3,C2,V0225,E706,20.5,30.0,1920x1080,2023-09-18 05:06:12,S3/C2/S3_C2_E706_V0225.mp4,True,True
S3_C2_E706_V0226,S3,C2,V0226,E706,20.5,30.0,1920x1080,2023-09-18 05:06:35,S3/C2/S3_C2_E706_V0226.mp4,True,True
S3_C2_E706_V0227,S3,C2,V0227,E706,20.5,30.0,1920x1080,2023-09-18 05:07:16,S3/C2/S3_C2_E706_V0227.mp4,True,True
S3_C2_E706_V0228,S3,C2,V0228,E706,20.5,30.0,1920x1080,2023-09-18 05:07:36,S3/C2/S3_C2_E706_V0228.mp4,True,True
S3_C2_E706_V0229,S3,C2,V0229,E706,20.5,30.0,1920x1080,2023-09-18 05:07:59,S3/C2/S3_C2_E706_V0229.mp4,True,True
S3_C2_E706_V0230,S3,C2,V0230,E706,20.5,30.0,1920x1080,2023-09-18 05:08:34,S3/C2/S3_C2_E706_V0230.mp4,True,True
S3_C2_E706_V0231,S3,C2,V0231,E706,20.5,30.0,1920x1080,2023-09-18 05:12:16,S3/C2/S3_C2_E706_V0231.mp4,True,True
S3_C2_E706_V0232,S3,C2,V0232,E706,20.5,30.0,1920x1080,2023-09-18 05:14:08,S3/C2/S3_C2_E706_V0232.mp4,True,True
S3_C2_E706_V0233,S3,C2,V0233,E706,20.5,30.0,1920x1080,2023-09-18 05:14:32,S3/C2/S3_C2_E706_V0233.mp4,True,True
S3_C2_E707_V0234,S3,C2,V0234,E707,20.5,30.0,1920x1080,2023-09-18 05:26:34,S3/C2/S3_C2_E707_V0234.mp4,True,True
S3_C2_E707_V0235,S3,C2,V0235,E707,20.5,30.0,1920x1080,2023-09-18 05:27:14,S3/C2/S3_C2_E707_V0235.mp4,True,True
S3_C2_E707_V0236,S3,C2,V0236,E707,20.5,30.0,1920x1080,2023-09-18 05:27:34,S3/C2/S3_C2_E707_V0236.mp4,True,True
S3_C2_E707_V0237,S3,C2,V0237,E707,20.5,30.0,1920x1080,2023-09-18 05:27:56,S3/C2/S3_C2_E707_V0237.mp4,True,True
S3_C2_E707_V0238,S3,C2,V0238,E707,20.5,30.0,1920x1080,2023-09-18 05:28:42,S3/C2/S3_C2_E707_V0238.mp4,True,True
S3_C2_E708_V0239,S3,C2,V0239,E708,20.5,30.0,1920x1080,2023-09-18 05:40:48,S3/C2/S3_C2_E708_V0239.mp4,True,True
S3_C2_E708_V0240,S3,C2,V0240,E708,20.5,30.0,1920x1080,2023-09-18 05:41:36,S3/C2/S3_C2_E708_V0240.mp4,True,True
S3_C2_E709_V0241,S3,C2,V0241,E709,20.5,30.0,1920x1080,2023-09-18 06:18:02,S3/C2/S3_C2_E709_V0241.mp4,True,True
S3_C2_E709_V0242,S3,C2,V0242,E709,20.5,30.0,1920x1080,2023-09-18 06:18:36,S3/C2/S3_C2_E709_V0242.mp4,True,True
S3_C2_E709_V0243,S3,C2,V0243,E709,20.5,30.0,1920x1080,2023-09-18 06:18:59,S3/C2/S3_C2_E709_V0243.mp4,True,True
S3_C2_E709_V0244,S3,C2,V0244,E709,20.5,30.0,1920x1080,2023-09-18 06:19:18,S3/C2/S3_C2_E709_V0244.mp4,True,True
S3_C2_E710_V0245,S3,C2,V0245,E710,60.5,30.0,1920x1080,2023-09-18 15:04:28,S3/C2/S3_C2_E710_V0245.mp4,True,True
S3_C2_E710_V0246,S3,C2,V0246,E710,60.5,30.0,1920x1080,2023-09-18 15:05:48,S3/C2/S3_C2_E710_V0246.mp4,True,True
S3_C2_E711_V0247,S3,C2,V0247,E711,20.5,30.0,1920x1080,2023-09-19 05:35:04,S3/C2/S3_C2_E711_V0247.mp4,True,True
S3_C2_E712_V0248,S3,C2,V0248,E712,60.5,30.0,1920x1080,2023-09-19 11:58:48,S3/C2/S3_C2_E712_V0248.mp4,True,True
S3_C2_E712_V0249,S3,C2,V0249,E712,60.5,30.0,1920x1080,2023-09-19 12:04:14,S3/C2/S3_C2_E712_V0249.mp4,True,True
S3_C2_E714_V0251,S3,C2,V0251,E714,20.5,30.0,1920x1080,2023-09-20 05:20:08,S3/C2/S3_C2_E714_V0251.mp4,True,True
S3_C2_E715_V0252,S3,C2,V0252,E715,20.5,30.0,1920x1080,2023-09-20 20:14:08,S3/C2/S3_C2_E715_V0252.mp4,True,True
S3_C2_E715_V0253,S3,C2,V0253,E715,20.5,30.0,1920x1080,2023-09-20 20:14:32,S3/C2/S3_C2_E715_V0253.mp4,True,True
S3_C2_E716_V0254,S3,C2,V0254,E716,20.5,30.0,1920x1080,2023-09-20 22:19:44,S3/C2/S3_C2_E716_V0254.mp4,True,True
S3_C2_E716_V0255,S3,C2,V0255,E716,20.5,30.0,1920x1080,2023-09-20 22:23:36,S3/C2/S3_C2_E716_V0255.mp4,True,True
S3_C2_E716_V0256,S3,C2,V0256,E716,20.5,30.0,1920x1080,2023-09-20 22:24:27,S3/C2/S3_C2_E716_V0256.mp4,True,True
S3_C2_E716_V0257,S3,C2,V0257,E716,20.5,30.0,1920x1080,2023-09-20 22:25:02,S3/C2/S3_C2_E716_V0257.mp4,True,True
S3_C2_E716_V0258,S3,C2,V0258,E716,20.5,30.0,1920x1080,2023-09-20 22:25:28,S3/C2/S3_C2_E716_V0258.mp4,True,True
S3_C2_E716_V0259,S3,C2,V0259,E716,20.5,30.0,1920x1080,2023-09-20 22:26:12,S3/C2/S3_C2_E716_V0259.mp4,True,True
S3_C2_E717_V0260,S3,C2,V0260,E717,20.5,30.0,1920x1080,2023-09-21 21:31:59,S3/C2/S3_C2_E717_V0260.mp4,True,True
S3_C2_E717_V0261,S3,C2,V0261,E717,20.5,30.0,1920x1080,2023-09-21 21:36:04,S3/C2/S3_C2_E717_V0261.mp4,True,True
S3_C2_E718_V0262,S3,C2,V0262,E718,20.5,30.0,1920x1080,2023-09-21 23:55:00,S3/C2/S3_C2_E718_V0262.mp4,True,True
S3_C2_E718_V0263,S3,C2,V0263,E718,20.5,30.0,1920x1080,2023-09-21 23:57:24,S3/C2/S3_C2_E718_V0263.mp4,True,True
S3_C2_E718_V0264,S3,C2,V0264,E718,20.5,30.0,1920x1080,2023-09-21 23:57:44,S3/C2/S3_C2_E718_V0264.mp4,True,True
S3_C2_E718_V0265,S3,C2,V0265,E718,20.5,30.0,1920x1080,2023-09-21 23:58:07,S3/C2/S3_C2_E718_V0265.mp4,True,True
S3_C2_E718_V0266,S3,C2,V0266,E718,20.5,30.0,1920x1080,2023-09-22 00:00:12,S3/C2/S3_C2_E718_V0266.mp4,True,True
S3_C2_E718_V0267,S3,C2,V0267,E718,20.5,30.0,1920x1080,2023-09-22 00:05:32,S3/C2/S3_C2_E718_V0267.mp4,True,True
S3_C2_E718_V0268,S3,C2,V0268,E718,20.5,30.0,1920x1080,2023-09-22 00:08:08,S3/C2/S3_C2_E718_V0268.mp4,True,True
S3_C2_E719_V0269,S3,C2,V0269,E719,20.5,30.0,1920x1080,2023-09-22 01:20:50,S3/C2/S3_C2_E719_V0269.mp4,True,True
S3_C2_E719_V0270,S3,C2,V0270,E719,20.5,30.0,1920x1080,2023-09-22 01:21:12,S3/C2/S3_C2_E719_V0270.mp4,True,True
S3_C2_E719_V0271,S3,C2,V0271,E719,19.0,30.0,1920x1080,2023-09-22 01:21:38,S3/C2/S3_C2_E719_V0271.mp4,True,True
S3_C2_E719_V0272,S3,C2,V0272,E719,4.5,30.0,1920x1080,2023-09-22 01:21:48,S3/C2/S3_C2_E719_V0272.mp4,True,True
S3_C2_E719_V0273,S3,C2,V0273,E719,2.5,30.0,1920x1080,2023-09-22 01:21:51,S3/C2/S3_C2_E719_V0273.mp4,True,True
S3_C2_E719_V0274,S3,C2,V0274,E719,2.0,30.0,1920x1080,2023-09-22 01:21:54,S3/C2/S3_C2_E719_V0274.mp4,True,True
S3_C2_E719_V0275,S3,C2,V0275,E719,12.0,30.0,1920x1080,2023-09-22 01:22:32,S3/C2/S3_C2_E719_V0275.mp4,True,True
S3_C2_E719_V0276,S3,C2,V0276,E719,9.0,30.0,1920x1080,2023-09-22 01:22:48,S3/C2/S3_C2_E719_V0276.mp4,True,True
S3_C2_E720_V0277,S3,C2,V0277,E720,20.5,30.0,1920x1080,2023-09-22 01:45:16,S3/C2/S3_C2_E720_V0277.mp4,True,True
S3_C2_E720_V0278,S3,C2,V0278,E720,20.5,30.0,1920x1080,2023-09-22 01:45:42,S3/C2/S3_C2_E720_V0278.mp4,True,True
S3_C2_E721_V0279,S3,C2,V0279,E721,20.5,30.0,1920x1080,2023-09-22 03:06:24,S3/C2/S3_C2_E721_V0279.mp4,True,True
S3_C2_E722_V0280,S3,C2,V0280,E722,60.5,30.0,1920x1080,2023-09-22 16:48:32,S3/C2/S3_C2_E722_V0280.mp4,True,True
S3_C2_E723_V0281,S3,C2,V0281,E723,15.0,30.0,1920x1080,2023-09-22 19:19:52,S3/C2/S3_C2_E723_V0281.mp4,True,True
S3_C2_E723_V0282,S3,C2,V0282,E723,2.0,30.0,1920x1080,2023-09-22 19:19:56,S3/C2/S3_C2_E723_V0282.mp4,True,True
S3_C2_E723_V0283,S3,C2,V0283,E723,9.0,30.0,1920x1080,2023-09-22 19:21:04,S3/C2/S3_C2_E723_V0283.mp4,True,True
S3_C2_E723_V0284,S3,C2,V0284,E723,4.0,30.0,1920x1080,2023-09-22 19:21:16,S3/C2/S3_C2_E723_V0284.mp4,True,True
S3_C2_E723_V0285,S3,C2,V0285,E723,1.5,30.0,1920x1080,2023-09-22 19:21:20,S3/C2/S3_C2_E723_V0285.mp4,True,True
S3_C2_E723_V0286,S3,C2,V0286,E723,3.0,30.0,1920x1080,2023-09-22 19:21:34,S3/C2/S3_C2_E723_V0286.mp4,True,True
S3_C2_E723_V0287,S3,C2,V0287,E723,5.5,30.0,1920x1080,2023-09-22 19:22:26,S3/C2/S3_C2_E723_V0287.mp4,True,True
S3_C2_E723_V0288,S3,C2,V0288,E723,1.5,30.0,1920x1080,2023-09-22 19:22:30,S3/C2/S3_C2_E723_V0288.mp4,True,True
S3_C2_E723_V0289,S3,C2,V0289,E723,2.0,30.0,1920x1080,2023-09-22 19:22:34,S3/C2/S3_C2_E723_V0289.mp4,True,True
S3_C2_E723_V0290,S3,C2,V0290,E723,1.5,30.0,1920x1080,2023-09-22 19:22:38,S3/C2/S3_C2_E723_V0290.mp4,True,True
S3_C2_E723_V0291,S3,C2,V0291,E723,1.0,30.0,1920x1080,2023-09-22 19:22:40,S3/C2/S3_C2_E723_V0291.mp4,True,True
S3_C2_E723_V0292,S3,C2,V0292,E723,1.0,30.0,1920x1080,2023-09-22 19:22:44,S3/C2/S3_C2_E723_V0292.mp4,True,True
S3_C2_E723_V0293,S3,C2,V0293,E723,2.0,30.0,1920x1080,2023-09-22 19:22:52,S3/C2/S3_C2_E723_V0293.mp4,True,True
S3_C2_E723_V0294,S3,C2,V0294,E723,1.5,30.0,1920x1080,2023-09-22 19:22:58,S3/C2/S3_C2_E723_V0294.mp4,True,True
S3_C2_E723_V0295,S3,C2,V0295,E723,2.0,30.0,1920x1080,2023-09-22 19:23:08,S3/C2/S3_C2_E723_V0295.mp4,True,True
S3_C2_E723_V0296,S3,C2,V0296,E723,1.0,30.0,1920x1080,2023-09-22 19:23:10,S3/C2/S3_C2_E723_V0296.mp4,True,True
S3_C2_E723_V0297,S3,C2,V0297,E723,1.0,30.0,1920x1080,2023-09-22 19:23:14,S3/C2/S3_C2_E723_V0297.mp4,True,True
S3_C2_E723_V0298,S3,C2,V0298,E723,6.5,30.0,1920x1080,2023-09-22 19:26:26,S3/C2/S3_C2_E723_V0298.mp4,True,True
S3_C2_E723_V0299,S3,C2,V0299,E723,2.0,30.0,1920x1080,2023-09-22 19:26:32,S3/C2/S3_C2_E723_V0299.mp4,True,True
S3_C2_E723_V0300,S3,C2,V0300,E723,5.0,30.0,1920x1080,2023-09-22 19:27:18,S3/C2/S3_C2_E723_V0300.mp4,True,True
S3_C2_E723_V0301,S3,C2,V0301,E723,4.0,30.0,1920x1080,2023-09-22 19:27:48,S3/C2/S3_C2_E723_V0301.mp4,True,True
S3_C2_E723_V0302,S3,C2,V0302,E723,1.5,30.0,1920x1080,2023-09-22 19:27:52,S3/C2/S3_C2_E723_V0302.mp4,True,True
S3_C2_E724_V0303,S3,C2,V0303,E724,9.5,30.0,1920x1080,2023-09-22 19:35:54,S3/C2/S3_C2_E724_V0303.mp4,True,True
S3_C2_E724_V0304,S3,C2,V0304,E724,6.5,30.0,1920x1080,2023-09-22 19:36:48,S3/C2/S3_C2_E724_V0304.mp4,True,True
S3_C2_E724_V0305,S3,C2,V0305,E724,5.0,30.0,1920x1080,2023-09-22 19:37:16,S3/C2/S3_C2_E724_V0305.mp4,True,True
S3_C2_E724_V0306,S3,C2,V0306,E724,6.5,30.0,1920x1080,2023-09-22 19:39:50,S3/C2/S3_C2_E724_V0306.mp4,True,True
S3_C2_E725_V0307,S3,C2,V0307,E725,7.0,30.0,1920x1080,2023-09-22 20:08:26,S3/C2/S3_C2_E725_V0307.mp4,True,True
S3_C2_E725_V0308,S3,C2,V0308,E725,2.0,30.0,1920x1080,2023-09-22 20:08:30,S3/C2/S3_C2_E725_V0308.mp4,True,True
S3_C2_E725_V0309,S3,C2,V0309,E725,2.0,30.0,1920x1080,2023-09-22 20:08:35,S3/C2/S3_C2_E725_V0309.mp4,True,True
S3_C2_E725_V0310,S3,C2,V0310,E725,3.0,30.0,1920x1080,2023-09-22 20:08:46,S3/C2/S3_C2_E725_V0310.mp4,True,True
S3_C2_E726_V0311,S3,C2,V0311,E726,4.0,30.0,1920x1080,2023-09-23 01:21:58,S3/C2/S3_C2_E726_V0311.mp4,True,True
S3_C2_E726_V0312,S3,C2,V0312,E726,1.0,30.0,1920x1080,2023-09-23 01:22:00,S3/C2/S3_C2_E726_V0312.mp4,True,True
S3_C2_E726_V0313,S3,C2,V0313,E726,1.0,30.0,1920x1080,2023-09-23 01:22:04,S3/C2/S3_C2_E726_V0313.mp4,True,True
S3_C2_E726_V0314,S3,C2,V0314,E726,1.0,30.0,1920x1080,2023-09-23 01:22:08,S3/C2/S3_C2_E726_V0314.mp4,True,True
S3_C2_E727_V0315,S3,C2,V0315,E727,4.0,30.0,1920x1080,2023-09-23 03:27:44,S3/C2/S3_C2_E727_V0315.mp4,True,True
S3_C2_E727_V0316,S3,C2,V0316,E727,3.0,30.0,1920x1080,2023-09-23 03:28:26,S3/C2/S3_C2_E727_V0316.mp4,True,True
S3_C2_E729_V0318,S3,C2,V0318,E729,60.5,30.0,1920x1080,2023-09-23 18:25:34,S3/C2/S3_C2_E729_V0318.mp4,True,True
S3_C2_E729_V0319,S3,C2,V0319,E729,60.5,30.0,1920x1080,2023-09-23 18:29:04,S3/C2/S3_C2_E729_V0319.mp4,True,True
S3_C2_E729_V0320,S3,C2,V0320,E729,60.5,30.0,1920x1080,2023-09-23 18:30:10,S3/C2/S3_C2_E729_V0320.mp4,True,True
S3_C2_E730_V0321,S3,C2,V0321,E730,60.5,30.0,1920x1080,2023-09-23 18:36:48,S3/C2/S3_C2_E730_V0321.mp4,True,True
S3_C2_E730_V0322,S3,C2,V0322,E730,60.5,30.0,1920x1080,2023-09-23 18:37:48,S3/C2/S3_C2_E730_V0322.mp4,True,True
S3_C2_E730_V0323,S3,C2,V0323,E730,60.5,30.0,1920x1080,2023-09-23 18:38:51,S3/C2/S3_C2_E730_V0323.mp4,True,True
S3_C2_E731_V0324,S3,C2,V0324,E731,60.5,30.0,1920x1080,2023-09-23 19:21:20,S3/C2/S3_C2_E731_V0324.mp4,True,True
S3_C2_E731_V0325,S3,C2,V0325,E731,60.5,30.0,1920x1080,2023-09-23 19:22:20,S3/C2/S3_C2_E731_V0325.mp4,True,True
S3_C2_E731_V0326,S3,C2,V0326,E731,60.5,30.0,1920x1080,2023-09-23 19:23:26,S3/C2/S3_C2_E731_V0326.mp4,True,True
S3_C2_E732_V0327,S3,C2,V0327,E732,5.0,30.0,1920x1080,2023-09-23 20:13:38,S3/C2/S3_C2_E732_V0327.mp4,True,True
S3_C2_E732_V0328,S3,C2,V0328,E732,4.5,30.0,1920x1080,2023-09-23 20:14:54,S3/C2/S3_C2_E732_V0328.mp4,True,True
S3_C2_E732_V0329,S3,C2,V0329,E732,1.5,30.0,1920x1080,2023-09-23 20:14:58,S3/C2/S3_C2_E732_V0329.mp4,True,True
S3_C2_E732_V0330,S3,C2,V0330,E732,2.0,30.0,1920x1080,2023-09-23 20:15:12,S3/C2/S3_C2_E732_V0330.mp4,True,True
S3_C2_E732_V0331,S3,C2,V0331,E732,2.0,30.0,1920x1080,2023-09-23 20:15:34,S3/C2/S3_C2_E732_V0331.mp4,True,True
S3_C2_E732_V0332,S3,C2,V0332,E732,2.5,30.0,1920x1080,2023-09-23 20:16:00,S3/C2/S3_C2_E732_V0332.mp4,True,True
S3_C2_E732_V0333,S3,C2,V0333,E732,2.0,30.0,1920x1080,2023-09-23 20:16:14,S3/C2/S3_C2_E732_V0333.mp4,True,True
S3_C2_E732_V0334,S3,C2,V0334,E732,3.0,30.0,1920x1080,2023-09-23 20:19:14,S3/C2/S3_C2_E732_V0334.mp4,True,True
S3_C2_E732_V0335,S3,C2,V0335,E732,3.0,30.0,1920x1080,2023-09-23 20:21:48,S3/C2/S3_C2_E732_V0335.mp4,True,True
S3_C2_E732_V0336,S3,C2,V0336,E732,3.0,30.0,1920x1080,2023-09-23 20:23:32,S3/C2/S3_C2_E732_V0336.mp4,True,True
S3_C2_E732_V0337,S3,C2,V0337,E732,2.5,30.0,1920x1080,2023-09-23 20:24:26,S3/C2/S3_C2_E732_V0337.mp4,True,True
S3_C2_E732_V0338,S3,C2,V0338,E732,2.0,30.0,1920x1080,2023-09-23 20:24:58,S3/C2/S3_C2_E732_V0338.mp4,True,True
S3_C2_E732_V0339,S3,C2,V0339,E732,2.5,30.0,1920x1080,2023-09-23 20:26:10,S3/C2/S3_C2_E732_V0339.mp4,True,True
S3_C2_E732_V0340,S3,C2,V0340,E732,2.0,30.0,1920x1080,2023-09-23 20:26:30,S3/C2/S3_C2_E732_V0340.mp4,True,True
S3_C2_E732_V0341,S3,C2,V0341,E732,2.0,30.0,1920x1080,2023-09-23 20:27:22,S3/C2/S3_C2_E732_V0341.mp4,True,True
S3_C2_E733_V0342,S3,C2,V0342,E733,3.0,30.0,1920x1080,2023-09-23 20:38:40,S3/C2/S3_C2_E733_V0342.mp4,True,True
S3_C2_E734_V0343,S3,C2,V0343,E734,60.5,30.0,1920x1080,2023-09-24 13:30:41,S3/C2/S3_C2_E734_V0343.mp4,False,True
S3_C2_E735_V0344,S3,C2,V0344,E735,60.5,30.0,1920x1080,2023-09-24 18:04:14,S3/C2/S3_C2_E735_V0344.mp4,True,True
S3_C2_E735_V0345,S3,C2,V0345,E735,60.5,30.0,1920x1080,2023-09-24 18:05:22,S3/C2/S3_C2_E735_V0345.mp4,True,True
S3_C2_E735_V0346,S3,C2,V0346,E735,60.5,30.0,1920x1080,2023-09-24 18:06:46,S3/C2/S3_C2_E735_V0346.mp4,True,True
S3_C2_E735_V0347,S3,C2,V0347,E735,60.5,30.0,1920x1080,2023-09-24 18:08:00,S3/C2/S3_C2_E735_V0347.mp4,True,True
S3_C2_E735_V0348,S3,C2,V0348,E735,60.5,30.0,1920x1080,2023-09-24 18:09:20,S3/C2/S3_C2_E735_V0348.mp4,True,True
S3_C2_E735_V0349,S3,C2,V0349,E735,60.5,30.0,1920x1080,2023-09-24 18:10:32,S3/C2/S3_C2_E735_V0349.mp4,True,True
S3_C2_E736_V0350,S3,C2,V0350,E736,60.5,30.0,1920x1080,2023-09-24 19:28:54,S3/C2/S3_C2_E736_V0350.mp4,True,True
S3_C2_E736_V0351,S3,C2,V0351,E736,5.5,30.0,1920x1080,2023-09-24 19:30:38,S3/C2/S3_C2_E736_V0351.mp4,True,True
S3_C2_E736_V0352,S3,C2,V0352,E736,1.0,30.0,1920x1080,2023-09-24 19:30:40,S3/C2/S3_C2_E736_V0352.mp4,True,True
S3_C2_E736_V0353,S3,C2,V0353,E736,5.0,30.0,1920x1080,2023-09-24 19:32:22,S3/C2/S3_C2_E736_V0353.mp4,True,True
S3_C2_E736_V0354,S3,C2,V0354,E736,2.5,30.0,1920x1080,2023-09-24 19:32:36,S3/C2/S3_C2_E736_V0354.mp4,True,True
S3_C2_E737_V0355,S3,C2,V0355,E737,4.5,30.0,1920x1080,2023-09-24 19:41:16,S3/C2/S3_C2_E737_V0355.mp4,True,True
S3_C2_E738_V0356,S3,C2,V0356,E738,60.5,30.0,1920x1080,2023-09-25 07:26:02,S3/C2/S3_C2_E738_V0356.mp4,True,True
S3_C2_E739_V0357,S3,C2,V0357,E739,60.5,30.0,1920x1080,2023-09-25 08:01:12,S3/C2/S3_C2_E739_V0357.mp4,True,True
S3_C2_E741_V0359,S3,C2,V0359,E741,60.5,30.0,1920x1080,2023-09-25 16:12:44,S3/C2/S3_C2_E741_V0359.mp4,True,True
S3_C2_E742_V0360,S3,C2,V0360,E742,20.5,30.0,1920x1080,2023-09-25 19:41:14,S3/C2/S3_C2_E742_V0360.mp4,True,True
S3_C2_E742_V0361,S3,C2,V0361,E742,20.5,30.0,1920x1080,2023-09-25 19:42:46,S3/C2/S3_C2_E742_V0361.mp4,True,True
S3_C2_E743_V0362,S3,C2,V0362,E743,18.5,30.0,1920x1080,2023-09-25 20:19:06,S3/C2/S3_C2_E743_V0362.mp4,True,True
S3_C2_E744_V0363,S3,C2,V0363,E744,2.0,30.0,1920x1080,2023-09-26 03:27:02,S3/C2/S3_C2_E744_V0363.mp4,True,True
S3_C2_E744_V0364,S3,C2,V0364,E744,1.0,30.0,1920x1080,2023-09-26 03:27:06,S3/C2/S3_C2_E744_V0364.mp4,True,True
S3_C2_E744_V0365,S3,C2,V0365,E744,1.0,30.0,1920x1080,2023-09-26 03:27:20,S3/C2/S3_C2_E744_V0365.mp4,True,True
S3_C2_E744_V0366,S3,C2,V0366,E744,1.0,30.0,1920x1080,2023-09-26 03:27:27,S3/C2/S3_C2_E744_V0366.mp4,True,True
S3_C2_E744_V0367,S3,C2,V0367,E744,1.0,30.0,1920x1080,2023-09-26 03:27:34,S3/C2/S3_C2_E744_V0367.mp4,True,True
S3_C2_E744_V0368,S3,C2,V0368,E744,1.0,30.0,1920x1080,2023-09-26 03:28:31,S3/C2/S3_C2_E744_V0368.mp4,True,True
S3_C2_E744_V0369,S3,C2,V0369,E744,0.5,30.0,1920x1080,2023-09-26 03:28:34,S3/C2/S3_C2_E744_V0369.mp4,True,True
S3_C2_E744_V0370,S3,C2,V0370,E744,1.0,30.0,1920x1080,2023-09-26 03:29:02,S3/C2/S3_C2_E744_V0370.mp4,True,True
S3_C2_E745_V0371,S3,C2,V0371,E745,2.0,30.0,1920x1080,2023-09-26 03:52:18,S3/C2/S3_C2_E745_V0371.mp4,True,True
S3_C2_E745_V0372,S3,C2,V0372,E745,1.0,30.0,1920x1080,2023-09-26 03:52:20,S3/C2/S3_C2_E745_V0372.mp4,True,True
S3_C2_E745_V0373,S3,C2,V0373,E745,1.0,30.0,1920x1080,2023-09-26 03:52:24,S3/C2/S3_C2_E745_V0373.mp4,True,True
S3_C2_E746_V0374,S3,C2,V0374,E746,2.0,30.0,1920x1080,2023-09-26 04:12:36,S3/C2/S3_C2_E746_V0374.mp4,True,True
S3_C2_E746_V0375,S3,C2,V0375,E746,1.5,30.0,1920x1080,2023-09-26 04:13:30,S3/C2/S3_C2_E746_V0375.mp4,True,True
S3_C2_E746_V0376,S3,C2,V0376,E746,1.5,30.0,1920x1080,2023-09-26 04:13:46,S3/C2/S3_C2_E746_V0376.mp4,True,True
S3_C2_E747_V0377,S3,C2,V0377,E747,1.5,30.0,1920x1080,2023-09-26 05:05:36,S3/C2/S3_C2_E747_V0377.mp4,True,True
S3_C2_E747_V0378,S3,C2,V0378,E747,1.0,30.0,1920x1080,2023-09-26 05:05:38,S3/C2/S3_C2_E747_V0378.mp4,True,True
S3_C2_E750_V0381,S3,C2,V0381,E750,60.5,30.0,1920x1080,2023-09-26 14:08:32,S3/C2/S3_C2_E750_V0381.mp4,False,True
S3_C2_E751_V0382,S3,C2,V0382,E751,20.5,30.0,1920x1080,2023-09-26 20:13:50,S3/C2/S3_C2_E751_V0382.mp4,True,True
S3_C2_E751_V0383,S3,C2,V0383,E751,20.0,30.0,1920x1080,2023-09-26 20:14:38,S3/C2/S3_C2_E751_V0383.mp4,True,True
S3_C2_E751_V0384,S3,C2,V0384,E751,16.0,30.0,1920x1080,2023-09-26 20:16:10,S3/C2/S3_C2_E751_V0384.mp4,True,True
S3_C2_E751_V0385,S3,C2,V0385,E751,8.5,30.0,1920x1080,2023-09-26 20:16:36,S3/C2/S3_C2_E751_V0385.mp4,True,True
S3_C2_E751_V0386,S3,C2,V0386,E751,4.5,30.0,1920x1080,2023-09-26 20:16:47,S3/C2/S3_C2_E751_V0386.mp4,True,True
S3_C2_E752_V0387,S3,C2,V0387,E752,12.0,30.0,1920x1080,2023-09-26 21:14:18,S3/C2/S3_C2_E752_V0387.mp4,True,True
S3_C2_E753_V0388,S3,C2,V0388,E753,8.0,30.0,1920x1080,2023-09-26 21:21:36,S3/C2/S3_C2_E753_V0388.mp4,True,True
S3_C2_E753_V0389,S3,C2,V0389,E753,2.0,30.0,1920x1080,2023-09-26 21:21:38,S3/C2/S3_C2_E753_V0389.mp4,True,True
S3_C2_E754_V0390,S3,C2,V0390,E754,7.0,30.0,1920x1080,2023-09-26 22:07:22,S3/C2/S3_C2_E754_V0390.mp4,True,True
S3_C2_E756_V0392,S3,C2,V0392,E756,4.0,30.0,1920x1080,2023-09-26 23:41:46,S3/C2/S3_C2_E756_V0392.mp4,True,True
S3_C2_E757_V0393,S3,C2,V0393,E757,2.5,30.0,1920x1080,2023-09-26 23:50:20,S3/C2/S3_C2_E757_V0393.mp4,True,True
S3_C2_E757_V0394,S3,C2,V0394,E757,2.5,30.0,1920x1080,2023-09-26 23:51:54,S3/C2/S3_C2_E757_V0394.mp4,True,True
S3_C2_E757_V0395,S3,C2,V0395,E757,1.5,30.0,1920x1080,2023-09-26 23:51:58,S3/C2/S3_C2_E757_V0395.mp4,True,True
S3_C2_E757_V0396,S3,C2,V0396,E757,1.0,30.0,1920x1080,2023-09-26 23:52:04,S3/C2/S3_C2_E757_V0396.mp4,True,True
S3_C2_E757_V0397,S3,C2,V0397,E757,1.0,30.0,1920x1080,2023-09-26 23:52:06,S3/C2/S3_C2_E757_V0397.mp4,True,True
S3_C2_E757_V0398,S3,C2,V0398,E757,0.5,30.0,1920x1080,2023-09-26 23:52:10,S3/C2/S3_C2_E757_V0398.mp4,True,True
S3_C2_E758_V0399,S3,C2,V0399,E758,2.0,30.0,1920x1080,2023-09-26 23:59:52,S3/C2/S3_C2_E758_V0399.mp4,True,True
S3_C2_E758_V0400,S3,C2,V0400,E758,1.0,30.0,1920x1080,2023-09-26 23:59:54,S3/C2/S3_C2_E758_V0400.mp4,True,True
S3_C2_E758_V0401,S3,C2,V0401,E758,1.0,30.0,1920x1080,2023-09-26 23:59:56,S3/C2/S3_C2_E758_V0401.mp4,True,True
S3_C2_E758_V0402,S3,C2,V0402,E758,0.5,30.0,1920x1080,2023-09-26 23:59:58,S3/C2/S3_C2_E758_V0402.mp4,True,True
S3_C2_E758_V0403,S3,C2,V0403,E758,1.5,30.0,1920x1080,2023-09-27 00:00:16,S3/C2/S3_C2_E758_V0403.mp4,True,True
S3_C2_E758_V0404,S3,C2,V0404,E758,1.5,30.0,1920x1080,2023-09-27 00:00:24,S3/C2/S3_C2_E758_V0404.mp4,True,True
S3_C2_E759_V0405,S3,C2,V0405,E759,1.5,30.0,1920x1080,2023-09-27 03:11:23,S3/C2/S3_C2_E759_V0405.mp4,True,True
S3_C2_E759_V0406,S3,C2,V0406,E759,1.0,30.0,1920x1080,2023-09-27 03:11:24,S3/C2/S3_C2_E759_V0406.mp4,True,True
S3_C2_E759_V0407,S3,C2,V0407,E759,1.5,30.0,1920x1080,2023-09-27 03:12:06,S3/C2/S3_C2_E759_V0407.mp4,True,True
S3_C2_E759_V0408,S3,C2,V0408,E759,0.5,30.0,1920x1080,2023-09-27 03:12:08,S3/C2/S3_C2_E759_V0408.mp4,True,True
S3_C2_E760_V0409,S3,C2,V0409,E760,60.5,30.0,1920x1080,2023-09-27 14:48:38,S3/C2/S3_C2_E760_V0409.mp4,True,True
S3_C2_E760_V0410,S3,C2,V0410,E760,60.5,30.0,1920x1080,2023-09-27 14:53:18,S3/C2/S3_C2_E760_V0410.mp4,True,True
S3_C2_E760_V0411,S3,C2,V0411,E760,60.5,30.0,1920x1080,2023-09-27 15:03:32,S3/C2/S3_C2_E760_V0411.mp4,True,True
S3_C2_E762_V0412,S3,C2,V0412,E762,60.5,30.0,1920x1080,2023-09-27 18:01:58,S3/C2/S3_C2_E762_V0412.mp4,True,True
S3_C2_E762_V0413,S3,C2,V0413,E762,60.5,30.0,1920x1080,2023-09-27 18:03:10,S3/C2/S3_C2_E762_V0413.mp4,True,True
S3_C2_E763_V0414,S3,C2,V0414,E763,60.5,30.0,1920x1080,2023-09-27 19:24:24,S3/C2/S3_C2_E763_V0414.mp4,True,True
S3_C2_E763_V0415,S3,C2,V0415,E763,17.0,30.0,1920x1080,2023-09-27 19:25:36,S3/C2/S3_C2_E763_V0415.mp4,True,True
S3_C2_E763_V0416,S3,C2,V0416,E763,10.0,30.0,1920x1080,2023-09-27 19:26:22,S3/C2/S3_C2_E763_V0416.mp4,True,True
S3_C2_E764_V0417,S3,C2,V0417,E764,2.0,30.0,1920x1080,2023-09-28 00:08:54,S3/C2/S3_C2_E764_V0417.mp4,True,True
S3_C2_E764_V0418,S3,C2,V0418,E764,1.0,30.0,1920x1080,2023-09-28 00:08:56,S3/C2/S3_C2_E764_V0418.mp4,True,True
S3_C2_E764_V0419,S3,C2,V0419,E764,1.5,30.0,1920x1080,2023-09-28 00:09:00,S3/C2/S3_C2_E764_V0419.mp4,True,True
S3_C2_E764_V0420,S3,C2,V0420,E764,2.5,30.0,1920x1080,2023-09-28 00:10:52,S3/C2/S3_C2_E764_V0420.mp4,True,True
S3_C2_E764_V0421,S3,C2,V0421,E764,2.0,30.0,1920x1080,2023-09-28 00:11:16,S3/C2/S3_C2_E764_V0421.mp4,True,True
S3_C2_E764_V0422,S3,C2,V0422,E764,2.0,30.0,1920x1080,2023-09-28 00:12:10,S3/C2/S3_C2_E764_V0422.mp4,True,True
S3_C2_E764_V0423,S3,C2,V0423,E764,1.5,30.0,1920x1080,2023-09-28 00:12:16,S3/C2/S3_C2_E764_V0423.mp4,True,True
S3_C2_E764_V0424,S3,C2,V0424,E764,2.0,30.0,1920x1080,2023-09-28 00:14:54,S3/C2/S3_C2_E764_V0424.mp4,True,True
S3_C2_E765_V0425,S3,C2,V0425,E765,60.5,30.0,1920x1080,2023-09-28 09:45:16,S3/C2/S3_C2_E765_V0425.mp4,True,True
S3_C2_E765_V0426,S3,C2,V0426,E765,60.5,30.0,1920x1080,2023-09-28 09:48:22,S3/C2/S3_C2_E765_V0426.mp4,True,True
S3_C2_E765_V0427,S3,C2,V0427,E765,60.5,30.0,1920x1080,2023-09-28 09:53:24,S3/C2/S3_C2_E765_V0427.mp4,True,True
S3_C2_E765_V0428,S3,C2,V0428,E765,60.5,30.0,1920x1080,2023-09-28 09:57:00,S3/C2/S3_C2_E765_V0428.mp4,True,True
S3_C2_E766_V0429,S3,C2,V0429,E766,60.5,30.0,1920x1080,2023-09-28 13:58:40,S3/C2/S3_C2_E766_V0429.mp4,True,True
S3_C2_E766_V0430,S3,C2,V0430,E766,60.5,30.0,1920x1080,2023-09-28 14:58:26,S3/C2/S3_C2_E766_V0430.mp4,True,True
S3_C2_E766_V0431,S3,C2,V0431,E766,60.5,30.0,1920x1080,2023-09-28 14:59:29,S3/C2/S3_C2_E766_V0431.mp4,True,True
S3_C2_E766_V0432,S3,C2,V0432,E766,60.5,30.0,1920x1080,2023-09-28 15:00:40,S3/C2/S3_C2_E766_V0432.mp4,True,True
S3_C2_E768_V0433,S3,C2,V0433,E768,60.5,30.0,1920x1080,2023-09-28 15:12:40,S3/C2/S3_C2_E768_V0433.mp4,True,True
S3_C2_E769_V0434,S3,C2,V0434,E769,60.5,30.0,1920x1080,2023-09-28 15:29:42,S3/C2/S3_C2_E769_V0434.mp4,True,True
S3_C2_E769_V0435,S3,C2,V0435,E769,60.5,30.0,1920x1080,2023-09-28 15:30:50,S3/C2/S3_C2_E769_V0435.mp4,True,True
S3_C2_E769_V0436,S3,C2,V0436,E769,60.5,30.0,1920x1080,2023-09-28 15:32:30,S3/C2/S3_C2_E769_V0436.mp4,True,True
S3_C2_E769_V0437,S3,C2,V0437,E769,60.5,30.0,1920x1080,2023-09-28 15:46:14,S3/C2/S3_C2_E769_V0437.mp4,True,True
S3_C2_E769_V0438,S3,C2,V0438,E769,60.5,30.0,1920x1080,2023-09-28 15:47:38,S3/C2/S3_C2_E769_V0438.mp4,True,True
S3_C2_E769_V0439,S3,C2,V0439,E769,60.5,30.0,1920x1080,2023-09-28 15:49:28,S3/C2/S3_C2_E769_V0439.mp4,True,True
S3_C2_E769_V0440,S3,C2,V0440,E769,60.5,30.0,1920x1080,2023-09-28 15:50:28,S3/C2/S3_C2_E769_V0440.mp4,True,True
S3_C2_E769_V0441,S3,C2,V0441,E769,60.5,30.0,1920x1080,2023-09-28 15:51:34,S3/C2/S3_C2_E769_V0441.mp4,True,True
S3_C2_E773_V0455,S3,C2,V0455,E773,2.0,30.0,1920x1080,2023-09-28 21:22:06,S3/C2/S3_C2_E773_V0455.mp4,True,True
S3_C2_E774_V0456,S3,C2,V0456,E774,2.0,30.0,1920x1080,2023-09-28 21:43:28,S3/C2/S3_C2_E774_V0456.mp4,True,True
S3_C2_E774_V0457,S3,C2,V0457,E774,1.0,30.0,1920x1080,2023-09-28 21:43:32,S3/C2/S3_C2_E774_V0457.mp4,True,True
S3_C2_E774_V0458,S3,C2,V0458,E774,1.0,30.0,1920x1080,2023-09-28 21:43:52,S3/C2/S3_C2_E774_V0458.mp4,True,True
S3_C2_E777_V0463,S3,C2,V0463,E777,11.0,30.0,1920x1080,2023-09-29 06:42:16,S3/C2/S3_C2_E777_V0463.mp4,True,True
S3_C2_E778_V0464,S3,C2,V0464,E778,60.5,30.0,1920x1080,2023-09-29 10:32:24,S3/C2/S3_C2_E778_V0464.mp4,True,True
S3_C2_E778_V0465,S3,C2,V0465,E778,60.5,30.0,1920x1080,2023-09-29 10:35:34,S3/C2/S3_C2_E778_V0465.mp4,True,True
S3_C2_E779_V0466,S3,C2,V0466,E779,60.5,30.0,1920x1080,2023-09-29 14:36:20,S3/C2/S3_C2_E779_V0466.mp4,False,True
S3_C2_E780_V0467,S3,C2,V0467,E780,60.5,30.0,1920x1080,2023-09-29 17:51:16,S3/C2/S3_C2_E780_V0467.mp4,True,True
S3_C2_E780_V0468,S3,C2,V0468,E780,60.5,30.0,1920x1080,2023-09-29 17:53:40,S3/C2/S3_C2_E780_V0468.mp4,True,True
S3_C2_E780_V0469,S3,C2,V0469,E780,60.5,30.0,1920x1080,2023-09-29 17:56:28,S3/C2/S3_C2_E780_V0469.mp4,True,True
S3_C2_E780_V0470,S3,C2,V0470,E780,60.5,30.0,1920x1080,2023-09-29 17:57:52,S3/C2/S3_C2_E780_V0470.mp4,True,True
S3_C2_E780_V0471,S3,C2,V0471,E780,60.5,30.0,1920x1080,2023-09-29 17:59:14,S3/C2/S3_C2_E780_V0471.mp4,True,True
S3_C2_E780_V0472,S3,C2,V0472,E780,60.5,30.0,1920x1080,2023-09-29 18:00:17,S3/C2/S3_C2_E780_V0472.mp4,True,True
S3_C2_E781_V0473,S3,C2,V0473,E781,60.5,30.0,1920x1080,2023-09-29 18:15:44,S3/C2/S3_C2_E781_V0473.mp4,True,True
S3_C2_E782_V0474,S3,C2,V0474,E782,4.5,30.0,1920x1080,2023-09-29 19:21:16,S3/C2/S3_C2_E782_V0474.mp4,True,True
S3_C2_E782_V0475,S3,C2,V0475,E782,1.0,30.0,1920x1080,2023-09-29 19:21:18,S3/C2/S3_C2_E782_V0475.mp4,True,True
S3_C2_E782_V0476,S3,C2,V0476,E782,1.5,30.0,1920x1080,2023-09-29 19:21:20,S3/C2/S3_C2_E782_V0476.mp4,True,True
S3_C2_E782_V0477,S3,C2,V0477,E782,1.0,30.0,1920x1080,2023-09-29 19:21:24,S3/C2/S3_C2_E782_V0477.mp4,True,True
S3_C2_E782_V0478,S3,C2,V0478,E782,1.0,30.0,1920x1080,2023-09-29 19:21:26,S3/C2/S3_C2_E782_V0478.mp4,True,True
S3_C2_E782_V0479,S3,C2,V0479,E782,1.5,30.0,1920x1080,2023-09-29 19:21:30,S3/C2/S3_C2_E782_V0479.mp4,True,True
S3_C2_E782_V0480,S3,C2,V0480,E782,1.5,30.0,1920x1080,2023-09-29 19:21:40,S3/C2/S3_C2_E782_V0480.mp4,True,True
S3_C2_E782_V0481,S3,C2,V0481,E782,3.0,30.0,1920x1080,2023-09-29 19:23:28,S3/C2/S3_C2_E782_V0481.mp4,True,True
S3_C2_E782_V0482,S3,C2,V0482,E782,3.0,30.0,1920x1080,2023-09-29 19:27:06,S3/C2/S3_C2_E782_V0482.mp4,True,True
S3_C2_E783_V0483,S3,C2,V0483,E783,2.0,30.0,1920x1080,2023-09-29 20:45:28,S3/C2/S3_C2_E783_V0483.mp4,True,True
S3_C2_E783_V0484,S3,C2,V0484,E783,1.5,30.0,1920x1080,2023-09-29 20:46:14,S3/C2/S3_C2_E783_V0484.mp4,True,True
S3_C2_E783_V0485,S3,C2,V0485,E783,1.5,30.0,1920x1080,2023-09-29 20:47:16,S3/C2/S3_C2_E783_V0485.mp4,True,True
S3_C2_E783_V0486,S3,C2,V0486,E783,1.0,30.0,1920x1080,2023-09-29 20:47:24,S3/C2/S3_C2_E783_V0486.mp4,True,True
S3_C2_E783_V0487,S3,C2,V0487,E783,1.0,30.0,1920x1080,2023-09-29 20:47:32,S3/C2/S3_C2_E783_V0487.mp4,True,True
S3_C2_E783_V0488,S3,C2,V0488,E783,1.0,30.0,1920x1080,2023-09-29 20:47:54,S3/C2/S3_C2_E783_V0488.mp4,True,True
S3_C2_E783_V0489,S3,C2,V0489,E783,1.0,30.0,1920x1080,2023-09-29 20:48:04,S3/C2/S3_C2_E783_V0489.mp4,True,True
S3_C2_E783_V0490,S3,C2,V0490,E783,1.0,30.0,1920x1080,2023-09-29 20:48:14,S3/C2/S3_C2_E783_V0490.mp4,True,True
S3_C2_E783_V0491,S3,C2,V0491,E783,1.0,30.0,1920x1080,2023-09-29 20:48:54,S3/C2/S3_C2_E783_V0491.mp4,True,True
S3_C2_E783_V0492,S3,C2,V0492,E783,0.5,30.0,1920x1080,2023-09-29 20:49:06,S3/C2/S3_C2_E783_V0492.mp4,True,True
S3_C2_E783_V0493,S3,C2,V0493,E783,1.0,30.0,1920x1080,2023-09-29 20:50:14,S3/C2/S3_C2_E783_V0493.mp4,True,True
S3_C2_E783_V0494,S3,C2,V0494,E783,1.0,30.0,1920x1080,2023-09-29 20:50:26,S3/C2/S3_C2_E783_V0494.mp4,True,True
S3_C2_E783_V0495,S3,C2,V0495,E783,1.0,30.0,1920x1080,2023-09-29 20:51:44,S3/C2/S3_C2_E783_V0495.mp4,True,True
S3_C2_E785_V0497,S3,C2,V0497,E785,15.0,30.0,1920x1080,2023-09-30 06:01:50,S3/C2/S3_C2_E785_V0497.mp4,True,True
S3_C2_E785_V0498,S3,C2,V0498,E785,8.5,30.0,1920x1080,2023-09-30 06:02:22,S3/C2/S3_C2_E785_V0498.mp4,True,True
S3_C2_E786_V0499,S3,C2,V0499,E786,9.0,30.0,1920x1080,2023-09-30 06:40:08,S3/C2/S3_C2_E786_V0499.mp4,True,True
S3_C2_E786_V0500,S3,C2,V0500,E786,4.5,30.0,1920x1080,2023-09-30 06:40:22,S3/C2/S3_C2_E786_V0500.mp4,True,True
S3_C2_E786_V0501,S3,C2,V0501,E786,1.0,30.0,1920x1080,2023-09-30 06:40:24,S3/C2/S3_C2_E786_V0501.mp4,True,True
S3_C2_E786_V0502,S3,C2,V0502,E786,3.0,30.0,1920x1080,2023-09-30 06:40:34,S3/C2/S3_C2_E786_V0502.mp4,True,True
S3_C2_E786_V0503,S3,C2,V0503,E786,1.5,30.0,1920x1080,2023-09-30 06:40:38,S3/C2/S3_C2_E786_V0503.mp4,True,True
S3_C2_E786_V0504,S3,C2,V0504,E786,5.5,30.0,1920x1080,2023-09-30 06:42:00,S3/C2/S3_C2_E786_V0504.mp4,True,True
S3_C2_E786_V0505,S3,C2,V0505,E786,5.5,30.0,1920x1080,2023-09-30 06:43:40,S3/C2/S3_C2_E786_V0505.mp4,True,True
S3_C2_E787_V0506,S3,C2,V0506,E787,60.5,30.0,1920x1080,2023-09-30 18:56:14,S3/C2/S3_C2_E787_V0506.mp4,True,True
S3_C2_E788_V0507,S3,C2,V0507,E788,1.0,30.0,1920x1080,2023-09-30 19:57:00,S3/C2/S3_C2_E788_V0507.mp4,True,True
S3_C2_E788_V0508,S3,C2,V0508,E788,1.0,30.0,1920x1080,2023-09-30 19:57:02,S3/C2/S3_C2_E788_V0508.mp4,True,True
S3_C2_E788_V0509,S3,C2,V0509,E788,0.4666666666666667,30.0,1920x1080,2023-09-30 19:57:06,S3/C2/S3_C2_E788_V0509.mp4,True,True
S3_C2_E788_V0510,S3,C2,V0510,E788,0.5,30.0,1920x1080,2023-09-30 19:57:09,S3/C2/S3_C2_E788_V0510.mp4,True,True
S3_C2_E788_V0511,S3,C2,V0511,E788,1.5,30.0,1920x1080,2023-09-30 19:58:00,S3/C2/S3_C2_E788_V0511.mp4,True,True
S3_C2_E788_V0512,S3,C2,V0512,E788,1.0,30.0,1920x1080,2023-09-30 19:58:02,S3/C2/S3_C2_E788_V0512.mp4,True,True
S3_C2_E789_V0513,S3,C2,V0513,E789,8.5,30.0,1920x1080,2023-10-01 03:00:54,S3/C2/S3_C2_E789_V0513.mp4,True,True
S3_C2_E790_V0514,S3,C2,V0514,E790,8.0,30.0,1920x1080,2023-10-01 03:06:32,S3/C2/S3_C2_E790_V0514.mp4,True,True
S3_C2_E791_V0515,S3,C2,V0515,E791,6.5,30.0,1920x1080,2023-10-01 04:47:58,S3/C2/S3_C2_E791_V0515.mp4,True,True
S3_C2_E791_V0516,S3,C2,V0516,E791,5.0,30.0,1920x1080,2023-10-01 04:48:58,S3/C2/S3_C2_E791_V0516.mp4,True,True
S3_C2_E791_V0517,S3,C2,V0517,E791,5.0,30.0,1920x1080,2023-10-01 04:50:16,S3/C2/S3_C2_E791_V0517.mp4,True,True
S3_C2_E791_V0518,S3,C2,V0518,E791,1.5,30.0,1920x1080,2023-10-01 04:50:18,S3/C2/S3_C2_E791_V0518.mp4,True,True
S3_C2_E791_V0519,S3,C2,V0519,E791,1.0,30.0,1920x1080,2023-10-01 04:50:20,S3/C2/S3_C2_E791_V0519.mp4,True,True
S3_C2_E791_V0520,S3,C2,V0520,E791,0.5,30.0,1920x1080,2023-10-01 04:50:22,S3/C2/S3_C2_E791_V0520.mp4,True,True
S3_C2_E792_V0521,S3,C2,V0521,E792,60.5,30.0,1920x1080,2023-10-01 13:15:50,S3/C2/S3_C2_E792_V0521.mp4,False,True
S3_C2_E792_V0522,S3,C2,V0522,E792,60.5,30.0,1920x1080,2023-10-01 13:32:00,S3/C2/S3_C2_E792_V0522.mp4,False,True
S3_C2_E792_V0523,S3,C2,V0523,E792,60.5,30.0,1920x1080,2023-10-01 13:49:40,S3/C2/S3_C2_E792_V0523.mp4,False,True
S3_C2_E792_V0524,S3,C2,V0524,E792,60.5,30.0,1920x1080,2023-10-01 13:50:44,S3/C2/S3_C2_E792_V0524.mp4,False,True
S3_C2_E792_V0525,S3,C2,V0525,E792,60.5,30.0,1920x1080,2023-10-01 13:53:22,S3/C2/S3_C2_E792_V0525.mp4,False,True
S3_C2_E792_V0526,S3,C2,V0526,E792,60.5,30.0,1920x1080,2023-10-01 13:54:24,S3/C2/S3_C2_E792_V0526.mp4,False,True
S3_C2_E792_V0527,S3,C2,V0527,E792,60.5,30.0,1920x1080,2023-10-01 17:09:16,S3/C2/S3_C2_E792_V0527.mp4,False,True
S3_C2_E792_V0528,S3,C2,V0528,E792,60.5,30.0,1920x1080,2023-10-01 17:18:22,S3/C2/S3_C2_E792_V0528.mp4,False,True
S3_C2_E792_V0529,S3,C2,V0529,E792,60.5,30.0,1920x1080,2023-10-01 17:19:44,S3/C2/S3_C2_E792_V0529.mp4,False,True
S3_C2_E792_V0530,S3,C2,V0530,E792,60.5,30.0,1920x1080,2023-10-01 17:21:04,S3/C2/S3_C2_E792_V0530.mp4,False,True
S3_C2_E792_V0531,S3,C2,V0531,E792,60.5,30.0,1920x1080,2023-10-01 17:22:54,S3/C2/S3_C2_E792_V0531.mp4,False,True
S3_C2_E792_V0532,S3,C2,V0532,E792,60.5,30.0,1920x1080,2023-10-01 17:32:08,S3/C2/S3_C2_E792_V0532.mp4,False,True
S3_C2_E792_V0533,S3,C2,V0533,E792,60.5,30.0,1920x1080,2023-10-01 17:33:24,S3/C2/S3_C2_E792_V0533.mp4,False,True
S3_C2_E799_V0535,S3,C2,V0535,E799,60.5,30.0,1920x1080,2023-10-02 16:52:14,S3/C2/S3_C2_E799_V0535.mp4,True,True
S3_C2_E800_V0536,S3,C2,V0536,E800,60.5,30.0,1920x1080,2023-10-02 17:10:16,S3/C2/S3_C2_E800_V0536.mp4,True,True
S3_C2_E801_V0537,S3,C2,V0537,E801,60.5,30.0,1920x1080,2023-10-02 17:41:52,S3/C2/S3_C2_E801_V0537.mp4,False,True
S3_C2_E802_V0538,S3,C2,V0538,E802,60.5,30.0,1920x1080,2023-10-02 18:51:56,S3/C2/S3_C2_E802_V0538.mp4,True,True
S3_C2_E803_V0539,S3,C2,V0539,E803,10.5,30.0,1920x1080,2023-10-02 23:44:04,S3/C2/S3_C2_E803_V0539.mp4,True,True
S3_C2_E803_V0540,S3,C2,V0540,E803,6.5,30.0,1920x1080,2023-10-02 23:44:32,S3/C2/S3_C2_E803_V0540.mp4,True,True
S3_C2_E803_V0541,S3,C2,V0541,E803,6.0,30.0,1920x1080,2023-10-02 23:45:06,S3/C2/S3_C2_E803_V0541.mp4,True,True
S3_C2_E803_V0542,S3,C2,V0542,E803,7.0,30.0,1920x1080,2023-10-02 23:47:24,S3/C2/S3_C2_E803_V0542.mp4,True,True
S3_C2_E803_V0543,S3,C2,V0543,E803,3.0,30.0,1920x1080,2023-10-02 23:48:02,S3/C2/S3_C2_E803_V0543.mp4,True,True
S3_C2_E803_V0544,S3,C2,V0544,E803,4.5,30.0,1920x1080,2023-10-02 23:48:30,S3/C2/S3_C2_E803_V0544.mp4,True,True
S3_C2_E803_V0545,S3,C2,V0545,E803,2.5,30.0,1920x1080,2023-10-02 23:49:04,S3/C2/S3_C2_E803_V0545.mp4,True,True
S3_C2_E803_V0546,S3,C2,V0546,E803,1.0,30.0,1920x1080,2023-10-02 23:49:08,S3/C2/S3_C2_E803_V0546.mp4,True,True
S3_C2_E803_V0547,S3,C2,V0547,E803,1.0,30.0,1920x1080,2023-10-02 23:49:14,S3/C2/S3_C2_E803_V0547.mp4,True,True
S3_C2_E803_V0548,S3,C2,V0548,E803,2.0,30.0,1920x1080,2023-10-02 23:49:26,S3/C2/S3_C2_E803_V0548.mp4,True,True
S3_C2_E803_V0549,S3,C2,V0549,E803,4.0,30.0,1920x1080,2023-10-02 23:49:58,S3/C2/S3_C2_E803_V0549.mp4,True,True
S3_C2_E804_V0550,S3,C2,V0550,E804,5.0,30.0,1920x1080,2023-10-03 00:31:14,S3/C2/S3_C2_E804_V0550.mp4,True,True
S3_C2_E804_V0551,S3,C2,V0551,E804,4.0,30.0,1920x1080,2023-10-03 00:31:42,S3/C2/S3_C2_E804_V0551.mp4,True,True
S3_C2_E806_V0553,S3,C2,V0553,E806,15.0,30.0,1920x1080,2023-10-04 01:41:44,S3/C2/S3_C2_E806_V0553.mp4,True,True
S3_C2_E806_V0554,S3,C2,V0554,E806,5.5,30.0,1920x1080,2023-10-04 01:41:56,S3/C2/S3_C2_E806_V0554.mp4,True,True
S3_C2_E806_V0555,S3,C2,V0555,E806,1.5,30.0,1920x1080,2023-10-04 01:41:58,S3/C2/S3_C2_E806_V0555.mp4,True,True
S3_C2_E807_V0556,S3,C2,V0556,E807,5.0,30.0,1920x1080,2023-10-04 04:39:00,S3/C2/S3_C2_E807_V0556.mp4,True,True
S3_C2_E809_V0558,S3,C2,V0558,E809,60.5,30.0,1920x1080,2023-10-04 14:49:02,S3/C2/S3_C2_E809_V0558.mp4,False,True
S3_C3_E407_V0058,S3,C3,V0058,E407,20.5,30.0,1920x1080,2023-08-24 00:46:32,S3/C3/S3_C3_E407_V0058.mp4,True,True
S3_C3_E407_V0059,S3,C3,V0059,E407,20.5,30.0,1920x1080,2023-08-24 00:46:54,S3/C3/S3_C3_E407_V0059.mp4,True,True
S3_C3_E407_V0060,S3,C3,V0060,E407,20.5,30.0,1920x1080,2023-08-24 00:47:17,S3/C3/S3_C3_E407_V0060.mp4,True,True
S3_C3_E418_V0067,S3,C3,V0067,E418,20.5,30.0,1920x1080,2023-08-25 01:25:20,S3/C3/S3_C3_E418_V0067.mp4,True,True
S3_C3_E418_V0068,S3,C3,V0068,E418,20.5,30.0,1920x1080,2023-08-25 01:25:42,S3/C3/S3_C3_E418_V0068.mp4,True,True
S3_C3_E418_V0069,S3,C3,V0069,E418,20.5,30.0,1920x1080,2023-08-25 01:26:04,S3/C3/S3_C3_E418_V0069.mp4,True,True
S3_C3_E418_V0070,S3,C3,V0070,E418,20.5,30.0,1920x1080,2023-08-25 01:26:47,S3/C3/S3_C3_E418_V0070.mp4,True,True
S3_C3_E418_V0071,S3,C3,V0071,E418,20.5,30.0,1920x1080,2023-08-25 01:27:18,S3/C3/S3_C3_E418_V0071.mp4,True,True
S3_C3_E418_V0072,S3,C3,V0072,E418,20.5,30.0,1920x1080,2023-08-25 01:27:40,S3/C3/S3_C3_E418_V0072.mp4,True,True
S3_C3_E418_V0073,S3,C3,V0073,E418,20.5,30.0,1920x1080,2023-08-25 01:28:14,S3/C3/S3_C3_E418_V0073.mp4,True,True
S3_C3_E418_V0074,S3,C3,V0074,E418,20.5,30.0,1920x1080,2023-08-25 01:28:50,S3/C3/S3_C3_E418_V0074.mp4,True,True
S3_C3_E418_V0075,S3,C3,V0075,E418,20.5,30.0,1920x1080,2023-08-25 01:29:24,S3/C3/S3_C3_E418_V0075.mp4,True,True
S3_C3_E418_V0076,S3,C3,V0076,E418,20.5,30.0,1920x1080,2023-08-25 01:29:48,S3/C3/S3_C3_E418_V0076.mp4,True,True
S3_C3_E418_V0077,S3,C3,V0077,E418,20.5,30.0,1920x1080,2023-08-25 01:30:11,S3/C3/S3_C3_E418_V0077.mp4,True,True
S3_C3_E419_V0078,S3,C3,V0078,E419,20.5,30.0,1920x1080,2023-08-25 03:02:04,S3/C3/S3_C3_E419_V0078.mp4,True,True
S3_C3_E419_V0079,S3,C3,V0079,E419,20.5,30.0,1920x1080,2023-08-25 03:03:44,S3/C3/S3_C3_E419_V0079.mp4,True,True
S3_C3_E419_V0080,S3,C3,V0080,E419,20.5,30.0,1920x1080,2023-08-25 03:04:06,S3/C3/S3_C3_E419_V0080.mp4,True,True
S3_C3_E419_V0081,S3,C3,V0081,E419,20.5,30.0,1920x1080,2023-08-25 03:04:34,S3/C3/S3_C3_E419_V0081.mp4,True,True
S3_C3_E419_V0082,S3,C3,V0082,E419,20.5,30.0,1920x1080,2023-08-25 03:05:30,S3/C3/S3_C3_E419_V0082.mp4,True,True
S3_C3_E419_V0083,S3,C3,V0083,E419,20.5,30.0,1920x1080,2023-08-25 03:05:52,S3/C3/S3_C3_E419_V0083.mp4,True,True
S3_C3_E419_V0084,S3,C3,V0084,E419,20.5,30.0,1920x1080,2023-08-25 03:06:14,S3/C3/S3_C3_E419_V0084.mp4,True,True
S3_C3_E419_V0085,S3,C3,V0085,E419,20.5,30.0,1920x1080,2023-08-25 03:06:40,S3/C3/S3_C3_E419_V0085.mp4,True,True
S3_C3_E419_V0086,S3,C3,V0086,E419,20.5,30.0,1920x1080,2023-08-25 03:07:02,S3/C3/S3_C3_E419_V0086.mp4,True,True
S3_C3_E437_V0095,S3,C3,V0095,E437,20.5,30.0,1920x1080,2023-08-26 00:39:05,S3/C3/S3_C3_E437_V0095.mp4,True,True
S3_C3_E437_V0096,S3,C3,V0096,E437,20.5,30.0,1920x1080,2023-08-26 00:39:26,S3/C3/S3_C3_E437_V0096.mp4,True,True
S3_C3_E437_V0097,S3,C3,V0097,E437,20.5,30.0,1920x1080,2023-08-26 00:41:10,S3/C3/S3_C3_E437_V0097.mp4,True,True
S3_C3_E437_V0098,S3,C3,V0098,E437,20.5,30.0,1920x1080,2023-08-26 00:41:30,S3/C3/S3_C3_E437_V0098.mp4,True,True
S3_C3_E437_V0099,S3,C3,V0099,E437,20.5,30.0,1920x1080,2023-08-26 00:41:56,S3/C3/S3_C3_E437_V0099.mp4,True,True
S3_C3_E444_V0115,S3,C3,V0115,E444,20.5,30.0,1920x1080,2023-08-27 00:53:30,S3/C3/S3_C3_E444_V0115.mp4,True,False
S3_C3_E444_V0116,S3,C3,V0116,E444,20.5,30.0,1920x1080,2023-08-27 00:53:52,S3/C3/S3_C3_E444_V0116.mp4,True,False
S3_C3_E444_V0117,S3,C3,V0117,E444,20.5,30.0,1920x1080,2023-08-27 00:54:14,S3/C3/S3_C3_E444_V0117.mp4,True,False
S3_C3_E444_V0118,S3,C3,V0118,E444,20.5,30.0,1920x1080,2023-08-27 00:54:42,S3/C3/S3_C3_E444_V0118.mp4,True,False
S3_C3_E444_V0119,S3,C3,V0119,E444,20.5,30.0,1920x1080,2023-08-27 00:55:08,S3/C3/S3_C3_E444_V0119.mp4,True,False
S3_C3_E444_V0120,S3,C3,V0120,E444,20.5,30.0,1920x1080,2023-08-27 00:56:50,S3/C3/S3_C3_E444_V0120.mp4,True,False
S3_C3_E444_V0121,S3,C3,V0121,E444,20.5,30.0,1920x1080,2023-08-27 01:00:44,S3/C3/S3_C3_E444_V0121.mp4,True,False
S3_C3_E444_V0122,S3,C3,V0122,E444,20.5,30.0,1920x1080,2023-08-27 01:01:06,S3/C3/S3_C3_E444_V0122.mp4,True,False
S3_C3_E444_V0123,S3,C3,V0123,E444,20.5,30.0,1920x1080,2023-08-27 01:02:58,S3/C3/S3_C3_E444_V0123.mp4,True,False
S3_C3_E444_V0124,S3,C3,V0124,E444,20.5,30.0,1920x1080,2023-08-27 01:03:38,S3/C3/S3_C3_E444_V0124.mp4,True,False
S3_C3_E444_V0125,S3,C3,V0125,E444,20.5,30.0,1920x1080,2023-08-27 01:04:00,S3/C3/S3_C3_E444_V0125.mp4,True,False
S3_C3_E444_V0126,S3,C3,V0126,E444,20.5,30.0,1920x1080,2023-08-27 01:07:32,S3/C3/S3_C3_E444_V0126.mp4,True,False
S3_C3_E444_V0127,S3,C3,V0127,E444,20.5,30.0,1920x1080,2023-08-27 02:01:04,S3/C3/S3_C3_E444_V0127.mp4,True,False
S3_C3_E444_V0128,S3,C3,V0128,E444,20.5,30.0,1920x1080,2023-08-27 02:01:32,S3/C3/S3_C3_E444_V0128.mp4,True,False
S3_C3_E444_V0129,S3,C3,V0129,E444,20.5,30.0,1920x1080,2023-08-27 02:10:46,S3/C3/S3_C3_E444_V0129.mp4,True,False
S3_C3_E444_V0130,S3,C3,V0130,E444,20.5,30.0,1920x1080,2023-08-27 02:13:50,S3/C3/S3_C3_E444_V0130.mp4,True,False
S3_C3_E444_V0131,S3,C3,V0131,E444,20.5,30.0,1920x1080,2023-08-27 02:14:46,S3/C3/S3_C3_E444_V0131.mp4,True,False
S3_C3_E444_V0132,S3,C3,V0132,E444,20.5,30.0,1920x1080,2023-08-27 02:15:08,S3/C3/S3_C3_E444_V0132.mp4,True,False
S3_C3_E444_V0133,S3,C3,V0133,E444,20.5,30.0,1920x1080,2023-08-27 02:15:58,S3/C3/S3_C3_E444_V0133.mp4,True,False
S3_C3_E444_V0134,S3,C3,V0134,E444,20.5,30.0,1920x1080,2023-08-27 02:41:44,S3/C3/S3_C3_E444_V0134.mp4,True,False
S3_C3_E444_V0135,S3,C3,V0135,E444,20.5,30.0,1920x1080,2023-08-27 02:42:52,S3/C3/S3_C3_E444_V0135.mp4,True,False
S3_C3_E444_V0136,S3,C3,V0136,E444,20.5,30.0,1920x1080,2023-08-27 03:02:20,S3/C3/S3_C3_E444_V0136.mp4,True,False
S3_C3_E444_V0137,S3,C3,V0137,E444,20.5,30.0,1920x1080,2023-08-27 03:03:22,S3/C3/S3_C3_E444_V0137.mp4,True,False
S3_C3_E444_V0138,S3,C3,V0138,E444,20.5,30.0,1920x1080,2023-08-27 03:03:48,S3/C3/S3_C3_E444_V0138.mp4,True,False
S3_C3_E444_V0139,S3,C3,V0139,E444,20.5,30.0,1920x1080,2023-08-27 03:06:00,S3/C3/S3_C3_E444_V0139.mp4,True,False
S3_C3_E444_V0140,S3,C3,V0140,E444,20.5,30.0,1920x1080,2023-08-27 03:08:24,S3/C3/S3_C3_E444_V0140.mp4,True,False
S3_C3_E444_V0141,S3,C3,V0141,E444,20.5,30.0,1920x1080,2023-08-27 03:10:00,S3/C3/S3_C3_E444_V0141.mp4,True,False
S3_C3_E444_V0142,S3,C3,V0142,E444,20.5,30.0,1920x1080,2023-08-27 03:13:30,S3/C3/S3_C3_E444_V0142.mp4,True,False
S3_C3_E444_V0143,S3,C3,V0143,E444,20.5,30.0,1920x1080,2023-08-27 03:13:56,S3/C3/S3_C3_E444_V0143.mp4,True,False
S3_C3_E444_V0144,S3,C3,V0144,E444,20.5,30.0,1920x1080,2023-08-27 03:15:38,S3/C3/S3_C3_E444_V0144.mp4,True,False
S3_C3_E444_V0145,S3,C3,V0145,E444,20.5,30.0,1920x1080,2023-08-27 03:16:56,S3/C3/S3_C3_E444_V0145.mp4,True,False
S3_C3_E444_V0146,S3,C3,V0146,E444,20.5,30.0,1920x1080,2023-08-27 03:23:56,S3/C3/S3_C3_E444_V0146.mp4,True,False
S3_C3_E444_V0147,S3,C3,V0147,E444,20.5,30.0,1920x1080,2023-08-27 03:37:40,S3/C3/S3_C3_E444_V0147.mp4,True,False
S3_C3_E444_V0148,S3,C3,V0148,E444,20.5,30.0,1920x1080,2023-08-27 03:42:24,S3/C3/S3_C3_E444_V0148.mp4,True,False
S3_C3_E444_V0149,S3,C3,V0149,E444,20.5,30.0,1920x1080,2023-08-27 04:05:38,S3/C3/S3_C3_E444_V0149.mp4,True,False
S3_C3_E444_V0150,S3,C3,V0150,E444,20.5,30.0,1920x1080,2023-08-27 04:11:20,S3/C3/S3_C3_E444_V0150.mp4,True,False
S3_C3_E444_V0151,S3,C3,V0151,E444,20.5,30.0,1920x1080,2023-08-27 04:12:02,S3/C3/S3_C3_E444_V0151.mp4,True,False
S3_C3_E444_V0152,S3,C3,V0152,E444,20.5,30.0,1920x1080,2023-08-27 04:12:56,S3/C3/S3_C3_E444_V0152.mp4,True,False
S3_C3_E444_V0153,S3,C3,V0153,E444,20.5,30.0,1920x1080,2023-08-27 04:13:22,S3/C3/S3_C3_E444_V0153.mp4,True,False
S3_C3_E444_V0154,S3,C3,V0154,E444,20.5,30.0,1920x1080,2023-08-27 04:13:50,S3/C3/S3_C3_E444_V0154.mp4,True,False
S3_C3_E444_V0155,S3,C3,V0155,E444,20.5,30.0,1920x1080,2023-08-27 04:14:12,S3/C3/S3_C3_E444_V0155.mp4,True,False
S3_C3_E444_V0156,S3,C3,V0156,E444,20.5,30.0,1920x1080,2023-08-27 04:15:06,S3/C3/S3_C3_E444_V0156.mp4,True,False
S3_C3_E444_V0157,S3,C3,V0157,E444,20.5,30.0,1920x1080,2023-08-27 04:17:08,S3/C3/S3_C3_E444_V0157.mp4,True,False
S3_C3_E444_V0158,S3,C3,V0158,E444,20.5,30.0,1920x1080,2023-08-27 04:17:58,S3/C3/S3_C3_E444_V0158.mp4,True,False
S3_C3_E453_V0159,S3,C3,V0159,E453,20.5,30.0,1920x1080,2023-08-27 05:56:08,S3/C3/S3_C3_E453_V0159.mp4,True,True
S3_C3_E453_V0160,S3,C3,V0160,E453,20.5,30.0,1920x1080,2023-08-27 05:56:50,S3/C3/S3_C3_E453_V0160.mp4,True,True
S3_C3_E453_V0161,S3,C3,V0161,E453,20.5,30.0,1920x1080,2023-08-27 05:57:10,S3/C3/S3_C3_E453_V0161.mp4,True,True
S3_C3_E454_V0162,S3,C3,V0162,E454,20.5,30.0,1920x1080,2023-08-27 20:40:44,S3/C3/S3_C3_E454_V0162.mp4,True,True
S3_C3_E454_V0163,S3,C3,V0163,E454,20.5,30.0,1920x1080,2023-08-27 20:41:20,S3/C3/S3_C3_E454_V0163.mp4,True,True
S3_C3_E454_V0164,S3,C3,V0164,E454,20.5,30.0,1920x1080,2023-08-27 20:41:44,S3/C3/S3_C3_E454_V0164.mp4,True,True
S3_C3_E454_V0165,S3,C3,V0165,E454,20.5,30.0,1920x1080,2023-08-27 20:42:06,S3/C3/S3_C3_E454_V0165.mp4,True,True
S3_C3_E454_V0166,S3,C3,V0166,E454,20.5,30.0,1920x1080,2023-08-27 20:42:34,S3/C3/S3_C3_E454_V0166.mp4,True,True
S3_C3_E454_V0167,S3,C3,V0167,E454,20.5,30.0,1920x1080,2023-08-27 20:44:10,S3/C3/S3_C3_E454_V0167.mp4,True,True
S3_C3_E455_V0168,S3,C3,V0168,E455,20.5,30.0,1920x1080,2023-08-27 23:00:42,S3/C3/S3_C3_E455_V0168.mp4,True,True
S3_C3_E455_V0169,S3,C3,V0169,E455,20.5,30.0,1920x1080,2023-08-27 23:01:06,S3/C3/S3_C3_E455_V0169.mp4,True,True
S3_C3_E455_V0170,S3,C3,V0170,E455,20.5,30.0,1920x1080,2023-08-27 23:01:50,S3/C3/S3_C3_E455_V0170.mp4,True,True
S3_C3_E460_V0171,S3,C3,V0171,E460,20.5,30.0,1920x1080,2023-08-28 21:30:32,S3/C3/S3_C3_E460_V0171.mp4,True,True
S3_C3_E460_V0172,S3,C3,V0172,E460,20.5,30.0,1920x1080,2023-08-28 21:31:06,S3/C3/S3_C3_E460_V0172.mp4,True,True
S3_C3_E460_V0173,S3,C3,V0173,E460,20.5,30.0,1920x1080,2023-08-28 21:31:26,S3/C3/S3_C3_E460_V0173.mp4,True,True
S3_C3_E460_V0174,S3,C3,V0174,E460,20.5,30.0,1920x1080,2023-08-28 21:31:50,S3/C3/S3_C3_E460_V0174.mp4,True,True
S3_C3_E460_V0175,S3,C3,V0175,E460,20.5,30.0,1920x1080,2023-08-28 21:32:14,S3/C3/S3_C3_E460_V0175.mp4,True,True
S3_C3_E460_V0176,S3,C3,V0176,E460,20.5,30.0,1920x1080,2023-08-28 21:32:42,S3/C3/S3_C3_E460_V0176.mp4,True,True
S3_C3_E460_V0177,S3,C3,V0177,E460,20.5,30.0,1920x1080,2023-08-28 21:33:08,S3/C3/S3_C3_E460_V0177.mp4,True,True
S3_C3_E461_V0178,S3,C3,V0178,E461,20.5,30.0,1920x1080,2023-08-28 21:41:10,S3/C3/S3_C3_E461_V0178.mp4,True,True
S3_C3_E462_V0179,S3,C3,V0179,E462,20.5,30.0,1920x1080,2023-08-29 01:27:40,S3/C3/S3_C3_E462_V0179.mp4,True,True
S3_C3_E462_V0180,S3,C3,V0180,E462,20.5,30.0,1920x1080,2023-08-29 01:28:00,S3/C3/S3_C3_E462_V0180.mp4,True,True
S3_C3_E462_V0181,S3,C3,V0181,E462,20.5,30.0,1920x1080,2023-08-29 01:28:23,S3/C3/S3_C3_E462_V0181.mp4,True,True
S3_C3_E476_V0212,S3,C3,V0212,E476,20.5,30.0,1920x1080,2023-08-30 23:33:18,S3/C3/S3_C3_E476_V0212.mp4,True,True
S3_C3_E476_V0213,S3,C3,V0213,E476,20.5,30.0,1920x1080,2023-08-30 23:33:40,S3/C3/S3_C3_E476_V0213.mp4,True,True
S3_C3_E476_V0214,S3,C3,V0214,E476,20.5,30.0,1920x1080,2023-08-30 23:34:02,S3/C3/S3_C3_E476_V0214.mp4,True,True
S3_C3_E476_V0215,S3,C3,V0215,E476,20.5,30.0,1920x1080,2023-08-30 23:34:26,S3/C3/S3_C3_E476_V0215.mp4,True,True
S3_C3_E476_V0216,S3,C3,V0216,E476,20.5,30.0,1920x1080,2023-08-30 23:34:49,S3/C3/S3_C3_E476_V0216.mp4,True,True
S3_C3_E476_V0217,S3,C3,V0217,E476,20.5,30.0,1920x1080,2023-08-30 23:35:08,S3/C3/S3_C3_E476_V0217.mp4,True,True
S3_C3_E476_V0218,S3,C3,V0218,E476,9.0,30.0,1920x1080,2023-08-30 23:35:20,S3/C3/S3_C3_E476_V0218.mp4,True,True
S3_C3_E476_V0219,S3,C3,V0219,E476,20.5,30.0,1920x1080,2023-08-30 23:36:30,S3/C3/S3_C3_E476_V0219.mp4,True,True
S3_C3_E476_V0220,S3,C3,V0220,E476,20.5,30.0,1920x1080,2023-08-30 23:36:58,S3/C3/S3_C3_E476_V0220.mp4,True,True
S3_C3_E476_V0221,S3,C3,V0221,E476,7.5,30.0,1920x1080,2023-08-30 23:37:08,S3/C3/S3_C3_E476_V0221.mp4,True,True
S3_C3_E476_V0222,S3,C3,V0222,E476,10.5,30.0,1920x1080,2023-08-30 23:37:23,S3/C3/S3_C3_E476_V0222.mp4,True,True
S3_C3_E476_V0223,S3,C3,V0223,E476,6.5,30.0,1920x1080,2023-08-30 23:37:32,S3/C3/S3_C3_E476_V0223.mp4,True,True
S3_C3_E476_V0224,S3,C3,V0224,E476,5.0,30.0,1920x1080,2023-08-30 23:37:38,S3/C3/S3_C3_E476_V0224.mp4,True,True
S3_C3_E476_V0225,S3,C3,V0225,E476,2.5,30.0,1920x1080,2023-08-30 23:37:42,S3/C3/S3_C3_E476_V0225.mp4,True,True
S3_C3_E476_V0226,S3,C3,V0226,E476,4.0,30.0,1920x1080,2023-08-30 23:37:48,S3/C3/S3_C3_E476_V0226.mp4,True,True
S3_C3_E476_V0227,S3,C3,V0227,E476,3.5,30.0,1920x1080,2023-08-30 23:37:52,S3/C3/S3_C3_E476_V0227.mp4,True,True
S3_C3_E476_V0228,S3,C3,V0228,E476,10.5,30.0,1920x1080,2023-08-30 23:38:10,S3/C3/S3_C3_E476_V0228.mp4,True,True
S3_C3_E476_V0229,S3,C3,V0229,E476,2.5,30.0,1920x1080,2023-08-30 23:38:14,S3/C3/S3_C3_E476_V0229.mp4,True,True
S3_C3_E476_V0230,S3,C3,V0230,E476,5.0,30.0,1920x1080,2023-08-30 23:38:20,S3/C3/S3_C3_E476_V0230.mp4,True,True
S3_C3_E476_V0231,S3,C3,V0231,E476,4.5,30.0,1920x1080,2023-08-30 23:38:26,S3/C3/S3_C3_E476_V0231.mp4,True,True
S3_C3_E476_V0232,S3,C3,V0232,E476,3.0,30.0,1920x1080,2023-08-30 23:38:30,S3/C3/S3_C3_E476_V0232.mp4,True,True
S3_C3_E476_V0233,S3,C3,V0233,E476,3.0,30.0,1920x1080,2023-08-30 23:38:34,S3/C3/S3_C3_E476_V0233.mp4,True,True
S3_C3_E476_V0234,S3,C3,V0234,E476,4.0,30.0,1920x1080,2023-08-30 23:38:40,S3/C3/S3_C3_E476_V0234.mp4,True,True
S3_C3_E477_V0235,S3,C3,V0235,E477,60.5,30.0,1920x1080,2023-08-31 10:06:18,S3/C3/S3_C3_E477_V0235.mp4,False,True
S3_C3_E478_V0236,S3,C3,V0236,E478,60.5,30.0,1920x1080,2023-08-31 10:19:16,S3/C3/S3_C3_E478_V0236.mp4,False,True
S3_C3_E478_V0237,S3,C3,V0237,E478,60.5,30.0,1920x1080,2023-08-31 10:20:28,S3/C3/S3_C3_E478_V0237.mp4,False,True
S3_C3_E484_V0251,S3,C3,V0251,E484,60.5,30.0,1920x1080,2023-08-31 14:02:26,S3/C3/S3_C3_E484_V0251.mp4,False,True
S3_C3_E486_V0253,S3,C3,V0253,E486,60.5,30.0,1920x1080,2023-09-01 10:25:58,S3/C3/S3_C3_E486_V0253.mp4,False,True
S3_C3_E486_V0254,S3,C3,V0254,E486,60.5,30.0,1920x1080,2023-09-01 10:30:06,S3/C3/S3_C3_E486_V0254.mp4,False,True
S3_C3_E486_V0255,S3,C3,V0255,E486,60.5,30.0,1920x1080,2023-09-01 10:31:30,S3/C3/S3_C3_E486_V0255.mp4,False,True
S3_C3_E486_V0256,S3,C3,V0256,E486,60.5,30.0,1920x1080,2023-09-01 10:35:06,S3/C3/S3_C3_E486_V0256.mp4,False,True
S3_C3_E491_V0261,S3,C3,V0261,E491,60.5,30.0,1920x1080,2023-09-01 11:39:38,S3/C3/S3_C3_E491_V0261.mp4,False,True
S3_C3_E495_V0265,S3,C3,V0265,E495,60.5,30.0,1920x1080,2023-09-01 12:55:32,S3/C3/S3_C3_E495_V0265.mp4,False,True
S3_C3_E495_V0266,S3,C3,V0266,E495,60.5,30.0,1920x1080,2023-09-01 12:57:46,S3/C3/S3_C3_E495_V0266.mp4,False,True
S3_C3_E495_V0267,S3,C3,V0267,E495,60.5,30.0,1920x1080,2023-09-01 12:58:56,S3/C3/S3_C3_E495_V0267.mp4,False,True
S3_C3_E495_V0268,S3,C3,V0268,E495,60.5,30.0,1920x1080,2023-09-01 13:00:32,S3/C3/S3_C3_E495_V0268.mp4,False,True
S3_C3_E495_V0269,S3,C3,V0269,E495,60.5,30.0,1920x1080,2023-09-01 13:04:06,S3/C3/S3_C3_E495_V0269.mp4,False,True
S3_C3_E496_V0270,S3,C3,V0270,E496,60.5,30.0,1920x1080,2023-09-01 13:17:42,S3/C3/S3_C3_E496_V0270.mp4,False,True
S3_C3_E496_V0271,S3,C3,V0271,E496,60.5,30.0,1920x1080,2023-09-01 13:20:38,S3/C3/S3_C3_E496_V0271.mp4,False,True
S3_C3_E501_V0277,S3,C3,V0277,E501,20.5,30.0,1920x1080,2023-09-02 05:24:36,S3/C3/S3_C3_E501_V0277.mp4,True,True
S3_C3_E501_V0278,S3,C3,V0278,E501,20.5,30.0,1920x1080,2023-09-02 05:25:00,S3/C3/S3_C3_E501_V0278.mp4,True,True
S3_C3_E501_V0279,S3,C3,V0279,E501,20.5,30.0,1920x1080,2023-09-02 05:25:22,S3/C3/S3_C3_E501_V0279.mp4,True,True
S3_C3_E501_V0280,S3,C3,V0280,E501,15.5,30.0,1920x1080,2023-09-02 05:25:54,S3/C3/S3_C3_E501_V0280.mp4,True,True
S3_C3_E503_V0282,S3,C3,V0282,E503,60.5,30.0,1920x1080,2023-09-02 11:21:04,S3/C3/S3_C3_E503_V0282.mp4,False,True
S3_C3_E503_V0283,S3,C3,V0283,E503,60.5,30.0,1920x1080,2023-09-02 11:22:14,S3/C3/S3_C3_E503_V0283.mp4,False,True
S3_C3_E503_V0284,S3,C3,V0284,E503,60.5,30.0,1920x1080,2023-09-02 11:24:30,S3/C3/S3_C3_E503_V0284.mp4,False,True
S3_C3_E503_V0285,S3,C3,V0285,E503,60.5,30.0,1920x1080,2023-09-02 11:27:48,S3/C3/S3_C3_E503_V0285.mp4,False,True
S3_C3_E503_V0286,S3,C3,V0286,E503,60.5,30.0,1920x1080,2023-09-02 11:33:24,S3/C3/S3_C3_E503_V0286.mp4,False,True
S3_C3_E503_V0287,S3,C3,V0287,E503,60.5,30.0,1920x1080,2023-09-02 11:34:32,S3/C3/S3_C3_E503_V0287.mp4,False,True
S3_C3_E504_V0288,S3,C3,V0288,E504,60.5,30.0,1920x1080,2023-09-02 11:42:10,S3/C3/S3_C3_E504_V0288.mp4,False,True
S3_C3_E505_V0289,S3,C3,V0289,E505,60.5,30.0,1920x1080,2023-09-02 11:58:18,S3/C3/S3_C3_E505_V0289.mp4,False,True
S3_C3_E505_V0290,S3,C3,V0290,E505,60.5,30.0,1920x1080,2023-09-02 11:59:56,S3/C3/S3_C3_E505_V0290.mp4,False,True
S3_C3_E506_V0291,S3,C3,V0291,E506,60.5,30.0,1920x1080,2023-09-02 12:10:26,S3/C3/S3_C3_E506_V0291.mp4,False,True
S3_C3_E507_V0292,S3,C3,V0292,E507,60.5,30.0,1920x1080,2023-09-02 12:20:48,S3/C3/S3_C3_E507_V0292.mp4,False,True
S3_C3_E508_V0293,S3,C3,V0293,E508,60.5,30.0,1920x1080,2023-09-02 12:32:54,S3/C3/S3_C3_E508_V0293.mp4,False,True
S3_C3_E515_V0313,S3,C3,V0313,E515,60.5,30.0,1920x1080,2023-09-02 18:27:58,S3/C3/S3_C3_E515_V0313.mp4,True,True
S3_C3_E515_V0314,S3,C3,V0314,E515,60.5,30.0,1920x1080,2023-09-02 18:29:00,S3/C3/S3_C3_E515_V0314.mp4,True,True
S3_C3_E515_V0315,S3,C3,V0315,E515,60.5,30.0,1920x1080,2023-09-02 18:30:18,S3/C3/S3_C3_E515_V0315.mp4,True,True
S3_C3_E515_V0316,S3,C3,V0316,E515,60.5,30.0,1920x1080,2023-09-02 18:31:26,S3/C3/S3_C3_E515_V0316.mp4,True,True
S3_C3_E523_V0324,S3,C3,V0324,E523,60.5,30.0,1920x1080,2023-09-03 17:55:26,S3/C3/S3_C3_E523_V0324.mp4,False,True
S3_C3_E524_V0325,S3,C3,V0325,E524,20.5,30.0,1920x1080,2023-09-03 23:18:46,S3/C3/S3_C3_E524_V0325.mp4,True,True
S3_C3_E524_V0326,S3,C3,V0326,E524,20.5,30.0,1920x1080,2023-09-03 23:19:08,S3/C3/S3_C3_E524_V0326.mp4,True,True
S3_C3_E524_V0327,S3,C3,V0327,E524,20.5,30.0,1920x1080,2023-09-03 23:19:44,S3/C3/S3_C3_E524_V0327.mp4,True,True
S3_C3_E524_V0328,S3,C3,V0328,E524,8.0,30.0,1920x1080,2023-09-03 23:19:56,S3/C3/S3_C3_E524_V0328.mp4,True,True
S3_C3_E524_V0329,S3,C3,V0329,E524,10.5,30.0,1920x1080,2023-09-03 23:20:22,S3/C3/S3_C3_E524_V0329.mp4,True,True
S3_C3_E524_V0330,S3,C3,V0330,E524,2.5,30.0,1920x1080,2023-09-03 23:20:26,S3/C3/S3_C3_E524_V0330.mp4,True,True
S3_C3_E524_V0331,S3,C3,V0331,E524,6.0,30.0,1920x1080,2023-09-03 23:20:38,S3/C3/S3_C3_E524_V0331.mp4,True,True
S3_C3_E524_V0332,S3,C3,V0332,E524,14.5,30.0,1920x1080,2023-09-03 23:21:40,S3/C3/S3_C3_E524_V0332.mp4,True,True
S3_C3_E524_V0333,S3,C3,V0333,E524,3.0,30.0,1920x1080,2023-09-03 23:21:46,S3/C3/S3_C3_E524_V0333.mp4,True,True
S3_C3_E525_V0334,S3,C3,V0334,E525,18.0,30.0,1920x1080,2023-09-04 03:01:26,S3/C3/S3_C3_E525_V0334.mp4,True,True
S3_C3_E525_V0335,S3,C3,V0335,E525,2.0,30.0,1920x1080,2023-09-04 03:01:28,S3/C3/S3_C3_E525_V0335.mp4,True,True
S3_C3_E525_V0336,S3,C3,V0336,E525,6.0,30.0,1920x1080,2023-09-04 03:01:46,S3/C3/S3_C3_E525_V0336.mp4,True,True
S3_C3_E525_V0337,S3,C3,V0337,E525,4.5,30.0,1920x1080,2023-09-04 03:01:58,S3/C3/S3_C3_E525_V0337.mp4,True,True
S3_C3_E525_V0338,S3,C3,V0338,E525,1.5,30.0,1920x1080,2023-09-04 03:02:00,S3/C3/S3_C3_E525_V0338.mp4,True,True
S3_C3_E525_V0339,S3,C3,V0339,E525,4.0,30.0,1920x1080,2023-09-04 03:02:14,S3/C3/S3_C3_E525_V0339.mp4,True,True
S3_C3_E525_V0340,S3,C3,V0340,E525,5.0,30.0,1920x1080,2023-09-04 03:02:40,S3/C3/S3_C3_E525_V0340.mp4,True,True
S3_C3_E525_V0341,S3,C3,V0341,E525,1.5,30.0,1920x1080,2023-09-04 03:02:44,S3/C3/S3_C3_E525_V0341.mp4,True,True
S3_C3_E525_V0342,S3,C3,V0342,E525,1.5,30.0,1920x1080,2023-09-04 03:02:46,S3/C3/S3_C3_E525_V0342.mp4,True,True
S3_C3_E525_V0343,S3,C3,V0343,E525,1.5,30.0,1920x1080,2023-09-04 03:02:50,S3/C3/S3_C3_E525_V0343.mp4,True,True
S3_C3_E525_V0344,S3,C3,V0344,E525,3.0,30.0,1920x1080,2023-09-04 03:03:06,S3/C3/S3_C3_E525_V0344.mp4,True,True
S3_C3_E526_V0345,S3,C3,V0345,E526,60.5,30.0,1920x1080,2023-09-04 06:36:40,S3/C3/S3_C3_E526_V0345.mp4,True,True
S3_C3_E529_V0348,S3,C3,V0348,E529,60.5,30.0,1920x1080,2023-09-04 11:20:34,S3/C3/S3_C3_E529_V0348.mp4,False,True
S3_C3_E529_V0349,S3,C3,V0349,E529,60.5,30.0,1920x1080,2023-09-04 11:22:16,S3/C3/S3_C3_E529_V0349.mp4,False,True
S3_C3_E529_V0350,S3,C3,V0350,E529,60.5,30.0,1920x1080,2023-09-04 11:23:16,S3/C3/S3_C3_E529_V0350.mp4,False,True
S3_C3_E529_V0351,S3,C3,V0351,E529,60.5,30.0,1920x1080,2023-09-04 11:24:22,S3/C3/S3_C3_E529_V0351.mp4,False,True
S3_C3_E532_V0354,S3,C3,V0354,E532,60.5,30.0,1920x1080,2023-09-04 12:05:12,S3/C3/S3_C3_E532_V0354.mp4,False,True
S3_C3_E532_V0355,S3,C3,V0355,E532,60.5,30.0,1920x1080,2023-09-04 12:07:46,S3/C3/S3_C3_E532_V0355.mp4,False,True
S3_C3_E532_V0356,S3,C3,V0356,E532,60.5,30.0,1920x1080,2023-09-04 12:08:52,S3/C3/S3_C3_E532_V0356.mp4,False,True
S3_C3_E532_V0357,S3,C3,V0357,E532,60.5,30.0,1920x1080,2023-09-04 12:12:36,S3/C3/S3_C3_E532_V0357.mp4,False,True
S3_C3_E532_V0358,S3,C3,V0358,E532,60.5,30.0,1920x1080,2023-09-04 12:14:19,S3/C3/S3_C3_E532_V0358.mp4,False,True
S3_C3_E532_V0359,S3,C3,V0359,E532,60.5,30.0,1920x1080,2023-09-04 12:17:52,S3/C3/S3_C3_E532_V0359.mp4,False,True
S3_C3_E534_V0361,S3,C3,V0361,E534,60.5,30.0,1920x1080,2023-09-04 12:36:44,S3/C3/S3_C3_E534_V0361.mp4,False,True
S3_C3_E534_V0362,S3,C3,V0362,E534,60.5,30.0,1920x1080,2023-09-04 12:40:28,S3/C3/S3_C3_E534_V0362.mp4,False,True
S3_C3_E534_V0363,S3,C3,V0363,E534,60.5,30.0,1920x1080,2023-09-04 12:44:30,S3/C3/S3_C3_E534_V0363.mp4,False,True
S3_C3_E534_V0364,S3,C3,V0364,E534,60.5,30.0,1920x1080,2023-09-04 12:47:52,S3/C3/S3_C3_E534_V0364.mp4,False,True
S3_C3_E535_V0365,S3,C3,V0365,E535,60.5,30.0,1920x1080,2023-09-04 13:00:28,S3/C3/S3_C3_E535_V0365.mp4,False,True
S3_C3_E535_V0366,S3,C3,V0366,E535,60.5,30.0,1920x1080,2023-09-04 13:03:58,S3/C3/S3_C3_E535_V0366.mp4,False,True
S3_C3_E535_V0367,S3,C3,V0367,E535,60.5,30.0,1920x1080,2023-09-04 13:06:32,S3/C3/S3_C3_E535_V0367.mp4,False,True
S3_C3_E536_V0368,S3,C3,V0368,E536,60.5,30.0,1920x1080,2023-09-04 13:19:06,S3/C3/S3_C3_E536_V0368.mp4,False,True
S3_C3_E540_V0373,S3,C3,V0373,E540,60.5,30.0,1920x1080,2023-09-04 13:56:00,S3/C3/S3_C3_E540_V0373.mp4,False,True
S3_C3_E540_V0374,S3,C3,V0374,E540,60.5,30.0,1920x1080,2023-09-04 13:58:50,S3/C3/S3_C3_E540_V0374.mp4,False,True
S3_C3_E541_V0375,S3,C3,V0375,E541,60.5,30.0,1920x1080,2023-09-04 14:12:14,S3/C3/S3_C3_E541_V0375.mp4,False,True
S3_C3_E541_V0376,S3,C3,V0376,E541,60.5,30.0,1920x1080,2023-09-04 14:16:48,S3/C3/S3_C3_E541_V0376.mp4,False,True
S3_C3_E545_V0381,S3,C3,V0381,E545,20.5,30.0,1920x1080,2023-09-04 21:20:14,S3/C3/S3_C3_E545_V0381.mp4,True,True
S3_C3_E545_V0382,S3,C3,V0382,E545,16.5,30.0,1920x1080,2023-09-04 21:20:30,S3/C3/S3_C3_E545_V0382.mp4,True,True
S3_C3_E545_V0383,S3,C3,V0383,E545,12.0,30.0,1920x1080,2023-09-04 21:21:02,S3/C3/S3_C3_E545_V0383.mp4,True,True
S3_C3_E545_V0384,S3,C3,V0384,E545,2.5,30.0,1920x1080,2023-09-04 21:21:06,S3/C3/S3_C3_E545_V0384.mp4,True,True
S3_C3_E545_V0385,S3,C3,V0385,E545,5.5,30.0,1920x1080,2023-09-04 21:21:18,S3/C3/S3_C3_E545_V0385.mp4,True,True
S3_C3_E545_V0386,S3,C3,V0386,E545,5.0,30.0,1920x1080,2023-09-04 21:21:32,S3/C3/S3_C3_E545_V0386.mp4,True,True
S3_C3_E545_V0387,S3,C3,V0387,E545,4.0,30.0,1920x1080,2023-09-04 21:21:40,S3/C3/S3_C3_E545_V0387.mp4,True,True
S3_C3_E545_V0388,S3,C3,V0388,E545,1.5,30.0,1920x1080,2023-09-04 21:21:44,S3/C3/S3_C3_E545_V0388.mp4,True,True
S3_C3_E545_V0389,S3,C3,V0389,E545,8.0,30.0,1920x1080,2023-09-04 21:22:20,S3/C3/S3_C3_E545_V0389.mp4,True,True
S3_C3_E545_V0390,S3,C3,V0390,E545,2.5,30.0,1920x1080,2023-09-04 21:22:24,S3/C3/S3_C3_E545_V0390.mp4,True,True
S3_C3_E545_V0391,S3,C3,V0391,E545,2.0,30.0,1920x1080,2023-09-04 21:22:29,S3/C3/S3_C3_E545_V0391.mp4,True,True
S3_C3_E545_V0392,S3,C3,V0392,E545,2.0,30.0,1920x1080,2023-09-04 21:22:32,S3/C3/S3_C3_E545_V0392.mp4,True,True
S3_C3_E545_V0393,S3,C3,V0393,E545,5.5,30.0,1920x1080,2023-09-04 21:22:56,S3/C3/S3_C3_E545_V0393.mp4,True,True
S3_C3_E545_V0394,S3,C3,V0394,E545,2.5,30.0,1920x1080,2023-09-04 21:23:04,S3/C3/S3_C3_E545_V0394.mp4,True,True
S3_C3_E545_V0395,S3,C3,V0395,E545,2.5,30.0,1920x1080,2023-09-04 21:23:10,S3/C3/S3_C3_E545_V0395.mp4,True,True
S3_C3_E545_V0396,S3,C3,V0396,E545,1.5,30.0,1920x1080,2023-09-04 21:23:12,S3/C3/S3_C3_E545_V0396.mp4,True,True
S3_C3_E545_V0397,S3,C3,V0397,E545,1.5,30.0,1920x1080,2023-09-04 21:23:16,S3/C3/S3_C3_E545_V0397.mp4,True,True
S3_C3_E545_V0398,S3,C3,V0398,E545,3.0,30.0,1920x1080,2023-09-04 21:23:26,S3/C3/S3_C3_E545_V0398.mp4,True,True
S3_C3_E545_V0399,S3,C3,V0399,E545,1.5,30.0,1920x1080,2023-09-04 21:23:30,S3/C3/S3_C3_E545_V0399.mp4,True,True
S3_C3_E545_V0400,S3,C3,V0400,E545,2.0,30.0,1920x1080,2023-09-04 21:23:34,S3/C3/S3_C3_E545_V0400.mp4,True,True
S3_C3_E545_V0401,S3,C3,V0401,E545,1.0,30.0,1920x1080,2023-09-04 21:23:36,S3/C3/S3_C3_E545_V0401.mp4,True,True
S3_C3_E545_V0402,S3,C3,V0402,E545,1.5,30.0,1920x1080,2023-09-04 21:23:40,S3/C3/S3_C3_E545_V0402.mp4,True,True
S3_C3_E545_V0403,S3,C3,V0403,E545,1.0,30.0,1920x1080,2023-09-04 21:23:42,S3/C3/S3_C3_E545_V0403.mp4,True,True
S3_C3_E545_V0404,S3,C3,V0404,E545,1.5,30.0,1920x1080,2023-09-04 21:23:46,S3/C3/S3_C3_E545_V0404.mp4,True,True
S3_C3_E545_V0405,S3,C3,V0405,E545,1.0,30.0,1920x1080,2023-09-04 21:23:48,S3/C3/S3_C3_E545_V0405.mp4,True,True
S3_C3_E545_V0406,S3,C3,V0406,E545,2.0,30.0,1920x1080,2023-09-04 21:23:54,S3/C3/S3_C3_E545_V0406.mp4,True,True
S3_C3_E545_V0407,S3,C3,V0407,E545,2.5,30.0,1920x1080,2023-09-04 21:24:04,S3/C3/S3_C3_E545_V0407.mp4,True,True
S3_C3_E545_V0408,S3,C3,V0408,E545,4.0,30.0,1920x1080,2023-09-04 21:24:22,S3/C3/S3_C3_E545_V0408.mp4,True,True
S3_C3_E545_V0409,S3,C3,V0409,E545,1.0,30.0,1920x1080,2023-09-04 21:24:24,S3/C3/S3_C3_E545_V0409.mp4,True,True
S3_C3_E545_V0410,S3,C3,V0410,E545,1.5,30.0,1920x1080,2023-09-04 21:24:28,S3/C3/S3_C3_E545_V0410.mp4,True,True
S3_C3_E545_V0411,S3,C3,V0411,E545,2.0,30.0,1920x1080,2023-09-04 21:24:35,S3/C3/S3_C3_E545_V0411.mp4,True,True
S3_C3_E545_V0412,S3,C3,V0412,E545,1.5,30.0,1920x1080,2023-09-04 21:24:38,S3/C3/S3_C3_E545_V0412.mp4,True,True
S3_C3_E545_V0413,S3,C3,V0413,E545,1.5,30.0,1920x1080,2023-09-04 21:24:40,S3/C3/S3_C3_E545_V0413.mp4,True,True
S3_C3_E545_V0414,S3,C3,V0414,E545,1.0,30.0,1920x1080,2023-09-04 21:24:42,S3/C3/S3_C3_E545_V0414.mp4,True,True
S3_C3_E545_V0415,S3,C3,V0415,E545,2.0,30.0,1920x1080,2023-09-04 21:24:50,S3/C3/S3_C3_E545_V0415.mp4,True,True
S3_C3_E545_V0416,S3,C3,V0416,E545,1.5,30.0,1920x1080,2023-09-04 21:24:54,S3/C3/S3_C3_E545_V0416.mp4,True,True
S3_C3_E545_V0417,S3,C3,V0417,E545,2.0,30.0,1920x1080,2023-09-04 21:25:02,S3/C3/S3_C3_E545_V0417.mp4,True,True
S3_C3_E545_V0418,S3,C3,V0418,E545,9.0,30.0,1920x1080,2023-09-04 21:26:32,S3/C3/S3_C3_E545_V0418.mp4,True,True
S3_C3_E545_V0419,S3,C3,V0419,E545,2.5,30.0,1920x1080,2023-09-04 21:26:36,S3/C3/S3_C3_E545_V0419.mp4,True,True
S3_C3_E545_V0420,S3,C3,V0420,E545,2.0,30.0,1920x1080,2023-09-04 21:26:40,S3/C3/S3_C3_E545_V0420.mp4,True,True
S3_C3_E545_V0421,S3,C3,V0421,E545,1.5,30.0,1920x1080,2023-09-04 21:26:44,S3/C3/S3_C3_E545_V0421.mp4,True,True
S3_C3_E545_V0422,S3,C3,V0422,E545,2.0,30.0,1920x1080,2023-09-04 21:26:50,S3/C3/S3_C3_E545_V0422.mp4,True,True
S3_C3_E545_V0423,S3,C3,V0423,E545,2.0,30.0,1920x1080,2023-09-04 21:26:56,S3/C3/S3_C3_E545_V0423.mp4,True,True
S3_C3_E545_V0424,S3,C3,V0424,E545,2.5,30.0,1920x1080,2023-09-04 21:27:02,S3/C3/S3_C3_E545_V0424.mp4,True,True
S3_C3_E545_V0425,S3,C3,V0425,E545,1.0,30.0,1920x1080,2023-09-04 21:27:04,S3/C3/S3_C3_E545_V0425.mp4,True,True
S3_C3_E545_V0426,S3,C3,V0426,E545,1.0,30.0,1920x1080,2023-09-04 21:27:06,S3/C3/S3_C3_E545_V0426.mp4,True,True
S3_C3_E545_V0427,S3,C3,V0427,E545,1.0,30.0,1920x1080,2023-09-04 21:27:10,S3/C3/S3_C3_E545_V0427.mp4,True,True
S3_C3_E545_V0428,S3,C3,V0428,E545,1.5,30.0,1920x1080,2023-09-04 21:27:12,S3/C3/S3_C3_E545_V0428.mp4,True,True
S3_C3_E545_V0429,S3,C3,V0429,E545,1.5,30.0,1920x1080,2023-09-04 21:27:17,S3/C3/S3_C3_E545_V0429.mp4,True,True
S3_C3_E545_V0430,S3,C3,V0430,E545,5.0,30.0,1920x1080,2023-09-04 21:27:46,S3/C3/S3_C3_E545_V0430.mp4,True,True
S3_C3_E545_V0431,S3,C3,V0431,E545,2.0,30.0,1920x1080,2023-09-04 21:27:50,S3/C3/S3_C3_E545_V0431.mp4,True,True
S3_C3_E545_V0432,S3,C3,V0432,E545,2.0,30.0,1920x1080,2023-09-04 21:27:56,S3/C3/S3_C3_E545_V0432.mp4,True,True
S3_C3_E545_V0433,S3,C3,V0433,E545,2.5,30.0,1920x1080,2023-09-04 21:28:06,S3/C3/S3_C3_E545_V0433.mp4,True,True
S3_C3_E545_V0434,S3,C3,V0434,E545,1.0,30.0,1920x1080,2023-09-04 21:28:08,S3/C3/S3_C3_E545_V0434.mp4,True,True
S3_C3_E545_V0435,S3,C3,V0435,E545,1.0,30.0,1920x1080,2023-09-04 21:28:10,S3/C3/S3_C3_E545_V0435.mp4,True,True
S3_C3_E545_V0436,S3,C3,V0436,E545,1.0,30.0,1920x1080,2023-09-04 21:28:14,S3/C3/S3_C3_E545_V0436.mp4,True,True
S3_C3_E545_V0437,S3,C3,V0437,E545,3.0,30.0,1920x1080,2023-09-04 21:28:28,S3/C3/S3_C3_E545_V0437.mp4,True,True
S3_C3_E545_V0438,S3,C3,V0438,E545,2.5,30.0,1920x1080,2023-09-04 21:28:38,S3/C3/S3_C3_E545_V0438.mp4,True,True
S3_C3_E545_V0439,S3,C3,V0439,E545,2.0,30.0,1920x1080,2023-09-04 21:28:44,S3/C3/S3_C3_E545_V0439.mp4,True,True
S3_C3_E545_V0440,S3,C3,V0440,E545,1.5,30.0,1920x1080,2023-09-04 21:28:46,S3/C3/S3_C3_E545_V0440.mp4,True,True
S3_C3_E545_V0441,S3,C3,V0441,E545,2.0,30.0,1920x1080,2023-09-04 21:28:52,S3/C3/S3_C3_E545_V0441.mp4,True,True
S3_C3_E548_V0443,S3,C3,V0443,E548,60.5,30.0,1920x1080,2023-09-05 11:32:16,S3/C3/S3_C3_E548_V0443.mp4,False,True
S3_C3_E549_V0444,S3,C3,V0444,E549,60.5,30.0,1920x1080,2023-09-05 11:42:22,S3/C3/S3_C3_E549_V0444.mp4,False,True
S3_C3_E549_V0445,S3,C3,V0445,E549,60.5,30.0,1920x1080,2023-09-05 11:46:30,S3/C3/S3_C3_E549_V0445.mp4,False,True
S3_C3_E552_V0448,S3,C3,V0448,E552,60.5,30.0,1920x1080,2023-09-05 12:45:06,S3/C3/S3_C3_E552_V0448.mp4,False,True
S3_C3_E552_V0449,S3,C3,V0449,E552,60.5,30.0,1920x1080,2023-09-05 12:47:44,S3/C3/S3_C3_E552_V0449.mp4,False,True
S3_C3_E552_V0450,S3,C3,V0450,E552,60.5,30.0,1920x1080,2023-09-05 12:51:52,S3/C3/S3_C3_E552_V0450.mp4,False,True
S3_C3_E560_V0458,S3,C3,V0458,E560,5.0,30.0,1920x1080,2023-09-05 22:21:40,S3/C3/S3_C3_E560_V0458.mp4,True,True
S3_C3_E561_V0459,S3,C3,V0459,E561,2.5,30.0,1920x1080,2023-09-06 02:18:10,S3/C3/S3_C3_E561_V0459.mp4,True,True
S3_C3_E561_V0460,S3,C3,V0460,E561,1.0,30.0,1920x1080,2023-09-06 02:18:12,S3/C3/S3_C3_E561_V0460.mp4,True,True
S3_C3_E561_V0461,S3,C3,V0461,E561,1.5,30.0,1920x1080,2023-09-06 02:18:20,S3/C3/S3_C3_E561_V0461.mp4,True,True
S3_C3_E561_V0462,S3,C3,V0462,E561,1.5,30.0,1920x1080,2023-09-06 02:18:24,S3/C3/S3_C3_E561_V0462.mp4,True,True
S3_C3_E561_V0463,S3,C3,V0463,E561,1.0,30.0,1920x1080,2023-09-06 02:18:28,S3/C3/S3_C3_E561_V0463.mp4,True,True
S3_C3_E561_V0464,S3,C3,V0464,E561,1.0,30.0,1920x1080,2023-09-06 02:18:32,S3/C3/S3_C3_E561_V0464.mp4,True,True
S3_C3_E561_V0465,S3,C3,V0465,E561,1.5,30.0,1920x1080,2023-09-06 02:18:40,S3/C3/S3_C3_E561_V0465.mp4,True,True
S3_C3_E561_V0466,S3,C3,V0466,E561,1.0,30.0,1920x1080,2023-09-06 02:19:08,S3/C3/S3_C3_E561_V0466.mp4,True,True
S3_C3_E566_V0471,S3,C3,V0471,E566,60.5,30.0,1920x1080,2023-09-06 11:41:34,S3/C3/S3_C3_E566_V0471.mp4,False,True
S3_C3_E566_V0472,S3,C3,V0472,E566,60.5,30.0,1920x1080,2023-09-06 11:45:40,S3/C3/S3_C3_E566_V0472.mp4,False,True
S3_C3_E567_V0473,S3,C3,V0473,E567,60.5,30.0,1920x1080,2023-09-06 12:04:40,S3/C3/S3_C3_E567_V0473.mp4,False,True
S3_C3_E568_V0474,S3,C3,V0474,E568,60.5,30.0,1920x1080,2023-09-06 12:20:59,S3/C3/S3_C3_E568_V0474.mp4,False,True
S3_C3_E569_V0475,S3,C3,V0475,E569,60.5,30.0,1920x1080,2023-09-06 12:35:34,S3/C3/S3_C3_E569_V0475.mp4,False,True
S3_C3_E571_V0492,S3,C3,V0492,E571,60.5,30.0,1920x1080,2023-09-06 13:33:18,S3/C3/S3_C3_E571_V0492.mp4,False,True
S3_C3_E571_V0493,S3,C3,V0493,E571,60.5,30.0,1920x1080,2023-09-06 13:37:00,S3/C3/S3_C3_E571_V0493.mp4,False,True
S3_C3_E571_V0494,S3,C3,V0494,E571,60.5,30.0,1920x1080,2023-09-06 13:38:44,S3/C3/S3_C3_E571_V0494.mp4,False,True
S3_C3_E571_V0495,S3,C3,V0495,E571,60.5,30.0,1920x1080,2023-09-06 13:42:18,S3/C3/S3_C3_E571_V0495.mp4,False,True
S3_C3_E571_V0496,S3,C3,V0496,E571,60.5,30.0,1920x1080,2023-09-06 13:44:46,S3/C3/S3_C3_E571_V0496.mp4,False,True
S3_C3_E571_V0497,S3,C3,V0497,E571,60.5,30.0,1920x1080,2023-09-06 13:49:20,S3/C3/S3_C3_E571_V0497.mp4,False,True
S3_C3_E571_V0498,S3,C3,V0498,E571,60.5,30.0,1920x1080,2023-09-06 13:50:44,S3/C3/S3_C3_E571_V0498.mp4,False,True
S3_C3_E576_V0505,S3,C3,V0505,E576,60.5,30.0,1920x1080,2023-09-06 14:58:52,S3/C3/S3_C3_E576_V0505.mp4,False,True
S3_C3_E581_V0508,S3,C3,V0508,E581,2.0,30.0,1920x1080,2023-09-07 02:22:30,S3/C3/S3_C3_E581_V0508.mp4,True,True
S3_C3_E581_V0509,S3,C3,V0509,E581,1.5,30.0,1920x1080,2023-09-07 02:22:34,S3/C3/S3_C3_E581_V0509.mp4,True,True
S3_C3_E581_V0510,S3,C3,V0510,E581,2.0,30.0,1920x1080,2023-09-07 02:22:46,S3/C3/S3_C3_E581_V0510.mp4,True,True
S3_C3_E581_V0511,S3,C3,V0511,E581,1.5,30.0,1920x1080,2023-09-07 02:22:52,S3/C3/S3_C3_E581_V0511.mp4,True,True
S3_C3_E581_V0512,S3,C3,V0512,E581,1.5,30.0,1920x1080,2023-09-07 02:23:00,S3/C3/S3_C3_E581_V0512.mp4,True,True
S3_C3_E581_V0513,S3,C3,V0513,E581,1.5,30.0,1920x1080,2023-09-07 02:23:10,S3/C3/S3_C3_E581_V0513.mp4,True,True
S3_C3_E581_V0514,S3,C3,V0514,E581,1.0,30.0,1920x1080,2023-09-07 02:23:16,S3/C3/S3_C3_E581_V0514.mp4,True,True
S3_C3_E581_V0515,S3,C3,V0515,E581,2.0,30.0,1920x1080,2023-09-07 02:23:40,S3/C3/S3_C3_E581_V0515.mp4,True,True
S3_C3_E581_V0516,S3,C3,V0516,E581,1.0,30.0,1920x1080,2023-09-07 02:23:42,S3/C3/S3_C3_E581_V0516.mp4,True,True
S3_C3_E581_V0517,S3,C3,V0517,E581,1.0,30.0,1920x1080,2023-09-07 02:23:48,S3/C3/S3_C3_E581_V0517.mp4,True,True
S3_C3_E581_V0518,S3,C3,V0518,E581,1.0,30.0,1920x1080,2023-09-07 02:24:00,S3/C3/S3_C3_E581_V0518.mp4,True,True
S3_C3_E581_V0519,S3,C3,V0519,E581,1.0,30.0,1920x1080,2023-09-07 02:24:04,S3/C3/S3_C3_E581_V0519.mp4,True,True
S3_C3_E581_V0520,S3,C3,V0520,E581,2.0,30.0,1920x1080,2023-09-07 02:24:32,S3/C3/S3_C3_E581_V0520.mp4,True,True
S3_C3_E581_V0521,S3,C3,V0521,E581,2.0,30.0,1920x1080,2023-09-07 02:24:54,S3/C3/S3_C3_E581_V0521.mp4,True,True
S3_C3_E581_V0522,S3,C3,V0522,E581,1.5,30.0,1920x1080,2023-09-07 02:25:12,S3/C3/S3_C3_E581_V0522.mp4,True,True
S3_C3_E581_V0523,S3,C3,V0523,E581,2.5,30.0,1920x1080,2023-09-07 02:26:54,S3/C3/S3_C3_E581_V0523.mp4,True,True
S3_C3_E582_V0524,S3,C3,V0524,E582,4.0,30.0,1920x1080,2023-09-07 02:38:38,S3/C3/S3_C3_E582_V0524.mp4,True,True
S3_C3_E582_V0525,S3,C3,V0525,E582,1.0,30.0,1920x1080,2023-09-07 02:38:44,S3/C3/S3_C3_E582_V0525.mp4,True,True
S3_C3_E582_V0526,S3,C3,V0526,E582,1.0,30.0,1920x1080,2023-09-07 02:39:00,S3/C3/S3_C3_E582_V0526.mp4,True,True
S3_C3_E582_V0527,S3,C3,V0527,E582,1.0,30.0,1920x1080,2023-09-07 02:39:06,S3/C3/S3_C3_E582_V0527.mp4,True,True
S3_C3_E582_V0528,S3,C3,V0528,E582,1.0,30.0,1920x1080,2023-09-07 02:39:19,S3/C3/S3_C3_E582_V0528.mp4,True,True
S3_C3_E582_V0529,S3,C3,V0529,E582,1.5,30.0,1920x1080,2023-09-07 02:40:00,S3/C3/S3_C3_E582_V0529.mp4,True,True
S3_C3_E582_V0530,S3,C3,V0530,E582,1.0,30.0,1920x1080,2023-09-07 02:40:08,S3/C3/S3_C3_E582_V0530.mp4,True,True
S3_C3_E585_V0533,S3,C3,V0533,E585,60.5,30.0,1920x1080,2023-09-07 11:47:22,S3/C3/S3_C3_E585_V0533.mp4,False,True
S3_C3_E585_V0534,S3,C3,V0534,E585,60.5,30.0,1920x1080,2023-09-07 11:48:44,S3/C3/S3_C3_E585_V0534.mp4,False,True
S3_C3_E586_V0535,S3,C3,V0535,E586,60.5,30.0,1920x1080,2023-09-07 11:58:12,S3/C3/S3_C3_E586_V0535.mp4,False,True
S3_C3_E586_V0536,S3,C3,V0536,E586,60.5,30.0,1920x1080,2023-09-07 12:03:04,S3/C3/S3_C3_E586_V0536.mp4,False,True
S3_C3_E587_V0537,S3,C3,V0537,E587,60.5,30.0,1920x1080,2023-09-07 12:35:54,S3/C3/S3_C3_E587_V0537.mp4,False,True
S3_C3_E589_V0539,S3,C3,V0539,E589,60.5,30.0,1920x1080,2023-09-07 13:20:54,S3/C3/S3_C3_E589_V0539.mp4,False,True
S3_C3_E589_V0540,S3,C3,V0540,E589,60.5,30.0,1920x1080,2023-09-07 13:22:46,S3/C3/S3_C3_E589_V0540.mp4,False,True
S3_C3_E589_V0541,S3,C3,V0541,E589,60.5,30.0,1920x1080,2023-09-07 13:24:08,S3/C3/S3_C3_E589_V0541.mp4,False,True
S3_C3_E589_V0542,S3,C3,V0542,E589,60.5,30.0,1920x1080,2023-09-07 13:25:56,S3/C3/S3_C3_E589_V0542.mp4,False,True
S3_C3_E589_V0543,S3,C3,V0543,E589,60.5,30.0,1920x1080,2023-09-07 13:29:36,S3/C3/S3_C3_E589_V0543.mp4,False,True
S3_C3_E589_V0544,S3,C3,V0544,E589,60.5,30.0,1920x1080,2023-09-07 13:34:22,S3/C3/S3_C3_E589_V0544.mp4,False,True
S3_C3_E598_V0553,S3,C3,V0553,E598,60.5,30.0,1920x1080,2023-09-08 10:46:54,S3/C3/S3_C3_E598_V0553.mp4,False,True
S3_C3_E598_V0554,S3,C3,V0554,E598,60.5,30.0,1920x1080,2023-09-08 10:49:24,S3/C3/S3_C3_E598_V0554.mp4,False,True
S3_C3_E598_V0555,S3,C3,V0555,E598,60.5,30.0,1920x1080,2023-09-08 10:52:48,S3/C3/S3_C3_E598_V0555.mp4,False,True
S3_C3_E604_V0564,S3,C3,V0564,E604,60.5,30.0,1920x1080,2023-09-08 12:43:36,S3/C3/S3_C3_E604_V0564.mp4,False,True
S3_C3_E607_V0568,S3,C3,V0568,E607,60.5,30.0,1920x1080,2023-09-08 13:35:20,S3/C3/S3_C3_E607_V0568.mp4,False,True
S3_C3_E607_V0569,S3,C3,V0569,E607,60.5,30.0,1920x1080,2023-09-08 13:43:30,S3/C3/S3_C3_E607_V0569.mp4,False,True
S3_C3_E607_V0570,S3,C3,V0570,E607,60.5,30.0,1920x1080,2023-09-08 13:45:18,S3/C3/S3_C3_E607_V0570.mp4,False,True
S3_C3_E608_V0571,S3,C3,V0571,E608,60.5,30.0,1920x1080,2023-09-08 13:53:00,S3/C3/S3_C3_E608_V0571.mp4,False,True
S3_C3_E608_V0572,S3,C3,V0572,E608,60.5,30.0,1920x1080,2023-09-08 13:54:26,S3/C3/S3_C3_E608_V0572.mp4,False,True
S3_C3_E608_V0573,S3,C3,V0573,E608,60.5,30.0,1920x1080,2023-09-08 13:56:22,S3/C3/S3_C3_E608_V0573.mp4,False,True
S3_C3_E608_V0574,S3,C3,V0574,E608,60.5,30.0,1920x1080,2023-09-08 13:58:02,S3/C3/S3_C3_E608_V0574.mp4,False,True
S3_C3_E608_V0575,S3,C3,V0575,E608,60.5,30.0,1920x1080,2023-09-08 14:02:56,S3/C3/S3_C3_E608_V0575.mp4,False,True
S3_C3_E608_V0576,S3,C3,V0576,E608,60.5,30.0,1920x1080,2023-09-08 14:05:18,S3/C3/S3_C3_E608_V0576.mp4,False,True
S3_C3_E614_V0589,S3,C3,V0589,E614,1.0,30.0,1920x1080,2023-09-08 20:44:36,S3/C3/S3_C3_E614_V0589.mp4,True,True
S3_C3_E614_V0590,S3,C3,V0590,E614,1.0,30.0,1920x1080,2023-09-08 20:45:20,S3/C3/S3_C3_E614_V0590.mp4,True,True
S3_C3_E614_V0591,S3,C3,V0591,E614,1.0,30.0,1920x1080,2023-09-08 20:45:48,S3/C3/S3_C3_E614_V0591.mp4,True,True
S3_C3_E629_V0604,S3,C3,V0604,E629,60.5,30.0,1920x1080,2023-09-09 13:40:46,S3/C3/S3_C3_E629_V0604.mp4,False,True
S3_C3_E631_V0606,S3,C3,V0606,E631,60.5,30.0,1920x1080,2023-09-09 14:03:52,S3/C3/S3_C3_E631_V0606.mp4,False,True
S3_C3_E631_V0607,S3,C3,V0607,E631,60.5,30.0,1920x1080,2023-09-09 14:08:22,S3/C3/S3_C3_E631_V0607.mp4,False,True
S3_C3_E631_V0608,S3,C3,V0608,E631,60.5,30.0,1920x1080,2023-09-09 14:13:16,S3/C3/S3_C3_E631_V0608.mp4,False,True
S3_C3_E634_V0611,S3,C3,V0611,E634,60.5,30.0,1920x1080,2023-09-09 14:50:04,S3/C3/S3_C3_E634_V0611.mp4,False,True
S3_C3_E642_V0616,S3,C3,V0616,E642,60.5,30.0,1920x1080,2023-09-10 07:28:44,S3/C3/S3_C3_E642_V0616.mp4,True,True
S3_C3_E642_V0617,S3,C3,V0617,E642,60.5,30.0,1920x1080,2023-09-10 07:31:50,S3/C3/S3_C3_E642_V0617.mp4,True,True
S3_C3_E642_V0618,S3,C3,V0618,E642,60.5,30.0,1920x1080,2023-09-10 07:32:50,S3/C3/S3_C3_E642_V0618.mp4,True,True
S3_C3_E642_V0619,S3,C3,V0619,E642,60.5,30.0,1920x1080,2023-09-10 07:33:52,S3/C3/S3_C3_E642_V0619.mp4,True,True
S3_C3_E642_V0620,S3,C3,V0620,E642,60.5,30.0,1920x1080,2023-09-10 07:34:56,S3/C3/S3_C3_E642_V0620.mp4,True,True
S3_C3_E642_V0621,S3,C3,V0621,E642,60.5,30.0,1920x1080,2023-09-10 07:36:00,S3/C3/S3_C3_E642_V0621.mp4,True,True
S3_C3_E642_V0622,S3,C3,V0622,E642,60.5,30.0,1920x1080,2023-09-10 07:37:08,S3/C3/S3_C3_E642_V0622.mp4,True,True
S3_C3_E642_V0623,S3,C3,V0623,E642,60.5,30.0,1920x1080,2023-09-10 07:38:12,S3/C3/S3_C3_E642_V0623.mp4,True,True
S3_C3_E644_V0625,S3,C3,V0625,E644,60.5,30.0,1920x1080,2023-09-10 11:02:52,S3/C3/S3_C3_E644_V0625.mp4,False,True
S3_C3_E663_V0644,S3,C3,V0644,E663,60.5,30.0,1920x1080,2023-09-11 11:34:30,S3/C3/S3_C3_E663_V0644.mp4,False,True
S3_C3_E663_V0645,S3,C3,V0645,E663,60.5,30.0,1920x1080,2023-09-11 11:37:24,S3/C3/S3_C3_E663_V0645.mp4,False,True
S3_C3_E663_V0646,S3,C3,V0646,E663,60.5,30.0,1920x1080,2023-09-11 11:38:42,S3/C3/S3_C3_E663_V0646.mp4,False,True
S3_C3_E692_V0698,S3,C3,V0698,E692,60.5,30.0,1920x1080,2023-09-14 19:26:52,S3/C3/S3_C3_E692_V0698.mp4,True,True
S3_C3_E692_V0699,S3,C3,V0699,E692,60.5,30.0,1920x1080,2023-09-14 19:27:58,S3/C3/S3_C3_E692_V0699.mp4,True,True
S3_C3_E692_V0700,S3,C3,V0700,E692,60.5,30.0,1920x1080,2023-09-14 19:29:00,S3/C3/S3_C3_E692_V0700.mp4,True,True
S3_C3_E692_V0701,S3,C3,V0701,E692,60.5,30.0,1920x1080,2023-09-14 19:30:20,S3/C3/S3_C3_E692_V0701.mp4,True,True
S3_C3_E693_V0702,S3,C3,V0702,E693,60.5,30.0,1920x1080,2023-09-14 19:38:34,S3/C3/S3_C3_E693_V0702.mp4,True,True
S3_C3_E693_V0703,S3,C3,V0703,E693,60.5,30.0,1920x1080,2023-09-14 19:39:36,S3/C3/S3_C3_E693_V0703.mp4,True,True
S3_C3_E693_V0704,S3,C3,V0704,E693,60.5,30.0,1920x1080,2023-09-14 19:40:44,S3/C3/S3_C3_E693_V0704.mp4,True,True
S3_C3_E693_V0705,S3,C3,V0705,E693,60.5,30.0,1920x1080,2023-09-14 19:41:47,S3/C3/S3_C3_E693_V0705.mp4,True,True
S3_C3_E693_V0706,S3,C3,V0706,E693,60.5,30.0,1920x1080,2023-09-14 19:43:06,S3/C3/S3_C3_E693_V0706.mp4,True,True
